time,total_precipitation_sum,total_precipitation_sum_sum,temperature_2m,snow_depth,volumetric_soil_water_layer_1,runoff_sum
1961-01-01,0.0436310172080993,0.087262034,5.782535791397095,2.1142,49.1891,2.8551
1961-01-02,0.8070460855960846,1.6140921,7.51953125,0.0658,48.2161,2.0205
1961-01-03,11.660155773162842,23.320312,9.788918495178224,0.0,50.3889,5.8754
1961-01-04,0.5605814456939697,1.1211629,7.437988758087158,0.0,47.9552,0.8139
1961-01-05,0.8510538935661316,1.7021078,5.97209095954895,0.0,47.0449,1.0788
1961-01-06,0.4084749519824981,0.8169499,4.744457721710205,0.0,46.2819,0.8193
1961-01-07,0.2877159118652344,0.5754318,5.218358516693115,0.0,45.7167,0.847
1961-01-08,9.726036548614502,19.452072,8.068918704986572,0.0,49.2944,4.8279000000000005
1961-01-09,3.86415445804596,7.7283087,11.336127281188965,0.0,48.613,2.1217
1961-01-10,1.928033947944641,3.856068,11.584932327270508,0.0,47.232,0.838
1961-01-11,0.7274061143398285,1.4548123,5.854570388793945,0.0,46.5695,1.0631
1961-01-12,0.0427955985069274,0.0855912,3.63166093826294,0.0,45.9504,0.9083
1961-01-13,0.3844170570373535,0.7688341,3.0848283767700195,0.0,45.4723,0.9018
1961-01-14,0.0,0.0,2.596423864364624,0.0,44.9353,0.8263
1961-01-15,0.1150031089782714,0.23000622,3.1664459705352783,0.0,44.5378,0.8517
1961-01-16,0.2940429449081421,0.5880859,3.0560622215271,0.0,44.2378,0.8775
1961-01-17,0.4655274748802185,0.93105495,0.7596578598022461,0.0007,44.0434,0.9155
1961-01-18,0.0,0.0,0.8589391708374023,0.0,43.698,0.8306
1961-01-19,0.0,0.0,2.3197834491729736,0.0,43.3323,0.824
1961-01-20,0.1366947293281555,0.27338946,4.252078294754028,0.0,43.0711,0.8447
1961-01-21,0.2154462337493896,0.43089247,6.114566326141357,0.0,42.7948,0.8463
1961-01-22,0.1764190793037414,0.35283816,7.193193674087524,0.0,42.4724,0.8313
1961-01-23,5.376918196678162,10.753837,8.676154613494873,0.0,44.8074,2.4855
1961-01-24,11.09823513031006,22.19647,12.759429931640623,0.0,48.8576,4.1435
1961-01-25,0.2710406184196472,0.54208124,8.01469087600708,0.0,47.1934,0.818
1961-01-26,0.0,0.0,5.570980787277222,0.0,46.1274,0.817
1961-01-27,0.0632429122924804,0.12648582,8.07798147201538,0.0,45.3847,0.8222999999999999
1961-01-28,0.2073074579238891,0.41461492,10.386350154876707,0.0,44.6843,0.815
1961-01-29,5.874303102493286,11.748606,10.033040046691896,0.0,47.0192,2.8648
1961-01-30,2.700664639472961,5.401329,7.144890785217285,0.0,46.8586,1.2747
1961-01-31,0.2366584539413452,0.4733169,5.266610860824585,0.0,46.111,0.8117
1961-02-01,1.0700769424438477,2.140154,2.9552547931671143,0.0061,45.7003,0.9375
1961-02-02,0.415543794631958,0.8310876,1.593456506729126,0.0,45.3461,0.9439
1961-02-03,0.3654851913452148,0.7309704,3.5608993768692017,0.0,44.9757,0.8952
1961-02-04,0.0589808225631713,0.117961645,7.826770067214966,0.0,44.4693,0.8076
1961-02-05,5.651650428771973,11.303301,12.627499103546144,0.0,46.9934,2.9450000000000003
1961-02-06,17.29116678237915,34.582333,12.504283905029297,0.0,51.5621,6.7763
1961-02-07,0.0,0.0,9.272930145263672,0.0,48.1943,0.8048
1961-02-08,1.4849132299423218,2.9698265,9.017646312713625,0.0,47.4597,1.3216
1961-02-09,2.862807869911194,5.7256155,9.012856006622314,0.0,47.4899,1.6657
1961-02-10,1.7600796222686768,3.5201592,11.162394523620604,0.0,46.6536,0.864
1961-02-11,3.2646372318267822,6.5292745,11.43527889251709,0.0,46.9006,1.612
1961-02-12,1.8901233673095703,3.7802467,8.607740879058838,0.0,46.5534,1.1236
1961-02-13,1.7397525310516355,3.479505,7.946254253387451,0.0,46.3515,1.1558
1961-02-14,2.4506009817123413,4.901202,6.462465286254883,0.0,46.4415,1.3575
1961-02-15,8.918563604354858,17.837128,4.664743661880493,0.0,49.4252,4.3293
1961-02-16,18.94156074523925,37.88312,4.401762247085571,0.0,52.1043,9.4746
1961-02-17,0.0,0.0,5.599152088165283,0.0,48.2987,0.8071
1961-02-18,0.1386399269104004,0.27727985,7.382948637008667,0.0,46.9323,0.8125
1961-02-19,0.0436646938323974,0.08732939,8.212849855422974,0.0,46.1219,0.813
1961-02-20,15.85682201385498,31.713644,11.943094730377195,0.0,51.0291,7.7744
1961-02-21,6.487542152404785,12.975084,12.361041069030762,0.0,49.4164,2.8235
1961-02-22,12.344532012939451,24.689064,7.25729775428772,0.0,50.6497,5.9868
1961-02-23,0.0,0.0,6.604508399963379,0.0,47.9699,0.8229
1961-02-24,0.3481799364089966,0.6963599,7.629724979400635,0.0,46.784,0.8634000000000001
1961-02-25,0.7181177139282227,1.4362354,8.855687141418457,0.0,45.8913,0.8284
1961-02-26,0.5347878932952881,1.0695758,7.043694496154785,0.0,45.2414,0.8685
1961-02-27,0.0,0.0,7.342028617858887,0.0,44.5702,0.83
1961-02-28,0.0,0.0,9.1034197807312,0.0,43.8994,0.8299
1961-03-01,0.3885352611541748,0.7770705,14.620739936828612,0.0,43.2574,0.8608
1961-03-02,0.0450611114501953,0.09012222,15.67304801940918,0.0,42.5359,0.8287
1961-03-03,0.0,0.0,17.862339973449707,0.0,41.6985,0.8277
1961-03-04,3.682925939559937,7.365852,16.322057723999023,0.0,43.1316,2.0229
1961-03-05,10.276094913482666,20.552189,11.637619495391846,0.0,47.4706,3.8086
1961-03-06,4.5550984144210815,9.110197,11.177504539489746,0.0,47.9365,1.9927
1961-03-07,18.5480375289917,37.096077,10.131083965301514,0.0,52.1448,8.238
1961-03-08,13.367914199829102,26.735828,7.4248270988464355,0.0,51.3396,6.7582
1961-03-09,2.02288556098938,4.045771,7.057062149047852,0.0,48.4412,1.1395
1961-03-10,3.630577325820923,7.2611547,6.1549341678619385,0.0,48.0595,1.9332
1961-03-11,28.55723476409912,57.11447,6.424643754959106,0.0,52.9241,15.2483
1961-03-12,1.1712496280670166,2.3424993,11.82649850845337,0.0,48.402,0.8392
1961-03-13,6.056990146636963,12.11398,15.821615219116213,0.0,48.8505,3.8329
1961-03-14,14.869223594665527,29.738447,14.11992359161377,0.0,50.7502,6.471
1961-03-15,5.919724702835083,11.839449,10.912556648254396,0.0,49.3276,2.9669
1961-03-16,0.7271413803100586,1.4542828,10.831636428833008,0.0,47.4885,0.8581
1961-03-17,0.4109683036804199,0.8219366,14.219031810760498,0.0,46.2402,0.9595
1961-03-18,0.497838020324707,0.99567604,16.601481437683105,0.0,45.2218,0.8624
1961-03-19,0.4489421844482422,0.89788437,19.291666984558105,0.0,44.261,0.892
1961-03-20,1.4719371795654297,2.9438744,18.706153869628903,0.0,43.5214,0.8624
1961-03-21,18.818942070007324,37.637886,12.704587936401367,0.0,51.3837,8.6381
1961-03-22,19.122733116149902,38.24547,10.68254327774048,0.0,52.1896,9.6492
1961-03-23,46.03399658203125,92.06799,9.180341243743896,0.0,53.6029,28.812
1961-03-24,34.386080741882324,68.77216,9.64262628555298,0.0,52.0798,24.2305
1961-03-25,24.4368200302124,48.873642,10.512852668762209,0.0,51.9081,15.1694
1961-03-26,0.0168633460998535,0.033726692,12.02024745941162,0.0,48.1091,0.9174
1961-03-27,0.075927734375,0.15185547,11.272995948791504,0.0,46.539,0.9258
1961-03-28,0.1441049575805664,0.28820992,11.298471927642822,0.0,45.5054,0.9267
1961-03-29,0.0103449821472167,0.020689964,13.521199226379396,0.0,44.5545,0.9276
1961-03-30,0.6387667655944824,1.2775335,14.5972580909729,0.0,43.9198,0.9275
1961-03-31,1.866161108016968,3.7323222,15.40087890625,0.0,43.919,1.4380000000000002
1961-04-01,0.7668051719665527,1.5336103,14.183149337768556,0.0,43.4414,0.9262
1961-04-02,0.0,0.0,15.57716989517212,0.0,42.4029,0.9251
1961-04-03,0.0,0.0,18.408949851989743,0.0,41.2718,0.9238
1961-04-04,0.0,0.0,22.04238224029541,0.0,40.1022,0.9223
1961-04-05,11.707447528839111,23.414894,18.07279396057129,0.0,46.2918,4.8721
1961-04-06,1.1471452713012695,2.2942905,17.63929271697998,0.0,45.2023,0.9192
1961-04-07,0.4753704071044922,0.9507408,17.06222629547119,0.0,44.1303,0.9327
1961-04-08,2.990779161453247,5.9815583,18.798673629760746,0.0,43.6372,0.9161
1961-04-09,7.198851108551025,14.397702,12.837318897247314,0.0,46.975,3.3701
1961-04-10,0.2822747230529785,0.56454945,12.576950550079346,0.0,45.788,0.913
1961-04-11,11.537750720977783,23.0755,14.95003890991211,0.0,50.5051,5.1142
1961-04-12,20.06096076965332,40.12192,16.74031352996826,0.0,52.3663,7.9589
1961-04-13,23.9504623413086,47.900925,19.480290412902832,0.0,52.4652,10.3404
1961-04-14,36.576372146606445,73.15274,19.208441734313965,0.0,53.1356,19.5029
1961-04-15,0.0805569887161254,0.16111398,17.81356143951416,0.0,48.1404,0.9247
1961-04-16,0.1058137416839599,0.21162748,16.492377281188965,0.0,46.3351,0.9318
1961-04-17,1.6458046436309814,3.2916093,15.352878093719482,0.0,45.6858,1.0797
1961-04-18,18.149468421936035,36.298935,14.111262321472168,0.0,51.3364,8.3443
1961-04-19,61.08266830444336,122.16534,15.344811916351318,0.0,54.098,38.1709
1961-04-20,44.12640190124512,88.25281,16.30490016937256,0.0,51.684,35.967000000000006
1961-04-21,10.11838674545288,20.236774,19.55726909637451,0.0,49.6758,4.2435
1961-04-22,10.842658996582031,21.685318,20.98949813842773,0.0,49.4921,4.0638
1961-04-23,10.72511339187622,21.450226,19.23068141937256,0.0,49.7367,4.4614
1961-04-24,9.28156042098999,18.563122,18.562716484069824,0.0,49.7358,4.3033
1961-04-25,14.48668384552002,28.973368,18.75369453430176,0.0,50.663,6.4493
1961-04-26,4.444459676742554,8.88892,15.82256841659546,0.0,48.5098,1.7259
1961-04-27,0.0881900787353515,0.17638016,15.567928791046144,0.0,46.766,1.0072
1961-04-28,0.3574240207672119,0.71484804,16.65828800201416,0.0,45.4445,1.0311
1961-04-29,0.1386332511901855,0.2772665,17.72343921661377,0.0,44.31,1.0059
1961-04-30,0.0,0.0,19.83578395843506,0.0,43.0564,1.0031
1961-05-01,0.2945461273193359,0.58909225,20.812217712402344,0.0,41.9252,1.0048
1961-05-02,4.331868648529053,8.663737,19.56856346130371,0.0,42.1519,1.2275
1961-05-03,8.277886629104614,16.555773,19.69133758544922,0.0,44.5667,2.5905
1961-05-04,0.4320025444030761,0.8640051,16.90091323852539,0.0,43.5616,0.9932
1961-05-05,0.2516951560974121,0.5033903,15.908699989318848,0.0,42.3786,0.9903
1961-05-06,0.0,0.0,16.57716655731201,0.0,41.3836,0.9858
1961-05-07,0.7876379489898682,1.5752759,19.81935310363769,0.0,40.6475,1.0775
1961-05-08,0.4729621410369873,0.9459243,22.74290180206299,0.0,39.744,0.9784
1961-05-09,0.965977668762207,1.9319553,24.3865966796875,0.0,39.0492,1.1154
1961-05-10,0.0,0.0,25.088417053222656,0.0,38.1709,0.9706
1961-05-11,24.14977264404297,48.299545,23.9850492477417,0.0,51.1847,8.92
1961-05-12,3.125161409378052,6.250323,18.14534091949463,0.0,48.1216,0.9841
1961-05-13,0.427170991897583,0.854342,19.75118350982666,0.0,46.43,0.9621
1961-05-14,0.2850441932678222,0.5700884,21.493383407592773,0.0,45.1861,0.9651
1961-05-15,6.429956674575806,12.859913,22.856762886047363,0.0,46.7572,2.1147
1961-05-16,21.425683975219727,42.851368,23.551579475402832,0.0,52.2028,6.8855
1961-05-17,7.508740663528442,15.017481,22.601322174072266,0.0,49.6064,2.3554
1961-05-18,6.714900016784668,13.4298,24.289247512817383,0.0,48.3694,1.6192
1961-05-19,29.16510772705078,58.330215,23.89169311523437,0.0,52.9811,11.4217
1961-05-20,74.24528503417969,148.49057,22.602968215942383,0.0,54.2593,48.4724
1961-05-21,28.801886558532715,57.603775,21.91325283050537,0.0,51.4945,18.36
1961-05-22,40.32641410827637,80.65283,16.291757106781006,0.0,52.8654,26.6705
1961-05-23,6.481026887893677,12.962053,16.656381607055664,0.0,49.3084,3.1594
1961-05-24,0.078460693359375,0.15692139,19.651198387146,0.0,46.9944,1.0215
1961-05-25,0.0911231040954589,0.18224621,18.77990245819092,0.0,45.5508,1.0229
1961-05-26,1.7962665557861328,3.592533,21.74174404144287,0.0,44.7665,1.1038
1961-05-27,3.442316055297852,6.884632,22.65249919891357,0.0,44.9559,1.4868
1961-05-28,3.8459935188293457,7.691987,23.66508197784424,0.0,44.3786,1.0208
1961-05-29,11.822759628295898,23.64552,21.601704597473145,0.0,49.3502,6.049799999999999
1961-05-30,4.424289703369141,8.848579,21.740845680236816,0.0,47.6563,1.1058
1961-05-31,55.66493988037109,111.32988,19.994240760803223,0.0,54.505,30.9915
1961-06-01,77.92633056640625,155.85266,18.65550708770752,0.0,52.0071,67.6508
1961-06-02,55.95171546936035,111.90343,19.79515171051025,0.0,52.7792,43.2513
1961-06-03,10.776970863342283,21.553942,20.808988571166992,0.0,50.1129,5.922599999999999
1961-06-04,9.865015983581545,19.730032,20.78159046173096,0.0,49.5687,4.2496
1961-06-05,1.2735497951507568,2.5470996,21.90978527069092,0.0,47.3377,1.0857
1961-06-06,2.397264003753662,4.794528,24.868687629699707,0.0,46.5206,1.9388
1961-06-07,0.1914787292480468,0.38295746,25.99699687957764,0.0,45.1402,1.0848
1961-06-08,0.0246410369873046,0.049282074,26.337644577026367,0.0,43.9117,1.0819
1961-06-09,0.383127212524414,0.7662544,26.471654891967773,0.0,42.8822,1.0784
1961-06-10,5.231683254241943,10.4633665,26.181654930114743,0.0,44.3298,2.7095
1961-06-11,5.046786308288574,10.093573,24.944238662719727,0.0,44.4165,1.3164
1961-06-12,6.977338790893555,13.954678,24.88227367401123,0.0,45.8675,2.2537000000000003
1961-06-13,0.501392126083374,1.0027843,26.890450477600098,0.0,44.5496,1.0679
1961-06-14,0.0,0.0,27.273966789245605,0.0,43.2395,1.0639
1961-06-15,1.946591854095459,3.8931837,27.119357109069824,0.0,42.2675,1.0743
1961-06-16,0.3895416259765625,0.77908325,27.16922664642334,0.0,41.1152,1.0561
1961-06-17,0.0625720024108886,0.125144,27.729371070861816,0.0,39.9747,1.0514
1961-06-18,1.9950542449951167,3.9901085,27.92532730102539,0.0,39.2408,1.1301
1961-06-19,0.75146484375,1.5029297,27.95343589782715,0.0,38.19,1.0920999999999998
1961-06-20,5.778988838195801,11.557978,27.850171089172363,0.0,38.7895,1.3596
1961-06-21,0.3965301513671875,0.7930603,27.31376838684082,0.0,37.5898,1.0364
1961-06-22,2.535857677459717,5.0717154,27.27838516235352,0.0,38.33,1.7749
1961-06-23,0.4846894741058349,0.96937895,27.732550621032715,0.0,37.3532,1.028
1961-06-24,0.1285185813903808,0.25703716,27.52010059356689,0.0,36.4706,1.0239
1961-06-25,0.3906922340393066,0.78138447,27.141721725463867,0.0,35.7858,1.0198
1961-06-26,4.198399782180786,8.396799,26.56294631958008,0.0,37.6509,1.9211
1961-06-27,20.36562824249268,40.731255,26.239048957824707,0.0,48.3329,5.675599999999999
1961-06-28,1.2215077877044678,2.4430156,27.240741729736328,0.0,45.7314,1.0106
1961-06-29,2.118713855743408,4.2374277,27.16045570373535,0.0,44.6138,1.5051
1961-06-30,0.2992496490478515,0.5984993,28.06914520263672,0.0,42.7836,1.0065
1961-07-01,3.809678554534912,7.619357,27.154290199279785,0.0,43.4383,2.0309
1961-07-02,2.644122004508972,5.2882442,26.03971672058105,0.0,42.796,1.0027
1961-07-03,0.8799057006835938,1.7598114,27.638084411621094,0.0,41.2971,1.1212
1961-07-04,0.8394773006439209,1.6789546,27.597052574157715,0.0,39.7629,0.999
1961-07-05,1.0323679447174072,2.064736,28.46305561065674,0.0,38.9262,1.1785
1961-07-06,0.4339916706085205,0.86798334,27.7540225982666,0.0,38.1415,0.9952
1961-07-07,0.0,0.0,27.684693336486816,0.0,37.1582,0.9934
1961-07-08,6.668562650680542,13.337126,27.271531105041504,0.0,41.1825,2.8304
1961-07-09,2.819529891014099,5.63906,25.48041820526123,0.0,40.3463,0.9897
1961-07-10,4.1003899574279785,8.20078,25.52272129058838,0.0,41.8968,2.1216
1961-07-11,1.392870306968689,2.7857406,25.939285278320312,0.0,40.3848,0.986
1961-07-12,0.6057865619659424,1.2115731,27.00528144836425,0.0,39.1765,1.072
1961-07-13,0.1152095794677734,0.23041916,27.81101703643799,0.0,38.3156,0.9823
1961-07-14,0.001571774482727,0.003143549,27.09364223480225,0.0,37.4127,0.9804
1961-07-15,5.091195940971375,10.182392,25.379314422607425,0.0,40.9087,2.4998
1961-07-16,5.957056760787964,11.914114,24.833449363708496,0.0,41.5103,1.3564
1961-07-17,0.3656274080276489,0.7312548,26.635622024536133,0.0,39.7551,0.9749
1961-07-18,0.697799801826477,1.3955996,26.65083694458008,0.0,38.9588,1.0324
1961-07-19,2.6606810092926025,5.321362,25.22329425811768,0.0,38.6217,0.9713
1961-07-20,2.1294007301330566,4.2588015,26.709373474121094,0.0,39.2431,1.4582000000000002
1961-07-21,0.0980212688446044,0.19604254,28.21630954742432,0.0,38.4474,0.9676
1961-07-22,0.8077774047851562,1.6155548,29.02282428741455,0.0,37.6531,0.9946
1961-07-23,1.8490899801254272,3.69818,28.32358837127685,0.0,37.0522,0.964
1961-07-24,4.677152633666992,9.354305,27.26072120666504,0.0,39.3293,2.0455
1961-07-25,23.17132568359375,46.34265,24.85999870300293,0.0,50.2493,6.1196
1961-07-26,5.922195672988892,11.844391,25.6271390914917,0.0,47.6083,0.9613
1961-07-27,7.872539043426514,15.745078,25.124914169311523,0.0,48.3688,2.3771
1961-07-28,31.730512619018555,63.461025,23.57747459411621,0.0,53.5703,10.1118
1961-07-29,5.21380877494812,10.427618,24.623327255249023,0.0,48.6417,1.0278
1961-07-30,6.541583776473999,13.083168,25.24208354949951,0.0,47.7998,1.4987
1961-07-31,0.3671188354492187,0.7342377,25.743895530700684,0.0,46.1269,0.9515
1961-08-01,9.471476554870604,18.942953,26.28089427947998,0.0,48.9845,4.0561
1961-08-02,28.41827392578125,56.836548,25.92229652404785,0.0,52.8996,10.0788
1961-08-03,8.626978158950806,17.253956,26.19154357910156,0.0,49.2806,2.0988
1961-08-04,13.390379905700684,26.78076,25.28312110900879,0.0,49.8536,3.9082
1961-08-05,13.229893684387209,26.459787,23.817450523376465,0.0,50.4831,5.0118
1961-08-06,1.4155900478363037,2.83118,25.42622184753418,0.0,47.5965,0.9538
1961-08-07,0.130251407623291,0.26050282,26.00637149810791,0.0,45.8414,0.9547
1961-08-08,5.217792272567749,10.435585,24.03491401672364,0.0,46.5463,2.3199
1961-08-09,4.832337856292725,9.664676,24.2885103225708,0.0,45.993,1.0221
1961-08-10,0.0,0.0,25.165919303894043,0.0,44.5877,0.9534
1961-08-11,8.002249956130981,16.0045,25.679515838623047,0.0,47.0051,3.5616000000000003
1961-08-12,9.19837236404419,18.396744,25.34789752960205,0.0,48.2129,2.6043000000000003
1961-08-13,1.3148751258850098,2.6297503,26.26467990875244,0.0,46.5296,0.9502
1961-08-14,0.0953500270843505,0.19070005,27.14407634735108,0.0,45.0941,0.9491
1961-08-15,1.8143579959869385,3.628716,26.79616355895996,0.0,44.2457,0.9479
1961-08-16,9.793528079986572,19.587055,24.06167888641357,0.0,48.6379,4.4452
1961-08-17,5.074362754821777,10.1487255,24.80685043334961,0.0,47.3401,1.043
1961-08-18,0.4555315971374511,0.9110632,25.09712314605713,0.0,45.8301,0.952
1961-08-19,0.4650027751922607,0.93000555,25.64280128479004,0.0,44.5095,0.9428
1961-08-20,1.98778235912323,3.9755647,26.640156745910645,0.0,43.8451,1.0452
1961-08-21,0.7601261138916016,1.5202522,27.08097743988037,0.0,42.9109,0.9927
1961-08-22,0.1990134716033935,0.39802694,27.098182678222656,0.0,41.8635,0.9384
1961-08-23,0.1258528232574463,0.25170565,27.412935256958008,0.0,40.7797,0.9368
1961-08-24,0.86564040184021,1.7312808,27.02135372161865,0.0,39.7808,0.9523
1961-08-25,0.49284827709198,0.98569655,26.332279205322266,0.0,38.7711,0.9555
1961-08-26,19.781334400177,39.562668,25.345354080200195,0.0,48.8448,5.8212
1961-08-27,3.8018568754196167,7.603714,26.34634113311768,0.0,47.1553,0.9311
1961-08-28,3.5991846323013306,7.198369,25.603306770324707,0.0,47.1521,1.8777
1961-08-29,0.1802856922149658,0.36057138,25.740519523620605,0.0,45.3911,0.9271
1961-08-30,0.5181775093078613,1.036355,25.30870723724365,0.0,43.835,0.9256
1961-08-31,2.737769842147827,5.4755397,25.71174907684326,0.0,43.0931,0.924
1961-09-01,0.1674156188964843,0.33483124,26.533671379089355,0.0,41.6491,0.9338
1961-09-02,2.344962477684021,4.689925,26.50931072235108,0.0,40.7216,0.9208
1961-09-03,3.57068943977356,7.141379,25.904380798339844,0.0,41.0027,1.7005
1961-09-04,28.413697242736816,56.827393,24.80932903289795,0.0,52.1823,7.7273
1961-09-05,11.7183198928833,23.43664,23.96765518188477,0.0,50.7131,3.5984000000000003
1961-09-06,7.637130737304687,15.274261,23.57758522033692,0.0,50.0576,3.0566
1961-09-07,1.634854435920715,3.2697089,25.06545639038086,0.0,47.5324,0.9148
1961-09-08,2.060002982616425,4.120006,25.4701623916626,0.0,46.8233,1.5333
1961-09-09,17.136066436767578,34.272133,23.901442527771,0.0,51.5898,6.2316
1961-09-10,4.513084411621094,9.026169,23.017093658447266,0.0,49.4586,2.3326
1961-09-11,0.2868285179138183,0.57365704,24.84939384460449,0.0,47.1653,0.9138
1961-09-12,36.71757888793945,73.43516,23.061372756958008,0.0,53.8877,17.5731
1961-09-13,10.897361278533936,21.794724,23.894895553588867,0.0,50.2146,4.2318
1961-09-14,1.8848223686218264,3.7696447,24.5276460647583,0.0,47.6155,0.9214
1961-09-15,4.204531788825989,8.409063,23.97533226013184,0.0,47.4009,2.2794
1961-09-16,0.4901052713394165,0.98021054,21.640694618225098,0.0,45.976,0.924
1961-09-17,0.0,0.0,21.35678195953369,0.0,44.6114,0.9239
1961-09-18,0.0987887382507324,0.19757748,20.78872585296631,0.0,43.6407,0.9232
1961-09-19,2.248120903968811,4.4962416,22.01244831085205,0.0,44.0832,1.5628
1961-09-20,7.731764316558838,15.463529,23.35605525970459,0.0,46.2751,2.5613
1961-09-21,2.8396939039230347,5.679388,23.97459983825684,0.0,45.5308,0.92
1961-09-22,0.0372558832168579,0.07451177,24.50479412078857,0.0,44.4541,0.9189
1961-09-23,2.6636781692504883,5.3273563,23.18397808074951,0.0,43.9391,0.9918
1961-09-24,14.740171432495115,29.480343,23.866759300231934,0.0,49.3098,4.9502
1961-09-25,2.85107684135437,5.7021537,24.26184463500977,0.0,47.4337,0.9151
1961-09-26,9.488682746887209,18.977365,24.74189567565918,0.0,49.5983,4.2293
1961-09-27,0.2602721750736236,0.52054435,24.85484790802002,0.0,47.2387,0.9129
1961-09-28,1.661831259727478,3.3236625,24.18122386932373,0.0,46.3678,1.389
1961-09-29,6.158062934875488,12.316126,24.78569793701172,0.0,46.1522,1.1850999999999998
1961-09-30,0.5937319993972778,1.187464,24.130290985107425,0.0,45.1735,0.9255
1961-10-01,0.3799584805965423,0.75991696,23.971227645874023,0.0,44.3402,0.9579
1961-10-02,0.1274734437465667,0.2549469,20.958720207214355,0.0,43.493,0.9071
1961-10-03,0.0295193493366241,0.0590387,21.15531063079834,0.0,42.6682,0.9057
1961-10-04,1.383620262145996,2.7672405,20.873665809631348,0.0,42.5872,1.0919
1961-10-05,0.751990795135498,1.5039816,21.249167442321777,0.0,42.1199,0.9072
1961-10-06,0.3246567249298095,0.64931345,21.986888885498047,0.0,41.3558,0.9035
1961-10-07,0.0983214378356933,0.19664288,20.111082077026367,0.0,40.6406,0.8999
1961-10-08,0.1056462526321411,0.2112925,17.902626991271973,0.0,39.8107,0.899
1961-10-09,0.188595175743103,0.37719035,17.610864639282227,0.0,38.9261,0.8972
1961-10-10,0.0,0.0,16.45076847076416,0.0,37.9429,0.8951
1961-10-11,0.101091980934143,0.20218396,16.661568641662598,0.0,37.2639,0.8949999999999999
1961-10-12,0.039549171924591,0.079098344,17.223027229309082,0.0,36.7191,0.8918
1961-10-13,0.1692683696746826,0.33853674,17.70439052581787,0.0,36.115,0.892
1961-10-14,0.1864066123962402,0.37281322,18.12484359741211,0.0,35.5785,0.8886
1961-10-15,0.0381741523742675,0.076348305,18.703054428100582,0.0,35.0568,0.8869
1961-10-16,0.0045331716537475,0.009066343,18.820374488830566,0.0,34.54,0.8853
1961-10-17,0.0131610631942749,0.026322126,21.92863368988037,0.0,34.1852,0.8836
1961-10-18,0.0188988447189331,0.03779769,23.36429119110108,0.0,33.9157,0.882
1961-10-19,0.0453038215637207,0.09060764,23.30113220214844,0.0,33.6932,0.8803
1961-10-20,0.1649527251720428,0.32990545,22.794501304626465,0.0,33.5091,0.8787
1961-10-21,1.6839957237243652,3.3679914,21.38812828063965,0.0,34.4298,1.2131
1961-10-22,0.1797804832458496,0.35956097,21.60449886322021,0.0,34.0697,0.8754
1961-10-23,1.1552684307098389,2.3105369,20.923542976379395,0.0,34.1511,0.9844
1961-10-24,4.921266794204712,9.842533,18.833375930786133,0.0,36.6504,1.7062
1961-10-25,2.483971953392029,4.967944,16.81096839904785,0.0,36.7834,0.9223
1961-10-26,0.0,0.0,16.38556671142578,0.0,36.407,0.8688
1961-10-27,0.0433074235916137,0.08661485,14.05301809310913,0.0,35.9978,0.8676999999999999
1961-10-28,0.0871971845626831,0.17439437,16.19798183441162,0.0,35.5473,0.8656
1961-10-29,0.004107654094696,0.008215308,16.945032119750977,0.0,35.2266,0.8639
1961-10-30,0.0115535669028759,0.023107134,17.69133949279785,0.0,34.9903,0.8623
1961-10-31,0.0,0.0,18.34818744659424,0.0,34.6613,0.8607
1961-11-01,0.0,0.0,17.81132411956787,0.0,34.3038,0.8591
1961-11-02,0.2545602321624756,0.50912046,17.37301254272461,0.0,34.0286,0.8594
1961-11-03,0.0072686076164245,0.014537215,18.27854824066162,0.0,33.8289,0.8559
1961-11-04,0.0,0.0,15.843769550323486,0.0,33.6831,0.8542
1961-11-05,0.0,0.0,13.291695594787598,0.0,33.5512,0.8526
1961-11-06,0.094963788986206,0.18992758,13.436583518981934,0.0,33.4164,0.851
1961-11-07,0.0689469575881958,0.13789392,15.561441421508787,0.0,33.2802,0.8494
1961-11-08,0.0760672092437744,0.15213442,16.90281105041504,0.0,33.1565,0.8478
1961-11-09,0.0,0.0,16.86892318725586,0.0,33.0462,0.8462
1961-11-10,0.0,0.0,16.24452304840088,0.0,32.9012,0.8446
1961-11-11,0.1297005414962768,0.25940108,17.32688331604004,0.0,32.8186,0.8523999999999999
1961-11-12,8.233408689498901,16.466818,17.437068939208984,0.0,37.8587,2.3697
1961-11-13,0.5087029188871384,1.0174059,17.55227565765381,0.0,37.7258,0.8399
1961-11-14,0.0,0.0,16.711302757263184,0.0,37.3546,0.8383
1961-11-15,0.0056382417678833,0.011276484,16.813932418823242,0.0,37.116,0.8367
1961-11-16,34.60478401184082,69.209564,16.027242183685303,0.0,54.3436,10.3827
1961-11-17,7.934082508087158,15.868165,17.608592987060547,0.0,50.5593,2.8577
1961-11-18,0.640157163143158,1.2803143,18.278318405151367,0.0,47.8634,0.832
1961-11-19,0.1922280192375183,0.38445604,18.755830764770508,0.0,46.5351,0.8329
1961-11-20,11.993883609771729,23.987766,17.413281440734863,0.0,50.9531,4.6635
1961-11-21,8.668735980987549,17.337471,14.65465784072876,0.0,50.5761,3.5427
1961-11-22,0.1151371598243713,0.23027432,11.934011936187744,0.0,47.9654,0.8262
1961-11-23,0.1321615576744079,0.26432312,10.92167854309082,0.0,46.6466,0.8266
1961-11-24,0.0643772482872009,0.1287545,8.343857288360596,0.0,45.7594,0.8238
1961-11-25,0.0,0.0,8.965124607086182,0.0,44.9832,0.8226
1961-11-26,0.0231256186962127,0.046251237,10.120219230651855,0.0,44.4493,0.8214
1961-11-27,9.677709102630615,19.35542,13.772122859954834,0.0,49.2274,4.371
1961-11-28,21.96391868591309,43.927837,16.226315021514893,0.0,52.6541,9.2282
1961-11-29,12.332261562347412,24.664524,16.186782836914062,0.0,51.1738,6.008
1961-11-30,2.275262355804444,4.5505247,16.234418869018555,0.0,48.2589,0.911
1961-12-01,0.077066034078598,0.15413207,12.680689334869385,0.0,46.8847,0.8270000000000001
1961-12-02,0.0620822310447692,0.12416446,12.713418960571287,0.0,45.9427,0.8255
1961-12-03,0.5734640061855316,1.1469281,12.075463771820068,0.0,45.4279,0.8604999999999999
1961-12-04,0.1662663072347641,0.3325326,11.270950317382812,0.0,44.8826,0.8272
1961-12-05,0.1221134066581726,0.24422681,9.886704444885254,0.0,44.3801,0.8252
1961-12-06,0.0,0.0,6.956129312515259,0.0,43.8834,0.8248
1961-12-07,0.0310086905956268,0.06201738,5.675090789794922,0.0,43.4976,0.8278000000000001
1961-12-08,0.0954644978046417,0.190929,6.41290807723999,0.0,43.1264,0.8262
1961-12-09,0.1030792593955993,0.20615852,7.714631080627441,0.0,42.7739,0.8263
1961-12-10,0.0991735905408859,0.19834718,8.654457092285156,0.0,42.374,0.8216
1961-12-11,0.0035845935344696,0.007169187,9.544076919555664,0.0,41.9157,0.8206
1961-12-12,0.2632964849472046,0.52659297,10.830551624298096,0.0,41.5034,0.8202
1961-12-13,0.160068392753601,0.3201368,11.37141752243042,0.0,41.1109,0.8182
1961-12-14,0.0584962964057922,0.11699259,11.0418119430542,0.0,40.8053,0.817
1961-12-15,0.0877276062965393,0.17545521,10.545384407043455,0.0,40.6344,0.8157
1961-12-16,3.2345587015151978,6.469117,12.471529483795166,0.0,42.4248,1.9337
1961-12-17,11.186918258666992,22.373837,15.628587245941162,0.0,47.9814,4.3693
1961-12-18,1.047450065612793,2.0949001,16.589594841003418,0.0,46.8592,0.8211999999999999
1961-12-19,2.939333438873291,5.878667,16.493597984313965,0.0,47.1859,1.7167
1961-12-20,0.1327464878559112,0.26549298,15.560388565063477,0.0,46.1396,0.8093
1961-12-21,0.1865214109420776,0.37304282,11.04008960723877,0.0,45.4318,0.8118000000000001
1961-12-22,0.0139673352241516,0.02793467,10.273643970489502,0.0,44.8568,0.8069
1961-12-23,2.887985825538636,5.7759714,10.004504680633543,0.0,45.9854,1.7921
1961-12-24,1.6596033573150637,3.3192067,11.900452613830566,0.0,45.8953,1.0711
1961-12-25,15.639100551605225,31.278202,12.338456153869627,0.0,51.6068,6.8671
1961-12-26,0.7920800447463989,1.5841601,13.166231155395508,0.0,48.2874,0.805
1961-12-27,1.1174037456512451,2.2348075,12.54546594619751,0.0,47.3289,1.1438
1961-12-28,0.4629932045936584,0.9259864,9.88410997390747,0.0,46.3592,0.8015
1961-12-29,0.0,0.0,5.354534387588501,0.0,45.6287,0.8041
1961-12-30,26.55112361907959,53.10225,0.8406908512115479,2.7032,52.5921,10.7737
1961-12-31,9.383294105529783,18.766588,1.3325250148773191,4.659,50.2622,4.3351
1962-01-01,0.0376284718513488,0.07525694,1.6389989852905271,3.8939,48.332,1.3948
1962-01-02,0.1441999971866607,0.2884,-0.2118191719055175,3.5367,47.2704,1.0558
1962-01-03,0.1534452736377716,0.30689055,2.540585994720459,3.0357,46.7383,1.1677
1962-01-04,0.2208576202392578,0.44171524,4.401975393295288,1.8519,46.8646,1.7345000000000002
1962-01-05,0.081494927406311,0.16298985,4.374743223190308,0.7335,46.5262,1.4398
1962-01-06,0.0057302713394165,0.011460543,6.157445192337036,0.0719,45.9401,1.1243
1962-01-07,10.666622161865234,21.333244,7.660475969314575,0.0,49.8186,5.5403
1962-01-08,0.2431502342224121,0.48630047,7.762465953826904,0.0,47.7309,0.8152
1962-01-09,0.1761703863739967,0.35234076,7.953656196594238,0.0,46.5718,0.8218000000000001
1962-01-10,0.2338363528251648,0.4676727,5.198996782302856,0.0,45.8124,0.8451
1962-01-11,0.0,0.0,6.195662975311279,0.0,45.0933,0.8171
1962-01-12,0.0995011925697326,0.19900239,9.926696300506592,0.0,44.4887,0.817
1962-01-13,0.6020037531852722,1.2040075,11.2869234085083,0.0,44.0388,0.8166
1962-01-14,3.982308387756348,7.964617,12.452722549438477,0.0,45.8074,2.3761
1962-01-15,2.143910109996796,4.2878203,10.06051778793335,0.0,45.3767,0.8333
1962-01-16,2.584433078765869,5.168866,5.186811447143555,0.0,45.7661,1.4012
1962-01-17,1.3880692720413208,2.7761385,4.122221231460571,0.0,45.6008,1.0173
1962-01-18,0.5881358981132507,1.1762718,5.328678131103516,0.0,45.124,0.8132
1962-01-19,0.0,0.0,4.185818672180176,0.0,44.6275,0.8124
1962-01-20,0.08987557888031,0.17975116,2.9306559562683105,0.0,44.2616,0.832
1962-01-21,0.2210474014282226,0.4420948,1.3906588554382324,0.0,43.9745,0.8423999999999999
1962-01-22,0.1966002583503723,0.39320052,2.362116575241089,0.0,43.7127,0.8453999999999999
1962-01-23,0.0876009464263916,0.1752019,2.5479886531829834,0.0,43.4465,0.8328
1962-01-24,0.1036635637283325,0.20732713,2.79898738861084,0.0,43.2,0.8275
1962-01-25,0.2354224920272827,0.47084498,3.335398435592652,0.0,43.0141,0.8538
1962-01-26,0.0,0.0,1.9886908531188965,0.0,42.7582,0.8055
1962-01-27,0.0770385861396789,0.15407717,1.713127374649048,0.0,42.5297,0.8212
1962-01-28,0.1806895732879638,0.36137915,3.5997484922409058,0.0,42.3375,0.8304
1962-01-29,0.0392284393310546,0.07845688,5.011965274810791,0.0,42.0838,0.8164
1962-01-30,0.0,0.0,3.772707939147949,0.0,41.8235,0.8007
1962-01-31,0.1826348304748535,0.36526966,2.6824567317962646,0.0,41.6859,0.8315
1962-02-01,1.0958049297332764,2.1916099,4.248436450958252,0.0,41.7637,0.9359
1962-02-02,0.4016413688659668,0.80328274,6.270607233047485,0.0,41.7204,0.9211
1962-02-03,0.3515828847885132,0.70316577,7.21833062171936,0.0,41.4339,0.7956
1962-02-04,0.0658203363418579,0.13164067,5.647526502609253,0.0,41.1573,0.8077
1962-02-05,0.096558928489685,0.19311786,6.487552881240845,0.0,40.8832,0.8087000000000001
1962-02-06,0.9206705093383788,1.841341,9.223487377166748,0.0,40.6682,0.828
1962-02-07,0.0,0.0,11.964377403259276,0.0,40.0965,0.7902
1962-02-08,1.424886703491211,2.8497734,13.618191242218018,0.0,40.2592,1.1498
1962-02-09,0.3135867118835449,0.6271734,14.56003761291504,0.0,39.7508,0.7874
1962-02-10,0.6030471324920654,1.2060943,18.68683242797852,0.0,39.2818,0.8898
1962-02-11,0.5188679695129395,1.0377359,18.71725368499756,0.0,38.7062,0.7846
1962-02-12,7.7153356075286865,15.430672,12.793994903564451,0.0,43.5904,3.2615000000000003
1962-02-13,5.222042798995972,10.444086,7.104855298995972,0.0,45.4598,1.8716
1962-02-14,0.215911865234375,0.43182373,5.386498928070068,0.0,44.9033,0.7803
1962-02-15,1.133527398109436,2.2670548,5.088262557983398,0.0,44.5905,0.8727
1962-02-16,0.0,0.0,4.78986668586731,0.0,44.0157,0.7774
1962-02-17,0.0,0.0,5.708327293395996,0.0,43.5013,0.776
1962-02-18,0.0,0.0,7.003314256668091,0.0,42.9091,0.7746
1962-02-19,0.0,0.0,7.691554307937622,0.0,42.3022,0.7732
1962-02-20,0.0,0.0,8.79274606704712,0.0,41.6947,0.7717
1962-02-21,1.715471267700195,3.4309425,10.301846981048584,0.0,42.0974,1.1966
1962-02-22,0.0965005159378051,0.19300103,12.690725803375244,0.0,41.501,0.7689
1962-02-23,0.0,0.0,14.937381744384766,0.0,40.682,0.7675
1962-02-24,0.2996424436569214,0.5992849,15.809036254882812,0.0,39.9249,0.7755
1962-02-25,4.07658052444458,8.153161,11.966435432434082,0.0,40.5348,1.0617
1962-02-26,5.957453012466431,11.914906,6.714507579803467,0.0,43.73,2.1241
1962-02-27,5.013265371322632,10.026531,5.713931322097778,0.0,46.3027,2.1021
1962-02-28,8.300618886947632,16.601238,6.346469640731812,0.0,49.453,3.084
1962-03-01,6.806915760040283,13.6138315,7.499659299850464,0.0,49.6109,2.3641
1962-03-02,0.0329322814941406,0.06586456,7.212305068969727,0.0,47.402,0.7576
1962-03-03,0.0,0.0,7.801836967468262,0.0,46.0272,0.7563
1962-03-04,0.4195261001586914,0.8390522,9.985302925109863,0.0,45.0287,0.7776
1962-03-05,1.1996681690216064,2.3993363,12.206885814666748,0.0,44.4417,0.7537
1962-03-06,0.2135794162750244,0.42715883,11.230331897735596,0.0,43.5115,0.7543
1962-03-07,3.2922723293304443,6.5845447,11.739389419555664,0.0,44.3934,1.3186
1962-03-08,3.3271353244781494,6.6542706,9.949830055236816,0.0,45.1498,1.271
1962-03-09,4.878294944763184,9.75659,11.518848896026611,0.0,46.3629,1.5969
1962-03-10,8.895692825317383,17.791386,12.991562366485596,0.0,49.5731,3.2618
1962-03-11,4.116563677787781,8.233128,11.357872486114502,0.0,48.82,1.6781
1962-03-12,0.4359228610992431,0.8718457,13.492444038391112,0.0,47.0131,0.7447
1962-03-13,0.4773004055023193,0.9546008,15.051275730133057,0.0,45.8747,0.8211
1962-03-14,2.9020230770111084,5.804046,16.624281883239746,0.0,45.15,0.7425
1962-03-15,5.588826417922974,11.177652,16.904157638549805,0.0,47.225,2.5923
1962-03-16,0.4234383106231689,0.8468766,15.144800662994385,0.0,45.5568,0.7402
1962-03-17,7.89603590965271,15.792072,10.464914321899414,0.0,48.8028,3.373
1962-03-18,0.8802289962768555,1.760458,11.50912380218506,0.0,47.1304,0.7379
1962-03-19,19.46697330474853,38.933945,13.272388935089111,0.0,52.5218,7.8384
1962-03-20,28.46840190887451,56.936806,15.014592170715332,0.0,53.0937,12.0081
1962-03-21,5.519327402114868,11.038654,11.618472576141356,0.0,49.1374,1.7904
1962-03-22,19.569486618041992,39.138973,6.122754812240601,0.0,51.9604,9.4496
1962-03-23,0.6907005310058594,1.3814011,6.352435350418091,0.0,48.2669,0.7478
1962-03-24,0.250072717666626,0.50014544,7.103231191635132,0.0,46.7944,0.7621
1962-03-25,0.1884212493896484,0.3768425,7.816038846969604,0.0,45.7841,0.7625000000000001
1962-03-26,0.0159884691238403,0.03197694,9.230792999267578,0.0,44.945,0.7584000000000001
1962-03-27,0.0690422058105468,0.13808441,10.522669315338137,0.0,44.094,0.7548
1962-03-28,4.1873040199279785,8.374608,9.56985092163086,0.0,45.5468,2.1641
1962-03-29,2.982409834861756,5.96482,11.824233055114746,0.0,45.0345,0.7541
1962-03-30,0.1513400077819824,0.30268002,11.729478359222412,0.0,44.1972,0.756
1962-03-31,0.4573824405670166,0.9147649,13.357165336608888,0.0,43.4305,0.7529
1962-04-01,0.9831600189208984,1.96632,15.951449871063232,0.0,42.7784,0.7688
1962-04-02,28.154476165771484,56.308952,16.485739707946777,0.0,52.8113,10.5406
1962-04-03,6.496968746185303,12.9939375,9.481874465942385,0.0,49.4337,2.1781
1962-04-04,0.5459487438201904,1.0918975,8.96530818939209,0.0,47.3847,0.7514
1962-04-05,14.532256126403809,29.064512,10.910773277282717,0.0,51.3991,7.672700000000001
1962-04-06,3.738037347793579,7.4760747,16.467269897460938,0.0,48.3151,0.8500000000000001
1962-04-07,2.908583641052246,5.8171673,21.164609909057617,0.0,46.8768,0.9986
1962-04-08,2.8480794429779053,5.696159,19.403132438659668,0.0,46.5314,1.5191
1962-04-09,8.6362624168396,17.272526,18.10707664489746,0.0,48.7033,3.5625
1962-04-10,0.894568920135498,1.7891378,16.696517944335938,0.0,46.8848,0.7575
1962-04-11,3.392866849899292,6.7857337,13.783670902252195,0.0,47.2066,2.0914
1962-04-12,9.392427921295166,18.784855,14.299566268920898,0.0,49.5202,3.9553
1962-04-13,11.463744163513184,22.927488,13.123557090759276,0.0,50.7011,5.2313
1962-04-14,1.0203832387924194,2.0407665,13.188868522644045,0.0,47.6195,0.7588
1962-04-15,0.1622953414916992,0.32459068,14.42048406600952,0.0,46.036,0.7598
1962-04-16,0.1940000057220459,0.388,16.179521560668945,0.0,44.8917,0.7601
1962-04-17,32.210378646850586,64.42076,15.855623722076416,0.0,53.4912,15.5453
1962-04-18,3.251759529113769,6.503519,13.721668243408203,0.0,48.556,0.7647999999999999
1962-04-19,1.701824426651001,3.4036489,12.63096523284912,0.0,46.6987,0.7691
1962-04-20,4.608773708343506,9.217547,16.938608169555664,0.0,45.9545,1.1461
1962-04-21,0.6286921501159668,1.2573843,20.887331008911133,0.0,44.6755,0.7699
1962-04-22,1.2733612060546875,2.5467224,20.36234760284424,0.0,43.5775,0.7815000000000001
1962-04-23,0.4183430671691894,0.83668613,20.968334197998047,0.0,42.5262,0.7714
1962-04-24,15.143171310424805,30.286343,18.41496086120605,0.0,49.3608,6.1034
1962-04-25,1.0418236255645752,2.0836473,16.61134910583496,0.0,47.1318,0.7668
1962-04-26,0.121720552444458,0.2434411,16.535836219787598,0.0,45.5561,0.7661
1962-04-27,0.039250373840332,0.07850075,18.92819118499756,0.0,44.2543,0.7652
1962-04-28,0.5233592987060547,1.0467186,19.370366096496586,0.0,43.1933,0.7831
1962-04-29,0.3478302955627441,0.6956606,19.50645637512207,0.0,42.2634,0.7631
1962-04-30,25.402283668518063,50.804565,19.06485176086425,0.0,53.1439,10.9369
1962-05-01,0.7390637397766113,1.4781275,19.610169410705566,0.0,48.077,0.762
1962-05-02,1.910322666168213,3.8206453,18.91082668304444,0.0,47.2451,1.3330000000000002
1962-05-03,14.02223300933838,28.044466,21.40823173522949,0.0,50.8844,5.3558
1962-05-04,30.21176719665528,60.423534,22.10586261749268,0.0,53.1189,13.5495
1962-05-05,54.02373504638672,108.04747,17.032124519348145,0.0,53.5752,33.2473
1962-05-06,8.493560314178467,16.987122,17.061458587646484,0.0,49.753,4.4757
1962-05-07,39.60406303405762,79.20813,18.20685863494873,0.0,53.1582,24.2211
1962-05-08,11.374505043029783,22.74901,20.264686584472656,0.0,50.1242,5.7161
1962-05-09,17.044828414916992,34.089657,18.813426971435547,0.0,51.1361,8.6202
1962-05-10,1.6593403816223145,3.3186808,18.939650535583496,0.0,47.9661,0.8352
1962-05-11,12.700434684753418,25.40087,21.35221767425537,0.0,50.5323,7.3229
1962-05-12,10.827965259552002,21.65593,22.81708526611328,0.0,49.9123,4.1154
1962-05-13,1.125443935394287,2.2508879,22.780759811401367,0.0,47.4043,0.8477
1962-05-14,2.2010529041290283,4.402106,22.895636558532715,0.0,46.1239,1.1985
1962-05-15,3.7063307762146,7.4126616,19.68367958068848,0.0,46.2926,1.4567
1962-05-16,14.422771453857422,28.845543,20.480443954467773,0.0,50.3534,5.9535
1962-05-17,41.00582313537598,82.01164,20.50893878936768,0.0,53.6274,22.1384
1962-05-18,38.31161689758301,76.62323,18.90541362762451,0.0,52.4473,26.0315
1962-05-19,10.672842025756836,21.345684,17.311824798583984,0.0,50.0956,5.573499999999999
1962-05-20,2.5475571155548096,5.095114,19.73252868652344,0.0,47.3982,0.8954
1962-05-21,1.3636107444763184,2.7272215,19.43920421600341,0.0,45.963,1.1649
1962-05-22,0.5851470232009888,1.170294,20.872774124145508,0.0,44.4772,0.9004
1962-05-23,4.347692251205444,8.695385,21.85583972930908,0.0,45.8605,2.7395
1962-05-24,21.20648765563965,42.412975,21.47018337249756,0.0,52.173,9.3938
1962-05-25,32.539119720458984,65.07824,20.33306121826172,0.0,53.1156,17.2647
1962-05-26,18.84049367904663,37.68099,21.19312191009521,0.0,51.4691,11.3406
1962-05-27,46.040239334106445,92.080475,22.452970504760746,0.0,53.1196,32.150800000000004
1962-05-28,19.27327680587769,38.546555,23.2405014038086,0.0,51.2107,11.713500000000002
1962-05-29,5.978938817977905,11.957878,22.010393142700195,0.0,48.6585,1.8462
1962-05-30,0.9510087966918944,1.9020176,20.2242374420166,0.0,46.9878,0.9653
1962-05-31,0.4359011650085449,0.87180233,23.44749927520752,0.0,45.411,0.9716
1962-06-01,0.1622395515441894,0.3244791,25.929746627807617,0.0,43.9878,0.965
1962-06-02,0.0889139175415039,0.17782784,27.28575325012207,0.0,42.7668,0.9619
1962-06-03,0.3601762056350708,0.7203524,27.57750606536865,0.0,41.7342,0.9585
1962-06-04,9.31015920639038,18.62032,24.23165225982666,0.0,46.4199,4.7366
1962-06-05,19.60612297058105,39.212246,22.6889877319336,0.0,51.6967,7.2818
1962-06-06,23.32525634765625,46.650513,19.132285118103027,0.0,52.6619,11.4662
1962-06-07,24.56725597381592,49.134514,20.64292049407959,0.0,52.0707,11.8001
1962-06-08,8.800020217895508,17.60004,19.28238582611084,0.0,50.0102,4.7734000000000005
1962-06-09,5.184661388397217,10.369323,20.046147346496586,0.0,48.1273,1.4017
1962-06-10,10.140223503112791,20.280447,18.753178596496586,0.0,49.6324,4.7476
1962-06-11,8.644804000854492,17.289608,18.21774196624756,0.0,49.7544,4.2687
1962-06-12,19.514647483825684,39.029297,20.74030494689941,0.0,51.6573,9.6112
1962-06-13,21.017475128173828,42.03495,22.35615921020508,0.0,51.7993,11.5528
1962-06-14,45.81711196899414,91.634224,22.622812271118164,0.0,53.0829,28.9429
1962-06-15,26.147380828857425,52.29476,22.76655006408692,0.0,51.8101,16.8698
1962-06-16,12.747284412384031,25.494568,23.624577522277832,0.0,50.2126,5.9314
1962-06-17,0.6645898818969727,1.3291798,25.33397483825684,0.0,47.4679,1.0469
1962-06-18,2.190864086151123,4.381728,25.442408561706543,0.0,46.4932,1.7494999999999998
1962-06-19,11.053570747375488,22.107141,24.5693588256836,0.0,48.0086,3.1655
1962-06-20,15.125293731689451,30.250587,23.41837215423584,0.0,50.6125,6.1384
1962-06-21,25.407285690307617,50.81457,22.54942035675049,0.0,52.3638,12.4784
1962-06-22,10.238801956176758,20.477604,23.42817783355713,0.0,49.5724,3.5827
1962-06-23,8.905908107757568,17.811817,25.066240310668945,0.0,48.8701,2.9476
1962-06-24,1.7833932638168335,3.5667865,24.55414295196533,0.0,47.1642,1.0701
1962-06-25,25.66133117675781,51.322662,23.33741855621338,0.0,52.4415,13.4578
1962-06-26,19.91314125061035,39.826283,21.831274032592773,0.0,51.5729,9.8578
1962-06-27,26.585329055786133,53.17066,21.31510353088379,0.0,52.3627,16.393900000000002
1962-06-28,74.93597793579102,149.87195,21.27221870422364,0.0,52.8285,62.4902
1962-06-29,22.14667320251465,44.293346,21.354771614074707,0.0,51.3858,12.6261
1962-06-30,25.041953086853027,50.083908,21.591403007507324,0.0,52.1118,15.4985
1962-07-01,14.620010375976562,29.24002,22.668888092041016,0.0,50.7579,8.0367
1962-07-02,9.445123672485352,18.890247,24.61408042907715,0.0,49.5743,4.133
1962-07-03,1.116729497909546,2.233459,26.036940574646,0.0,47.2621,1.1608
1962-07-04,0.9967930316925048,1.9935861,26.33340358734131,0.0,45.8823,1.3097
1962-07-05,1.2009198665618896,2.4018397,26.521543502807617,0.0,44.8972,1.1581
1962-07-06,0.4468560218811035,0.89371204,26.92461109161377,0.0,43.7981,1.1584
1962-07-07,0.4840760231018066,0.96815205,27.20983600616455,0.0,42.8727,1.1504
1962-07-08,1.716264724731445,3.4325294,27.644417762756348,0.0,42.2812,1.4112
1962-07-09,2.131785273551941,4.263571,27.54326629638672,0.0,41.6748,1.1414
1962-07-10,0.8164314031600952,1.6328628,26.97052574157715,0.0,40.7515,1.1372
1962-07-11,1.4984420537948608,2.996884,27.661459922790527,0.0,40.1171,1.1328
1962-07-12,0.4624454975128174,0.924891,27.46173667907715,0.0,39.222,1.1916
1962-07-13,0.1454453468322754,0.2908907,26.646379470825195,0.0,38.2727,1.1234
1962-07-14,1.034774899482727,2.0695498,27.6809139251709,0.0,37.0049,1.1181
1962-07-15,0.1720888614654541,0.34417772,27.60307502746582,0.0,35.9966,1.1127
1962-07-16,0.5105335712432861,1.0210671,27.502402305603027,0.0,35.3401,1.1079
1962-07-17,1.1601101160049438,2.3202202,28.20945167541504,0.0,34.7442,1.1176
1962-07-18,0.9970269203186036,1.9940538,27.91667461395264,0.0,34.3235,1.0988
1962-07-19,2.659759759902954,5.3195195,27.95227336883545,0.0,34.4956,1.3147
1962-07-20,3.3280022144317627,6.6560044,28.402581214904785,0.0,33.9824,1.0901
1962-07-21,5.307408571243286,10.614817,28.63990974426269,0.0,37.008,2.2774
1962-07-22,2.5144753456115723,5.0289507,27.37541389465332,0.0,36.5158,1.0818
1962-07-23,10.093366146087646,20.186733,25.809489250183105,0.0,43.3152,3.8419
1962-07-24,20.447185516357425,40.89437,23.84550094604492,0.0,51.712,6.0303
1962-07-25,8.530912399291992,17.061825,24.014759063720703,0.0,50.3827,3.0222
1962-07-26,0.352468729019165,0.70493746,26.51737403869629,0.0,47.5081,1.0703
1962-07-27,0.2021304368972778,0.40426087,26.83973979949951,0.0,45.7538,1.0663
1962-07-28,2.017894506454468,4.035789,27.39756298065185,0.0,44.4753,1.0624
1962-07-29,0.8595826625823975,1.7191653,27.31708526611328,0.0,43.0378,1.1763
1962-07-30,0.1412506103515625,0.28250122,27.61340713500977,0.0,41.5446,1.0545
1962-07-31,0.0139343738555908,0.027868748,27.517438888549805,0.0,39.7402,1.0503
1962-08-01,0.9779088497161864,1.9558177,27.26941967010498,0.0,38.3137,1.046
1962-08-02,1.0152583122253418,2.0305166,27.7890739440918,0.0,37.7113,1.0422
1962-08-03,12.127326965332031,24.254654,25.12488269805908,0.0,44.8353,4.2047
1962-08-04,0.3257709741592407,0.65154195,26.87831974029541,0.0,42.9094,1.0349
1962-08-05,0.3393669128417969,0.6787338,26.377354621887207,0.0,41.1233,1.0522
1962-08-06,52.33260726928711,104.665215,23.39503574371338,0.0,55.3007,21.4865
1962-08-07,5.125977516174316,10.251955,26.684718132019043,0.0,48.7832,1.1761
1962-08-08,1.863971471786499,3.727943,27.32535743713379,0.0,46.8913,1.0832
1962-08-09,1.7019628286361694,3.4039257,27.11610507965088,0.0,45.6867,1.2611
1962-08-10,3.1605011224746704,6.321002,26.2229061126709,0.0,44.9282,1.1232
1962-08-11,3.06829571723938,6.1365914,26.47706317901612,0.0,45.0293,1.8756
1962-08-12,0.673842191696167,1.3476844,26.149746894836422,0.0,43.9655,1.0328
1962-08-13,3.182671546936035,6.365343,25.64149570465088,0.0,44.9143,2.2116
1962-08-14,5.062092304229736,10.124185,25.09966278076172,0.0,44.6173,1.1671999999999998
1962-08-15,0.505268931388855,1.0105379,25.07692241668701,0.0,43.4106,1.0128
1962-08-16,5.72828221321106,11.456564,25.40938377380371,0.0,44.0652,1.5546
1962-08-17,1.4048683643341064,2.8097367,25.4505262374878,0.0,42.9881,1.023
1962-08-18,0.4613823890686035,0.9227648,26.08511066436768,0.0,41.7926,1.0103
1962-08-19,4.348783016204834,8.697566,25.06225109100341,0.0,41.3591,1.0606
1962-08-20,8.578930377960205,17.15786,24.390379905700684,0.0,43.6855,2.634
1962-08-21,1.407268762588501,2.8145375,25.05937671661377,0.0,42.2718,0.9982
1962-08-22,16.64883041381836,33.29766,25.28435039520264,0.0,50.153,6.3801000000000005
1962-08-23,1.664763569831848,3.3295271,25.005874633789062,0.0,46.6524,0.9946
1962-08-24,5.901094436645508,11.802189,24.75919914245605,0.0,48.0733,3.1081000000000003
1962-08-25,2.3873740434646606,4.774748,25.02159118652344,0.0,46.4147,0.9912
1962-08-26,2.473608374595642,4.947217,26.14243984222412,0.0,45.3855,1.4904000000000002
1962-08-27,0.5862776041030884,1.1725552,26.975690841674805,0.0,43.8715,0.9881
1962-08-28,22.635945320129395,45.27189,24.94612503051757,0.0,52.9224,9.2853
1962-08-29,4.818704843521118,9.637409,24.408331871032715,0.0,48.6564,1.1355
1962-08-30,0.3691194057464599,0.7382388,25.4388427734375,0.0,46.7739,0.9849
1962-08-31,10.08420705795288,20.168415,25.96745777130127,0.0,49.9289,4.3876
1962-09-01,23.12136459350586,46.24273,25.38264274597168,0.0,52.7081,9.2243
1962-09-02,2.347763538360596,4.695527,24.557765007019043,0.0,48.2836,0.9847
1962-09-03,3.596226692199707,7.1924534,24.347139358520508,0.0,47.9737,2.3816
1962-09-04,1.959794998168945,3.91959,25.42952442169189,0.0,46.5061,0.9857
1962-09-05,12.09849739074707,24.196995,23.578651428222656,0.0,51.4199,6.966600000000001
1962-09-06,43.2890625,86.578125,20.65846061706543,0.0,54.0585,22.2107
1962-09-07,0.8453465700149536,1.6906931,22.03436756134033,0.0,48.3938,0.9921
1962-09-08,1.0846089124679563,2.1692178,22.5107650756836,0.0,46.9248,1.2057
1962-09-09,12.060349941253662,24.1207,22.847410202026367,0.0,49.7097,5.1601
1962-09-10,12.445767879486084,24.891537,23.43738555908203,0.0,50.2194,4.9794
1962-09-11,0.5336177349090576,1.0672355,24.66036891937256,0.0,47.5114,1.0021
1962-09-12,4.583042144775391,9.166084,24.551044464111328,0.0,47.7566,2.9831000000000003
1962-09-13,5.702086210250855,11.404173,22.741345405578613,0.0,47.5983,1.8754
1962-09-14,2.093638300895691,4.187277,23.713982582092285,0.0,46.3042,1.0013
1962-09-15,0.2662689685821533,0.53253794,24.03188705444336,0.0,45.0554,0.9998
1962-09-16,0.1823753118515014,0.36475062,24.664718627929688,0.0,44.0016,0.9972
1962-09-17,1.839719533920288,3.679439,23.98878002166748,0.0,43.871,1.5726
1962-09-18,1.399795413017273,2.7995908,24.78805351257324,0.0,43.2428,0.9914
1962-09-19,9.39981174468994,18.799623,24.973488807678223,0.0,46.2061,3.588
1962-09-20,3.0351682901382446,6.0703363,24.79572582244873,0.0,45.2479,0.9863
1962-09-21,0.8589130640029907,1.7178261,25.89282512664795,0.0,44.48,1.1904
1962-09-22,0.6973428726196289,1.3946857,26.04981803894043,0.0,43.3395,0.9827
1962-09-23,0.0,0.0,25.864319801330566,0.0,42.2235,0.981
1962-09-24,0.6158394813537598,1.231679,26.11064720153809,0.0,41.389,1.0156
1962-09-25,3.778898715972901,7.5577974,24.457109451293945,0.0,42.0022,1.3409
1962-09-26,0.0,0.0,22.174747467041016,0.0,41.3671,0.9759
1962-09-27,0.2602721750736236,0.52054435,21.549548149108887,0.0,40.6133,0.9765
1962-09-28,0.1990954279899597,0.39819086,23.206619262695312,0.0,39.752,0.9725
1962-09-29,0.1527869701385498,0.30557394,23.308621406555176,0.0,38.8914,0.9707
1962-09-30,0.4352453947067261,0.8704908,22.53003978729248,0.0,38.115,0.969
1962-10-01,0.6112505793571472,1.2225012,21.111104011535645,0.0,37.3063,0.9679
1962-10-02,0.1529387533664703,0.3058775,21.749770164489743,0.0,36.5468,0.9654
1962-10-03,2.3935739994049072,4.787148,23.902389526367188,0.0,37.9361,1.6557
1962-10-04,22.096893310546875,44.193787,23.002711296081543,0.0,50.1707,6.7801
1962-10-05,3.722711563110352,7.445423,21.4495153427124,0.0,48.0778,1.2484
1962-10-06,0.39134681224823,0.7826936,21.8839111328125,0.0,46.3358,0.9584
1962-10-07,0.4566074013710022,0.9132148,23.32445240020752,0.0,44.9757,0.9578
1962-10-08,0.397623211145401,0.7952464,23.64878845214844,0.0,43.7974,0.9551
1962-10-09,0.7083756327629089,1.4167513,23.31988906860352,0.0,42.584,0.955
1962-10-10,0.6187847256660461,1.2375695,24.058195114135746,0.0,41.1686,0.9518
1962-10-11,6.437938690185547,12.875877,24.13665580749512,0.0,43.2558,2.4045
1962-10-12,8.560093402862549,17.120186,22.82349395751953,0.0,45.7514,2.2788
1962-10-13,7.686445474624634,15.37289,22.520564079284668,0.0,47.4346,2.2459
1962-10-14,36.484954833984375,72.96991,17.721673011779785,0.0,53.9799,13.0941
1962-10-15,1.164337694644928,2.3286753,15.606537818908691,0.0,48.4622,0.9451
1962-10-16,0.0,0.0,14.203235626220703,0.0,46.8053,0.9459
1962-10-17,0.3765003979206085,0.7530008,16.669344902038574,0.0,45.6838,0.946
1962-10-18,0.0697872638702392,0.13957453,18.26861572265625,0.0,44.9331,0.9456
1962-10-19,1.564753770828247,3.1295075,19.173604011535645,0.0,44.1875,0.9447
1962-10-20,3.527026027441025,7.054052,19.3016357421875,0.0,44.0859,1.2404
1962-10-21,1.7916893362998962,3.5833788,16.787935256958008,0.0,43.7314,0.9425
1962-10-22,1.045632541179657,2.0912652,15.413562297821043,0.0,43.0579,0.9434
1962-10-23,0.1777787208557129,0.35555744,13.882192611694336,0.0,42.4436,0.9399
1962-10-24,0.140838623046875,0.28167725,14.064361095428469,0.0,41.8243,0.9403
1962-10-25,0.3742116689682007,0.74842334,14.30348539352417,0.0,41.3168,0.937
1962-10-26,0.0025726556777954,0.0051453114,14.087234497070312,0.0,40.6256,0.9354
1962-10-27,0.0490888357162475,0.09817767,13.86172866821289,0.0,40.0048,0.9349
1962-10-28,0.2871898412704468,0.5743797,12.854409217834473,0.0,39.3881,0.9323
1962-10-29,0.0654355883598327,0.13087118,13.126505851745604,0.0,38.724,0.9307
1962-10-30,0.0,0.0,15.412673950195312,0.0,37.9788,0.929
1962-10-31,2.194992661476136,4.389985,15.841274738311768,0.0,38.967,1.4927
1962-11-01,14.65431261062622,29.308624,14.123716831207275,0.0,47.9666,5.0974
1962-11-02,3.161474883556366,6.32295,16.67721652984619,0.0,47.2878,1.3069
1962-11-03,0.4890398681163788,0.97807974,16.488433837890625,0.0,46.0882,0.9225
1962-11-04,0.0,0.0,10.44128131866455,0.0,45.1134,0.9209
1962-11-05,0.0256403088569641,0.051280618,7.537727832794189,0.0,44.3743,0.9218
1962-11-06,0.1327884495258331,0.2655769,10.005926132202148,0.0,43.6093,0.9179
1962-11-07,0.0805097818374633,0.16101956,13.80181074142456,0.0,42.8516,0.9164
1962-11-08,0.1370972990989685,0.2741946,16.238635063171387,0.0,42.1121,0.9147
1962-11-09,1.3658102750778198,2.7316206,15.39475965499878,0.0,42.1049,1.0964
1962-11-10,0.2270798683166504,0.45415974,14.744650840759276,0.0,41.5947,0.9115
1962-11-11,0.0,0.0,14.076811790466309,0.0,40.8883,0.91
1962-11-12,1.6211209297180176,3.2422419,13.789946556091309,0.0,41.3854,1.2847
1962-11-13,5.216917276382446,10.433834,15.7069993019104,0.0,43.9823,2.0961
1962-11-14,6.829383134841919,13.658766,17.669955253601074,0.0,46.7868,2.4531
1962-11-15,0.0,0.0,18.33888339996338,0.0,45.2589,0.9036
1962-11-16,0.2040760517120361,0.4081521,15.72788429260254,0.0,44.1793,0.9034
1962-11-17,1.2818339467048645,2.5636678,14.9485821723938,0.0,43.5199,0.9004
1962-11-18,0.6473900377750397,1.29478,13.70634698867798,0.0,42.9054,0.9935
1962-11-19,0.1791638135910034,0.35832763,14.349497318267822,0.0,42.1878,0.8973
1962-11-20,0.3793184757232666,0.75863695,17.001813888549805,0.0,41.4077,0.9158
1962-11-21,4.489609003067017,8.979218,13.800179958343506,0.0,42.7834,1.55
1962-11-22,5.253657579421997,10.507315,10.362773418426514,0.0,45.0371,2.0433
1962-11-23,0.5115121901035309,1.0230243,9.185322761535645,0.0,44.5467,0.891
1962-11-24,0.0769774913787841,0.15395498,11.847204685211182,0.0,43.9013,0.8902
1962-11-25,2.722058176994324,5.4441166,14.544375896453856,0.0,44.6604,1.5013
1962-11-26,4.523158073425293,9.046316,11.541162967681885,0.0,45.6748,1.5975
1962-11-27,9.42294454574585,18.84589,8.123849868774414,0.0,49.5477,3.622900000000001
1962-11-28,1.0354215502738953,2.0708432,7.250312805175781,0.0,47.572,0.8834
1962-11-29,0.0035302639007568,0.007060528,6.306541681289673,0.0,46.4182,0.882
1962-11-30,0.0871913433074951,0.17438269,5.221044540405273,0.0,45.622,0.8907
1962-12-01,0.0722204744815826,0.14444095,5.2078235149383545,0.0,44.9882,0.8862
1962-12-02,0.0415874719619751,0.083174944,3.513470411300659,0.0,44.4976,0.8921
1962-12-03,0.0299585461616516,0.059917092,3.893881559371948,0.0,44.044,0.8865000000000001
1962-12-04,0.0672563910484314,0.13451278,5.197814464569092,0.0,43.6016,0.8842
1962-12-05,0.2202449440956115,0.4404899,5.026591062545776,0.0,43.2221,0.8888
1962-12-06,0.0400306731462478,0.08006135,3.9854965209960938,0.0,42.7697,0.8726
1962-12-07,0.0038872957229614,0.0077745914,6.560340404510498,0.0,42.3634,0.8729
1962-12-08,0.0815212726593017,0.16304255,8.568340301513672,0.0,41.8792,0.8698
1962-12-09,0.163666695356369,0.3273334,9.03819751739502,0.0,41.3654,0.8683
1962-12-10,0.1003844141960144,0.20076883,10.527482509613035,0.0,40.842,0.8668
1962-12-11,0.0145387053489685,0.02907741,11.814162731170654,0.0,40.2454,0.8653
1962-12-12,0.1737618446350097,0.3475237,13.138457298278809,0.0,39.7057,0.8644000000000001
1962-12-13,0.0,0.0,12.320536136627195,0.0,39.3557,0.8623
1962-12-14,0.0451652407646179,0.09033048,12.783609867095947,0.0,38.972,0.8608
1962-12-15,1.5575833320617676,3.1151667,12.12441110610962,0.0,39.2968,1.0601
1962-12-16,2.791581869125366,5.5831637,9.695228576660156,0.0,40.2549,1.2701
1962-12-17,1.0542517304420471,2.1085033,9.01879358291626,0.0,40.1548,0.8573999999999999
1962-12-18,0.0,0.0,8.40088176727295,0.0,39.6407,0.8547
1962-12-19,0.1198928952217102,0.23978579,8.00813603401184,0.0,39.3532,0.8538
1962-12-20,0.4661153256893158,0.93223065,7.798552751541138,0.0,39.2177,0.8517
1962-12-21,0.1943970918655395,0.38879418,5.039724349975586,0.0,38.9975,0.8548
1962-12-22,0.0449829697608947,0.08996594,6.538095951080322,0.0,38.6933,0.8486
1962-12-23,0.112280249595642,0.2245605,5.161466836929321,0.0,38.4352,0.8544999999999999
1962-12-24,0.0768579244613647,0.15371585,5.3042192459106445,0.0,38.1697,0.8529
1962-12-25,0.0651687383651733,0.13033748,6.7273499965667725,0.0,37.8867,0.8478
1962-12-26,0.1369997859001159,0.27399957,11.02350378036499,0.0,37.4947,0.8424
1962-12-27,0.1704323291778564,0.34086466,11.929214000701904,0.0,37.2052,0.8425
1962-12-28,0.1252561807632446,0.25051236,13.102699279785156,0.0,36.9466,0.8394
1962-12-29,0.2531831860542297,0.5063664,13.919068336486816,0.0,36.7508,0.8548
1962-12-30,0.1126568913459777,0.22531378,5.328644275665283,0.0,36.5887,0.8363
1962-12-31,0.0170767307281494,0.03415346,3.986073732376098,0.0,36.4587,0.8411
1963-01-01,1.9804307222366333,3.9608614,5.461693286895752,0.0,37.6264,1.2751
1963-01-02,0.1695554554462433,0.3391109,3.641261339187622,0.0,37.6789,0.9084
1963-01-03,0.2357895970344543,0.4715792,3.370302438735962,0.0,37.5932,0.8509
1963-01-04,0.241773247718811,0.4835465,5.755152702331543,0.0,37.4453,0.8332
1963-01-05,0.0282474756240844,0.05649495,5.310192823410034,0.0,37.2651,0.8311
1963-01-06,0.0174900889396667,0.034980178,2.433755397796631,0.0,37.1472,0.836
1963-01-07,0.2631144523620605,0.5262289,0.2336432933807373,0.0001,37.1256,0.8502
1963-01-08,0.1498572826385498,0.29971457,-1.2204394340515137,0.0,37.0834,0.8439
1963-01-09,0.1207353174686431,0.24147063,-0.2089240550994873,0.0,37.0079,0.8361
1963-01-10,0.2021476626396179,0.40429533,0.661968469619751,0.0,36.9423,0.8441000000000001
1963-01-11,0.0,0.0,1.7015492916107178,0.0,36.7974,0.8178
1963-01-12,0.0361740589141845,0.07234812,1.3732476234436035,0.0,36.7252,0.8233
1963-01-13,0.3844170570373535,0.7688341,1.81969690322876,0.0,36.7091,0.8527
1963-01-14,0.0,0.0,1.024022102355957,0.0,36.5878,0.8133
1963-01-15,0.0684832334518432,0.13696647,0.6501686573028564,0.0,36.472,0.8215
1963-01-16,0.2694770097732544,0.538954,0.9269895553588868,0.0,36.4141,0.8357
1963-01-17,0.4640540480613708,0.9281081,2.072453498840332,0.0,36.4208,0.8583
1963-01-18,0.0,0.0,3.781441569328308,0.0,36.1499,0.8072
1963-01-19,0.0,0.0,5.18715500831604,0.0,35.8666,0.8057
1963-01-20,0.1079577207565307,0.21591544,5.854197025299072,0.0,35.6933,0.8128000000000001
1963-01-21,0.1821147203445434,0.36422944,5.5656418800354,0.0,35.5404,0.8069999999999999
1963-01-22,0.1644177436828613,0.3288355,3.9690678119659424,0.0,35.4509,0.8162
1963-01-23,0.0608344078063964,0.121668816,4.09610390663147,0.0,35.3393,0.8089999999999999
1963-01-24,0.0976850986480712,0.1953702,4.347779989242554,0.0,35.2231,0.8053
1963-01-25,0.2215200662612915,0.44304013,3.5281686782836914,0.0,35.1691,0.818
1963-01-26,0.0,0.0,1.3353931903839111,0.0,35.0648,0.7952
1963-01-27,0.0506952404975891,0.10139048,1.03629469871521,0.0,34.9696,0.7994
1963-01-28,0.1817280054092407,0.363456,2.5325374603271484,0.0,34.8901,0.8051
1963-01-29,0.059950828552246,0.11990166,4.513592720031738,0.0,34.7738,0.8015
1963-01-30,0.0,0.0,5.773560285568237,0.0,34.5999,0.7892
1963-01-31,0.1826348304748535,0.36526966,3.645224094390869,0.0,34.514,0.7998
1963-02-01,1.0700769424438477,2.140154,5.1762754917144775,0.0,34.6836,0.8742
1963-02-02,0.4071681499481201,0.8143363,5.796322584152222,0.0,34.6106,0.8074
1963-02-03,0.3678311109542846,0.7356622,5.633851528167725,0.0,34.4897,0.7886
1963-02-04,0.0529485940933227,0.10589719,6.025389194488525,0.0,34.3427,0.7843
1963-02-05,0.1142438650131225,0.22848773,6.606712102890015,0.0,34.258,0.7804
1963-02-06,0.8893551826477051,1.7787104,9.190497875213625,0.0,34.5303,0.928
1963-02-07,0.0,0.0,14.03884983062744,0.0,34.1678,0.7775
1963-02-08,14.500745296478271,29.001492,7.84777045249939,0.0,44.4902,4.4385
1963-02-09,5.509371042251587,11.018742,4.853078126907349,0.0,46.6226,1.925
1963-02-10,11.045877933502195,22.091755,5.525492668151856,0.0,50.6806,3.6718
1963-02-11,2.041620135307312,4.0832405,7.413406848907471,0.0,48.0664,0.7869999999999999
1963-02-12,1.6264933943748474,3.252987,8.606574535369873,0.0,46.9417,0.8726
1963-02-13,1.1714035272598269,2.342807,5.307565927505493,0.0,46.2272,0.8761000000000001
1963-02-14,0.0,0.0,5.84994912147522,0.0,45.3755,0.7674
1963-02-15,1.2921123504638672,2.5842247,9.50489377975464,0.0,45.3376,1.0728
1963-02-16,1.7833256721496582,3.5666513,8.293701171875,0.0,45.0347,0.7939999999999999
1963-02-17,0.0,0.0,10.212205410003662,0.0,44.3724,0.7631
1963-02-18,2.437354803085327,4.8747096,9.8684983253479,0.0,45.3376,1.4295
1963-02-19,2.5666956901550293,5.1333914,7.122617483139038,0.0,45.52,1.0288
1963-02-20,3.150184869766236,6.3003697,8.256865978240967,0.0,45.8039,1.0979
1963-02-21,3.3815386295318604,6.7630773,8.098118305206299,0.0,46.3652,1.2789
1963-02-22,0.1386933326721191,0.27738667,6.942666053771973,0.0,45.4763,0.7561
1963-02-23,0.0,0.0,6.696661472320557,0.0,44.5753,0.7548
1963-02-24,0.2290477752685547,0.45809555,7.657356739044189,0.0,43.8937,0.7588999999999999
1963-02-25,0.7348008155822754,1.4696016,7.4697265625,0.0,43.4051,0.7554
1963-02-26,0.5763325691223145,1.1526651,7.472743511199951,0.0,42.844,0.7603000000000001
1963-02-27,0.0,0.0,6.016271114349365,0.0,42.0788,0.7492
1963-02-28,0.0,0.0,6.464628458023071,0.0,41.2365,0.7479
1963-03-01,0.4071807861328125,0.8143616,8.548244953155518,0.0,40.5931,0.7671
1963-03-02,0.0329322814941406,0.06586456,11.68066120147705,0.0,39.4048,0.7451
1963-03-03,0.0,0.0,14.449294090270996,0.0,38.3692,0.7437
1963-03-04,0.3893141746520996,0.77862835,13.169782161712646,0.0,37.6302,0.7565
1963-03-05,0.2450741529464721,0.4901483,14.388413429260254,0.0,36.9086,0.741
1963-03-06,0.1661838293075561,0.33236766,14.950332164764404,0.0,36.2904,0.7406
1963-03-07,0.2479052543640136,0.4958105,15.038926124572754,0.0,35.8239,0.7382
1963-03-08,0.4366192817687988,0.87323856,16.109164714813232,0.0,35.4339,0.7688
1963-03-09,0.754920244216919,1.5098405,16.62842082977295,0.0,35.1479,0.7354
1963-03-10,0.2942667007446289,0.5885334,16.439024925231934,0.0,34.8893,0.7663
1963-03-11,22.98946475982666,45.978928,10.548593997955322,0.0,48.2255,5.824800000000001
1963-03-12,11.97125482559204,23.942509,6.845755815505981,0.0,50.8775,3.7298
1963-03-13,9.400904655456545,18.80181,4.217967033386231,0.0,50.8547,3.3349
1963-03-14,6.325281858444214,12.650564,5.027988433837891,0.0,49.9189,2.4041
1963-03-15,0.2983241081237793,0.5966482,7.291362762451172,0.0,47.7239,0.7275
1963-03-16,0.2725284099578857,0.5450568,9.766112327575684,0.0,46.3672,0.7328
1963-03-17,0.4261958599090576,0.8523917,9.55931568145752,0.0,45.3711,0.7253
1963-03-18,0.5680103302001953,1.1360207,9.739978790283203,0.0,44.6988,0.7797
1963-03-19,0.4502434730529785,0.90048695,13.146010875701904,0.0,44.1366,0.723
1963-03-20,5.9640398025512695,11.92808,13.969151496887209,0.0,47.1095,2.5926
1963-03-21,19.65825080871582,39.3165,15.232847690582275,0.0,52.4536,7.1638
1963-03-22,0.4516072273254394,0.90321445,16.959033012390137,0.0,48.1782,0.7199
1963-03-23,0.0612249374389648,0.122449875,17.21843910217285,0.0,46.3954,0.7194
1963-03-24,0.2294566631317138,0.45891333,13.95619249343872,0.0,45.3797,0.7187
1963-03-25,0.7396869659423828,1.4793739,13.351457595825195,0.0,44.8508,0.9153
1963-03-26,0.1668770313262939,0.33375406,14.595349311828612,0.0,44.2492,0.7172
1963-03-27,3.792661547660828,7.5853233,15.471994400024414,0.0,45.6543,1.9304
1963-03-28,4.285434484481812,8.570869,15.116064071655272,0.0,45.1508,0.7216
1963-03-29,0.0103449821472167,0.020689964,12.085431098937988,0.0,44.2263,0.7143
1963-03-30,0.1705222129821777,0.34104443,12.628340721130373,0.0,43.2068,0.7149
1963-03-31,0.4383680820465088,0.87673616,15.409955978393556,0.0,42.1368,0.7651000000000001
1963-04-01,0.0,0.0,16.9024658203125,0.0,40.6939,0.711
1963-04-02,0.0,0.0,17.512139320373535,0.0,39.2014,0.7098
1963-04-03,0.0,0.0,17.836671829223633,0.0,38.1675,0.7086
1963-04-04,0.0,0.0,19.25544261932373,0.0,36.8953,0.7073
1963-04-05,0.6492123603820801,1.2984247,19.5575647354126,0.0,36.2525,0.8071999999999999
1963-04-06,1.045915603637695,2.0918312,20.556771278381348,0.0,35.7486,0.7048
1963-04-07,1.5151357650756836,3.0302715,12.700737953186035,0.0,36.2053,1.0013
1963-04-08,1.6836891174316406,3.3673782,9.293108940124512,0.0,36.0137,0.7022
1963-04-09,0.343428373336792,0.68685675,9.818329334259031,0.0,35.5433,0.7081
1963-04-10,0.0151882171630859,0.030376434,11.749769687652588,0.0,35.1467,0.6996
1963-04-11,0.2051301002502441,0.4102602,14.417391300201416,0.0,34.7655,0.7044
1963-04-12,0.0,0.0,17.452298164367676,0.0,34.3464,0.697
1963-04-13,7.298833847045898,14.597668,17.019439697265625,0.0,39.2786,2.4849
1963-04-14,22.83249568939209,45.664993,19.17023754119873,0.0,50.7303,6.1116
1963-04-15,0.1155543327331543,0.23110867,21.03046131134033,0.0,46.9033,0.6931
1963-04-16,0.1266958713531494,0.25339174,23.08082771301269,0.0,44.6303,0.6926
1963-04-17,0.0373313426971435,0.074662685,23.784518241882324,0.0,42.8652,0.6906
1963-04-18,19.89097118377685,39.781944,21.73567771911621,0.0,51.7,6.8074
1963-04-19,23.63689517974853,47.27379,20.59716987609864,0.0,52.4616,6.7205
1963-04-20,20.16177463531494,40.323547,20.33785057067871,0.0,51.977,6.6515
1963-04-21,7.723001003265381,15.446002,19.58578968048096,0.0,49.6569,2.4655
1963-04-22,29.592653274536133,59.185307,20.698351860046387,0.0,53.0112,13.0871
1963-04-23,7.16705846786499,14.334117,19.58911228179932,0.0,49.8323,3.3259
1963-04-24,21.0074462890625,42.014893,17.83748149871826,0.0,51.9545,10.4762
1963-04-25,1.492671012878418,2.985342,17.436213493347168,0.0,48.2879,0.7071
1963-04-26,0.1257359981536865,0.251472,17.60600185394287,0.0,46.6201,0.7132999999999999
1963-04-27,1.1635780334472656,2.327156,19.745970726013184,0.0,45.3941,0.7154
1963-04-28,0.357792854309082,0.7155857,21.68837833404541,0.0,44.245,0.7389
1963-04-29,0.1392574310302734,0.27851486,23.49192523956299,0.0,43.154,0.7166
1963-04-30,0.6599948406219482,1.3199897,24.2100191116333,0.0,42.1254,0.7911999999999999
1963-05-01,1.544015645980835,3.0880313,23.52636432647705,0.0,41.2217,0.7162000000000001
1963-05-02,8.539989948272705,17.079979,19.160688400268555,0.0,44.8089,3.3017
1963-05-03,1.5707831382751465,3.1415663,19.54988670349121,0.0,45.2617,1.2653
1963-05-04,9.584269523620604,19.16854,19.720616340637207,0.0,49.8288,4.7384
1963-05-05,10.532644271850586,21.065289,20.839674949646,0.0,51.3587,5.8667
1963-05-06,15.559393405914308,31.118786,22.34245491027832,0.0,49.9168,3.2242
1963-05-07,0.0,0.0,23.643839836120605,0.0,47.5406,0.713
1963-05-08,0.1758813858032226,0.35176277,25.055126190185547,0.0,46.711,1.6298
1963-05-09,0.8267807960510254,1.6535616,25.410788536071777,0.0,45.295,0.7141
1963-05-10,9.44311499595642,18.88623,22.372026443481445,0.0,48.4137,4.219
1963-05-11,0.2822468280792236,0.56449366,21.89424419403076,0.0,47.968,1.5248
1963-05-12,0.7439703941345215,1.4879408,22.145076751708984,0.0,46.2351,0.7131
1963-05-13,0.8184628486633301,1.6369257,24.3161096572876,0.0,44.9751,0.8312
1963-05-14,0.6857519149780273,1.3715038,23.687094688415527,0.0,44.1541,0.712
1963-05-15,9.897286891937256,19.794575,22.650683403015137,0.0,47.6534,3.723500000000001
1963-05-16,10.583097457885742,21.166195,22.353392601013184,0.0,48.961,2.6853
1963-05-17,2.5164968967437744,5.032994,24.66259479522705,0.0,47.4558,0.783
1963-05-18,1.970792531967163,3.941585,25.529415130615234,0.0,47.3132,1.5668
1963-05-19,2.9130682945251465,5.8261366,26.02857208251953,0.0,46.2286,0.7202000000000001
1963-05-20,0.069671630859375,0.13934326,26.672393798828125,0.0,44.664,0.7078
1963-05-21,1.0629262924194336,2.1258526,26.92534065246582,0.0,43.5088,0.7293
1963-05-22,0.0,0.0,27.26197528839112,0.0,42.0472,0.7061
1963-05-23,0.0645418167114257,0.12908363,26.96850776672364,0.0,41.5725,1.1353
1963-05-24,0.078460693359375,0.15692139,26.44786834716797,0.0,41.099,0.7039
1963-05-25,0.0428113937377929,0.08562279,26.26300811767578,0.0,43.4486,2.5483
1963-05-26,1.075620174407959,2.1512403,26.316052436828613,0.0,42.8554,0.7069
1963-05-27,9.360968828201294,18.721937,25.890389442443848,0.0,48.5631,4.716500000000001
1963-05-28,14.168302059173584,28.336605,24.921375274658203,0.0,52.1516,6.3857
1963-05-29,0.0,0.0,26.48100852966309,0.0,47.6961,0.6984
1963-05-30,0.9452180862426758,1.8904362,26.49016761779785,0.0,46.0105,0.7998999999999999
1963-05-31,32.355085372924805,64.710175,24.951602935791016,0.0,52.9961,9.6337
1963-06-01,8.9384286403656,17.876858,23.13647651672364,0.0,50.2311,3.3382
1963-06-02,26.33113479614257,52.66227,23.20039463043213,0.0,52.6301,11.0714
1963-06-03,2.577734589576721,5.155469,24.209519386291504,0.0,48.2785,0.7045
1963-06-04,0.3422586917877197,0.6845174,24.02750968933105,0.0,46.2828,0.7139
1963-06-05,0.0,0.0,25.21681880950928,0.0,44.7074,0.7089
1963-06-06,0.9845256805419922,1.9690514,25.26411247253418,0.0,43.8845,1.0038
1963-06-07,0.1859965324401855,0.37199306,24.821816444396973,0.0,42.8244,0.7085
1963-06-08,0.0246410369873046,0.049282074,24.684767723083496,0.0,41.7064,0.7078
1963-06-09,0.8671433925628662,1.7342868,23.254006385803223,0.0,40.8274,0.7069
1963-06-10,0.6563174724578857,1.312635,22.06071853637696,0.0,40.4178,0.7059
1963-06-11,7.593601942062378,15.187204,20.49639892578125,0.0,44.5146,3.1823
1963-06-12,4.230057239532471,8.4601145,20.02514362335205,0.0,45.354,1.4025
1963-06-13,5.537619113922119,11.075238,20.3217134475708,0.0,46.8944,1.9482
1963-06-14,13.567954063415527,27.135908,20.39005947113037,0.0,50.9339,4.9324
1963-06-15,22.22080039978028,44.4416,19.92488574981689,0.0,52.7609,9.9527
1963-06-16,71.21217346191406,142.42435,19.423973083496094,0.0,54.3167,44.21060000000001
1963-06-17,43.483924865722656,86.96785,20.30076313018799,0.0,51.7416,34.6109
1963-06-18,2.7349796295166016,5.4699593,23.55718231201172,0.0,48.1252,0.7409
1963-06-19,1.493483066558838,2.9869661,24.56186580657959,0.0,46.5101,1.1312
1963-06-20,2.298530578613281,4.597061,24.837100982666016,0.0,45.5357,0.7509
1963-06-21,5.387334585189819,10.77467,26.00119972229004,0.0,46.4175,2.6077
1963-06-22,3.977084875106812,7.9541698,26.15025329589844,0.0,45.5891,0.7522
1963-06-23,27.50959587097168,55.01919,24.99612522125244,0.0,52.7804,12.5582
1963-06-24,20.75333023071289,41.50666,24.73113346099853,0.0,51.7947,9.0795
1963-06-25,17.035548210144043,34.0711,24.85227108001709,0.0,50.9437,7.1598
1963-06-26,7.356994152069092,14.713988,24.935604095458984,0.0,49.1043,2.552
1963-06-27,3.9897727966308594,7.9795456,25.7726469039917,0.0,47.4532,0.7807000000000001
1963-06-28,27.1277494430542,54.2555,23.666438102722168,0.0,52.6379,14.3734
1963-06-29,2.887294054031372,5.774588,24.072139739990234,0.0,48.3225,0.784
1963-06-30,2.794899344444275,5.589799,25.059138298034668,0.0,47.3208,1.968
1963-07-01,23.60390853881836,47.207817,23.08023357391357,0.0,52.0655,10.3009
1963-07-02,9.958141565322876,19.916283,23.794188499450684,0.0,49.9568,4.0337
1963-07-03,0.8609890937805176,1.7219782,25.71673393249512,0.0,47.3977,0.8019
1963-07-04,0.8394773006439209,1.6789546,26.763373374938965,0.0,45.7686,0.8618
1963-07-05,4.333872199058533,8.667745,25.836209297180176,0.0,45.2621,0.8062
1963-07-06,6.451706647872925,12.903414,25.89613437652588,0.0,46.9076,3.1596
1963-07-07,0.0,0.0,26.925506591796875,0.0,45.3249,0.8064
1963-07-08,1.3315811157226562,2.6631622,26.699606895446777,0.0,44.3564,1.0742
1963-07-09,2.1058322191238403,4.211664,26.48186016082764,0.0,43.5937,0.805
1963-07-10,4.440100312232971,8.8802,25.948006629943848,0.0,44.8028,2.3886000000000003
1963-07-11,2.9058917760849,5.811784,25.882224082946777,0.0,44.0794,0.8028
1963-07-12,0.2351679801940918,0.47033596,27.1771183013916,0.0,42.8516,0.8065
1963-07-13,2.0197142362594604,4.0394287,27.08944034576416,0.0,42.0716,0.8004
1963-07-14,0.0,0.0,26.442057609558105,0.0,40.7451,0.7991
1963-07-15,0.0247803330421447,0.049560666,27.03180313110352,0.0,39.6008,0.7978
1963-07-16,0.990381956100464,1.9807639,26.22403812408448,0.0,38.611,0.8278
1963-07-17,21.905890464782715,43.811783,24.29889965057373,0.0,50.2155,6.9898
1963-07-18,64.63199615478516,129.26399,22.35052394866944,0.0,55.1347,29.057
1963-07-19,17.944533348083496,35.88907,22.589234352111816,0.0,51.3454,10.2407
1963-07-20,1.4554767608642578,2.9109535,25.01382732391357,0.0,47.988,0.8124
1963-07-21,0.235321044921875,0.4706421,26.015342712402344,0.0,46.1268,0.8178
1963-07-22,1.629948616027832,3.2598972,26.07986068725586,0.0,44.9542,0.8197
1963-07-23,0.6839647889137268,1.3679296,26.315667152404785,0.0,43.8018,0.8812
1963-07-24,0.1880046129226684,0.37600923,26.5880708694458,0.0,42.7677,0.8198
1963-07-25,0.2612950801849365,0.52259016,27.02845668792725,0.0,41.6378,0.8191
1963-07-26,0.327399730682373,0.65479946,27.051941871643063,0.0,40.6402,0.818
1963-07-27,2.870011329650879,5.7400227,27.52301979064941,0.0,40.7147,1.4655
1963-07-28,6.0049920082092285,12.009984,26.35531711578369,0.0,40.569,0.8170999999999999
1963-07-29,10.960281372070312,21.920563,23.99092102050781,0.0,45.3278,4.0333000000000006
1963-07-30,2.7389594316482544,5.4779186,23.04279518127441,0.0,44.6621,0.8130999999999999
1963-07-31,1.392460823059082,2.7849216,24.26996803283692,0.0,43.77,1.0152
1963-08-01,1.91745126247406,3.8349025,24.70514488220215,0.0,42.9758,0.9199
1963-08-02,0.3344883918762207,0.6689768,25.593754768371586,0.0,41.8076,0.8089
1963-08-03,0.2278252840042114,0.45565057,25.564910888671875,0.0,40.8016,0.8076
1963-08-04,0.4495924711227417,0.89918494,26.072319984436035,0.0,39.9162,0.8470000000000001
1963-08-05,3.579234957695008,7.15847,25.947341918945312,0.0,40.0711,1.0593
1963-08-06,7.504652976989746,15.009306,23.382061004638672,0.0,43.5913,2.7252
1963-08-07,8.102622985839844,16.205246,21.921777725219727,0.0,45.5181,1.9491
1963-08-08,5.245415806770325,10.490831,24.03397750854492,0.0,46.1207,1.4465
1963-08-09,4.599983215332031,9.199966,24.041847229003903,0.0,45.2785,0.799
1963-08-10,5.908979177474976,11.817959,24.477182388305664,0.0,47.2958,2.6808
1963-08-11,1.658473253250122,3.3169465,25.64671230316162,0.0,45.7287,0.7963
1963-08-12,0.4996967315673828,0.99939346,27.005693435668945,0.0,44.0575,0.8058000000000001
1963-08-13,3.832136034965515,7.6642723,26.985230445861816,0.0,43.4341,0.7936
1963-08-14,2.704913377761841,5.4098268,26.98872661590576,0.0,43.276,1.4949
1963-08-15,2.2827800512313843,4.5655603,27.31764507293701,0.0,42.0811,0.7909
1963-08-16,4.666202425956726,9.332405,26.734320640563965,0.0,42.88,1.9126
1963-08-17,2.023541808128357,4.047084,26.89905548095703,0.0,41.6743,0.7881
1963-08-18,6.317040920257568,12.634082,25.8890380859375,0.0,43.9627,2.5341
1963-08-19,0.4806280136108398,0.961256,26.854381561279297,0.0,42.1467,0.7853
1963-08-20,1.0427820682525637,2.0855641,27.3416166305542,0.0,40.5952,0.8995000000000001
1963-08-21,4.455943584442139,8.911887,27.19074249267578,0.0,40.1239,0.7825
1963-08-22,0.1824705600738525,0.36494112,26.54686546325684,0.0,38.9265,0.7811
1963-08-23,0.1090863943099975,0.21817279,26.745176315307617,0.0,37.91,0.7797
1963-08-24,3.347762107849121,6.695524,26.84434509277344,0.0,38.8381,1.4444
1963-08-25,7.83862829208374,15.677257,25.38579273223877,0.0,39.6363,1.1575
1963-08-26,5.391297817230225,10.782596,24.53140640258789,0.0,39.9264,0.9425
1963-08-27,1.251516342163086,2.5030327,26.032755851745605,0.0,39.1665,0.774
1963-08-28,0.0023266077041625,0.0046532154,26.74228572845459,0.0,38.2065,0.7726
1963-08-29,0.0925788879394531,0.18515778,27.230043411254883,0.0,37.429,0.7711
1963-08-30,0.1922593116760254,0.38451862,27.67717933654785,0.0,36.6475,0.7697
1963-08-31,0.2776477336883545,0.55529547,27.83967876434326,0.0,36.0188,0.7683
1963-09-01,0.1416232585906982,0.28324652,28.46948528289795,0.0,35.4302,0.7706000000000001
1963-09-02,6.61992073059082,13.239841,27.440505027771,0.0,36.0953,1.0339
1963-09-03,2.3021440505981445,4.604288,26.71538257598877,0.0,35.9651,0.8174
1963-09-04,0.3486135005950928,0.697227,27.457602500915527,0.0,35.3992,0.7626
1963-09-05,0.6950013637542725,1.3900027,26.773910522460938,0.0,35.0801,0.7735
1963-09-06,0.0,0.0,27.525379180908203,0.0,34.7789,0.7597
1963-09-07,1.547459840774536,3.0949197,25.830525398254395,0.0,35.1918,0.957
1963-09-08,0.122489333152771,0.24497867,25.078857421875,0.0,34.6994,0.7568
1963-09-09,1.5799298286437988,3.1598597,25.646931648254395,0.0,35.2491,1.0182
1963-09-10,0.0,0.0,25.824806213378903,0.0,34.6173,0.754
1963-09-11,1.2152478694915771,2.4304957,25.45903968811035,0.0,35.3961,1.0568
1963-09-12,14.893287658691406,29.786575,23.78917407989502,0.0,44.0273,3.7866
1963-09-13,42.88355445861816,85.767105,22.935102462768555,0.0,54.612,13.5362
1963-09-14,6.488419055938721,12.976838,24.246384620666504,0.0,49.7516,2.1022
1963-09-15,3.3387911319732666,6.6775823,24.85966396331787,0.0,47.6983,0.7479
1963-09-16,2.166300415992737,4.3326006,25.29030418395996,0.0,46.9454,1.352
1963-09-17,1.1913832426071167,2.3827665,25.377434730529785,0.0,45.7902,0.7485999999999999
1963-09-18,0.3481184244155884,0.69623685,25.69043636322021,0.0,44.5102,0.7468
1963-09-19,5.91159462928772,11.823189,26.235769271850582,0.0,43.9435,0.7552
1963-09-20,12.501642227172852,25.003284,25.710840225219727,0.0,49.5473,5.0649
1963-09-21,8.97012996673584,17.94026,25.44930934906006,0.0,49.2839,2.2277
1963-09-22,11.209267139434814,22.418533,24.55711555480957,0.0,50.317,3.6467
1963-09-23,1.926987886428833,3.8539758,23.76881122589112,0.0,47.7075,0.7415
1963-09-24,1.879749774932861,3.7594995,23.351581573486328,0.0,46.7158,1.2833
1963-09-25,1.2062492370605469,2.4124985,20.288652420043945,0.0,45.6913,0.7407
1963-09-26,0.0,0.0,20.75299644470215,0.0,44.4294,0.7401
1963-09-27,0.2731362283229828,0.54627246,21.33585262298584,0.0,43.4213,0.7414
1963-09-28,0.0379921197891235,0.07598424,22.628432273864743,0.0,42.512,0.7383
1963-09-29,0.1357671022415161,0.2715342,22.394455909729004,0.0,41.6622,0.7372
1963-09-30,0.4539601802825928,0.90792036,23.540841102600098,0.0,40.8193,0.7361
1963-10-01,8.972204685211182,17.944408,21.76724529266357,0.0,45.378,3.2984
1963-10-02,0.2704911231994629,0.54098225,20.53011417388916,0.0,44.3962,0.7337
1963-10-03,0.0425513088703155,0.08510262,21.71076202392578,0.0,43.2831,0.7325
1963-10-04,0.971907377243042,1.9438148,22.66390991210937,0.0,42.2508,0.7313
1963-10-05,1.4921737313270569,2.9843473,19.58597469329834,0.0,41.8489,0.821
1963-10-06,3.348235845565796,6.6964717,18.513622283935547,0.0,42.6362,1.3389
1963-10-07,0.1640990972518921,0.3281982,18.015878677368164,0.0,41.5766,0.7277
1963-10-08,0.1047835350036621,0.20956707,17.907901763916016,0.0,40.4278,0.7273
1963-10-09,0.1757310628890991,0.35146213,20.09476947784424,0.0,39.5916,0.7252
1963-10-10,0.0,0.0,20.081876754760746,0.0,38.5476,0.7237
1963-10-11,0.0883554816246032,0.17671096,19.29090690612793,0.0,37.796,0.7237
1963-10-12,0.1739637851715088,0.34792757,19.13649559020996,0.0,37.2265,0.7211
1963-10-13,0.1575666666030883,0.31513333,20.38864517211914,0.0,36.7746,0.7215
1963-10-14,0.1735424995422363,0.347085,22.01805210113525,0.0,36.3618,0.7185
1963-10-15,0.0258734226226806,0.051746845,22.772135734558105,0.0,35.9292,0.7172
1963-10-16,2.505981087684632,5.011962,19.05953788757324,0.0,37.0624,1.2261
1963-10-17,0.5328574776649475,1.065715,17.45995044708252,0.0,36.6859,0.7145
1963-10-18,0.0193121433258056,0.038624287,13.145490646362305,0.0,36.2617,0.7132
1963-10-19,0.0653566122055053,0.13071322,11.715944290161133,0.0,35.87,0.7119
1963-10-20,0.0012151002883911,0.0024302006,11.957611083984377,0.0,35.4604,0.7106
1963-10-21,0.0181041657924652,0.03620833,12.28582000732422,0.0,35.1088,0.7092
1963-10-22,0.2019120454788208,0.4038241,13.33084487915039,0.0,34.8711,0.7092999999999999
1963-10-23,0.1301534175872802,0.26030684,15.229890823364258,0.0,34.6614,0.7066
1963-10-24,0.1397384405136108,0.27947688,14.6362624168396,0.0,34.4763,0.7065
1963-10-25,0.4243283271789551,0.84865665,16.386869430541992,0.0,34.3077,0.7039
1963-10-26,0.0016443729400634,0.0032887459,17.486424446105957,0.0,34.1074,0.7026
1963-10-27,0.0349888801574707,0.06997776,16.615440368652344,0.0,33.9752,0.7018
1963-10-28,0.2255893945693969,0.4511788,17.608123779296875,0.0,33.8721,0.7
1963-10-29,0.3537806272506714,0.70756125,17.7142915725708,0.0,33.7624,0.7031
1963-10-30,0.045711476355791,0.09142295,15.50412893295288,0.0,33.6218,0.6974
1963-10-31,0.0,0.0,15.537286758422852,0.0,33.462,0.696
1963-11-01,0.0,0.0,15.746330261230469,0.0,33.3121,0.6947
1963-11-02,0.2674936652183532,0.53498733,15.281153202056885,0.0,33.1942,0.6958
1963-11-03,0.0280606150627136,0.05612123,15.9739408493042,0.0,33.0738,0.6921
1963-11-04,0.0102064609527587,0.020412922,17.269145965576172,0.0,32.9295,0.6908
1963-11-05,0.0,0.0,18.451478958129883,0.0,32.8115,0.6895
1963-11-06,0.1030152738094329,0.20603055,19.498523712158203,0.0,32.7018,0.6882
1963-11-07,0.1018637418746948,0.20372748,19.89457321166992,0.0,32.5738,0.6869
1963-11-08,2.372604012489319,4.745208,18.961745262146,0.0,33.6139,1.0075
1963-11-09,0.8922386169433594,1.7844772,17.053288459777832,0.0,33.526,0.6843
1963-11-10,0.9160122275352478,1.8320245,15.87498378753662,0.0,33.7658,0.7924
1963-11-11,0.2824799418449402,0.5649599,16.338540077209473,0.0,33.6594,0.6818
1963-11-12,7.301844358444214,14.603689,17.22896099090576,0.0,39.0558,2.4075
1963-11-13,25.14597225189209,50.291946,16.519329071044922,0.0,52.9773,7.2508
1963-11-14,15.676098823547363,31.352198,17.022123336791992,0.0,52.3078,5.4928
1963-11-15,7.0339436531066895,14.067887,17.795814514160156,0.0,49.8748,2.1477
1963-11-16,0.1688258647918701,0.33765173,16.955806732177734,0.0,47.6015,0.6755
1963-11-17,20.933462142944336,41.866924,14.804011344909668,0.0,52.7927,8.672
1963-11-18,1.9277488589286804,3.8554978,16.268174171447754,0.0,48.6285,0.8338
1963-11-19,7.651815414428711,15.303631,16.647375106811523,0.0,49.506,3.0696
1963-11-20,0.491646409034729,0.9832928,14.392619609832764,0.0,47.4568,0.6732
1963-11-21,0.0909353941679,0.18187079,13.304859638214111,0.0,46.2538,0.6731
1963-11-22,0.2041437029838562,0.4082874,12.448782444000244,0.0,45.3762,0.673
1963-11-23,0.2776905298233032,0.55538106,13.272464752197266,0.0,44.652,0.6765
1963-11-24,0.8769199550151825,1.75384,13.604543209075928,0.0,44.2926,0.6721
1963-11-25,0.3079122602939605,0.6158245,12.80992031097412,0.0,43.7802,0.7015
1963-11-26,0.0115590095520019,0.02311802,9.75941514968872,0.0,43.3142,0.6707
1963-11-27,0.0090836286544799,0.018167257,8.8815336227417,0.0,42.8874,0.6699
1963-11-28,0.1875470876693725,0.37509418,8.816654682159424,0.0,42.4602,0.6691
1963-11-29,0.0218375325202941,0.043675065,11.73488998413086,0.0,42.048,0.6681
1963-11-30,0.1079834103584289,0.21596682,12.626180171966553,0.0,41.7978,0.6672
1963-12-01,3.065717935562134,6.131436,10.516740322113035,0.0,43.2227,1.5549
1963-12-02,1.9611953496932983,3.9223907,10.577553272247314,0.0,43.4023,0.8512
1963-12-03,1.246890127658844,2.4937801,9.175593852996826,0.0,43.2817,0.6832
1963-12-04,0.0038139224052429,0.007627845,7.710361957550049,0.0,42.9159,0.6632
1963-12-05,0.2360531091690063,0.47210622,6.576092004776001,0.0,42.5803,0.667
1963-12-06,0.1206491589546203,0.24129832,8.341620445251465,0.0,42.1719,0.6611
1963-12-07,0.004059225320816,0.008118451,12.438030242919922,0.0,41.7272,0.66
1963-12-08,0.1435573697090149,0.28711474,11.999650955200195,0.0,41.2481,0.659
1963-12-09,0.107424110174179,0.21484822,12.570204734802246,0.0,40.9664,0.6594000000000001
1963-12-10,2.14643132686615,4.292863,11.294650077819824,0.0,41.9224,1.2422
1963-12-11,1.1288570165634155,2.257714,8.298640251159668,0.0,41.8348,0.6570999999999999
1963-12-12,0.1475495100021362,0.29509902,6.385781764984131,0.0,41.5567,0.6587
1963-12-13,0.0967060327529907,0.19341207,6.659470319747925,0.0,41.3132,0.6572
1963-12-14,0.0214858353137969,0.04297167,12.09568452835083,0.0,41.0362,0.6522
1963-12-15,0.9267538189888,1.8535076,13.45030117034912,0.0,41.3263,0.887
1963-12-16,1.4111692309379578,2.8223386,14.870690822601318,0.0,41.172,0.654
1963-12-17,0.0934477001428604,0.1868954,12.679569244384766,0.0,40.8073,0.6488
1963-12-18,0.0,0.0,10.372036933898926,0.0,40.4158,0.6477
1963-12-19,0.0954087376594543,0.19081748,7.963164806365967,0.0,40.1006,0.6471
1963-12-20,0.1273065507411956,0.2546131,6.100076198577881,0.0,39.8342,0.649
1963-12-21,0.2152020931243896,0.4304042,5.4459991455078125,0.0,39.6026,0.6518
1963-12-22,0.1340601444244384,0.2681203,5.669031381607056,0.0,39.3442,0.648
1963-12-23,0.1963787227869033,0.39275745,7.299930810928345,0.0,39.1025,0.6489
1963-12-24,0.6001942455768585,1.2003884,9.026808261871338,0.0,38.862,0.6418
1963-12-25,6.950509309768677,13.901018,8.994502544403076,0.0,42.6714,2.3224
1963-12-26,0.3580564260482788,0.71611285,6.36302375793457,0.0,42.3936,0.6384
1963-12-27,0.1145516633987426,0.22910333,4.337402582168579,0.0,42.1245,0.651
1963-12-28,0.1545885801315307,0.30917716,4.348134279251099,0.0,41.8605,0.6485
1963-12-29,0.121472418308258,0.24294484,5.146553754806519,0.0,41.5827,0.6455000000000001
1963-12-30,0.1583777070045471,0.3167554,6.72094202041626,0.0,41.3024,0.6358
1963-12-31,2.1350280046463013,4.270056,10.556743144989014,0.0,42.0314,1.1006
1964-01-01,13.450781345367432,26.901562,11.018195629119871,0.0,49.7057,4.644
1964-01-02,5.27106499671936,10.5421295,8.896097660064697,0.0,49.497,2.0858
1964-01-03,1.1723353862762451,2.3446708,7.967557907104492,0.0,47.7571,0.7122999999999999
1964-01-04,0.6059017181396484,1.2118034,8.723607540130615,0.0,46.7426,0.6302
1964-01-05,2.007007420063019,4.0140147,10.623374938964844,0.0,46.8637,1.2029
1964-01-06,0.0754145979881286,0.1508292,12.45056676864624,0.0,45.986,0.6261
1964-01-07,0.2578235864639282,0.5156472,14.236763954162598,0.0,45.2294,0.6338
1964-01-08,0.2238633632659912,0.44772673,12.567383289337158,0.0,44.6298,0.6242
1964-01-09,0.1189544200897216,0.23790884,12.771200180053713,0.0,44.1616,0.6245999999999999
1964-01-10,0.1896525919437408,0.37930518,11.856950283050535,0.0,43.807,0.6222
1964-01-11,0.0,0.0,14.261830806732178,0.0,43.2495,0.6212
1964-01-12,0.0361740589141845,0.07234812,17.2365779876709,0.0,42.6708,0.6201
1964-01-13,26.37425804138184,52.748516,14.52395725250244,0.0,53.3541,9.8316
1964-01-14,4.7050940990448,9.410189,10.156923294067385,0.0,49.5523,1.8443
1964-01-15,5.710137844085693,11.420276,10.089481353759766,0.0,49.4767,2.5169
1964-01-16,8.427074432373047,16.854149,10.581668853759766,0.0,50.159,3.6038
1964-01-17,0.6214446425437927,1.2428893,6.440698146820068,0.0,47.8602,0.6189
1964-01-18,0.0,0.0,4.615649700164795,0.0,46.6874,0.6196
1964-01-19,0.0,0.0,2.83157730102539,0.0,45.8688,0.6199
1964-01-20,0.1212057471275329,0.2424115,4.239495873451233,0.0,45.2996,0.6421
1964-01-21,7.849669933319092,15.69934,7.572789669036865,0.0,48.632,3.6206
1964-01-22,29.90196990966797,59.80394,10.185203552246094,0.0,53.3077,14.0353
1964-01-23,26.984209060668945,53.96842,7.746317625045776,0.0,52.4917,14.6785
1964-01-24,3.349194049835205,6.698388,4.494770288467407,0.0,49.0045,1.8627
1964-01-25,0.2332218885421753,0.46644378,4.757419586181641,0.0,47.3939,0.6903
1964-01-26,9.052785873413086,18.105572,4.281570911407471,0.0,49.7105,4.858700000000001
1964-01-27,23.79763126373291,47.59526,5.880102157592773,0.0,52.4146,12.7481
1964-01-28,0.2866820096969604,0.573364,4.573773622512817,0.0,48.4237,0.6614
1964-01-29,2.811898350715637,5.6237965,3.965744018554688,0.0,48.0783,1.9817
1964-01-30,0.5160874724388123,1.032175,4.962945461273193,0.0,46.8881,0.6729
1964-01-31,0.1884162425994873,0.3768325,5.237783193588257,0.0,46.0226,0.6839999999999999
1964-02-01,1.0700769424438477,2.140154,6.095231294631958,0.0,45.4715,0.7488
1964-02-02,0.4016413688659668,0.80328274,4.776812314987183,0.0,45.0262,0.7012
1964-02-03,0.3642677068710327,0.7285354,5.5167622566223145,0.0,44.6212,0.6789
1964-02-04,0.081708550453186,0.1634171,7.37570333480835,0.0,44.1777,0.6799000000000001
1964-02-05,0.0730392932891845,0.14607859,9.329728603363035,0.0,43.7503,0.6792
1964-02-06,0.9078065156936646,1.815613,12.76377820968628,0.0,43.588,0.9415
1964-02-07,0.0,0.0,14.78907871246338,0.0,42.9506,0.6785
1964-02-08,1.469310283660889,2.9386206,16.400492668151855,0.0,42.971,1.1068
1964-02-09,3.7054603099823,7.4109206,13.63766384124756,0.0,42.813,0.6969000000000001
1964-02-10,0.7848230600357056,1.5696461,10.929939270019531,0.0,42.7472,0.8543000000000001
1964-02-11,2.047514319419861,4.095029,8.350271701812744,0.0,42.8359,0.8101
1964-02-12,2.7057279348373413,5.411456,5.703319311141968,0.0,43.7303,1.3015
1964-02-13,2.3050615787506104,4.610123,6.412009716033936,0.0,43.924,0.906
1964-02-14,0.0,0.0,9.716054916381836,0.0,43.4543,0.6726
1964-02-15,1.154215693473816,2.3084314,12.324847221374512,0.0,43.4424,0.983
1964-02-16,0.0,0.0,14.334837913513184,0.0,42.7944,0.6706
1964-02-17,20.051030158996586,40.10206,7.0641188621521,0.0,51.9195,8.2898
1964-02-18,0.0,0.0,6.457502841949463,0.0,48.2616,0.6687
1964-02-19,12.934873580932615,25.869747,5.769060134887695,0.0,51.249,6.0417
1964-02-20,9.511557579040527,19.023115,3.9491493701934814,0.0,50.5141,4.3829
1964-02-21,6.718055725097656,13.436111,1.7712624073028564,0.0626,49.8783,3.5781
1964-02-22,15.105045318603516,30.21009,1.191260814666748,1.2459,51.1497,7.1906
1964-02-23,22.27994537353516,44.55989,2.1692068576812744,1.8121,52.1943,12.5606
1964-02-24,11.410645484924316,22.821291,1.175910711288452,2.6631,50.4995,6.2644
1964-02-25,1.58821702003479,3.176434,0.4056935310363769,2.9844,48.2955,1.1913
1964-02-26,0.6774234771728516,1.354847,1.1218912601470947,2.9304,47.3027,1.0015
1964-02-27,0.0,0.0,4.476858139038086,1.8246,46.9681,1.5166
1964-02-28,0.9627138376235962,1.9254277,4.834374666213989,0.0148,46.866,1.8927
1964-02-29,0.685021698474884,1.3700434,8.166352272033691,0.0,45.8389,0.7254
1964-03-01,0.4073295593261719,0.8146591,11.498330116271973,0.0,44.9609,0.7474999999999999
1964-03-02,5.360182762145996,10.720366,11.759854316711426,0.0,45.8409,1.7109
1964-03-03,11.491644859313965,22.98329,12.374961853027344,0.0,49.506,4.7324
1964-03-04,1.37648606300354,2.7529721,13.09401273727417,0.0,47.5504,0.7142
1964-03-05,13.82610273361206,27.652206,12.286516666412354,0.0,51.0569,6.7864
1964-03-06,7.331326007843018,14.662652,13.952917575836182,0.0,49.4291,2.7007
1964-03-07,2.330391049385071,4.660782,11.457978248596191,0.0,47.6483,0.7532
1964-03-08,0.8218965530395508,1.6437931,9.64601993560791,0.0,46.5709,0.7702
1964-03-09,0.1027534008026123,0.2055068,10.053361415863035,0.0,45.6142,0.7228
1964-03-10,0.073538064956665,0.14707613,11.23324489593506,0.0,44.7835,0.7236
1964-03-11,0.1383593082427978,0.27671862,12.230514526367188,0.0,44.0297,0.7432
1964-03-12,0.2933285236358642,0.58665705,13.622057914733888,0.0,43.2947,0.7235
1964-03-13,0.7924952507019043,1.5849905,13.790630340576172,0.0,42.8048,0.8619
1964-03-14,14.58913803100586,29.178276,11.63548469543457,0.0,49.1762,5.5696
1964-03-15,0.0267045497894287,0.0534091,13.344398975372314,0.0,47.096,0.7214
1964-03-16,0.3417541980743408,0.6835084,14.209885597229004,0.0,45.7289,0.7324
1964-03-17,0.3686130046844482,0.737226,15.726442337036133,0.0,44.7139,0.7199
1964-03-18,0.5483517646789551,1.0967035,15.65782642364502,0.0,44.071,0.7872
1964-03-19,0.4496798515319824,0.8993597,17.16765022277832,0.0,43.36,0.718
1964-03-20,4.003804683685303,8.007609,15.13109302520752,0.0,45.0237,2.0962
1964-03-21,0.1676900386810302,0.33538008,13.544114589691162,0.0,44.2335,0.7159
1964-03-22,0.9826037883758544,1.9652076,11.904548168182371,0.0,44.1448,0.9574
1964-03-23,5.913082122802734,11.826164,9.322036743164062,0.0,46.3645,2.2176
1964-03-24,9.804851531982422,19.609703,9.38321828842163,0.0,49.5782,3.7055
1964-03-25,0.1755609512329101,0.3511219,9.424143314361572,0.0,47.4755,0.7115
1964-03-26,0.0091068744659423,0.018213749,10.342669486999512,0.0,46.1467,0.7106
1964-03-27,0.0820684432983398,0.16413689,11.223909854888916,0.0,45.1545,0.7097
1964-03-28,0.3686671257019043,0.73733425,12.365143299102783,0.0,44.5662,0.7595
1964-03-29,2.114579439163208,4.229159,12.624265193939207,0.0,44.5078,0.8284
1964-03-30,16.73171901702881,33.46344,13.934794902801514,0.0,51.3615,6.4846
1964-03-31,0.5339157581329346,1.0678315,17.889135360717773,0.0,47.9734,0.7059
1964-04-01,2.71988844871521,5.439777,18.40908527374268,0.0,47.3249,1.4479000000000002
1964-04-02,0.0,0.0,19.93561553955078,0.0,45.708,0.7047
1964-04-03,0.1308684349060058,0.26173687,21.437498092651367,0.0,44.4287,0.7047
1964-04-04,0.409414529800415,0.81882906,22.860264778137207,0.0,43.3015,0.703
1964-04-05,0.6492123603820801,1.2984247,24.61571502685547,0.0,42.3801,0.8317
1964-04-06,7.095689296722412,14.191379,21.585928916931152,0.0,42.8446,1.0247
1964-04-07,1.8263441324234009,3.6526883,15.707544803619385,0.0,42.72,0.7912
1964-04-08,1.7002007961273191,3.4004016,14.780131340026855,0.0,42.9076,1.0376
1964-04-09,3.670277118682861,7.340554,15.819350242614746,0.0,43.7567,1.2218
1964-04-10,16.34012222290039,32.680244,16.722187995910645,0.0,51.0907,5.821700000000001
1964-04-11,9.611083984375,19.222168,19.34488677978516,0.0,50.2817,3.1269
1964-04-12,2.4979279041290283,4.995856,20.06413173675537,0.0,47.868,0.695
1964-04-13,0.345344066619873,0.69068813,20.702720642089844,0.0,46.229,0.7143
1964-04-14,0.0,0.0,21.992996215820312,0.0,44.7839,0.694
1964-04-15,0.0989750623703002,0.19795012,21.95587921142578,0.0,43.5651,0.6934
1964-04-16,0.1146948337554931,0.22938967,22.407760620117188,0.0,42.3065,0.6924
1964-04-17,0.038062572479248,0.076125145,22.83894729614257,0.0,40.9445,0.6914
1964-04-18,0.0,0.0,23.850590705871586,0.0,39.6169,0.6903
1964-04-19,0.2933278083801269,0.5866556,24.0524959564209,0.0,38.6733,0.6979000000000001
1964-04-20,2.1304941177368164,4.260988,23.78404331207276,0.0,38.1062,0.688
1964-04-21,0.3830139636993408,0.7660279,24.5586166381836,0.0,37.3113,0.7292
1964-04-22,6.188443183898926,12.376886,24.438480377197266,0.0,37.1561,0.6900999999999999
1964-04-23,21.19113063812256,42.382263,21.30203056335449,0.0,49.8207,7.0388
1964-04-24,7.234209775924683,14.46842,21.750770568847656,0.0,48.4986,1.4207
1964-04-25,26.10134220123291,52.202682,22.534558296203613,0.0,53.0325,8.9052
1964-04-26,8.755107402801514,17.510216,19.91250896453857,0.0,49.9439,2.6192
1964-04-27,5.689735889434815,11.379472,16.72454833984375,0.0,49.0868,2.0897
1964-04-28,5.888322591781616,11.776646,17.26727867126465,0.0,48.5344,1.7816
1964-04-29,0.48274827003479,0.96549654,16.637646675109863,0.0,47.0116,0.6848
1964-04-30,1.4516011476516724,2.9032023,16.792387008666992,0.0,46.4916,1.1498
1964-05-01,0.3578114509582519,0.7156229,17.476015090942383,0.0,45.5021,0.686
1964-05-02,0.0,0.0,18.2297887802124,0.0,44.2237,0.6849
1964-05-03,1.2584514617919922,2.516903,20.599374771118164,0.0,43.6099,0.9576
1964-05-04,17.03929090499878,34.078583,18.62281322479248,0.0,50.8469,6.091200000000001
1964-05-05,19.25771427154541,38.515427,18.31966781616211,0.0,52.1005,7.5072
1964-05-06,0.7913858890533447,1.5827718,19.78237628936768,0.0,48.156,0.6838
1964-05-07,1.3549952507019043,2.7099905,21.168621063232425,0.0,46.6871,1.0277
1964-05-08,0.2415878772735595,0.48317575,22.62644100189209,0.0,45.2939,0.6854
1964-05-09,0.9549455642700196,1.9098911,24.2568302154541,0.0,44.2493,0.8764000000000001
1964-05-10,13.352741241455078,26.705482,22.39339637756348,0.0,48.7258,4.0779
1964-05-11,11.225371837615969,22.450745,17.149712562561035,0.0,50.2494,3.9301
1964-05-12,0.7825624942779541,1.565125,17.10307216644287,0.0,47.4841,0.6843
1964-05-13,0.3695642948150635,0.7391286,17.186079025268555,0.0,45.8154,0.6891
1964-05-14,1.3752408027648926,2.7504816,17.615300178527832,0.0,45.0971,0.684
1964-05-15,0.1460809707641601,0.29216194,19.528038024902344,0.0,44.2682,0.6839
1964-05-16,0.0,0.0,22.3867301940918,0.0,43.2226,0.6829
1964-05-17,0.2166574001312255,0.4333148,25.135621070861816,0.0,42.024,0.6821
1964-05-18,0.6290225982666016,1.2580452,25.07473373413086,0.0,41.0238,0.6811
1964-05-19,11.00643277168274,22.012865,24.63029193878174,0.0,46.4219,4.0301
1964-05-20,5.739097595214844,11.478195,23.335899353027344,0.0,47.0471,1.5152
1964-05-21,1.5587525367736816,3.117505,23.64343547821045,0.0,45.7693,0.678
1964-05-22,0.2158825397491455,0.43176508,23.609850883483887,0.0,44.4009,0.677
1964-05-23,0.0706923007965087,0.1413846,23.94211769104004,0.0,43.0086,0.676
1964-05-24,2.432769060134888,4.865538,25.430413246154785,0.0,42.626,1.2332
1964-05-25,20.28849029541016,40.57698,21.98448181152344,0.0,50.9643,5.899
1964-05-26,4.076082468032837,8.152164,21.191637992858887,0.0,48.0829,0.7076
1964-05-27,0.512749195098877,1.0254984,23.549447059631348,0.0,46.0536,0.6847000000000001
1964-05-28,5.967813968658447,11.935628,23.75617218017578,0.0,47.5074,2.3853
1964-05-29,35.34796714782715,70.69594,21.685449600219727,0.0,53.979,14.6026
1964-05-30,17.52721929550171,35.05444,21.40029621124268,0.0,51.6144,7.4888
1964-05-31,7.064173460006714,14.128347,23.083516120910645,0.0,49.3649,2.4335
1964-06-01,10.688339710235596,21.376678,23.40789604187012,0.0,49.7293,3.7759
1964-06-02,30.32334423065185,60.64669,22.669227600097656,0.0,52.8334,14.5259
1964-06-03,0.5263711214065552,1.0527422,21.55396270751953,0.0,48.1976,0.6923
1964-06-04,2.5139319896698,5.027864,18.541051864624023,0.0,47.2781,1.7245
1964-06-05,0.0,0.0,19.55519962310791,0.0,45.4924,0.7004
1964-06-06,0.4986472129821777,0.9972944,20.734347343444824,0.0,44.1601,0.7259
1964-06-07,0.1798458099365234,0.35969162,21.56188201904297,0.0,43.0419,0.7011
1964-06-08,0.1297874450683593,0.2595749,24.145057678222656,0.0,41.9905,0.7005
1964-06-09,11.644001007080078,23.288002,23.57013988494873,0.0,47.228,4.4963
1964-06-10,13.414981365203856,26.829964,24.15886878967285,0.0,49.6595,3.7714
1964-06-11,16.391745567321777,32.783493,24.19810199737549,0.0,51.0147,5.2693
1964-06-12,29.152442932128903,58.304886,22.17626476287841,0.0,52.8414,13.0576
1964-06-13,29.694942474365234,59.389885,21.555245399475098,0.0,52.3942,15.2363
1964-06-14,39.864309310913086,79.72862,20.581616401672363,0.0,52.7995,26.53
1964-06-15,61.66299819946289,123.326,19.49234867095948,0.0,52.4604,49.1603
1964-06-16,7.057269334793091,14.114538,22.21967887878418,0.0,49.0367,2.1956
1964-06-17,11.078200578689575,22.1564,21.840118408203125,0.0,49.9498,5.0874
1964-06-18,6.100882053375244,12.201764,22.65729522705078,0.0,48.822,2.3419
1964-06-19,4.978427171707153,9.956854,23.53703022003174,0.0,47.5991,1.1002999999999998
1964-06-20,21.427739143371586,42.855476,23.6421012878418,0.0,51.5646,8.9477
1964-06-21,23.483537673950195,46.967075,21.855956077575684,0.0,51.9693,11.4889
1964-06-22,55.695011138916016,111.39002,19.37665367126465,0.0,53.1805,42.025
1964-06-23,1.659454107284546,3.3189082,21.300514221191406,0.0,48.4308,0.8175
1964-06-24,0.5310251712799072,1.0620503,24.16511821746826,0.0,46.5541,0.9139
1964-06-25,0.1803765296936035,0.36075306,24.59418487548828,0.0,45.2598,0.8298
1964-06-26,0.0785202980041503,0.1570406,25.265049934387207,0.0,44.0803,0.8307
1964-06-27,0.2831358909606933,0.5662718,26.18879222869873,0.0,43.1031,0.8305
1964-06-28,1.3170613050460815,2.6341226,25.679914474487305,0.0,42.5427,1.1328
1964-06-29,5.691796541213989,11.383593,26.18858242034912,0.0,42.8069,1.0702
1964-06-30,0.3290057182312011,0.65801144,26.87404441833496,0.0,41.7737,0.8278
1964-07-01,0.1488888263702392,0.29777765,27.01480197906494,0.0,40.5904,0.8265
1964-07-02,0.2440652847290039,0.48813057,26.47673797607422,0.0,39.5548,0.8263999999999999
1964-07-03,0.8024246692657471,1.6048493,25.286012649536133,0.0,38.8486,0.9259
1964-07-04,0.8456275463104248,1.6912551,25.91524314880371,0.0,38.0301,0.8250000000000001
1964-07-05,1.051382541656494,2.102765,26.93059635162353,0.0,37.3461,1.0178
1964-07-06,2.0206408500671387,4.0412817,27.77599239349365,0.0,36.6916,0.8330000000000001
1964-07-07,0.0,0.0,28.70737266540528,0.0,35.3506,0.8178
1964-07-08,0.0895159244537353,0.17903185,28.3316707611084,0.0,34.5842,0.8163
1964-07-09,0.0,0.0,28.41824436187744,0.0,34.1625,0.8148
1964-07-10,0.0,0.0,28.567283630371094,0.0,33.8566,0.8133
1964-07-11,1.160596251487732,2.3211925,28.37660121917725,0.0,34.2346,1.0195
1964-07-12,0.1526050567626953,0.3052101,28.42057037353516,0.0,33.6595,0.8102
1964-07-13,0.1213598251342773,0.24271965,28.421566009521484,0.0,33.4171,0.8087
1964-07-14,0.0,0.0,28.494478225708008,0.0,33.1465,0.8072
1964-07-15,0.0186299681663513,0.037259936,28.52172088623047,0.0,32.9153,0.8057
1964-07-16,0.3387072086334228,0.6774144,28.50630569458008,0.0,32.6912,0.8041
1964-07-17,0.1848334074020385,0.3696668,28.71298599243164,0.0,32.4627,0.8026
1964-07-18,0.5768337249755859,1.1536674,28.62532615661621,0.0,32.2577,0.8011
1964-07-19,0.3405025005340576,0.681005,28.259326934814453,0.0,32.0531,0.7996
1964-07-20,17.664109230041504,35.328217,24.23098564147949,0.0,41.9585,3.9769
1964-07-21,1.8140016794204712,3.6280034,25.434395790100098,0.0,40.7513,0.7966
1964-07-22,1.2658164501190186,2.531633,26.803776741027832,0.0,39.2954,0.9264
1964-07-23,5.76209831237793,11.524197,27.07408142089844,0.0,39.2001,0.7980999999999999
1964-07-24,1.3340119123458862,2.6680238,26.91462993621826,0.0,38.0681,0.8310000000000001
1964-07-25,1.48972487449646,2.9794497,26.37667465209961,0.0,37.7767,0.9073
1964-07-26,7.420169353485107,14.840339,25.5137996673584,0.0,41.1355,2.0725
1964-07-27,1.1181799173355105,2.2363598,25.77211570739746,0.0,39.8523,0.7876
1964-07-28,2.944149374961853,5.888299,26.436229705810547,0.0,40.3931,1.3812
1964-07-29,5.96129322052002,11.922586,25.56874942779541,0.0,40.1986,0.8133999999999999
1964-07-30,8.303153038024902,16.606306,25.104042053222656,0.0,42.8438,1.8813
1964-07-31,12.112378120422363,24.224756,25.234543800354004,0.0,46.5926,2.4935
1964-08-01,5.692359924316406,11.38472,25.430156707763672,0.0,45.618,0.8326
1964-08-02,8.181620836257935,16.363241,25.61017417907715,0.0,46.8874,1.7603
1964-08-03,4.334015250205994,8.668031,25.135741233825684,0.0,46.1352,0.7972
1964-08-04,10.17463493347168,20.34927,25.326699256896973,0.0,49.0679,2.696
1964-08-05,0.0668795108795166,0.13375902,25.73618030548096,0.0,46.3508,0.7744
1964-08-06,1.0798813104629517,2.1597626,27.246556282043457,0.0,44.7647,1.006
1964-08-07,0.1213686466217041,0.2427373,27.43015956878662,0.0,42.8574,0.7715
1964-08-08,3.197837233543396,6.3956747,26.578333854675293,0.0,43.2602,1.4989
1964-08-09,3.2795395851135254,6.559079,25.545957565307617,0.0,42.8189,0.7686
1964-08-10,3.052428960800171,6.104858,25.42883014678955,0.0,43.6413,1.6512
1964-08-11,30.719304084777832,61.438606,23.9104585647583,0.0,53.6343,8.785300000000001
1964-08-12,0.3749985694885254,0.74999714,25.765594482421875,0.0,48.1314,0.7643
1964-08-13,0.5216429233551025,1.0432858,26.538312911987305,0.0,46.272,0.7811
1964-08-14,0.9347743988037108,1.8695488,26.237281799316406,0.0,45.0273,0.7615
1964-08-15,0.3731626272201538,0.74632525,25.659358024597168,0.0,43.696,0.7855
1964-08-16,1.49438214302063,2.9887643,25.8527889251709,0.0,42.6065,0.7588
1964-08-17,1.232947826385498,2.4658957,25.74975776672364,0.0,41.3238,0.95
1964-08-18,2.944791793823242,5.8895836,25.863109588623047,0.0,40.5695,0.756
1964-08-19,8.892832279205322,17.785664,25.605761528015137,0.0,44.6132,3.1568
1964-08-20,1.364641189575195,2.7292824,26.023144721984863,0.0,43.0765,0.7533
1964-08-21,9.524792194366457,19.049583,25.726985931396484,0.0,46.7645,3.351
1964-08-22,40.78654479980469,81.57309,24.32458877563477,0.0,54.257,13.6394
1964-08-23,7.562567234039307,15.125134,25.36706924438477,0.0,49.472,1.8997
1964-08-24,3.2824774980545044,6.5649548,25.569479942321777,0.0,47.5017,0.7515
1964-08-25,3.193517565727234,6.3870354,26.64740943908692,0.0,47.083,1.7034
1964-08-26,9.822054386138916,19.644108,26.09432983398437,0.0,48.9466,2.9793
1964-08-27,41.86676216125488,83.73352,22.8912353515625,0.0,53.9485,18.7143
1964-08-28,3.6256492137908936,7.2512984,24.055031776428223,0.0,48.8225,1.1841
1964-08-29,3.017737627029419,6.0354753,24.93431282043457,0.0,47.4332,0.8748
1964-08-30,1.9492963552474976,3.8985927,26.254135131835938,0.0,46.2385,0.8381
1964-08-31,1.439128875732422,2.8782578,26.56831932067871,0.0,45.3372,1.0954
1964-09-01,0.8719420433044434,1.7438841,27.308566093444824,0.0,44.4805,0.868
1964-09-02,4.774058103561401,9.548117,26.514805793762207,0.0,45.6379,2.3816
1964-09-03,0.1220386028289794,0.2440772,26.815224647521973,0.0,44.4051,0.7671
1964-09-04,0.0909285545349121,0.18185711,26.42158889770508,0.0,43.2392,0.7663
1964-09-05,1.6093186140060425,3.2186372,26.43846607208252,0.0,42.4469,0.8171999999999999
1964-09-06,0.0,0.0,26.429656982421875,0.0,41.5075,0.7642
1964-09-07,0.3367918729782104,0.67358375,26.40291976928711,0.0,40.5538,0.763
1964-09-08,0.0410206317901611,0.08204126,26.35564136505127,0.0,39.6113,0.7618
1964-09-09,1.5737793445587158,3.1475587,26.93585586547852,0.0,39.2268,1.0361
1964-09-10,0.0972136259078979,0.19442725,26.451696395874023,0.0,38.3328,0.7591
1964-09-11,0.5642383098602295,1.1284766,25.18206119537353,0.0,37.704,0.8503000000000001
1964-09-12,0.1087787151336669,0.21755743,25.62039852142334,0.0,36.8117,0.7564
1964-09-13,0.7749043703079224,1.5498087,25.67218589782715,0.0,36.1124,0.8309
1964-09-14,0.1414796113967895,0.28295922,25.674654960632324,0.0,35.3792,0.7537
1964-09-15,4.086434841156006,8.17287,24.15790271759033,0.0,37.2341,1.6728999999999998
1964-09-16,8.45230484008789,16.90461,24.71328926086425,0.0,39.2804,1.569
1964-09-17,3.578460693359375,7.1569214,24.11865520477295,0.0,39.065,0.7495
1964-09-18,11.725451946258543,23.450905,24.68977165222168,0.0,45.4193,3.8981
1964-09-19,6.661470413208008,13.322941,25.152973175048828,0.0,46.064,1.5577
1964-09-20,27.887619018554688,55.775238,24.519417762756348,0.0,53.2184,8.5891
1964-09-21,1.874498784542084,3.7489977,24.251193046569824,0.0,48.4523,0.7444
1964-09-22,2.037699401378632,4.075399,23.33726406097412,0.0,47.3193,1.2639
1964-09-23,0.0,0.0,23.04150390625,0.0,45.7564,0.7432
1964-09-24,0.5906744003295898,1.1813488,22.90809726715088,0.0,44.7123,0.7749
1964-09-25,1.206618309020996,2.4132366,21.76172542572021,0.0,43.8406,0.7416
1964-09-26,0.0,0.0,23.317347526550293,0.0,42.5098,0.7406
1964-09-27,0.2880770266056061,0.57615405,23.50339698791504,0.0,41.4677,0.7449
1964-09-28,5.638180255889893,11.2763605,20.312849044799805,0.0,43.1001,1.5619999999999998
1964-09-29,0.1812697649002075,0.36253953,21.09023380279541,0.0,42.1351,0.7373
1964-09-30,0.4536964893341064,0.907393,21.668859481811523,0.0,41.322,0.7481
1964-10-01,0.1762282848358154,0.35245657,22.54447364807129,0.0,40.6216,0.7499
1964-10-02,0.158225268125534,0.31645054,23.037109375,0.0,39.6804,0.7353000000000001
1964-10-03,0.0356697142124176,0.07133943,22.834428787231445,0.0,38.7325,0.7325
1964-10-04,0.9337725639343262,1.8675451,22.34903621673584,0.0,38.206,0.8694999999999999
1964-10-05,1.0354053974151611,2.0708108,23.106284141540527,0.0,37.5975,0.7299
1964-10-06,2.932710886001587,5.865422,22.411178588867188,0.0,39.0741,1.4589
1964-10-07,0.6998460292816162,1.399692,20.30706787109375,0.0,38.8321,0.7273
1964-10-08,21.635401725769043,43.270805,17.445488929748535,0.0,51.7585,7.6119
1964-10-09,0.7705861330032349,1.5411723,18.07818031311035,0.0,48.0342,0.7248
1964-10-10,0.0,0.0,17.286213874816895,0.0,46.301,0.7238
1964-10-11,0.1054905652999877,0.21098113,19.168461799621586,0.0,45.3304,0.7257
1964-10-12,0.0661883652210235,0.13237673,20.84571075439453,0.0,44.291,0.7218
1964-10-13,0.2728860378265381,0.5457721,22.71623516082764,0.0,43.2069,0.7245
1964-10-14,23.26166534423828,46.52333,21.70949935913086,0.0,52.9191,8.2713
1964-10-15,1.125356912612915,2.2507138,23.15405368804932,0.0,48.3538,0.7189
1964-10-16,0.0741552114486694,0.14831042,22.619281768798828,0.0,46.6743,0.7187
1964-10-17,0.5802842676639557,1.1605685,22.469669342041016,0.0,45.538,0.7183
1964-10-18,29.881556510925293,59.763115,18.337618827819824,0.0,53.4712,11.5753
1964-10-19,0.1516013145446777,0.30320263,19.494983673095703,0.0,48.3828,0.7185
1964-10-20,0.0,0.0,20.96317768096924,0.0,46.654,0.7198
1964-10-21,0.0,0.0,20.361491203308105,0.0,45.4855,0.7202
1964-10-22,0.6021537780761719,1.2043076,21.0690279006958,0.0,44.9783,0.8422
1964-10-23,2.927888035774231,5.855776,20.70650959014893,0.0,45.0494,0.9649
1964-10-24,1.8255619406700128,3.651124,17.940499305725098,0.0,44.6717,0.7191
1964-10-25,0.3377835750579834,0.67556715,17.413171768188477,0.0,44.0186,0.7297
1964-10-26,2.6293829679489136,5.258766,17.802559852600098,0.0,44.0067,0.835
1964-10-27,0.5077334642410278,1.0154669,18.27378273010254,0.0,43.6488,0.7231
1964-10-28,0.2845495939254761,0.5690992,18.615598678588867,0.0,43.2417,0.7201
1964-10-29,1.66070294380188,3.321406,18.737399101257324,0.0,43.0505,0.7396999999999999
1964-10-30,0.0768986232578754,0.15379724,17.445056915283203,0.0,42.4622,0.7145999999999999
1964-10-31,0.0,0.0,15.263189315795898,0.0,41.8728,0.7131
1964-11-01,0.0,0.0,18.56266212463379,0.0,41.2246,0.712
1964-11-02,0.2625749707221985,0.52514994,16.894594192504883,0.0,40.7163,0.7148
1964-11-03,0.0072686076164245,0.014537215,15.346945762634276,0.0,40.3748,0.7097
1964-11-04,0.0,0.0,17.65328598022461,0.0,39.8028,0.7085
1964-11-05,0.0,0.0,17.682063102722168,0.0,39.2525,0.7073
1964-11-06,0.0891128480434417,0.1782257,17.313318252563477,0.0,38.7949,0.7061
1964-11-07,0.0630960166454315,0.12619203,16.16920757293701,0.0,38.2864,0.7049
1964-11-08,0.109631061553955,0.21926212,15.681075096130373,0.0,37.8259,0.7036
1964-11-09,0.0,0.0,13.842680931091309,0.0,37.4001,0.7024
1964-11-10,0.0,0.0,13.845978260040283,0.0,36.9911,0.7011
1964-11-11,0.0,0.0,12.843981742858888,0.0,36.4684,0.6999
1964-11-12,0.0,0.0,9.541213989257812,0.0,35.9708,0.6986
1964-11-13,0.0304079949855804,0.06081599,8.134063720703125,0.0,35.6143,0.6973
1964-11-14,0.0,0.0,7.692795753479004,0.0,35.2685,0.6961
1964-11-15,0.0019960403442382,0.0039920807,8.461030960083008,0.0,34.9975,0.6948
1964-11-16,0.1131885051727294,0.22637701,10.973251819610596,0.0,34.7479,0.6935
1964-11-17,1.2435047030448914,2.4870095,14.546548843383787,0.0,35.2279,0.9354
1964-11-18,0.6676165461540222,1.3352331,13.94922924041748,0.0,35.0126,0.6909
1964-11-19,0.1630201041698455,0.3260402,12.61726427078247,0.0,34.738,0.6910999999999999
1964-11-20,0.4327379465103149,0.8654759,10.987022876739502,0.0,34.5221,0.6884
1964-11-21,0.0526958853006362,0.10539177,11.242499351501465,0.0,34.2538,0.6871
1964-11-22,0.0201078653335571,0.04021573,10.297101974487305,0.0,34.0529,0.6858
1964-11-23,0.1816434264183044,0.36328685,8.640801429748535,0.0,33.8831,0.6859999999999999
1964-11-24,0.1161443442106247,0.23228869,8.275381088256836,0.0,33.7418,0.6833
1964-11-25,0.0,0.0,8.194913864135742,0.0,33.6065,0.682
1964-11-26,0.0459821820259094,0.091964364,8.268301963806152,0.0,33.4779,0.6807
1964-11-27,0.0435068011283874,0.0870136,8.818818092346191,0.0,33.3614,0.6794
1964-11-28,0.1162194013595581,0.2324388,10.721713066101074,0.0,33.2738,0.6782
1964-11-29,0.0221176147460937,0.04423523,13.095975875854492,0.0,33.1615,0.6769
1964-11-30,0.1557247042655944,0.3114494,11.62740993499756,0.0,33.0569,0.6756
1964-12-01,0.0480894446372985,0.09617889,11.295173168182371,0.0,32.9878,0.6744
1964-12-02,0.0334978103637695,0.06699562,8.620399951934814,0.0,32.9156,0.6731
1964-12-03,0.8564793169498444,1.7129586,5.821274518966675,0.0,33.3505,0.8195999999999999
1964-12-04,0.0472121834754943,0.09442437,2.927519083023072,0.0,33.4593,0.7347
1964-12-05,0.2028370499610901,0.4056741,5.598756790161133,0.0,33.4219,0.6869
1964-12-06,0.3878118693828583,0.77562374,9.652728080749512,0.0,33.3607,0.668
1964-12-07,0.3198244124650955,0.6396488,9.344316959381104,0.0,33.3537,0.6718
1964-12-08,0.0492949485778808,0.0985899,11.700092792510986,0.0,33.2519,0.6655
1964-12-09,0.1439640522003173,0.2879281,13.172796726226808,0.0,33.0949,0.6657
1964-12-10,0.1548262536525726,0.3096525,12.769671440124512,0.0,32.969,0.663
1964-12-11,0.0,0.0,12.592988014221191,0.0,32.8968,0.6618
1964-12-12,0.4455196261405945,0.89103925,9.65418004989624,0.0,33.0002,0.7026
1964-12-13,0.0,0.0,10.344786643981934,0.0,32.9288,0.6593
1964-12-14,0.0495690703392028,0.09913814,10.666814804077148,0.0,32.8785,0.6595
1964-12-15,0.1540363430976867,0.3080727,8.258219957351685,0.0,32.8125,0.6568
1964-12-16,0.0304088294506073,0.06081766,7.500040531158447,0.0,32.736,0.6556
1964-12-17,0.037631943821907,0.07526389,7.626777410507202,0.0,32.6493,0.6543
1964-12-18,0.0063089132308959,0.012617826,3.5729355812072754,0.0,32.5704,0.6531
1964-12-19,0.0832533240318298,0.16650665,2.8372786045074463,0.0,32.545,0.6609
1964-12-20,0.0216381251811981,0.04327625,4.587345600128174,0.0,32.4892,0.6577999999999999
1964-12-21,0.1826553344726562,0.36531067,4.473024129867554,0.0,32.4482,0.6581
1964-12-22,0.1274247169494629,0.25484943,5.698821544647217,0.0,32.3907,0.6544
1964-12-23,0.1084894239902496,0.21697885,7.925943374633789,0.0,32.3095,0.6488
1964-12-24,0.0640492215752601,0.12809844,7.873844146728516,0.0,32.2218,0.6458
1964-12-25,0.0335315465927124,0.06706309,9.224687576293944,0.0,32.1314,0.6446
1964-12-26,0.1382947564125061,0.2765895,11.63390588760376,0.0,32.0623,0.6433
1964-12-27,0.0924447774887085,0.18488955,11.087311267852783,0.0,32.0211,0.6437
1964-12-28,0.0693331360816955,0.13866627,10.095330238342283,0.0,31.9494,0.6409
1964-12-29,0.0003808736801147,0.00076174736,7.929103374481201,0.0,31.8717,0.6397
1964-12-30,0.0912300944328308,0.18246019,6.923265218734741,0.0,31.7998,0.6385
1964-12-31,0.0381972789764404,0.07639456,5.686499834060669,0.0,31.7446,0.6389
1965-01-01,0.075602650642395,0.1512053,4.94637393951416,0.0,31.7029,0.6415
1965-01-02,2.329679846763611,4.65936,5.5932936668396,0.0,32.7475,0.932
1965-01-03,0.7757029831409454,1.5514059,8.434123992919922,0.0,32.6545,0.6337
1965-01-04,0.2593765258789062,0.51875305,5.698962926864624,0.0,32.571,0.6398999999999999
1965-01-05,0.568345308303833,1.1366906,6.86363673210144,0.0,32.5428,0.6385
1965-01-06,3.6448721885681152,7.2897444,8.036179542541504,0.0,34.514,1.2078
1965-01-07,8.314082622528076,16.628166,7.945319652557373,0.0,38.9971,2.0191
1965-01-08,0.2281721830368042,0.45634437,3.8933005332946777,0.0,38.8053,0.6676
1965-01-09,0.1421300917863845,0.28426018,3.0408284664154053,0.0,38.5772,0.6418
1965-01-10,0.2534209191799164,0.50684184,4.817986965179443,0.0,38.3574,0.6438999999999999
1965-01-11,0.0,0.0,4.308970332145691,0.0,38.0138,0.6242
1965-01-12,0.0361740589141845,0.07234812,4.031628608703613,0.0,37.7906,0.6284
1965-01-13,0.3844170570373535,0.7688341,4.612891912460327,0.0,37.6454,0.6441
1965-01-14,0.0,0.0,4.748914003372192,0.0,37.3476,0.6207
1965-01-15,0.1289080381393432,0.25781608,6.532489538192749,0.0,37.1349,0.6225
1965-01-16,0.2598696947097778,0.5197394,8.078142166137695,0.0,36.9197,0.6184
1965-01-17,0.4318717122077942,0.8637434,9.105663299560549,0.0,36.7686,0.655
1965-01-18,0.0493465065956115,0.09869301,8.565644264221191,0.0,36.4536,0.616
1965-01-19,0.0,0.0,8.893712997436523,0.0,36.0779,0.6149
1965-01-20,0.1830343008041381,0.3660686,8.330187797546387,0.0,35.8552,0.6151
1965-01-21,0.2370538711547851,0.47410774,8.387493133544922,0.0,35.6296,0.6142000000000001
1965-01-22,0.2363368868827819,0.47267377,9.315162181854248,0.0,35.3116,0.6114
1965-01-23,0.1211596727371215,0.24231935,10.4979829788208,0.0,34.9802,0.6111
1965-01-24,0.1098139286041259,0.21962786,10.72238540649414,0.0,34.6592,0.6091
1965-01-25,0.2215200662612915,0.44304013,10.740522861480711,0.0,34.4709,0.6191
1965-01-26,0.0,0.0,12.357890129089355,0.0,34.1265,0.6068
1965-01-27,0.0506952404975891,0.10139048,12.626327514648438,0.0,33.8484,0.6057
1965-01-28,0.1862765550613403,0.3725531,13.353485107421877,0.0,33.5644,0.6045
1965-01-29,0.0558692216873168,0.11173844,15.376334190368652,0.0,33.2335,0.6042000000000001
1965-01-30,0.0010966658592224,0.0021933317,13.170768737792969,0.0,33.0281,0.6023
1965-01-31,0.2003480195999145,0.40069604,15.349520683288574,0.0,32.8003,0.6041
1965-02-01,3.125660896301269,6.251322,11.381292819976808,0.0,32.7793,0.6063999999999999
1965-02-02,0.7785519361495972,1.5571039,9.18386936187744,0.0,32.9613,0.6773
1965-02-03,0.3515828847885132,0.70316577,6.989875555038452,0.0,32.8363,0.6018
1965-02-04,2.019328534603119,4.038657,7.654778242111206,0.0,33.8333,0.8866
1965-02-05,19.933768272399902,39.86754,8.130839347839355,0.0,47.0887,4.748200000000001
1965-02-06,2.627591967582702,5.255184,6.167378902435303,0.0,46.521,0.7931
1965-02-07,1.948555827140808,3.8971117,9.339258670806885,0.0,45.8155,0.6072
1965-02-08,1.7827082872390747,3.5654166,14.797814846038818,0.0,45.2138,0.7258
1965-02-09,0.4247982501983642,0.8495965,17.328582763671875,0.0,43.9929,0.6045999999999999
1965-02-10,3.2548177242279053,6.5096354,14.950495719909668,0.0,44.1489,0.9378
1965-02-11,2.014841198921204,4.029682,14.11527967453003,0.0,43.9632,0.7926
1965-02-12,6.232394695281982,12.464789,13.8418231010437,0.0,46.5017,1.8252
1965-02-13,1.2718104124069214,2.5436208,13.0237717628479,0.0,45.3839,0.5866
1965-02-14,0.0,0.0,13.602980613708496,0.0,44.2105,0.5855
1965-02-15,1.1524314880371094,2.304863,14.71211004257202,0.0,43.7481,0.8079000000000001
1965-02-16,0.0,0.0,15.76552963256836,0.0,42.4276,0.5833
1965-02-17,0.0,0.0,16.225417613983154,0.0,41.4617,0.5822
1965-02-18,0.1439419984817505,0.287884,16.74980354309082,0.0,40.3505,0.5834999999999999
1965-02-19,0.0,0.0,15.386956691741943,0.0,39.4703,0.58
1965-02-20,2.051321029663086,4.102642,15.570627212524414,0.0,39.9627,0.9561
1965-02-21,2.091888189315796,4.1837764,15.27795124053955,0.0,39.6741,0.5778
1965-02-22,4.44230055809021,8.884602,9.700329780578612,0.0,42.5861,1.6687
1965-02-23,5.033987045288086,10.067974,5.2978432178497314,0.0,44.4562,1.3486
1965-02-24,0.3583105802536011,0.71662116,5.045934677124023,0.0,43.8866,0.5745
1965-02-25,2.284328579902649,4.568657,5.127421855926514,0.0,44.8955,1.0943
1965-02-26,0.8053320646286011,1.6106641,6.456360340118408,0.0,44.3801,0.5724
1965-02-27,0.0,0.0,7.901472568511963,0.0,43.6269,0.5713
1965-02-28,0.0,0.0,7.269916296005249,0.0,42.9878,0.5702
1965-03-01,16.47777271270752,32.955544,8.47693395614624,0.0,51.9064,5.116899999999999
1965-03-02,12.698570251464844,25.39714,10.16128158569336,0.0,51.5802,3.7929
1965-03-03,2.199753522872925,4.399507,9.57673692703247,0.0,48.5263,0.7507999999999999
1965-03-04,3.219134330749512,6.4382687,7.6654462814331055,0.0,47.8513,0.9869
1965-03-05,11.571395874023438,23.142792,5.15432596206665,0.0,50.9883,3.962
1965-03-06,8.93105411529541,17.862108,4.783365249633789,0.0,50.7049,3.3742
1965-03-07,0.2417550086975097,0.48351002,5.846550464630127,0.0,47.9842,0.563
1965-03-08,0.4431538581848144,0.8863077,6.557554960250855,0.0,46.6589,0.5746
1965-03-09,0.1453917026519775,0.2907834,7.109990119934082,0.0,45.6833,0.5645
1965-03-10,0.0716969966888427,0.143394,8.846566677093506,0.0,44.8991,0.5637
1965-03-11,0.1233828067779541,0.24676561,12.66063404083252,0.0,44.1164,0.5595
1965-03-12,0.3204319477081299,0.6408639,14.181286811828612,0.0,43.3622,0.5672
1965-03-13,0.4697840213775635,0.93956804,11.64420747756958,0.0,42.6886,0.5577
1965-03-14,0.0032210350036621,0.00644207,12.398818492889404,0.0,41.9558,0.5567
1965-03-15,0.0,0.0,11.522237300872805,0.0,41.2635,0.5558
1965-03-16,0.2967760562896728,0.5935521,8.796919822692871,0.0,40.7784,0.5604
1965-03-17,0.3557488918304443,0.7114978,10.110157489776611,0.0,40.3193,0.5640999999999999
1965-03-18,0.4923114776611328,0.98462296,12.552295207977297,0.0,39.6541,0.5528
1965-03-19,0.4490566253662109,0.89811325,14.260451793670654,0.0,38.9044,0.5712999999999999
1965-03-20,0.6850521564483643,1.3701043,13.28162670135498,0.0,38.2298,0.5508
1965-03-21,0.168365478515625,0.33673096,15.744028568267822,0.0,37.483,0.5512999999999999
1965-03-22,2.929914712905884,5.8598294,16.892239570617676,0.0,37.4885,0.6396999999999999
1965-03-23,0.078519582748413,0.15703917,19.683473587036133,0.0,36.7999,0.5478
1965-03-24,0.2954006195068359,0.59080124,19.543288230896,0.0,36.1136,0.5504
1965-03-25,12.771202564239502,25.542404,13.176202297210692,0.0,42.7197,3.0926
1965-03-26,6.770645380020142,13.54129,10.474041938781738,0.0,45.6274,1.9209
1965-03-27,0.5344886779785156,1.0689774,10.883122444152832,0.0,44.7711,0.5438
1965-03-28,14.82483196258545,29.649664,10.20841360092163,0.0,51.3317,5.058599999999999
1965-03-29,17.26966428756714,34.53933,10.462975025177002,0.0,52.3038,6.0802000000000005
1965-03-30,14.831444263458252,29.662888,11.254779815673828,0.0,51.8886,6.0847
1965-03-31,6.229716777801514,12.459434,12.80870246887207,0.0,49.7839,2.481
1965-04-01,8.049052238464355,16.098104,14.397894859313965,0.0,49.7166,3.0152
1965-04-02,15.381556749343872,30.763113,14.516687870025637,0.0,51.2803,6.2072
1965-04-03,14.08792495727539,28.17585,16.769396781921387,0.0,50.8727,5.5545
1965-04-04,16.82471466064453,33.64943,16.41421604156494,0.0,51.2114,7.1515
1965-04-05,18.381141662597656,36.762283,10.885936737060549,0.0,51.5656,9.241
1965-04-06,3.889738559722901,7.779477,10.514641284942629,0.0,48.8397,1.6192000000000002
1965-04-07,3.707044243812561,7.4140882,12.189165115356444,0.0,47.9374,1.3562
1965-04-08,1.7109355926513672,3.4218712,16.915640830993652,0.0,46.6207,0.5769
1965-04-09,3.708576202392578,7.4171524,19.61300373077393,0.0,46.5726,1.8687
1965-04-10,27.65913486480713,55.318268,15.923224925994871,0.0,52.608,11.6033
1965-04-11,3.957255125045776,7.9145103,10.742883682250977,0.0,48.8705,1.3188
1965-04-12,23.305248260498047,46.610497,9.578929424285889,0.0,52.1737,11.6667
1965-04-13,0.2577378749847412,0.51547575,14.102843284606934,0.0,48.03,0.5979
1965-04-14,1.391467809677124,2.7829356,12.765969276428224,0.0,46.9434,1.1266
1965-04-15,10.585442066192629,21.170883,12.565876960754396,0.0,49.8654,5.0103
1965-04-16,9.51807951927185,19.03616,15.344640731811523,0.0,49.8327,3.7794
1965-04-17,21.385156631469727,42.770313,18.27549839019776,0.0,51.8555,9.7687
1965-04-18,7.651975154876709,15.30395,19.690853118896484,0.0,49.0187,1.9224
1965-04-19,1.2521958351135254,2.5043917,19.15615558624268,0.0,47.0442,0.6259
1965-04-20,2.444002628326416,4.8880053,18.074048042297363,0.0,46.6189,1.5919
1965-04-21,1.962449312210083,3.9248986,16.25952386856079,0.0,45.8221,0.6309
1965-04-22,1.55655837059021,3.1131167,17.398316383361816,0.0,45.2747,1.1126
1965-04-23,7.295370101928711,14.59074,20.63080596923828,0.0,46.1862,1.6551999999999998
1965-04-24,46.24468994140625,92.48938,18.375194549560547,0.0,54.1689,23.2932
1965-04-25,6.214045763015747,12.428091,20.39666748046875,0.0,48.9109,1.3605
1965-04-26,4.538089632987976,9.0761795,21.603161811828613,0.0,47.3849,0.6864
1965-04-27,0.045400857925415,0.090801716,20.0462007522583,0.0,45.9565,0.6566
1965-04-28,5.261939287185669,10.523878,19.297080993652344,0.0,46.7709,2.4778
1965-04-29,0.8452534675598145,1.6905069,14.386529445648192,0.0,45.702,0.6597
1965-04-30,0.0,0.0,16.089308738708496,0.0,44.3165,0.66
1965-05-01,0.4062099456787109,0.8124199,15.97612762451172,0.0,43.5773,0.7054
1965-05-02,4.519898176193237,9.039797,15.230587482452393,0.0,43.432,0.7011
1965-05-03,1.0759172439575195,2.1518345,14.62177562713623,0.0,42.6607,0.7047000000000001
1965-05-04,0.432222843170166,0.8644457,16.975247383117676,0.0,41.6961,0.6632
1965-05-05,0.2705154418945312,0.5410309,19.53251266479492,0.0,40.7665,0.6572
1965-05-06,25.99259853363037,51.9852,18.628389358520508,0.0,52.7221,10.6515
1965-05-07,9.281056880950928,18.562115,19.39959144592285,0.0,50.2473,3.2839
1965-05-08,8.066287517547607,16.132576,20.772953033447266,0.0,49.0025,1.994
1965-05-09,13.611402988433838,27.222805,21.857723236083984,0.0,50.5004,4.8825
1965-05-10,48.04687309265137,96.09375,20.120944023132324,0.0,53.8783,25.7174
1965-05-11,1.396662712097168,2.7933254,21.29728126525879,0.0,48.3421,0.6733
1965-05-12,0.7835347652435303,1.5670695,19.17539119720459,0.0,46.6785,0.8517
1965-05-13,17.830700874328613,35.6614,18.38412570953369,0.0,51.3836,8.4162
1965-05-14,14.41934061050415,28.83868,20.912248611450195,0.0,50.9662,6.742
1965-05-15,36.02472686767578,72.04945,20.95913982391357,0.0,52.9708,20.2874
1965-05-16,15.15084981918335,30.3017,19.9377965927124,0.0,50.6023,7.4126
1965-05-17,0.2501101493835449,0.5002203,20.508126258850098,0.0,47.4607,0.7248
1965-05-18,0.0,0.0,21.238518714904785,0.0,45.5555,0.7294
1965-05-19,0.0339980125427246,0.067996025,21.533605575561523,0.0,44.2743,0.7308
1965-05-20,8.842661380767822,17.685322,21.85151195526123,0.0,47.4537,4.0216
1965-05-21,1.5654892921447754,3.1309786,23.253894805908203,0.0,45.9602,0.7308
1965-05-22,1.7007248401641846,3.4014497,22.83356094360352,0.0,45.1884,1.167
1965-05-23,0.0774064064025878,0.15481281,22.690075874328613,0.0,43.9795,0.7298
1965-05-24,0.084611177444458,0.16922235,23.60256767272949,0.0,42.7185,0.7289
1965-05-25,15.055711269378662,30.111423,20.02648067474365,0.0,49.5903,5.9344
1965-05-26,1.584317684173584,3.1686354,20.68630123138428,0.0,47.3069,0.727
1965-05-27,0.4114508628845215,0.8229017,20.770655632019043,0.0,45.6935,0.756
1965-05-28,0.3066630363464355,0.6133261,21.36853408813477,0.0,44.513,0.7252
1965-05-29,1.485924243927002,2.9718485,21.294161796569824,0.0,43.8183,0.9971
1965-05-30,0.094611644744873,0.18922329,20.00143527984619,0.0,42.7117,0.7232
1965-05-31,0.4487648010253906,0.8975296,19.6643295288086,0.0,41.5612,0.7254999999999999
1965-06-01,0.0,0.0,20.97655773162841,0.0,40.3284,0.7209
1965-06-02,0.0889139175415039,0.17782784,23.183655738830566,0.0,39.1502,0.7196
1965-06-03,0.13759446144104,0.27518892,24.81739902496338,0.0,37.7564,0.7184
1965-06-04,10.493452072143556,20.986904,21.299280166625977,0.0,43.8648,3.6965
1965-06-05,5.630366563796997,11.260733,18.43338966369629,0.0,45.4037,1.6801
1965-06-06,0.8440308570861816,1.6880617,20.92445182800293,0.0,44.1442,0.7145
1965-06-07,0.8971953392028809,1.7943907,23.14480972290039,0.0,42.7383,0.8452000000000001
1965-06-08,0.0439536571502685,0.087907314,23.0477352142334,0.0,41.4815,0.712
1965-06-09,0.1687374114990234,0.33747482,23.94883155822754,0.0,39.8655,0.7108
1965-06-10,4.863917350769043,9.727835,24.69119548797608,0.0,40.2848,1.2159
1965-06-11,15.920024871826172,31.84005,24.91659927368164,0.0,46.283,3.5177
1965-06-12,52.020877838134766,104.041756,21.160679817199707,0.0,54.9345,20.0507
1965-06-13,11.372771739959717,22.745544,21.86230754852295,0.0,50.2766,3.7694
1965-06-14,16.616259574890137,33.23252,22.529379844665527,0.0,51.4503,7.2522
1965-06-15,26.682483673095703,53.364967,21.76914691925049,0.0,52.5938,13.6386
1965-06-16,25.264294624328613,50.528587,20.757518768310547,0.0,52.0985,14.0854
1965-06-17,32.74406814575195,65.48814,20.58361530303955,0.0,52.4566,19.4937
1965-06-18,10.5197491645813,21.039497,21.540430068969727,0.0,49.7782,4.2841000000000005
1965-06-19,3.838837623596192,7.6776752,22.0300407409668,0.0,48.4655,1.8957
1965-06-20,36.50189971923828,73.0038,18.904502868652344,0.0,53.1867,19.7404
1965-06-21,6.9287073612213135,13.857414,18.08751964569092,0.0,49.7052,3.9493
1965-06-22,9.546080589294434,19.092161,19.23423767089844,0.0,49.7899,4.5608
1965-06-23,7.323336601257324,14.646673,21.918313026428223,0.0,48.8097,2.4378
1965-06-24,6.96251392364502,13.925028,23.484030723571777,0.0,48.3451,2.1553
1965-06-25,0.5896110534667969,1.1792221,25.03704071044922,0.0,46.6,0.8125
1965-06-26,26.595309257507324,53.19062,23.61695957183838,0.0,52.5787,12.9111
1965-06-27,0.6129200458526611,1.2258401,23.391764640808105,0.0,48.188,0.8174
1965-06-28,3.1424750089645386,6.2849503,23.900229454040527,0.0,47.4792,2.1588000000000003
1965-06-29,6.197065353393555,12.394131,24.443224906921387,0.0,47.2038,1.4661
1965-06-30,0.3105007410049438,0.6210015,25.860252380371094,0.0,45.6399,0.8233
1965-07-01,0.0,0.0,26.9014253616333,0.0,44.0672,0.8234
1965-07-02,0.0735189914703369,0.14703798,26.694859504699707,0.0,42.8259,0.8227
1965-07-03,0.7769453525543213,1.5538907,25.88458824157715,0.0,41.8961,0.8216
1965-07-04,0.8680193424224854,1.7360387,26.51864624023437,0.0,40.92,0.8766
1965-07-05,4.642975926399231,9.285952,25.832263946533203,0.0,40.7641,0.8192
1965-07-06,1.005848407745361,2.0116968,26.28404903411865,0.0,39.9229,0.9181
1965-07-07,5.0419076681137085,10.083816,25.794405937194824,0.0,40.1347,1.1192
1965-07-08,5.216909885406494,10.43382,25.667495727539062,0.0,41.9139,2.1716
1965-07-09,2.675254344940185,5.3505087,25.80695343017578,0.0,41.2698,0.8138
1965-07-10,0.0,0.0,26.23424243927002,0.0,40.1231,0.8124
1965-07-11,0.0168253183364868,0.033650637,26.691706657409668,0.0,39.0105,0.811
1965-07-12,0.1526050567626953,0.3052101,27.21172332763672,0.0,37.8694,0.8096
1965-07-13,0.1152095794677734,0.23041916,27.47309398651123,0.0,36.7169,0.8081
1965-07-14,5.931710243225098,11.8634205,26.76303577423096,0.0,39.1169,2.1611
1965-07-15,10.137043952941896,20.274088,24.453932762146,0.0,43.4432,2.6839
1965-07-16,1.405233085155487,2.8104663,26.35438823699951,0.0,41.9781,0.8036
1965-07-17,0.1250604391098022,0.25012088,26.850764274597168,0.0,39.9737,0.8022
1965-07-18,0.5768337249755859,1.1536674,27.755873680114743,0.0,38.625,0.8007
1965-07-19,0.3405025005340576,0.681005,28.342904090881348,0.0,37.5882,0.7992
1965-07-20,0.8374221324920654,1.6748443,28.606188774108887,0.0,36.8986,0.7977
1965-07-21,0.0918707847595214,0.18374157,28.659894943237305,0.0,36.0944,0.7962
1965-07-22,0.4328620433807373,0.8657241,27.19118881225586,0.0,35.5206,0.7948
1965-07-23,0.5842337012290955,1.1684674,27.69377040863037,0.0,35.2476,0.8237
1965-07-24,1.71738600730896,3.434772,27.24268913269043,0.0,35.0062,0.7918
1965-07-25,2.5725780725479126,5.145156,26.38275718688965,0.0,36.4253,1.3536
1965-07-26,6.596391201019287,13.192782,24.598692893981934,0.0,37.1475,1.0640999999999998
1965-07-27,48.85367584228516,97.70735,22.989367485046387,0.0,55.1281,16.3553
1965-07-28,43.5677547454834,87.13551,22.90650463104248,0.0,54.1865,20.1775
1965-07-29,6.929846525192261,13.859694,24.165430068969727,0.0,49.3203,2.2459
1965-07-30,0.1412506103515625,0.28250122,25.02470111846924,0.0,46.983,0.7975
1965-07-31,0.0534694194793701,0.10693884,26.06021785736084,0.0,45.4483,0.7996
1965-08-01,0.415715217590332,0.83143044,26.09741306304932,0.0,44.2159,0.8002
1965-08-02,0.6620433330535889,1.3240867,26.53788375854492,0.0,43.1515,0.8775000000000001
1965-08-03,0.2600457668304443,0.52009153,27.19663143157959,0.0,42.2143,0.7992
1965-08-04,0.2548098564147949,0.5096197,27.28012657165528,0.0,41.1337,0.7983
1965-08-05,9.0106942653656,18.021389,26.33465003967285,0.0,43.2862,2.2465
1965-08-06,28.34231948852539,56.68464,23.003570556640625,0.0,53.1418,11.2104
1965-08-07,21.88462734222412,43.769257,23.329933166503903,0.0,52.1962,9.4984
1965-08-08,10.71684741973877,21.433695,24.609764099121094,0.0,49.7702,3.3903000000000003
1965-08-09,4.442926049232483,8.885852,25.637242317199707,0.0,47.6933,0.8038
1965-08-10,0.0,0.0,25.901973724365234,0.0,45.8079,0.8065
1965-08-11,0.4295680522918701,0.8591361,26.704042434692383,0.0,44.4995,0.8152
1965-08-12,0.3688480854034424,0.7376962,27.439404487609863,0.0,43.3518,0.8073
1965-08-13,0.5043895244598389,1.008779,26.62387180328369,0.0,42.1896,0.8136
1965-08-14,14.00575828552246,28.011517,25.66329002380371,0.0,46.781,3.9617
1965-08-15,11.71429204940796,23.428585,25.335813522338867,0.0,49.3872,3.8293
1965-08-16,5.505765199661255,11.01153,26.206686973571777,0.0,47.6654,0.8979
1965-08-17,0.8582993745803833,1.7165987,25.60853672027588,0.0,46.111,0.8486
1965-08-18,0.4616820812225342,0.92336416,25.2954969406128,0.0,44.7369,0.8035
1965-08-19,12.465374946594238,24.93075,23.97578430175781,0.0,50.0382,5.420299999999999
1965-08-20,46.47243118286133,92.94486,22.144783973693848,0.0,54.0973,21.656
1965-08-21,2.4318501949310303,4.8637004,23.30390167236328,0.0,48.4641,0.8088
1965-08-22,0.1686522960662841,0.3373046,22.282404899597168,0.0,46.4644,0.8153
1965-08-23,0.1152244806289672,0.23044896,21.79864883422852,0.0,45.0333,0.817
1965-08-24,0.84462571144104,1.6892514,22.81171226501465,0.0,43.8775,0.8844
1965-08-25,0.1524413824081421,0.30488276,23.63936233520508,0.0,42.8546,0.8158
1965-08-26,0.0422673225402832,0.084534645,24.17336368560791,0.0,41.8104,0.8148
1965-08-27,0.4910832643508911,0.9821665,24.487927436828613,0.0,40.9728,0.8138
1965-08-28,2.6539071798324585,5.3078146,24.628687858581543,0.0,41.2555,1.5585
1965-08-29,0.0798008441925048,0.15960169,25.16605567932129,0.0,40.3443,0.8114
1965-08-30,7.987253665924072,15.974507,24.39586639404297,0.0,43.994,3.3108000000000004
1965-08-31,5.6997833251953125,11.399567,24.76249122619629,0.0,44.1802,1.1203
1965-09-01,0.1356446743011474,0.27128935,25.8231201171875,0.0,43.2185,0.8248
1965-09-02,1.8377366065979004,3.6754732,26.164193153381348,0.0,43.5425,1.5541
1965-09-03,0.1208302974700927,0.2416606,26.30623149871826,0.0,42.4679,0.8047
1965-09-04,0.1087307929992675,0.21746159,26.02950954437256,0.0,41.4477,0.8033
1965-09-05,1.5572593212127686,3.1145186,26.18421936035156,0.0,40.7218,0.8033999999999999
1965-09-06,0.6100989580154419,1.2201979,26.14044189453125,0.0,39.8116,0.8059999999999999
1965-09-07,13.366267204284668,26.732534,22.129619598388672,0.0,45.7935,3.9536
1965-09-08,1.5695340037345886,3.1390681,20.079466819763184,0.0,44.803,0.7976
1965-09-09,1.7336208820343018,3.4672418,21.418700218200684,0.0,44.5258,1.2064
1965-09-10,0.0,0.0,21.662867546081543,0.0,42.974,0.7948
1965-09-11,0.1419463157653808,0.28389263,20.852819442749023,0.0,41.5951,0.799
1965-09-12,3.730976939201355,7.461954,20.03404998779297,0.0,41.7344,0.9442
1965-09-13,2.2266937494277954,4.4533873,18.668737411499023,0.0,41.5823,0.8386
1965-09-14,0.1472610235214233,0.29452205,20.552631378173828,0.0,40.239,0.7892
1965-09-15,0.1393173933029174,0.2786348,19.52068328857422,0.0,39.0935,0.7878
1965-09-16,0.1291764974594116,0.258353,18.807785987854004,0.0,38.0325,0.7864
1965-09-17,0.0,0.0,19.18757438659668,0.0,36.9672,0.7849
1965-09-18,0.1043154001235961,0.2086308,19.01488971710205,0.0,36.3425,0.7835
1965-09-19,0.0249735116958618,0.049947023,19.464614868164062,0.0,35.7745,0.7821
1965-09-20,0.3429019451141357,0.6858039,20.305983543396,0.0,35.2961,0.7828999999999999
1965-09-21,0.0,0.0,21.034138679504395,0.0,34.945,0.7792
1965-09-22,0.0,0.0,22.076335906982425,0.0,34.5747,0.7777
1965-09-23,0.1736054420471191,0.34721088,22.316659927368164,0.0,34.3646,0.7763
1965-09-24,1.4590823650360107,2.9181647,22.51848697662353,0.0,34.2131,0.7748
1965-09-25,1.2606263160705566,2.5212526,21.58133602142334,0.0,34.7692,1.018
1965-09-26,0.0,0.0,22.449044227600098,0.0,34.194,0.7719
1965-09-27,5.414536237716675,10.829073,21.77157592773437,0.0,37.9102,2.081
1965-09-28,13.16623592376709,26.332472,18.59243392944336,0.0,45.8288,3.8431
1965-09-29,1.7046192288398745,3.4092383,20.906493186950684,0.0,44.6624,0.7676
1965-09-30,3.634177923202514,7.268356,21.872376441955566,0.0,45.1007,1.507
1965-10-01,2.852555513381958,5.705111,22.17483615875244,0.0,44.6245,0.7931
1965-10-02,0.1403374671936035,0.28067493,23.37962055206299,0.0,43.3901,0.7645
1965-10-03,0.644013524055481,1.288027,23.57146644592285,0.0,42.386,0.8161
1965-10-04,26.508975982666016,53.017952,20.03575134277344,0.0,53.4082,8.4909
1965-10-05,3.095089673995972,6.1901793,21.35019493103028,0.0,48.6996,0.8842
1965-10-06,7.785372734069824,15.570745,19.924880981445312,0.0,49.8453,2.8721
1965-10-07,1.8709337711334229,3.7418675,19.469911575317383,0.0,47.7704,0.7568
1965-10-08,10.047420024871826,20.094841,17.326836585998535,0.0,50.6234,4.3433
1965-10-09,0.9041728377342224,1.8083457,18.24790573120117,0.0,47.929,0.7548
1965-10-10,0.0,0.0,20.20673370361328,0.0,46.2835,0.7542
1965-10-11,0.4551863670349121,0.91037273,21.219709396362305,0.0,45.3653,0.7887
1965-10-12,0.6545067727565765,1.3090136,21.536763191223145,0.0,44.6865,0.7526
1965-10-13,0.2062063217163086,0.41241264,21.130162239074707,0.0,43.8642,0.756
1965-10-14,1.9154518842697144,3.8309038,19.306129455566406,0.0,43.4124,0.7507
1965-10-15,0.0413238406181335,0.08264768,15.379491806030272,0.0,42.6744,0.7496
1965-10-16,0.0,0.0,16.30548095703125,0.0,41.9178,0.7485
1965-10-17,0.0,0.0,16.856364250183105,0.0,41.1688,0.7473
1965-10-18,0.0066491365432739,0.013298273,14.946820735931396,0.0,40.5213,0.7461
1965-10-19,0.0692969560623169,0.13859391,13.601745128631592,0.0,39.8115,0.7448
1965-10-20,0.0067885518074035,0.013577104,13.866958618164062,0.0,39.0649,0.7435
1965-10-21,0.0287971198558807,0.05759424,13.86108684539795,0.0,38.2336,0.7423
1965-10-22,0.2184911966323852,0.4369824,14.717286586761476,0.0,37.5841,0.7433
1965-10-23,0.2044571638107299,0.40891433,16.172553062438965,0.0,37.1715,0.7396
1965-10-24,0.1149467229843139,0.22989345,16.145198345184326,0.0,36.7498,0.7396999999999999
1965-10-25,3.1798665523529053,6.359733,15.303276538848875,0.0,38.2874,1.3563
1965-10-26,1.932972311973572,3.8659446,16.759325981140137,0.0,38.395,0.789
1965-10-27,8.737184047698975,17.47437,17.973041534423828,0.0,43.225,2.7291
1965-10-28,5.371022701263428,10.742045,18.43131351470948,0.0,46.0506,2.1926
1965-10-29,18.99047374725341,37.98095,19.270458221435547,0.0,52.3308,6.3572
1965-10-30,8.898114681243896,17.79623,19.47448253631592,0.0,50.595,3.2749
1965-10-31,0.0050123929977416,0.010024786,18.54493522644043,0.0,47.667,0.73
1965-11-01,0.0,0.0,19.74424648284912,0.0,46.1921,0.7295
1965-11-02,2.9465752840042114,5.8931503,20.798901557922363,0.0,46.7094,1.6911
1965-11-03,5.395296573638916,10.790593,17.34997272491455,0.0,47.8,1.9003
1965-11-04,0.2189453691244125,0.43789074,18.1547269821167,0.0,46.4883,0.7275
1965-11-05,0.0157083272933959,0.031416655,18.47731685638428,0.0,45.5001,0.7268
1965-11-06,0.1003129780292511,0.20062596,19.55300521850586,0.0,44.6933,0.726
1965-11-07,0.2122261524200439,0.4244523,19.297804832458496,0.0,43.9003,0.7267
1965-11-08,0.0750051736831665,0.15001035,20.23026657104492,0.0,43.1012,0.7241
1965-11-09,0.2654679417610168,0.5309359,18.41112327575684,0.0,42.6591,0.8186
1965-11-10,0.0,0.0,14.909533977508543,0.0,42.0877,0.722
1965-11-11,1.040639966726303,2.08128,15.302252292633057,0.0,42.402,1.0214
1965-11-12,1.976743221282959,3.9534864,16.193071842193604,0.0,42.5437,0.8402000000000001
1965-11-13,3.1519155502319336,6.303831,17.44439125061035,0.0,43.6958,1.3262
1965-11-14,0.0633286237716674,0.12665725,18.901650428771973,0.0,43.1378,0.7174
1965-11-15,0.0076298713684082,0.015259743,19.223731994628903,0.0,42.4094,0.7163
1965-11-16,0.0638856887817382,0.12777138,20.94999122619629,0.0,41.5752,0.7151
1965-11-17,4.797972917556763,9.595945,18.439866065979004,0.0,43.8232,1.9689
1965-11-18,5.009932994842529,10.019866,18.22900009155273,0.0,44.6271,1.2426
1965-11-19,6.1381120681762695,12.276224,17.62766933441162,0.0,46.4942,1.8892
1965-11-20,21.58045768737793,43.160915,15.655673027038574,0.0,52.6955,7.5438
1965-11-21,0.0019082278013229,0.0038164556,13.141729831695557,0.0,48.3034,0.7096
1965-11-22,0.0204073190689086,0.04081464,13.529478073120115,0.0,46.8702,0.7093
1965-11-23,0.1321615576744079,0.26432312,16.922855377197266,0.0,45.9185,0.7089
1965-11-24,9.773206949234009,19.546413,16.652376174926758,0.0,49.7026,3.991
1965-11-25,2.065208554267884,4.130417,13.605056285858154,0.0,47.7102,0.7135
1965-11-26,0.0,0.0,8.874062538146973,0.0,46.4536,0.7075
1965-11-27,0.0067096948623657,0.01341939,7.484663963317871,0.0,45.5776,0.7071
1965-11-28,0.1217461824417114,0.24349236,10.377299785614014,0.0,44.8774,0.7073
1965-11-29,0.0644465088844299,0.12889302,10.019337177276611,0.0,44.2752,0.7058
1965-11-30,0.1361865997314453,0.2723732,8.292849063873291,0.0,43.7648,0.7061999999999999
1965-12-01,0.0918498635292053,0.18369973,6.344074964523315,0.0,43.3878,0.7098
1965-12-02,0.0525085926055908,0.105017185,7.945072650909424,0.0,42.9683,0.7031
1965-12-03,0.1290968656539917,0.25819373,10.227334022521973,0.0,42.5172,0.7022
1965-12-04,0.0556528866291046,0.11130577,13.212878704071043,0.0,42.0425,0.7011
1965-12-05,2.6002830266952515,5.2005663,13.360014915466309,0.0,43.2571,1.4550999999999998
1965-12-06,1.774392008781433,3.548784,9.66426706314087,0.0,43.4291,0.8655999999999999
1965-12-07,6.643742322921753,13.287485,9.590857028961182,0.0,46.6657,2.5068
1965-12-08,0.2319725155830383,0.46394503,9.290082454681396,0.0,45.9213,0.6968
1965-12-09,0.0761738419532775,0.15234768,10.61063528060913,0.0,45.24,0.6965
1965-12-10,3.003583550453186,6.007167,11.721702098846436,0.0,46.0462,1.3909
1965-12-11,4.543058633804321,9.086117,11.84601879119873,0.0,46.764,1.4361000000000002
1965-12-12,0.2543169260025024,0.50863385,7.967404365539551,0.0,45.8353,0.6926
1965-12-13,0.8066695928573608,1.6133392,8.417528629302979,0.0,45.5463,0.8939
1965-12-14,2.659754514694214,5.319509,11.754778385162354,0.0,46.0524,1.2174
1965-12-15,2.0802523493766785,4.160505,10.898009777069092,0.0,45.7421,0.8135
1965-12-16,3.521783709526062,7.0435677,6.0693559646606445,0.0,46.6784,1.4824
1965-12-17,0.6032982170581818,1.2065964,2.9338483810424805,0.0,46.0636,0.7318
1965-12-18,0.5731746852397919,1.1463494,2.2674930095672607,0.0,45.639,0.7376
1965-12-19,2.266178548336029,4.532357,4.686185359954834,0.0,46.0913,1.2064
1965-12-20,1.1557141542434692,2.3114283,8.58556079864502,0.0,45.603,0.6985
1965-12-21,2.07991111278534,4.1598225,11.902921676635742,0.0,45.7608,1.0441
1965-12-22,2.4268888235092163,4.853778,15.599703311920166,0.0,45.3868,0.7341
1965-12-23,1.8548468351364136,3.7096937,16.586885452270508,0.0,45.1265,0.8399
1965-12-24,2.4915302991867065,4.983061,7.996595621109009,0.0,45.3944,1.1603
1965-12-25,0.022066593170166,0.044133186,4.675626754760742,0.0,44.9692,0.68
1965-12-26,3.838639259338379,7.6772785,5.378288745880127,0.0,46.6965,1.9106
1965-12-27,0.3438459634780884,0.6876919,5.208694934844971,0.0,46.0357,0.678
1965-12-28,0.6128494739532471,1.225699,7.0754454135894775,0.0,45.6235,0.7727
1965-12-29,4.420206069946289,8.840412,7.453571319580078,0.0,47.2527,1.9646
1965-12-30,1.9217872619628904,3.8435745,5.676046848297119,0.0,46.4567,0.6980000000000001
1965-12-31,0.0101951360702514,0.020390272,1.7518930435180664,0.0,45.8733,0.7582
1966-01-01,0.0502859354019165,0.10057187,2.202784299850464,0.0,45.3149,0.6859999999999999
1966-01-02,0.2059500813484192,0.41190016,4.490663051605225,0.0,44.8764,0.6989
1966-01-03,0.2062435150146484,0.41248703,8.435460567474365,0.0,44.3728,0.6716
1966-01-04,0.2389998435974121,0.4779997,5.206978797912598,0.0,44.0163,0.6935
1966-01-05,0.0282474756240844,0.05649495,7.003936767578125,0.0,43.6018,0.6718
1966-01-06,0.054164171218872,0.10832834,6.709686279296875,0.0,43.221,0.6704
1966-01-07,0.2522201538085937,0.5044403,8.227885484695435,0.0,42.8709,0.6738999999999999
1966-01-08,0.1414817571640014,0.2829635,10.02048110961914,0.0,42.4699,0.6666
1966-01-09,0.1431122720241546,0.28622454,12.469470024108888,0.0,42.0583,0.6669999999999999
1966-01-10,0.3058045506477356,0.6116091,13.429488182067873,0.0,41.6149,0.6644
1966-01-11,0.0,0.0,14.367147445678713,0.0,40.9914,0.6633
1966-01-12,0.042324423789978,0.08464885,16.707490921020508,0.0,40.3622,0.6622
1966-01-13,0.7946256995201111,1.5892514,16.3306941986084,0.0,39.7471,0.6611
1966-01-14,1.343546986579895,2.687094,10.177658081054688,0.0,40.1802,1.0056
1966-01-15,1.560049593448639,3.120099,10.0510892868042,0.0,40.3672,0.7628999999999999
1966-01-16,4.6070876121521,9.214175,12.41741943359375,0.0,42.1499,1.4841
1966-01-17,7.675053834915161,15.350107,12.396166801452637,0.0,45.8935,2.5429
1966-01-18,7.012965679168701,14.025931,12.00747013092041,0.0,48.1769,2.3758
1966-01-19,0.2162738442420959,0.4325477,9.355870723724363,0.0,46.8268,0.6542
1966-01-20,3.3807893991470337,6.7615786,7.294311285018921,0.0,47.8029,1.7757
1966-01-21,0.2040414810180664,0.40808296,7.171417951583862,0.0,46.6973,0.652
1966-01-22,4.1362693309783936,8.272539,8.204034090042114,0.0,48.0705,2.0277000000000003
1966-01-23,0.3947103023529053,0.7894206,9.899993419647217,0.0,46.8682,0.6501
1966-01-24,0.2004562020301818,0.4009124,10.063311576843262,0.0,46.0172,0.6538
1966-01-25,2.377245545387268,4.754491,8.523333072662354,0.0,45.8761,0.8946000000000001
1966-01-26,1.5710813403129578,3.1421628,7.273376941680908,0.0,45.6425,0.7891
1966-01-27,5.795213222503662,11.590426,5.094750165939331,0.0,47.7312,2.2541
1966-01-28,5.137421369552612,10.274843,2.834016799926758,0.0,48.8075,2.2514
1966-01-29,0.0263646841049194,0.05272937,4.947591781616211,0.0,47.2724,0.671
1966-01-30,0.0060696005821228,0.012139201,8.783660888671875,0.0,46.2197,0.6441
1966-01-31,0.3271322250366211,0.65426445,9.713947772979736,0.0,45.4322,0.6561
1966-02-01,1.7730180025100708,3.546036,14.198161602020264,0.0,44.9891,0.6502
1966-02-02,4.59137761592865,9.182755,16.206324577331543,0.0,46.7453,2.1497
1966-02-03,0.5590590238571167,1.118118,14.035238265991213,0.0,45.7441,0.6411
1966-02-04,7.663126945495605,15.326254,11.1555495262146,0.0,48.883,3.2904
1966-02-05,2.6494953632354736,5.2989907,9.138211250305176,0.0,47.4148,0.6807
1966-02-06,0.9961891174316406,1.9923782,8.265317916870117,0.0,46.4132,0.6805
1966-02-07,0.0,0.0,9.12929630279541,0.0,45.4622,0.638
1966-02-08,1.441325545310974,2.882651,11.218052864074709,0.0,45.3651,1.0384
1966-02-09,0.3727426528930664,0.7454853,13.436607837677002,0.0,44.6183,0.6364
1966-02-10,0.6388576030731201,1.2777152,16.23168659210205,0.0,43.871,0.7550000000000001
1966-02-11,4.537168025970459,9.074336,14.046730518341064,0.0,43.555,0.6573
1966-02-12,10.861164569854736,21.722328,5.7425596714019775,0.0,49.384,4.3847
1966-02-13,8.61220121383667,17.224403,4.771376132965088,0.0,50.2738,3.2872
1966-02-14,0.0,0.0,4.436117649078369,0.0,47.7666,0.6322
1966-02-15,1.1873077154159546,2.3746154,7.3867223262786865,0.0,46.7505,0.7391000000000001
1966-02-16,0.0868549346923828,0.17370987,12.531288623809814,0.0,45.8123,0.6312
1966-02-17,5.968618273735046,11.937237,13.166523456573486,0.0,47.8549,2.552
1966-02-18,9.096072673797607,18.192146,12.464726448059082,0.0,49.9619,3.5178000000000003
1966-02-19,0.0,0.0,12.544419288635254,0.0,47.5286,0.6297
1966-02-20,0.0,0.0,15.907149314880373,0.0,46.1294,0.6294
1966-02-21,1.8621108531951904,3.7242217,17.010796546936035,0.0,45.9588,1.1877
1966-02-22,1.1059008240699768,2.2118015,10.366357326507568,0.0,45.2018,0.6284
1966-02-23,0.0,0.0,3.5218656063079834,0.0,44.7269,0.6278
1966-02-24,1.236150860786438,2.4723017,3.7153594493865967,0.0,44.5373,0.7073
1966-02-25,13.559524536132812,27.11905,5.844262361526489,0.0,50.6564,5.427700000000001
1966-02-26,14.276460647583008,28.552921,7.6343629360198975,0.0,51.6328,6.0722
1966-02-27,0.0,0.0,9.986671447753906,0.0,48.097,0.6263
1966-02-28,0.0,0.0,11.881673812866213,0.0,46.6217,0.6272
1966-03-01,0.4416718482971191,0.8833437,16.422767639160156,0.0,45.5081,0.6675000000000001
1966-03-02,0.0387136936187744,0.07742739,19.179420471191406,0.0,44.4823,0.6276
1966-03-03,0.0,0.0,19.215829849243164,0.0,43.4562,0.6273
1966-03-04,0.8779878616333008,1.7559757,20.00066471099853,0.0,42.9401,0.8243
1966-03-05,0.0597999095916748,0.11959982,18.725866317749023,0.0,42.163,0.626
1966-03-06,0.1661838293075561,0.33236766,21.709903717041016,0.0,41.2754,0.6268
1966-03-07,2.87699830532074,5.753997,18.87374496459961,0.0,40.5887,0.6243
1966-03-08,6.744608163833618,13.489216,6.81199312210083,0.0,44.2452,2.7028
1966-03-09,5.522423982620239,11.0448475,6.27916407585144,0.0,46.4544,2.0793
1966-03-10,3.237568497657776,6.4751368,7.651042222976685,0.0,46.975,1.4
1966-03-11,0.9154317378997804,1.8308635,11.748196125030518,0.0,45.9433,0.6205
1966-03-12,0.2753067016601562,0.5506134,15.139822006225586,0.0,44.8296,0.6263000000000001
1966-03-13,0.4632494449615478,0.9264989,17.466249465942383,0.0,43.7977,0.6187
1966-03-14,0.0587077140808105,0.11741543,19.573225021362305,0.0,42.6625,0.6182
1966-03-15,2.104050874710083,4.2081017,17.87674331665039,0.0,42.1836,0.6842
1966-03-16,0.3169310092926025,0.633862,15.738000869750977,0.0,41.2871,0.6204
1966-03-17,18.737063884735107,37.47413,16.23909091949463,0.0,50.9779,6.8103
1966-03-18,17.984046936035156,35.968094,14.287699222564695,0.0,51.7323,5.6841
1966-03-19,0.4373788833618164,0.87475777,9.141636848449709,0.0,48.0942,0.6138
1966-03-20,15.14915132522583,30.298302,7.436439990997314,0.0,51.7361,6.8629
1966-03-21,0.4602346420288086,0.9204693,14.323228359222412,0.0,48.0755,0.6149
1966-03-22,20.305540084838867,40.61108,18.54437160491944,0.0,52.1513,9.2668
1966-03-23,9.794282913208008,19.588566,14.770393371582031,0.0,50.1319,3.6041
1966-03-24,0.2859978675842285,0.57199574,14.221137046813965,0.0,47.5361,0.6216
1966-03-25,14.044835567474363,28.089672,10.904573917388916,0.0,51.2292,7.2403
1966-03-26,0.8308882713317871,1.6617765,10.303114891052246,0.0,48.1233,0.6261
1966-03-27,1.123133897781372,2.2462678,11.58290672302246,0.0,47.1387,1.0482
1966-03-28,0.1441049575805664,0.28820992,12.63284158706665,0.0,46.0563,0.6299
1966-03-29,0.0265932083129882,0.053186417,12.476236343383787,0.0,45.1685,0.6307
1966-03-30,1.5307838916778564,3.0615678,9.572190284729004,0.0,45.0118,0.8748
1966-03-31,9.455998420715332,18.911997,11.697957515716553,0.0,48.4755,3.749
1966-04-01,0.0108852386474609,0.021770477,13.75990343093872,0.0,46.8652,0.6311
1966-04-02,0.0,0.0,15.256169319152832,0.0,45.6502,0.631
1966-04-03,0.2784690856933594,0.5569382,19.593636512756348,0.0,44.4662,0.6366
1966-04-04,36.6412410736084,73.282486,15.0243182182312,0.0,53.5708,14.2294
1966-04-05,6.853560447692871,13.707121,10.397632598876951,0.0,49.6923,2.7088
1966-04-06,1.161235809326172,2.3224716,15.127058029174805,0.0,47.4433,0.6357
1966-04-07,0.873572587966919,1.7471452,19.25584125518799,0.0,46.2046,0.9687
1966-04-08,8.148266553878784,16.296534,19.43235683441162,0.0,47.5866,2.399
1966-04-09,0.9398739337921144,1.8797479,20.69668292999268,0.0,46.1079,0.64
1966-04-10,0.2137873172760009,0.42757463,18.94823932647705,0.0,44.9527,0.6435
1966-04-11,16.06042194366455,32.120842,15.212749004364014,0.0,50.8701,6.7434
1966-04-12,0.7613983154296875,1.5227966,15.066701412200928,0.0,47.9775,0.6404
1966-04-13,1.713422775268555,3.4268456,18.16219711303711,0.0,46.8865,1.157
1966-04-14,11.473358631134031,22.946716,17.78667449951172,0.0,50.2129,4.937900000000001
1966-04-15,0.0875777006149292,0.1751554,19.850027084350582,0.0,47.4275,0.6417
1966-04-16,10.71022129058838,21.420443,14.202057361602783,0.0,50.2984,5.4868
1966-04-17,16.638587951660156,33.277176,12.31198263168335,0.0,51.7213,7.8012
1966-04-18,22.86805248260498,45.736107,12.750320434570312,0.0,52.2737,12.0681
1966-04-19,0.7633481025695801,1.5266962,16.456541061401367,0.0,48.1728,0.6545
1966-04-20,2.197619915008545,4.39524,20.359192848205566,0.0,47.105,1.5496
1966-04-21,1.7907054424285889,3.581411,20.80722427368164,0.0,45.968,0.6632
1966-04-22,24.47785186767578,48.955704,20.98757076263428,0.0,52.3876,11.8073
1966-04-23,1.842700481414795,3.685401,21.51699542999268,0.0,48.1654,0.6667
1966-04-24,2.648192524909973,5.296385,21.5360746383667,0.0,47.2024,1.5576
1966-04-25,9.071596384048462,18.143192,22.14930629730225,0.0,47.4564,1.7471
1966-04-26,36.62818717956543,73.25638,20.51973342895508,0.0,53.3682,16.9508
1966-04-27,15.841629981994627,31.68326,21.35160446166992,0.0,50.7713,7.0514
1966-04-28,0.6305112838745117,1.2610226,22.16301727294922,0.0,47.6338,0.6897
1966-04-29,0.5930793285369873,1.1861587,22.19612503051757,0.0,46.1236,0.7928999999999999
1966-04-30,48.146575927734375,96.29315,19.297243118286133,0.0,54.039,25.0912
1966-05-01,0.3402156829833984,0.68043137,19.490280151367188,0.0,48.3231,0.7107
1966-05-02,9.634101629257202,19.268204,17.29830265045166,0.0,49.7399,5.4015
1966-05-03,3.3394312858581543,6.6788626,15.998652935028076,0.0,47.7353,0.7285
1966-05-04,0.4849457740783691,0.96989155,17.237502098083496,0.0,46.0891,0.728
1966-05-05,0.2459139823913574,0.49182796,18.822928428649902,0.0,44.7384,0.7281
1966-05-06,0.0681734085083007,0.13634682,18.76875877380371,0.0,43.7738,0.7276
1966-05-07,0.0,0.0,20.742934226989743,0.0,42.5333,0.7273
1966-05-08,0.1758813858032226,0.35176277,20.357108116149902,0.0,41.4634,0.7268
1966-05-09,0.8329310417175293,1.6658621,22.12287712097168,0.0,40.5466,0.7257
1966-05-10,0.4926116466522217,0.9852233,24.94291591644287,0.0,39.7019,0.734
1966-05-11,3.772643566131592,7.545287,25.43275737762451,0.0,39.5658,0.7413000000000001
1966-05-12,11.431112289428713,22.862225,25.400251388549805,0.0,45.1985,4.2487
1966-05-13,5.897228002548218,11.7944565,25.085253715515137,0.0,45.0587,1.0121
1966-05-14,17.11922597885132,34.238453,24.96947479248047,0.0,50.3466,5.2149
1966-05-15,34.23736572265625,68.47473,21.68682861328125,0.0,53.3441,13.2427
1966-05-16,1.7180137634277344,3.4360275,18.98856544494629,0.0,48.3439,0.7214
1966-05-17,13.08998680114746,26.179974,15.439364910125732,0.0,50.8086,6.8033
1966-05-18,8.562079906463623,17.12416,14.37584400177002,0.0,49.7039,3.3005
1966-05-19,4.055781483650208,8.111563,16.85796356201172,0.0,48.1233,1.2459
1966-05-20,0.1538953781127929,0.30779076,19.05949115753174,0.0,46.395,0.7322
1966-05-21,1.0757904052734375,2.1515808,19.3965368270874,0.0,45.2619,0.9799
1966-05-22,0.0,0.0,19.406221389770508,0.0,43.8723,0.7335
1966-05-23,0.0890836715698242,0.17816734,20.01009082794189,0.0,42.6997,0.7331
1966-05-24,0.078460693359375,0.15692139,20.16450595855713,0.0,41.698,0.7323
1966-05-25,0.0428113937377929,0.08562279,18.626426696777344,0.0,40.7009,0.7314
1966-05-26,0.909254550933838,1.8185091,16.823286056518555,0.0,39.8397,0.7303
1966-05-27,0.4114508628845215,0.8229017,18.376876831054688,0.0,38.8494,0.7554
1966-05-28,0.2419462203979492,0.48389244,21.71185302734375,0.0,37.9208,0.728
1966-05-29,4.829281091690064,9.658562,23.02468967437744,0.0,40.5444,2.3722
1966-05-30,6.308835506439209,12.617671,23.42660427093506,0.0,40.9999,1.0023
1966-05-31,21.3247127532959,42.649426,23.395198822021484,0.0,50.4526,6.4887
1966-06-01,42.45290946960449,84.90582,22.65127754211425,0.0,54.2793,18.5651
1966-06-02,82.28385925292969,164.56772,21.30921745300293,0.0,53.8594,56.6529
1966-06-03,13.842897415161133,27.685795,19.82250690460205,0.0,50.5404,8.7486
1966-06-04,1.9682228565216064,3.9364457,22.20076465606689,0.0,47.7299,0.7625
1966-06-05,0.0,0.0,21.996620178222656,0.0,45.7726,0.7679
1966-06-06,0.4924969673156738,0.98499393,23.000486373901367,0.0,44.467,0.7953
1966-06-07,2.755223274230957,5.5104465,21.41089153289795,0.0,43.9702,0.7697
1966-06-08,5.978847026824951,11.957694,19.69395351409912,0.0,46.4753,3.1711
1966-06-09,3.927987575531006,7.855975,21.412333488464355,0.0,46.0739,0.9516
1966-06-10,2.2706494331359863,4.541299,21.37002182006836,0.0,45.3614,0.7688
1966-06-11,3.1236281394958496,6.2472563,18.824482917785645,0.0,46.0852,1.9365
1966-06-12,14.208909034729004,28.417818,17.730751991271973,0.0,50.9867,6.3517
1966-06-13,19.59784412384033,39.195686,18.965740203857425,0.0,51.9924,8.7664
1966-06-14,7.302935600280762,14.605871,22.2415418624878,0.0,49.3709,2.5623
1966-06-15,16.444641590118408,32.889282,23.177471160888672,0.0,51.0007,7.1249
1966-06-16,41.14662551879883,82.29325,22.20946979522705,0.0,53.2964,24.0832
1966-06-17,3.894787788391113,7.7895756,23.54228401184082,0.0,48.5265,0.7982
1966-06-18,7.521425247192383,15.0428505,24.105896949768063,0.0,48.8565,4.0103
1966-06-19,20.893688201904297,41.787376,22.427988052368164,0.0,51.4529,8.5762
1966-06-20,7.276484727859497,14.552969,22.56931972503662,0.0,49.0221,2.1951
1966-06-21,4.71092700958252,9.421854,23.14836883544922,0.0,47.5239,0.9496
1966-06-22,9.394121170043944,18.788242,21.97875595092773,0.0,49.4508,4.5663
1966-06-23,0.908193826675415,1.8163877,23.612021446228027,0.0,47.3731,0.8266
1966-06-24,1.669001579284668,3.3380032,23.9569034576416,0.0,46.3674,1.3351
1966-06-25,6.244056701660156,12.488113,24.861374855041504,0.0,45.7254,0.8296
1966-06-26,12.838543891906738,25.677088,24.65799236297608,0.0,49.5527,5.7147
1966-06-27,9.915554523468018,19.831108,24.176501274108887,0.0,49.2037,2.7489
1966-06-28,5.832059144973755,11.664118,25.502517700195312,0.0,47.7354,1.0674
1966-06-29,2.0279409885406494,4.055882,27.09324741363525,0.0,46.2819,0.8565999999999999
1966-06-30,2.0281039476394653,4.0562077,26.50075340270996,0.0,45.6184,1.496
1966-07-01,47.03017807006836,94.060356,23.045504570007324,0.0,54.1906,22.4915
1966-07-02,12.359103202819824,24.718206,24.44309139251709,0.0,50.1626,5.1281
1966-07-03,21.127768516540527,42.25554,24.08178806304932,0.0,51.5407,10.1914
1966-07-04,43.52319145202637,87.04639,23.289167404174805,0.0,52.9881,24.1276
1966-07-05,10.57985496520996,21.15971,24.827576637268063,0.0,49.7412,4.372
1966-07-06,0.7958104610443115,1.5916209,26.487956047058105,0.0,47.269,0.8776
1966-07-07,2.769000887870789,5.538002,26.38052654266357,0.0,46.6293,1.9291
1966-07-08,1.5022343397140503,3.0044687,24.779024124145508,0.0,45.7936,0.8796
1966-07-09,2.00482314825058,4.0096464,25.36169815063477,0.0,45.5173,1.6326
1966-07-10,0.0,0.0,26.724077224731445,0.0,44.2143,0.8765
1966-07-11,0.6304118633270264,1.2608237,27.17917823791504,0.0,42.998,0.9081
1966-07-12,19.10714340209961,38.214287,26.190842628479004,0.0,48.602,5.0222
1966-07-13,6.611020803451538,13.222042,24.3596715927124,0.0,47.9691,1.616
1966-07-14,0.5262660980224609,1.0525322,25.80102729797364,0.0,46.1796,0.8682
1966-07-15,0.0244605541229248,0.04892111,26.267943382263184,0.0,44.7213,0.8651
1966-07-16,0.6116222143173218,1.2232444,26.8296012878418,0.0,43.5595,0.8617
1966-07-17,0.8864436745643616,1.7728873,27.18156147003174,0.0,42.5579,0.9483
1966-07-18,0.6534897089004517,1.3069794,28.002842903137207,0.0,41.5826,0.8581000000000001
1966-07-19,0.5983568429946899,1.1967137,27.83602333068848,0.0,40.5506,0.8562
1966-07-20,3.4411427974700928,6.8822856,27.83387660980225,0.0,40.289,0.9649
1966-07-21,0.9577114582061768,1.9154229,26.52158737182617,0.0,39.6264,0.9704
1966-07-22,0.9833307266235352,1.9666615,26.948596954345703,0.0,38.7406,0.8476
1966-07-23,0.4298654794692993,0.85973096,26.921846389770508,0.0,37.6924,0.8425
1966-07-24,0.1880046129226684,0.37600923,27.87545394897461,0.0,36.6346,0.837
1966-07-25,4.927749633789063,9.855499,26.657357215881348,0.0,38.6908,2.053
1966-07-26,1.6549323797225952,3.3098648,25.312325477600098,0.0,38.0072,0.8333
1966-07-27,1.370037317276001,2.7400746,25.973530769348145,0.0,37.5232,1.0545
1966-07-28,2.9696414470672607,5.939283,26.378539085388184,0.0,37.1632,0.8301
1966-07-29,6.091582775115967,12.183166,26.03936195373535,0.0,40.3982,2.3646000000000003
1966-07-30,0.1658422946929931,0.3316846,26.076699256896973,0.0,39.0217,0.8269
1966-07-31,0.4276268482208252,0.8552537,26.860079765319824,0.0,38.1717,0.8253
1966-08-01,0.4218654632568359,0.8437309,27.68051815032959,0.0,37.4454,0.8237
1966-08-02,0.3836970329284668,0.76739407,28.230587005615234,0.0,36.7404,0.8559
1966-08-03,0.2169932126998901,0.43398643,28.22631549835205,0.0,36.0366,0.8207
1966-08-04,0.6464041471481323,1.2928083,27.84034442901612,0.0,35.6791,0.9325
1966-08-05,0.0,0.0,28.093552589416504,0.0,35.1352,0.8176
1966-08-06,0.372589111328125,0.7451782,28.0848388671875,0.0,34.864,0.816
1966-08-07,0.1213686466217041,0.2427373,28.33634757995605,0.0,34.6354,0.8145
1966-08-08,1.0864496231079102,2.1728992,28.397851943969727,0.0,34.6081,0.8779999999999999
1966-08-09,0.0145323276519775,0.029064655,28.0367374420166,0.0,34.2516,0.8114
1966-08-10,0.0,0.0,27.899178504943848,0.0,33.9833,0.8099
1966-08-11,1.5302993059158323,3.0605986,28.611608505249023,0.0,34.4583,1.0191
1966-08-12,0.3626978397369385,0.7253957,28.010422706604004,0.0,33.8768,0.8069
1966-08-13,5.2129065990448,10.425814,26.69087791442871,0.0,37.4371,1.966
1966-08-14,4.960423827171326,9.920848,25.88026714324951,0.0,37.2291,0.8038
1966-08-15,0.5327252149581909,1.0654504,27.136499404907227,0.0,36.503,0.8069000000000001
1966-08-16,0.6256489753723145,1.251298,27.92489719390869,0.0,35.8173,0.8008
1966-08-17,23.13614559173584,46.272293,25.41282081604004,0.0,51.3683,7.1778
1966-08-18,7.017308473587036,14.034616,24.08310604095459,0.0,49.896,2.0818
1966-08-19,33.54706001281738,67.09412,23.7879695892334,0.0,54.0193,11.5918
1966-08-20,4.431055545806885,8.862111,21.26316261291504,0.0,49.315,1.6367
1966-08-21,0.7899284362792969,1.5798569,22.47892665863037,0.0,47.0934,0.7938
1966-08-22,0.1701698303222656,0.34033966,22.32815456390381,0.0,45.5097,0.7927
1966-08-23,0.0846569538116455,0.16931391,22.69845199584961,0.0,44.205,0.7915
1966-08-24,0.8204536437988281,1.6409073,23.08754825592041,0.0,43.1434,0.8458
1966-08-25,0.1395773887634277,0.27915478,24.20368194580078,0.0,42.1526,0.789
1966-08-26,0.0422673225402832,0.084534645,25.876195907592773,0.0,41.1237,0.7877
1966-08-27,0.0624972581863403,0.12499452,25.27090740203857,0.0,40.1243,0.7863
1966-08-28,0.6403688192367554,1.2807376,25.554155349731445,0.0,39.14,0.7974
1966-08-29,4.500083208084106,9.000166,25.290361404418945,0.0,38.7766,0.7835
1966-08-30,6.719532251358032,13.439064,25.223361015319824,0.0,40.8873,2.1776
1966-08-31,0.8742332458496094,1.7484665,26.13094711303711,0.0,39.7793,0.7807
1966-09-01,1.0459232330322266,2.0918465,25.84114456176757,0.0,38.8697,1.0502
1966-09-02,2.807455897331238,5.614912,25.68410301208496,0.0,38.3778,0.7778
1966-09-03,25.2685604095459,50.53712,23.05801010131836,0.0,52.3762,8.787700000000001
1966-09-04,38.58424758911133,77.168495,23.720145225524902,0.0,54.3015,16.5102
1966-09-05,2.7239303588867188,5.4478607,24.03221702575684,0.0,48.4653,0.7773
1966-09-06,0.0,0.0,24.286147117614743,0.0,46.6019,0.7798
1966-09-07,7.248239755630493,14.496479,22.1240463256836,0.0,48.0966,2.9135
1966-09-08,0.0930380821228027,0.18607616,22.242588996887207,0.0,46.5722,0.7807
1966-09-09,1.750452756881714,3.5009055,23.6176118850708,0.0,46.0294,1.2765
1966-09-10,0.0284886360168457,0.056977272,23.400936126708984,0.0,44.9596,0.78
1966-09-11,0.1799192428588867,0.3598385,23.28431224822998,0.0,43.9118,0.7907
1966-09-12,0.1020648479461669,0.2041297,22.42390537261963,0.0,42.9713,0.7784
1966-09-13,0.7816179990768433,1.563236,21.664639472961422,0.0,42.2828,0.8829
1966-09-14,1.1865092515945437,2.3730185,21.58500576019287,0.0,41.9424,0.7763
1966-09-15,6.588629245758057,13.1772585,18.594518661499023,0.0,45.3759,2.854
1966-09-16,0.2265974879264831,0.45319498,18.57531452178955,0.0,44.5435,0.7739
1966-09-17,0.0,0.0,17.73583984375,0.0,43.3088,0.7727
1966-09-18,0.1116528511047363,0.2233057,17.8956880569458,0.0,42.312,0.7714
1966-09-19,0.0249735116958618,0.049947023,18.184783935546875,0.0,41.3678,0.7702
1966-09-20,0.3801279067993164,0.7602558,18.488152503967285,0.0,40.2897,0.7753
1966-09-21,0.0,0.0,19.17902660369873,0.0,38.8968,0.7675
1966-09-22,0.0,0.0,20.30502700805664,0.0,37.6101,0.7661
1966-09-23,0.0,0.0,19.66925048828125,0.0,36.6037,0.7647
1966-09-24,0.5906744003295898,1.1813488,17.880050659179688,0.0,35.984,0.7883
1966-09-25,1.213332176208496,2.4266644,16.31963539123535,0.0,35.5846,0.7619
1966-09-26,0.0,0.0,16.110546112060547,0.0,34.9698,0.7605
1966-09-27,0.2731362283229828,0.54627246,16.466293334960938,0.0,34.5818,0.7617
1966-09-28,0.0448777675628662,0.089755535,17.528396606445312,0.0,34.2828,0.7577
1966-09-29,0.1357671022415161,0.2715342,18.35880184173584,0.0,34.0533,0.7563
1966-09-30,0.4481093883514404,0.8962188,19.216761589050293,0.0,33.8826,0.7549
1966-10-01,0.1331757307052612,0.26635146,19.43005752563477,0.0,33.7346,0.7541
1966-10-02,0.1646994352340698,0.32939887,18.63425636291504,0.0,33.5711,0.7521
1966-10-03,0.0295193493366241,0.0590387,18.21298122406006,0.0,33.3962,0.7507
1966-10-04,0.9593212604522704,1.9186425,18.39194774627685,0.0,33.2433,0.7492
1966-10-05,0.2743712663650512,0.54874253,18.539344787597656,0.0,33.0979,0.749
1966-10-06,0.337520956993103,0.6750419,19.55949687957764,0.0,32.9476,0.7464
1966-10-07,0.0921711921691894,0.18434238,20.56731414794922,0.0,32.7964,0.7454
1966-10-08,0.0799182057380676,0.15983641,21.80649280548096,0.0,32.6356,0.7436
1966-10-09,0.1818814277648925,0.36376286,22.70416641235352,0.0,32.479,0.7432
1966-10-10,1.1885724067687988,2.3771448,23.508464813232425,0.0,32.5832,0.8223
1966-10-11,0.6964605152606964,1.392921,22.43587112426757,0.0,32.5067,0.7683
1966-10-12,0.0334626138210296,0.06692523,22.933895111083984,0.0,32.2405,0.738
1966-10-13,34.24277877807617,68.48556,18.87263870239257,0.0,53.402,9.2451
1966-10-14,24.45990753173828,48.919815,17.597381591796875,0.0,53.2386,8.3237
1966-10-15,0.5508804321289062,1.1017609,17.533945083618164,0.0,48.338,0.7339
1966-10-16,0.0,0.0,16.66380786895752,0.0,46.6778,0.7327
1966-10-17,0.0,0.0,17.457616806030273,0.0,45.5867,0.7315
1966-10-18,0.0073498487472534,0.0146996975,16.9901762008667,0.0,44.6763,0.7303
1966-10-19,0.0635155439376831,0.12703109,17.393603324890137,0.0,43.8813,0.7291
1966-10-20,0.0,0.0,17.852733612060547,0.0,43.0481,0.7278
1966-10-21,0.0975818634033203,0.19516373,18.13267421722412,0.0,42.4697,0.7273000000000001
1966-10-22,0.1869713068008422,0.3739426,17.254923820495605,0.0,41.8478,0.7253
1966-10-23,0.1465085744857788,0.29301715,17.836739540100098,0.0,41.1953,0.7249
1966-10-24,0.1262933015823364,0.2525866,19.16068935394287,0.0,40.6271,0.7227
1966-10-25,1.3035781383514404,2.6071563,20.22106170654297,0.0,40.5461,0.9567
1966-10-26,2.86076819896698,5.7215366,20.316875457763672,0.0,41.0827,0.9685
1966-10-27,3.193408489227295,6.386817,19.16426181793213,0.0,41.5188,0.9397
1966-10-28,0.8320380449295044,1.6640761,14.912659168243408,0.0,41.1603,0.7175
1966-10-29,0.004107654094696,0.008215308,13.43873405456543,0.0,40.4781,0.7162
1966-10-30,0.0,0.0,16.096989154815674,0.0,39.6186,0.7149
1966-10-31,0.0,0.0,17.01140022277832,0.0,38.632,0.7136
1966-11-01,0.0,0.0,14.62679147720337,0.0,37.8177,0.7122
1966-11-02,0.2550585865974426,0.5101172,11.698102951049805,0.0,37.2512,0.7133999999999999
1966-11-03,0.0385780334472656,0.07715607,11.780212879180908,0.0,36.8433,0.7096
1966-11-04,0.0166830420494079,0.033366084,13.905361652374268,0.0,36.4412,0.7083
1966-11-05,0.0029036998748779,0.0058073997,15.752964496612549,0.0,36.0834,0.707
1966-11-06,0.1075036823749542,0.21500736,16.43631362915039,0.0,35.6859,0.7064
1966-11-07,0.201418250799179,0.4028365,16.812088012695312,0.0,35.3875,0.7043
1966-11-08,0.0701559782028198,0.14031196,16.6244535446167,0.0,35.0338,0.703
1966-11-09,0.0,0.0,18.067927360534668,0.0,34.6658,0.7017
1966-11-10,0.0,0.0,18.85877799987793,0.0,34.3794,0.7004
1966-11-11,0.0,0.0,20.12229347229004,0.0,34.1353,0.6991
1966-11-12,0.2714518308639526,0.54290366,20.81153011322021,0.0,33.9956,0.7032999999999999
1966-11-13,0.0310989916324615,0.062197983,22.04807472229004,0.0,33.8103,0.6965
1966-11-14,25.749804496765137,51.49961,15.123936653137209,0.0,50.7157,7.4978
1966-11-15,0.0146877765655517,0.029375553,13.272267818450928,0.0,47.709,0.6939
1966-11-16,0.1116127967834472,0.2232256,16.943324089050293,0.0,46.0952,0.6936
1966-11-17,1.3908101916313171,2.7816205,15.282911777496338,0.0,45.3941,0.6976
1966-11-18,1.6450778245925903,3.2901556,13.335169315338137,0.0,45.2936,0.867
1966-11-19,0.5020304024219513,1.0040607,14.8834867477417,0.0,44.7365,0.6887
1966-11-20,5.548940181732178,11.09788,13.084259510040283,0.0,47.6913,2.3801
1966-11-21,0.0,0.0,10.806443214416504,0.0,46.338,0.6862
1966-11-22,0.0383211374282836,0.076642275,7.62874174118042,0.0,45.4262,0.6878
1966-11-23,0.1689104437828064,0.3378209,10.466378688812256,0.0,44.6019,0.6837
1966-11-24,0.0517524480819702,0.103504896,16.519058227539062,0.0,43.7491,0.6824
1966-11-25,0.0,0.0,14.772939205169678,0.0,43.0231,0.6812
1966-11-26,0.0,0.0,9.28801727294922,0.0,42.3407,0.6799
1966-11-27,0.0,0.0,10.2981219291687,0.0,41.6624,0.6786
1966-11-28,0.1033554077148437,0.20671082,15.299802780151367,0.0,41.0268,0.678
1966-11-29,0.0035302639007568,0.007060528,15.426474571228027,0.0,40.3707,0.6761
1966-11-30,0.1118528246879577,0.22370565,10.240918159484863,0.0,39.8485,0.6757000000000001
1966-12-01,0.0609534978866577,0.121906996,4.656901121139526,0.0,39.5663,0.6843
1966-12-02,0.0288509726524353,0.057701945,4.66074800491333,0.0,39.3388,0.6771
1966-12-03,0.0,0.0,7.517767906188965,0.0,39.0419,0.6711
1966-12-04,0.96534363925457,1.9306873,10.12972116470337,0.0,39.0909,0.8267
1966-12-05,8.302113056182861,16.604225,11.057936668395996,0.0,43.6641,2.4835
1966-12-06,0.0246205329895019,0.049241066,12.02134895324707,0.0,43.0231,0.6674
1966-12-07,4.526054620742798,9.052109,12.801827430725098,0.0,45.3411,1.9415
1966-12-08,0.2840902209281921,0.56818044,14.049992561340332,0.0,44.5769,0.6649
1966-12-09,7.99828839302063,15.996576,10.946719646453856,0.0,48.6793,3.0604
1966-12-10,0.5181241035461426,1.0362482,11.28838872909546,0.0,47.1418,0.6625
1966-12-11,0.0,0.0,13.582922458648682,0.0,45.9947,0.6613
1966-12-12,0.2104865908622741,0.42097318,14.819132804870604,0.0,45.0023,0.6601
1966-12-13,0.0,0.0,11.978839874267578,0.0,44.3554,0.6589
1966-12-14,2.050873577594757,4.101747,10.116246223449709,0.0,45.1757,1.2294
1966-12-15,7.218706846237183,14.437414,10.753276348114014,0.0,48.3372,2.5132
1966-12-16,2.365364789962769,4.7307296,11.77323865890503,0.0,47.6832,1.0325
1966-12-17,12.603719711303713,25.20744,12.621642589569092,0.0,51.3569,4.577
1966-12-18,5.760686635971069,11.521374,15.9995698928833,0.0,49.495,1.8907
1966-12-19,5.678696632385254,11.357393,17.16820240020752,0.0,49.2127,2.0653
1966-12-20,7.794347524642944,15.588696,15.68507194519043,0.0,49.846,2.9318
1966-12-21,0.3994059562683105,0.7988119,13.627362251281738,0.0,47.7146,0.6517
1966-12-22,2.599515676498413,5.1990314,12.239711284637451,0.0,47.7778,1.5522
1966-12-23,0.3872174918651581,0.774435,12.036730766296388,0.0,46.702,0.6514
1966-12-24,1.7054767608642578,3.4109535,13.242757797241213,0.0,46.6038,1.1818
1966-12-25,6.09516453742981,12.190329,10.275537967681885,0.0,47.5847,1.8704
1966-12-26,2.2596023082733154,4.5192046,3.99624252319336,0.0,46.8331,0.8048
1966-12-27,0.0669870376586914,0.13397408,2.609270572662353,0.0,46.1326,0.7114
1966-12-28,0.0694220662117004,0.13884413,2.9263710975646973,0.0,45.553,0.6819
1966-12-29,0.0,0.0,7.679812669754028,0.0,45.0011,0.649
1966-12-30,0.0731599330902099,0.14631987,10.376956939697266,0.0,44.4816,0.6488999999999999
1966-12-31,0.0101951360702514,0.020390272,12.560783863067629,0.0,43.9747,0.6477
1967-01-01,0.0376284718513488,0.07525694,5.150331497192383,0.0,43.6064,0.647
1967-01-02,0.1255545318126678,0.25110906,3.377157211303711,0.0,43.3455,0.6667
1967-01-03,0.1719131469726562,0.3438263,1.7412197589874268,0.0,43.1647,0.6817
1967-01-04,0.2278709411621093,0.45574188,1.7027673721313477,0.0,43.0038,0.6831999999999999
1967-01-05,0.0282474756240844,0.05649495,3.622570753097534,0.0,42.8142,0.6628
1967-01-06,2.4697279930114746,4.939456,6.414507865905762,0.0,43.9422,1.3946999999999998
1967-01-07,0.2458322048187255,0.4916644,7.695439577102661,0.0,43.6171,0.6417
1967-01-08,4.7997026443481445,9.599405,5.270931243896484,0.0,46.2531,2.362
1967-01-09,0.6226516664028168,1.2453034,3.732885837554932,0.0,45.7061,0.6398
1967-01-10,5.0162434577941895,10.032487,2.134295463562012,0.0404,47.549,2.1549
1967-01-11,1.6254261136054993,3.250852,1.5664448738098145,0.0171,47.2187,1.0855
1967-01-12,0.0741541981697082,0.1483084,1.210798740386963,0.0,46.4605,0.7467
1967-01-13,0.4396198987960815,0.8792398,2.841660737991333,0.0,45.8612,0.7026
1967-01-14,0.0,0.0,4.707324743270874,0.0,45.262,0.6355
1967-01-15,0.2963136434555053,0.5926273,4.491039991378784,0.0,44.8125,0.6486000000000001
1967-01-16,0.2427107095718383,0.48542142,-0.3901190757751465,0.0,44.5385,0.6876
1967-01-17,0.4561904668807983,0.91238093,0.3785595893859863,0.0,44.3069,0.7070000000000001
1967-01-18,0.0,0.0,2.431143283843994,0.0,43.8725,0.632
1967-01-19,0.0,0.0,4.937501907348633,0.0,43.3851,0.6311
1967-01-20,0.08987557888031,0.17975116,8.725103378295898,0.0,42.9932,0.6332
1967-01-21,0.1946544647216797,0.38930893,11.33558225631714,0.0,42.5331,0.6292
1967-01-22,0.4155749678611755,0.83114994,13.423888683319092,0.0,42.2646,0.6819
1967-01-23,3.776404023170471,7.552808,12.082006454467772,0.0,43.257,1.2015
1967-01-24,2.809686183929444,5.6193724,9.95695447921753,0.0,44.1543,1.1941
1967-01-25,0.3050128221511841,0.61002564,11.48902416229248,0.0,43.7459,0.6252
1967-01-26,0.0,0.0,13.051005840301514,0.0,43.1319,0.6242
1967-01-27,1.1598567962646484,2.3197136,15.4747314453125,0.0,43.2,0.9448
1967-01-28,3.753934860229492,7.5078697,15.809840202331545,0.0,43.3948,0.8078
1967-01-29,2.006654739379883,4.0133095,10.273735523223875,0.0,43.4087,0.7384999999999999
1967-01-30,1.5699883103370669,3.1399765,6.987002849578857,0.0,43.8175,0.9926
1967-01-31,0.2638392448425293,0.5276785,6.784465074539185,0.0,43.513,0.623
1967-02-01,13.903519630432127,27.80704,4.06877863407135,0.0,50.5131,5.311299999999999
1967-02-02,23.25810432434082,46.51621,1.582172155380249,1.9588,52.6794,8.769699999999998
1967-02-03,0.3702282905578613,0.7404566,3.320920944213867,0.981,49.064,1.4848
1967-02-04,0.0713666677474975,0.14273334,4.059727787971497,0.0299,47.744,1.1456
1967-02-05,0.1475913524627685,0.2951827,6.5044355392456055,0.0,46.4939,0.6459999999999999
1967-02-06,0.9880300760269164,1.9760602,7.457146406173706,0.0,45.7908,0.7092
1967-02-07,0.0,0.0,10.328463077545166,0.0,44.9704,0.6189
1967-02-08,2.399171233177185,4.7983427,12.987255573272703,0.0,45.4861,1.4167
1967-02-09,2.767094731330872,5.534189,13.192641735076904,0.0,45.4511,0.881
1967-02-10,15.177098751068115,30.354198,8.184437274932861,0.0,50.3623,5.4042
1967-02-11,2.048156440258026,4.096313,4.119122505187988,0.0,48.1015,0.7741
1967-02-12,1.6264933943748474,3.252987,4.162475347518921,0.0,47.2157,0.8988
1967-02-13,3.2053375244140625,6.410675,3.71505069732666,0.0,47.5026,1.6174
1967-02-14,2.5808544158935547,5.161709,2.1892035007476807,0.0336,47.3314,1.3095
1967-02-15,1.1440517902374268,2.2881036,1.176252841949463,0.0,46.7752,0.9541
1967-02-16,0.0,0.0,3.3680996894836426,0.0,45.9287,0.6333000000000001
1967-02-17,0.0,0.0,6.6977174282073975,0.0,45.3292,0.6196
1967-02-18,0.0,0.0,9.056135177612305,0.0,44.6364,0.6195
1967-02-19,0.0,0.0,11.100568771362305,0.0,43.9659,0.6192
1967-02-20,0.0,0.0,13.214963436126707,0.0,43.3045,0.6188
1967-02-21,1.7267099618911743,3.45342,15.775851249694824,0.0,43.4789,1.1512
1967-02-22,0.1232168674468994,0.24643373,18.175073623657227,0.0,42.7525,0.6174
1967-02-23,2.37175190448761,4.7435036,11.914418697357178,0.0,43.7352,1.528
1967-02-24,18.005475997924805,36.010952,6.614394187927246,0.0,51.5404,7.1463
1967-02-25,6.170241594314575,12.340483,5.530898332595825,0.0,49.849,2.69
1967-02-26,11.465149879455566,22.9303,4.119550943374634,0.0,51.0825,5.5911
1967-02-27,7.650474071502685,15.300948,3.768835067749024,0.0,50.2528,4.0807
1967-02-28,0.0,0.0,5.679573059082031,0.0,47.7993,0.6186
1967-03-01,0.3885352611541748,0.7770705,7.618126153945923,0.0,46.5681,0.6567000000000001
1967-03-02,0.0386055707931518,0.07721114,11.80665111541748,0.0,45.6021,0.6224
1967-03-03,16.419562339782715,32.839127,13.58442449569702,0.0,51.5013,8.2516
1967-03-04,21.098690032958984,42.19738,14.498039245605469,0.0,51.8788,9.1551
1967-03-05,20.321748733520508,40.643497,5.40880274772644,0.0,51.6536,10.011
1967-03-06,0.3268270492553711,0.6536541,4.604078769683838,0.0,48.2138,0.6704
1967-03-07,0.2417550086975097,0.48351002,5.518707752227783,0.0,46.8558,0.6879000000000001
1967-03-08,0.4304687976837158,0.8609376,5.811169147491455,0.0,46.0171,0.6691
1967-03-09,0.1273548603057861,0.25470972,9.548556327819824,0.0,45.2573,0.6523
1967-03-10,0.0719363689422607,0.14387274,11.420973300933838,0.0,44.5017,0.6547999999999999
1967-03-11,0.1302683353424072,0.26053667,9.654825687408447,0.0,43.8152,0.6537
1967-03-12,0.2875471115112304,0.5750942,12.322566032409668,0.0,43.0445,0.6601999999999999
1967-03-13,0.4570991992950439,0.9141984,14.083019733428957,0.0,42.3587,0.6533
1967-03-14,0.0156333446502685,0.03126669,16.13219451904297,0.0,41.5783,0.6527
1967-03-15,0.0,0.0,17.60395050048828,0.0,40.6798,0.6519
1967-03-16,0.286034345626831,0.5720687,18.364216804504395,0.0,39.8836,0.6559
1967-03-17,2.031196117401123,4.062392,18.26567554473877,0.0,39.429,0.6499
1967-03-18,0.4923114776611328,0.98462296,15.540081977844238,0.0,38.8289,0.6832
1967-03-19,6.191612958908081,12.383226,10.246099948883057,0.0,40.8898,1.7075
1967-03-20,4.050347805023193,8.100696,11.370094776153564,0.0,41.8193,1.1760000000000002
1967-03-21,2.718721866607666,5.4374437,13.345470428466797,0.0,41.8059,0.7009000000000001
1967-03-22,10.56993293762207,21.139866,12.672268390655518,0.0,47.3433,3.973
1967-03-23,5.563156604766846,11.126313,11.313313961029053,0.0,48.0258,1.9091
1967-03-24,0.5781329870223999,1.156266,11.822371006011965,0.0,46.6462,0.6426
1967-03-25,2.3287925720214844,4.657585,14.02105188369751,0.0,46.7565,1.4388
1967-03-26,2.193277657032013,4.386555,19.010613441467285,0.0,45.8004,0.6407
1967-03-27,1.0024573802947998,2.0049148,21.55952835083008,0.0,45.0616,0.9511
1967-03-28,8.27446460723877,16.54893,19.25467872619629,0.0,46.0016,1.4561000000000002
1967-03-29,0.0157611370086669,0.031522274,19.918017387390137,0.0,44.8394,0.6379
1967-03-30,0.3249235153198242,0.64984703,19.625408172607425,0.0,43.9669,0.6547000000000001
1967-03-31,33.00993537902832,66.01987,15.731913566589355,0.0,53.6368,12.0446
1967-04-01,22.03509521484375,44.07019,15.562235832214355,0.0,52.4193,9.9756
1967-04-02,0.0,0.0,17.998555183410645,0.0,48.1178,0.6394
1967-04-03,13.39459228515625,26.789185,16.926725387573242,0.0,50.9279,6.8041
1967-04-04,17.202115058898926,34.40423,12.746262550354004,0.0,51.3677,7.5151
1967-04-05,1.2975668907165527,2.5951338,11.551639080047607,0.0,48.1354,0.6508
1967-04-06,9.952139854431152,19.90428,13.560709953308104,0.0,50.0095,5.4334
1967-04-07,2.4410760402679443,4.882152,19.30570602416992,0.0,47.6074,0.6583
1967-04-08,0.202761173248291,0.40552235,22.316853523254395,0.0,45.9833,0.6627
1967-04-09,0.3360910415649414,0.6721821,23.616719245910645,0.0,44.7754,0.6616
1967-04-10,0.0482270717620849,0.09645414,24.023192405700684,0.0,43.5422,0.6618
1967-04-11,5.063823223114014,10.127646,19.1603422164917,0.0,45.3783,2.4564
1967-04-12,0.0610828399658203,0.12216568,18.292619705200195,0.0,44.3775,0.6609
1967-04-13,0.2577378749847412,0.51547575,18.67958068847656,0.0,43.4278,0.6665
1967-04-14,0.6246309280395508,1.2492619,16.75825595855713,0.0,42.9594,0.6594
1967-04-15,0.207987904548645,0.4159758,17.544455528259277,0.0,42.2534,0.6620999999999999
1967-04-16,0.1058137416839599,0.21162748,16.051488399505615,0.0,41.7269,0.6576
1967-04-17,0.0250306129455566,0.050061226,18.055344581604004,0.0,40.8367,0.6567
1967-04-18,0.0250146389007568,0.050029278,20.19717788696289,0.0,40.0045,0.6556
1967-04-19,20.55807113647461,41.116142,17.507956504821777,0.0,50.8928,7.7643
1967-04-20,2.459461212158203,4.9189224,17.78845500946045,0.0,47.8612,0.6536
1967-04-21,0.3218567371368408,0.6437135,17.643096923828125,0.0,46.1919,0.6567
1967-04-22,6.913985013961792,13.8279705,17.882365226745605,0.0,47.3098,1.8683
1967-04-23,14.62416934967041,29.248339,18.11632442474365,0.0,50.6083,4.4045000000000005
1967-04-24,18.931381225585938,37.862762,14.39076566696167,0.0,52.1806,7.6879
1967-04-25,0.9733891487121582,1.9467783,16.30430316925049,0.0,48.1381,0.6514
1967-04-26,0.1257624626159668,0.25152493,17.96111488342285,0.0,46.3811,0.6528999999999999
1967-04-27,0.2058889865875244,0.41177797,20.03787040710449,0.0,45.1158,0.6529
1967-04-28,18.9341402053833,37.86828,20.31557273864746,0.0,51.9638,8.571
1967-04-29,0.376441478729248,0.75288296,23.14664554595948,0.0,47.8509,0.6531
1967-04-30,0.0,0.0,24.98948860168457,0.0,45.8219,0.6535
1967-05-01,5.2113587856292725,10.422718,24.04595375061035,0.0,46.9834,2.5854
1967-05-02,19.85315322875977,39.706306,22.413649559021,0.0,51.2762,5.9407000000000005
1967-05-03,12.693873405456545,25.387747,22.97577667236328,0.0,50.2962,3.6792
1967-05-04,1.1341166496276855,2.2682333,23.34265422821045,0.0,47.4482,0.6543
1967-05-05,1.918290615081787,3.8365812,24.08552837371826,0.0,46.3844,1.2447
1967-05-06,5.579984784126282,11.159969,24.41592121124268,0.0,45.7982,0.698
1967-05-07,1.81893253326416,3.637865,24.9874849319458,0.0,44.9744,0.9246
1967-05-08,16.318360328674316,32.63672,23.156429290771484,0.0,50.469,5.9314
1967-05-09,0.9265336990356444,1.8530674,22.0859375,0.0,47.6469,0.6546
1967-05-10,5.9163737297058105,11.832747,21.59622573852539,0.0,48.6501,3.0142
1967-05-11,0.2286102771759033,0.45722055,22.18426990509033,0.0,46.7281,0.6542
1967-05-12,7.922894477844238,15.845789,22.3208875656128,0.0,48.8071,3.4582
1967-05-13,18.39884185791016,36.797684,20.16251850128174,0.0,51.7989,6.726
1967-05-14,4.713414430618286,9.426828,19.434882164001465,0.0,48.9553,1.4982
1967-05-15,0.0,0.0,20.50085926055908,0.0,46.6236,0.6552
1967-05-16,0.4832086563110351,0.9664173,19.49354648590088,0.0,45.2598,0.6915
1967-05-17,0.1859054565429687,0.3718109,21.815604209899902,0.0,44.1035,0.6556
1967-05-18,0.0,0.0,22.384933471679688,0.0,42.7998,0.6551
1967-05-19,1.0518172979354858,2.1036346,22.490015029907227,0.0,42.2224,0.7601
1967-05-20,0.1277611255645752,0.25552225,24.41891193389893,0.0,41.2883,0.6536
1967-05-21,33.07139205932617,66.142784,22.75013637542725,0.0,53.7309,12.7342
1967-05-22,2.196443557739258,4.392887,22.95932579040528,0.0,48.4829,0.6526
1967-05-23,5.296579837799072,10.59316,22.459945678710938,0.0,48.6828,2.627
1967-05-24,12.505102157592772,25.010204,22.20901870727539,0.0,50.3935,4.2691
1967-05-25,9.465641021728516,18.931282,24.136950492858887,0.0,49.2655,2.2816
1967-05-26,0.909254550933838,1.8185091,24.918540954589844,0.0,46.9778,0.6556
1967-05-27,0.9514989852905272,1.902998,25.165160179138184,0.0,45.5833,0.8629
1967-05-28,35.87935829162598,71.75871,23.169655799865723,0.0,53.6297,15.0926
1967-05-29,46.85380363464356,93.70761,22.55064582824707,0.0,53.5499,27.2678
1967-05-30,19.391292572021484,38.782585,24.132851600646973,0.0,50.9318,9.4593
1967-05-31,8.846575736999512,17.693151,23.89348697662353,0.0,49.1062,2.6169
1967-06-01,9.7328839302063,19.465767,24.48616886138916,0.0,48.7732,2.6887
1967-06-02,0.0949165821075439,0.18983316,23.934483528137207,0.0,46.6394,0.7033
1967-06-03,0.13759446144104,0.27518892,24.12996864318848,0.0,45.0557,0.7054
1967-06-04,0.3295736312866211,0.65914726,25.04881763458252,0.0,43.8133,0.7059
1967-06-05,0.0,0.0,24.165979385375977,0.0,42.648,0.7057
1967-06-06,0.4982786178588867,0.99655724,24.39668655395508,0.0,41.4857,0.728
1967-06-07,0.1798458099365234,0.35969162,24.85636711120605,0.0,40.3649,0.7042
1967-06-08,0.5190351009368896,1.0380702,24.98847198486328,0.0,39.2659,0.738
1967-06-09,17.645641326904297,35.291283,19.0119047164917,0.0,47.0245,5.098999999999999
1967-06-10,4.264898061752319,8.529797,18.471985816955566,0.0,46.7916,1.2121
1967-06-11,0.3060975074768066,0.612195,21.731088638305664,0.0,45.4222,0.7
1967-06-12,0.0,0.0,23.37030506134033,0.0,43.8326,0.699
1967-06-13,3.720710277557373,7.4414206,23.29361343383789,0.0,44.4316,1.5971
1967-06-14,2.536394715309143,5.072789,23.95097923278809,0.0,43.6897,0.6968
1967-06-15,10.956651210784912,21.913303,23.5587854385376,0.0,49.2863,4.6424
1967-06-16,40.3849048614502,80.769806,22.025792121887207,0.0,54.1137,16.1785
1967-06-17,0.4970760345458984,0.99415207,24.304368019104004,0.0,48.213,0.6966
1967-06-18,2.098471164703369,4.1969423,26.15065288543701,0.0,46.8872,1.3182999999999998
1967-06-19,0.7629194259643555,1.5258389,26.29073143005371,0.0,45.4965,0.6997
1967-06-20,5.166133880615234,10.332268,25.5196590423584,0.0,46.8595,2.6507
1967-06-21,19.268757820129395,38.537514,23.295827865600582,0.0,52.0297,7.8525
1967-06-22,12.44422173500061,24.888443,23.447359085083008,0.0,50.6234,4.5388
1967-06-23,0.7342407703399658,1.4684815,25.041893005371094,0.0,47.5563,0.7019
1967-06-24,0.4906861782073974,0.98137236,26.798778533935547,0.0,46.0002,0.9019
1967-06-25,0.1160168647766113,0.23203373,26.57388687133789,0.0,44.6996,0.7034
1967-06-26,0.0846705436706543,0.16934109,27.60408496856689,0.0,43.3872,0.7031
1967-06-27,0.2195401191711425,0.43908024,27.83821201324463,0.0,42.3,0.7025
1967-06-28,1.2941285371780396,2.588257,27.738710403442383,0.0,41.7247,1.0218
1967-06-29,3.5431779623031616,7.086356,27.781672477722168,0.0,41.1079,0.7007
1967-06-30,0.6781864166259766,1.3563728,26.21958827972412,0.0,40.353,0.7967
1967-07-01,0.4662551879882812,0.9325104,27.02100944519043,0.0,39.5114,0.6985
1967-07-02,0.0735189914703369,0.14703798,27.13570976257324,0.0,38.4272,0.6974
1967-07-03,0.6556136608123779,1.3112273,28.05607509613037,0.0,37.4264,0.6962
1967-07-04,0.8394773006439209,1.6789546,28.28773307800293,0.0,36.2954,0.7303
1967-07-05,2.2049672603607178,4.4099345,28.27447509765625,0.0,35.7185,0.6937
1967-07-06,36.72739601135254,73.45479,25.124714851379395,0.0,53.7005,11.4577
1967-07-07,9.16340947151184,18.326818,25.026968002319336,0.0,49.9337,2.2241
1967-07-08,26.524523735046387,53.04905,25.644914627075195,0.0,52.8261,9.3676
1967-07-09,3.658136606216431,7.316273,26.201716423034668,0.0,48.3324,0.6923
1967-07-10,18.10202121734619,36.20404,26.445068359375,0.0,51.7552,8.1438
1967-07-11,1.7241792678833008,3.4483585,26.94259452819824,0.0,47.9361,0.6954
1967-07-12,14.556940078735352,29.11388,26.011160850524902,0.0,51.6266,7.9177
1967-07-13,4.85749626159668,9.714993,26.61399269104004,0.0,48.2394,0.698
1967-07-14,0.8860763311386108,1.7721527,26.58110237121582,0.0,46.484,0.8444
1967-07-15,0.0124796032905578,0.024959207,26.963308334350582,0.0,44.9995,0.6998
1967-07-16,0.3325568437576294,0.6651137,27.879106521606445,0.0,43.644,0.6996
1967-07-17,0.1250604391098022,0.25012088,28.655988693237305,0.0,42.4446,0.699
1967-07-18,0.5706833600997925,1.1413667,28.71470355987549,0.0,41.2408,0.7227
1967-07-19,0.3405025005340576,0.681005,29.414694786071777,0.0,40.107,0.6973
1967-07-20,1.7091023921966553,3.4182048,29.068777084350582,0.0,39.6654,1.0608
1967-07-21,1.4795165061950684,2.959033,27.6760311126709,0.0,39.021,0.7649
1967-07-22,2.546722650527954,5.0934453,27.185136795043945,0.0,38.6698,1.0475
1967-07-23,0.4356468915939331,0.8712938,26.553062438964844,0.0,37.4369,0.6929
1967-07-24,1.1467928886413574,2.2935858,27.17623805999756,0.0,36.4328,0.7317
1967-07-25,1.590629816055298,3.1812596,27.27127265930176,0.0,35.7568,0.7270000000000001
1967-07-26,0.5837088823318481,1.1674178,27.15079975128174,0.0,35.1609,0.7394999999999999
1967-07-27,0.5186381340026855,1.0372763,27.31947422027588,0.0,34.6541,0.6880999999999999
1967-07-28,3.829097151756287,7.6581945,26.89919090270996,0.0,36.7184,1.5569
1967-07-29,0.8492763042449951,1.6985526,26.64454746246338,0.0,36.1736,0.6955
1967-07-30,0.3322587013244629,0.6645174,27.73535442352295,0.0,35.4259,0.6839
1967-07-31,18.80201911926269,37.60404,23.87925434112549,0.0,47.1913,5.4638
1967-08-01,15.675824642181396,31.35165,25.52710628509521,0.0,50.3248,3.587
1967-08-02,9.856023788452148,19.712048,26.04104518890381,0.0,49.6627,2.1078
1967-08-03,6.362595796585083,12.725191,26.04925537109375,0.0,48.0732,0.958
1967-08-04,2.3977326154708862,4.7954655,26.2184476852417,0.0,46.6812,0.756
1967-08-05,2.2508385181427,4.501677,26.59593391418457,0.0,45.8978,1.1836
1967-08-06,0.372589111328125,0.7451782,27.18294715881348,0.0,44.1947,0.6758
1967-08-07,0.2993054389953613,0.5986109,27.413105964660645,0.0,42.2425,0.6747
1967-08-08,0.749089241027832,1.4981785,28.00455665588379,0.0,40.5329,0.6833
1967-08-09,0.0,0.0,27.375608444213867,0.0,38.4636,0.6724
1967-08-10,0.0,0.0,27.414287567138672,0.0,37.1644,0.6712
1967-08-11,2.6777150630950928,5.35543,27.532309532165527,0.0,38.5129,1.4751
1967-08-12,3.884757161140442,7.769514,26.544528007507324,0.0,38.2866,0.6688
1967-08-13,7.065123319625855,14.130247,25.90884685516357,0.0,42.5387,2.6848
1967-08-14,6.152123928070068,12.304248,24.95708274841309,0.0,42.7243,0.9178
1967-08-15,3.925346791744232,7.8506937,25.950751304626465,0.0,41.9484,0.6651
1967-08-16,5.354220509529114,10.708441,25.74554252624512,0.0,42.4282,1.6808999999999998
1967-08-17,0.8014991283416748,1.6029983,26.008692741394043,0.0,40.8221,0.6627
1967-08-18,1.784001708030701,3.5680034,24.70512008666992,0.0,40.1613,1.0086
1967-08-19,0.8926137685775757,1.7852275,25.85577774047852,0.0,39.1124,0.6603
1967-08-20,0.8707466125488281,1.7414932,27.01353931427002,0.0,38.3664,0.676
1967-08-21,3.370230197906494,6.7404604,26.418307304382324,0.0,37.9904,0.6579
1967-08-22,1.0924525260925293,2.184905,26.009148597717285,0.0,37.936,0.917
1967-08-23,0.1925983428955078,0.3851967,26.910176277160645,0.0,37.1634,0.6555
1967-08-24,0.8781733512878418,1.7563467,27.73207664489746,0.0,36.5236,0.6955
1967-08-25,0.4825423955917358,0.9650848,27.036264419555664,0.0,36.0134,0.653
1967-08-26,0.0,0.0,27.371228218078613,0.0,35.3671,0.6518
1967-08-27,0.0122406482696533,0.024481297,27.60958766937256,0.0,34.9641,0.6506
1967-08-28,0.0,0.0,27.83734035491944,0.0,34.676,0.6493
1967-08-29,0.0129683017730712,0.025936604,27.9222412109375,0.0,34.4276,0.6481
1967-08-30,1.55331552028656,3.106631,27.122020721435547,0.0,34.2752,0.6469
1967-08-31,1.457765817642212,2.9155316,27.51889419555664,0.0,37.4308,1.7309
1967-09-01,1.7996786832809448,3.5993574,27.580825805664062,0.0,36.843,0.6566
1967-09-02,0.3185961246490478,0.63719225,27.87776279449463,0.0,36.0889,0.6481
1967-09-03,14.474006652832031,28.948013,26.69981002807617,0.0,42.5909,2.8884000000000003
1967-09-04,3.063645720481873,6.1272917,25.308552742004395,0.0,41.8493,0.6408
1967-09-05,0.7712340354919434,1.5424681,26.40142822265625,0.0,40.5749,0.7517999999999999
1967-09-06,0.0,0.0,26.485252380371094,0.0,39.4467,0.6384
1967-09-07,0.5113728046417236,1.0227456,25.63079071044922,0.0,38.5818,0.6372
1967-09-08,1.8631185293197632,3.726237,26.73515796661377,0.0,38.0186,0.636
1967-09-09,1.567065954208374,3.134132,26.130311965942383,0.0,38.0556,0.8961
1967-09-10,0.0,0.0,26.68492221832276,0.0,37.1588,0.6336
1967-09-11,6.112225294113159,12.224451,25.111536026000977,0.0,40.9074,2.1097
1967-09-12,12.761141300201416,25.522282,21.274229049682617,0.0,46.023,2.7863
1967-09-13,1.5611909627914429,3.122382,21.39435768127441,0.0,44.0749,0.6301
1967-09-14,1.903652310371399,3.8073046,19.23955249786377,0.0,44.1073,1.1213
1967-09-15,0.0,0.0,19.262922286987305,0.0,42.4291,0.6277
1967-09-16,0.1592406034469604,0.3184812,18.62997055053711,0.0,40.8379,0.6265
1967-09-17,0.0,0.0,19.85901165008545,0.0,39.2571,0.6253
1967-09-18,0.073745846748352,0.1474917,20.699048042297363,0.0,38.3451,0.6242
1967-09-19,0.0716006755828857,0.14320135,21.359994888305664,0.0,37.7032,0.623
1967-09-20,0.4611340761184692,0.92226815,21.38827991485596,0.0,37.268,0.6505
1967-09-21,3.734472155570984,7.4689445,19.40659618377685,0.0,37.1729,0.6206
1967-09-22,5.222272634506226,10.444546,18.340067863464355,0.0,39.6319,1.537
1967-09-23,4.671381950378418,9.342764,16.833788871765137,0.0,40.1636,0.8584999999999999
1967-09-24,1.002936601638794,2.0058732,18.52459049224853,0.0,39.2966,0.6171
1967-09-25,1.4569156169891355,2.9138312,20.07064914703369,0.0,39.3234,0.8422000000000001
1967-09-26,0.0,0.0,19.435636520385746,0.0,38.5602,0.6148
1967-09-27,0.3992569148540497,0.7985138,20.17085838317871,0.0,37.8722,0.6153000000000001
1967-09-28,0.0639399290084838,0.12787986,21.28986549377441,0.0,37.2108,0.6125
1967-09-29,0.2042231559753418,0.4084463,21.674102783203125,0.0,36.5777,0.6113
1967-09-30,0.456021785736084,0.9120436,22.8086576461792,0.0,36.024,0.6102
1967-10-01,2.713856935501098,5.427714,19.88814640045166,0.0,36.2092,0.769
1967-10-02,0.3260755687952041,0.6521511,17.615314483642578,0.0,35.9481,0.6079
1967-10-03,0.1022919416427612,0.20458388,17.859715461730957,0.0,35.5321,0.6068
1967-10-04,2.027369976043701,4.05474,16.57261848449707,0.0,36.1892,0.8444
1967-10-05,1.5084326267242432,3.0168653,17.743967056274414,0.0,36.0785,0.6045
1967-10-06,0.5078228712081909,1.0156457,18.475838661193848,0.0,35.6785,0.6158999999999999
1967-10-07,0.2729024887084961,0.545805,16.108318328857422,0.0,35.284,0.6022
1967-10-08,0.0799182057380676,0.15983641,16.04346799850464,0.0,34.962,0.602
1967-10-09,0.188595175743103,0.37719035,17.190629959106445,0.0,34.7264,0.5999
1967-10-10,0.0,0.0,18.554994583129883,0.0,34.5078,0.5988
1967-10-11,0.0952410697937011,0.19048214,20.30271053314209,0.0,34.3337,0.5989
1967-10-12,0.0339396595954895,0.06787932,22.67312526702881,0.0,34.1607,0.5965
1967-10-13,0.94870263338089,1.8974053,24.08767032623291,0.0,33.9582,0.5971000000000001
1967-10-14,4.953154802322388,9.906309,19.88851928710937,0.0,34.9497,0.8919
1967-10-15,0.4530131220817566,0.90602624,17.657615661621094,0.0,34.8097,0.6002
1967-10-16,0.0,0.0,18.388176918029785,0.0,34.4351,0.5921
1967-10-17,0.0,0.0,17.883068084716797,0.0,34.18,0.5909
1967-10-18,12.873263359069824,25.746527,13.994394779205322,0.0,41.9579,2.9363
1967-10-19,1.3594984412193298,2.718997,15.63090181350708,0.0,41.3073,0.5887
1967-10-20,0.0,0.0,17.620630264282227,0.0,40.3079,0.5876
1967-10-21,0.0032275021076202,0.006455004,19.788399696350098,0.0,38.9861,0.5865
1967-10-22,0.1704665422439575,0.34093308,19.492993354797363,0.0,38.4149,0.5869
1967-10-23,0.0530005693435668,0.10600114,18.062129974365234,0.0,37.9196,0.5843
1967-10-24,0.1190552711486816,0.23811054,17.607465744018555,0.0,37.3963,0.5845
1967-10-25,0.2798129320144653,0.55962586,16.60381031036377,0.0,36.9236,0.5821
1967-10-26,0.0,0.0,16.095102787017822,0.0,36.3039,0.581
1967-10-27,0.0869209766387939,0.17384195,14.50732946395874,0.0,35.8367,0.5802999999999999
1967-10-28,0.1671028137207031,0.33420563,13.529566764831545,0.0,35.4392,0.5788
1967-10-29,0.0360788106918334,0.07215762,13.82809066772461,0.0,35.0855,0.5777
1967-10-30,0.0,0.0,15.61268949508667,0.0,34.7821,0.5766
1967-10-31,0.0,0.0,16.734577178955078,0.0,34.5588,0.5755
1967-11-01,0.0,0.0,18.1160831451416,0.0,34.363,0.5745
1967-11-02,0.2239829301834106,0.44796586,18.855928421020508,0.0,34.2267,0.5753
1967-11-03,0.0072686076164245,0.014537215,18.475953102111816,0.0,34.0985,0.5723
1967-11-04,0.0,0.0,17.970312118530273,0.0,33.9529,0.5712
1967-11-05,0.0050334334373474,0.010066867,15.996844291687012,0.0,33.8686,0.5701
1967-11-06,3.1373003721237183,6.274601,15.44030237197876,0.0,35.5447,1.0499
1967-11-07,2.010373771190644,4.0207477,16.89170265197754,0.0,35.4655,0.5696
1967-11-08,0.0769299268722534,0.15385985,20.4674654006958,0.0,35.0662,0.5669
1967-11-09,1.9827439785003664,3.965488,19.958892822265625,0.0,34.9031,0.5811
1967-11-10,1.1238214373588562,2.247643,17.638853073120117,0.0,35.1409,0.6660999999999999
1967-11-11,3.083897948265076,6.167796,16.985135078430176,0.0,36.1237,0.8905
1967-11-12,3.046167254447937,6.0923347,12.442348957061768,0.0,36.7604,0.7585999999999999
1967-11-13,0.1559233665466308,0.31184673,11.783554077148438,0.0,36.5319,0.5616
1967-11-14,0.0,0.0,14.192627906799316,0.0,36.1489,0.5606
1967-11-15,0.1035727262496948,0.20714545,14.088148593902588,0.0,35.9489,0.5603
1967-11-16,0.0638856887817382,0.12777138,12.606929779052734,0.0,35.589,0.5584
1967-11-17,1.3234837651252749,2.6469674,13.66670274734497,0.0,36.0408,0.7806
1967-11-18,1.452240526676178,2.904481,17.10887336730957,0.0,35.9986,0.5625
1967-11-19,0.8315750360488892,1.6631501,18.319467544555664,0.0,36.2233,0.694
1967-11-20,0.4111124873161316,0.822225,17.919017791748047,0.0,36.0796,0.5598000000000001
1967-11-21,1.1817703247070312,2.3635406,14.663077354431152,0.0,36.3726,0.6944
1967-11-22,0.0142569541931152,0.028513908,14.273870468139648,0.0,36.0581,0.5522
1967-11-23,0.150373101234436,0.3007462,15.199882984161375,0.0,35.6824,0.5511
1967-11-24,0.0462256371974945,0.092451274,16.80216693878174,0.0,35.4639,0.5507000000000001
1967-11-25,0.0,0.0,17.11491584777832,0.0,35.1294,0.549
1967-11-26,0.0196829438209533,0.039365888,16.673236846923828,0.0,34.8386,0.548
1967-11-27,0.0,0.0,17.48292827606201,0.0,34.5877,0.547
1967-11-28,0.1789922714233398,0.35798454,16.628429412841797,0.0,34.4026,0.5469
1967-11-29,2.814699172973633,5.6293983,12.917993545532228,0.0,35.1638,0.7751
1967-11-30,11.414759635925291,22.82952,6.501158237457275,0.0,42.129,2.6413
1967-12-01,4.7811925411224365,9.562386,5.609683036804199,0.0,43.8239,1.2597
1967-12-02,9.114243507385254,18.228487,6.140551328659058,0.0,48.2855,2.6349
1967-12-03,0.4656539559364319,0.9313079,8.006081581115723,0.0,46.5891,0.5408
1967-12-04,0.0228950977325439,0.045790195,9.3384690284729,0.0,45.4919,0.5398
1967-12-05,5.024481296539307,10.048963,10.462135314941406,0.0,47.882,1.8155
1967-12-06,4.409196257591248,8.818393,8.470327854156494,0.0,48.5616,1.4478
1967-12-07,0.0,0.0,7.921021938323975,0.0,47.0195,0.5368
1967-12-08,0.0246935188770294,0.049387038,5.244978427886963,0.0,46.0171,0.5388000000000001
1967-12-09,0.0781169831752777,0.15623397,5.455640554428101,0.0,45.3432,0.5398999999999999
1967-12-10,0.0513760894536972,0.10275218,5.491465091705322,0.0,44.7955,0.5337
1967-12-11,0.0,0.0,1.473189353942871,0.0,44.3159,0.5327
1967-12-12,0.1484817862510681,0.29696357,0.7023196220397949,0.0,43.9671,0.5445
1967-12-13,0.0,0.0,3.337893486022949,0.0,43.5546,0.5353
1967-12-14,0.0389133095741272,0.07782662,2.656268835067749,0.0,43.1719,0.5389999999999999
1967-12-15,0.1132763922214508,0.22655278,2.876053094863892,0.0,42.8073,0.5412999999999999
1967-12-16,0.0393743813037872,0.07874876,4.657641649246216,0.0,42.3944,0.5344
1967-12-17,0.037631943821907,0.07526389,4.828863620758057,0.0,41.9747,0.5321999999999999
1967-12-18,0.0,0.0,4.24570631980896,0.0,41.4179,0.5258
1967-12-19,0.1035438776016235,0.20708776,5.546459674835205,0.0,41.0196,0.5353
1967-12-20,0.0017035901546478,0.0034071803,7.644538402557373,0.0,40.5851,0.5238
1967-12-21,0.6403106451034546,1.2806213,8.34459924697876,0.0,40.4666,0.6167
1967-12-22,0.0368692874908447,0.073738575,6.515083312988281,0.0,40.0965,0.5218
1967-12-23,0.09537073969841,0.19074148,8.234182357788086,0.0,39.6337,0.521
1967-12-24,4.867599725723267,9.735199,6.890813112258911,0.0,42.3789,1.5387
1967-12-25,0.0087836980819702,0.017567396,9.604170799255373,0.0,41.7974,0.5189
1967-12-26,0.1446259617805481,0.28925192,10.51184892654419,0.0,41.1782,0.5184
1967-12-27,2.663086533546448,5.326173,5.994035243988037,0.0,42.1025,0.9281
1967-12-28,0.0577703118324279,0.11554062,3.132218837738037,0.0,41.9123,0.5683
1967-12-29,0.0,0.0,1.7690110206604004,0.0,41.6587,0.5221
1967-12-30,0.0615904927253723,0.123180985,0.9594273567199708,0.0,41.3505,0.524
1967-12-31,0.0101951360702514,0.020390272,0.4298124313354492,0.0,41.165,0.5181
1968-01-01,0.0376284718513488,0.07525694,3.4052538871765137,0.0,40.8172,0.5222
1968-01-02,0.138239324092865,0.27647865,3.290842771530152,0.0,40.4871,0.525
1968-01-03,0.1475943922996521,0.29518878,4.94250226020813,0.0,40.0802,0.5266
1968-01-04,0.2021427154541015,0.40428543,4.625952959060669,0.0,39.746,0.526
1968-01-05,0.0282474756240844,0.05649495,6.394442081451416,0.0,39.4089,0.5142
1968-01-06,0.0405781865119934,0.08115637,12.554463863372805,0.0,38.9166,0.5073
1968-01-07,0.7684750556945801,1.5369501,11.652325630187988,0.0,39.0894,0.6624
1968-01-08,0.1615946292877197,0.32318926,7.789568901062012,0.0,38.8195,0.5054
1968-01-09,0.0811048746109008,0.16220975,4.282192230224609,0.0,38.5993,0.5125
1968-01-10,0.2464491724967956,0.49289834,7.764038801193237,0.0,38.3317,0.5034
1968-01-11,0.0,0.0,5.66070032119751,0.0,37.987,0.5025
1968-01-12,0.073604941368103,0.14720988,7.611804962158203,0.0,37.7223,0.5042000000000001
1968-01-13,0.3972811698913574,0.79456234,10.472781658172607,0.0,37.4364,0.5006
1968-01-14,0.0,0.0,7.4816200733184814,0.0,37.1216,0.4997
1968-01-15,0.0684832334518432,0.13696647,4.250284910202026,0.0,36.9727,0.5064
1968-01-16,0.2427107095718383,0.48542142,4.911343812942505,0.0,36.8827,0.5188
1968-01-17,0.4447357058525085,0.8894714,8.841824531555176,0.0,36.614,0.4968
1968-01-18,0.0310413837432861,0.062082767,7.78236198425293,0.0,36.4342,0.4959
1968-01-19,11.18023443222046,22.36047,10.66641616821289,0.0,43.9077,3.0126
1968-01-20,0.1027395725250244,0.20547915,9.452759742736816,0.0,43.2705,0.494
1968-01-21,0.5771028995513916,1.1542058,7.578857898712158,0.0,43.0196,0.5730999999999999
1968-01-22,0.2917433381080627,0.5834867,7.474423170089722,0.0,42.5833,0.4922
1968-01-23,0.9035919904708862,1.807184,8.01863431930542,0.0,42.5478,0.6727000000000001
1968-01-24,8.160587787628174,16.321175,7.289706707000732,0.0,47.1914,2.3786
1968-01-25,4.596914768218994,9.19383,6.977835178375244,0.0,48.1157,1.4262
1968-01-26,0.0,0.0,8.433799028396606,0.0,46.6987,0.4885
1968-01-27,0.200570523738861,0.40114105,9.956995487213137,0.0,45.6214,0.4937999999999999
1968-01-28,0.1678254604339599,0.33565092,11.590965270996094,0.0,44.6465,0.4867
1968-01-29,0.0263646841049194,0.05272937,13.575479507446287,0.0,43.6521,0.4859
1968-01-30,3.612998127937317,7.225996,9.71276569366455,0.0,44.7937,1.1076
1968-01-31,4.199842691421509,8.399685,4.951117038726807,0.0,46.2977,1.2601
1968-02-01,12.003828048706056,24.007656,3.418304204940796,0.0,51.1821,3.7916
1968-02-02,9.343332767486572,18.686665,1.7614479064941406,0.0532,51.1411,3.3328
1968-02-03,4.688154697418213,9.376309,1.99424409866333,0.025,49.7848,1.9238
1968-02-04,13.20744514465332,26.41489,2.715071678161621,0.0,51.7699,5.1802
1968-02-05,5.057793140411377,10.115586,2.6907975673675537,0.0,49.7061,2.063
1968-02-06,11.366292953491213,22.732586,1.7158172130584717,0.3743,51.0157,4.6788
1968-02-07,2.0534523725509644,4.106905,1.1748464107513428,0.3811,48.6626,1.0844
1968-02-08,3.556241035461426,7.112482,2.4453070163726807,0.2703,48.468,1.7601
1968-02-09,1.0548804998397827,2.109761,1.7632298469543457,0.1603,47.4469,0.7893
1968-02-10,0.9042435884475708,1.8084872,3.6914315223693848,0.0,46.7618,0.7676000000000001
1968-02-11,0.4988131523132324,0.9976263,3.302545547485352,0.0,46.1258,0.6298999999999999
1968-02-12,1.6399993300437927,3.2799988,4.047001123428345,0.0,45.8851,0.7914
1968-02-13,1.1585394144058228,2.3170788,5.792840480804443,0.0,45.3915,0.4823
1968-02-14,22.0223035812378,44.04461,2.925348281860352,0.0,52.4411,9.8977
1968-02-15,1.1057227849960327,2.2114456,4.455802440643311,0.0,48.4973,0.6951
1968-02-16,0.0,0.0,4.736674547195435,0.0,47.0445,0.4864
1968-02-17,0.0,0.0,5.50508713722229,0.0,46.1799,0.4883
1968-02-18,1.5890146493911743,3.1780293,8.897536277770996,0.0,46.0823,1.0948
1968-02-19,0.0,0.0,7.111013412475586,0.0,45.3884,0.4906
1968-02-20,0.0,0.0,4.449804782867432,0.0,44.8268,0.4912
1968-02-21,1.709441304206848,3.4188826,3.641016960144043,0.0,44.8894,0.8334999999999999
1968-02-22,0.5591813325881958,1.1183627,5.551928520202637,0.0,44.5265,0.4918
1968-02-23,0.0,0.0,6.579208135604858,0.0,44.0511,0.4918
1968-02-24,0.2129209041595459,0.4258418,6.702306509017944,0.0,43.6276,0.4978
1968-02-25,0.7181177139282227,1.4362354,6.126497983932495,0.0,43.3282,0.5394
1968-02-26,0.496138334274292,0.99227667,7.241837739944458,0.0,43.0305,0.4912
1968-02-27,14.397723197937012,28.795446,5.983295440673828,0.0,49.7353,5.7286
1968-02-28,0.0,0.0,8.25294280052185,0.0,47.5481,0.4906
1968-02-29,0.4912334680557251,0.98246694,8.575574398040771,0.0,46.5111,0.5925
1968-03-01,0.9824669361114502,1.9649339,8.898206233978271,0.0,45.7373,0.4902
1968-03-02,1.062644600868225,2.1252892,3.908369064331055,0.0,45.6104,0.8302
1968-03-03,0.0,0.0,6.081053018569946,0.0,44.8574,0.4897
1968-03-04,0.4136867523193359,0.8273735,7.856587409973144,0.0,44.2845,0.5302
1968-03-05,0.0334398746490478,0.06687975,12.052709102630615,0.0,43.4322,0.4889
1968-03-06,0.228225827217102,0.45645165,15.789278030395508,0.0,42.6564,0.4917
1968-03-07,0.5378167629241943,1.0756335,18.02134704589844,0.0,42.0048,0.4878
1968-03-08,1.7007904052734375,3.4015808,13.552099704742432,0.0,42.262,0.9353
1968-03-09,0.1118972301483154,0.22379446,10.72758436203003,0.0,41.7633,0.4863
1968-03-10,0.0534852743148803,0.10697055,10.687650680541992,0.0,41.3567,0.4861999999999999
1968-03-11,1.4365891218185425,2.8731782,12.976434707641602,0.0,41.0,0.4848
1968-03-12,0.2746832370758056,0.5493665,12.483533382415771,0.0,40.3932,0.4893
1968-03-13,0.6037437915802002,1.2074876,12.35060739517212,0.0,39.8856,0.5253
1968-03-14,1.883618116378784,3.7672362,12.988941192626951,0.0,40.1887,0.7753
1968-03-15,8.281203269958496,16.562407,14.407586097717283,0.0,44.107,2.583
1968-03-16,0.2777652740478515,0.55553055,16.601656913757324,0.0,43.1767,0.4807
1968-03-17,0.8094849586486816,1.6189699,12.68128538131714,0.0,42.8505,0.6651
1968-03-18,8.740855693817139,17.481712,12.388514041900637,0.0,46.364,2.4384
1968-03-19,1.5784950256347656,3.15699,17.166834831237793,0.0,45.2514,0.4782
1968-03-20,2.0688750743865967,4.13775,18.61366844177246,0.0,45.1975,1.0281
1968-03-21,16.784908294677734,33.569817,17.976816177368164,0.0,49.9402,3.9168
1968-03-22,18.93443965911865,37.86888,14.153395652770996,0.0,52.2421,6.59
1968-03-23,20.73647117614746,41.472942,12.352381229400637,0.0,52.3666,8.448500000000001
1968-03-24,19.59098720550537,39.181976,9.435333251953123,0.0,52.1024,9.5295
1968-03-25,3.39424991607666,6.7885,8.383698463439941,0.0,48.9186,1.4261
1968-03-26,1.4363425970077517,2.8726852,9.397210597991943,0.0,47.3283,0.4888
1968-03-27,1.770516872406006,3.5410337,11.381896495819092,0.0,46.7546,1.1657
1968-03-28,10.051865100860596,20.10373,11.507263660430908,0.0,49.4493,4.1607
1968-03-29,13.715187072753906,27.430374,13.90421438217163,0.0,50.9156,5.9041
1968-03-30,1.6247353553771973,3.2494707,14.726874828338625,0.0,48.0982,0.4993
1968-03-31,3.0121939182281494,6.024388,12.136481285095217,0.0,47.825,1.7368
1968-04-01,16.565518379211426,33.131035,13.13912296295166,0.0,50.6689,6.0199
1968-04-02,18.709457397460938,37.418915,13.777509212493896,0.0,51.3961,7.7296
1968-04-03,0.657698392868042,1.3153968,16.20065212249756,0.0,47.9955,0.5147
1968-04-04,0.0,0.0,16.785173416137695,0.0,46.2174,0.5193
1968-04-05,0.9089272022247314,1.8178544,17.178466796875,0.0,45.2132,0.6995
1968-04-06,1.1766977310180664,2.3533955,17.971298217773438,0.0,44.3198,0.5224
1968-04-07,0.0,0.0,19.734498977661133,0.0,43.0795,0.5227
1968-04-08,0.7112894058227539,1.4225788,21.469497680664062,0.0,42.1456,0.6065999999999999
1968-04-09,4.257015943527222,8.514032,21.389044761657715,0.0,41.8419,0.5225
1968-04-10,4.646600961685181,9.293201,20.69245719909668,0.0,43.0937,1.8468
1968-04-11,18.26627254486084,36.532547,13.335837841033936,0.0,49.0159,4.8049
1968-04-12,0.7710673809051514,1.5421348,13.040806770324709,0.0,47.048,0.5205
1968-04-13,0.2479195594787597,0.49583912,14.175389289855955,0.0,45.6534,0.5265
1968-04-14,0.0,0.0,16.9745512008667,0.0,44.3575,0.5195
1968-04-15,0.2008686065673828,0.4017372,18.98548889160156,0.0,43.3884,0.5226000000000001
1968-04-16,0.796083927154541,1.5921679,19.903489112854004,0.0,42.5793,0.5182
1968-04-17,7.286938428878784,14.573877,21.002723693847656,0.0,45.7057,2.7687
1968-04-18,19.956283569335938,39.912567,17.055553436279297,0.0,51.3059,5.5592
1968-04-19,2.1482629776000977,4.296526,14.300041675567629,0.0,48.1081,0.5162
1968-04-20,8.444411277770996,16.888823,12.01993179321289,0.0,49.7213,3.3057
1968-04-21,0.4300546646118164,0.8601093,14.140692234039308,0.0,47.3907,0.5158
1968-04-22,0.3193471431732178,0.6386943,15.247841835021973,0.0,45.8236,0.5304
1968-04-23,0.4278724193572998,0.85574484,18.3451509475708,0.0,44.637,0.5155
1968-04-24,0.1339039802551269,0.26780796,20.45850276947021,0.0,43.5064,0.5204
1968-04-25,1.4685747623443604,2.9371495,20.6131238937378,0.0,42.5893,0.5146
1968-04-26,20.29465103149414,40.589302,14.45662546157837,0.0,51.3129,6.8447
1968-04-27,0.4421353340148926,0.88427067,13.699275016784668,0.0,47.9214,0.5134
1968-04-28,0.3625216484069824,0.7250433,14.431851387023926,0.0,46.2184,0.5315
1968-04-29,0.0367231369018554,0.073446274,16.505749702453613,0.0,44.8853,0.5126
1968-04-30,0.0,0.0,18.599159240722656,0.0,43.2503,0.5121
1968-05-01,0.197056770324707,0.39411354,19.894886016845703,0.0,41.87,0.5148999999999999
1968-05-02,0.0,0.0,21.04185390472412,0.0,40.2019,0.5107
1968-05-03,1.0503687858581543,2.1007376,22.070613861083984,0.0,39.5228,0.6722
1968-05-04,0.4433374404907226,0.8866749,24.48186111450196,0.0,38.5701,0.5091
1968-05-05,9.4155752658844,18.83115,24.465274810791016,0.0,43.1756,2.9909
1968-05-06,10.615015029907228,21.23003,22.939197540283203,0.0,46.3663,2.2896
1968-05-07,5.881525993347168,11.763052,23.39386367797852,0.0,45.6541,0.6221000000000001
1968-05-08,66.32707405090332,132.65414,17.311625480651855,0.0,55.3688,27.0021
1968-05-09,5.164222240447998,10.3284445,16.148781299591064,0.0,49.4305,2.0985
1968-05-10,0.2825691699981689,0.56513834,21.68420696258545,0.0,46.9615,0.5178
1968-05-11,0.26906418800354,0.5381284,24.96815395355225,0.0,45.2738,0.5267000000000001
1968-05-12,2.9544334411621094,5.908867,24.16862773895264,0.0,44.4502,0.5208
1968-05-13,18.59669208526612,37.193382,16.742958068847656,0.0,51.8006,8.784600000000001
1968-05-14,2.7482106685638428,5.4964213,16.47713279724121,0.0,48.4385,0.6574
1968-05-15,2.774453043937683,5.5489063,21.384276390075684,0.0,46.808,0.5228
1968-05-16,9.071741104125977,18.143482,22.84633445739746,0.0,48.8674,3.817
1968-05-17,14.0150785446167,28.030157,21.99909400939941,0.0,50.5651,4.6801
1968-05-18,0.0,0.0,23.5506238937378,0.0,47.3274,0.5251
1968-05-19,29.09041118621826,58.180824,21.37866306304932,0.0,53.1973,14.6686
1968-05-20,31.518559455871586,63.037117,19.901779174804688,0.0,52.8661,17.8132
1968-05-21,15.075292587280272,30.150585,21.45159816741944,0.0,50.731,7.4636
1968-05-22,8.30707311630249,16.614147,21.63947582244873,0.0,49.4206,3.2084
1968-05-23,20.008359909057617,40.01672,21.202442169189453,0.0,51.5776,9.5049
1968-05-24,24.85897827148437,49.717957,22.20246696472168,0.0,51.8131,11.4937
1968-05-25,0.2864336967468261,0.5728674,22.499485969543457,0.0,47.9811,0.5845
1968-05-26,20.96923446655273,41.93847,19.500816345214844,0.0,52.0749,11.8429
1968-05-27,0.6490335464477539,1.2980671,19.8111629486084,0.0,48.1445,0.5975
1968-05-28,0.2279553413391113,0.45591068,21.86235618591309,0.0,46.2547,0.6025
1968-05-29,0.0,0.0,21.78645896911621,0.0,44.6156,0.6046
1968-05-30,0.1071178913116455,0.21423578,21.93889617919922,0.0,43.4936,0.6052
1968-05-31,6.394797563552856,12.789595,19.608701705932617,0.0,45.7866,2.6607000000000003
1968-06-01,15.543110370635986,31.08622,19.13389778137207,0.0,50.7803,6.067
1968-06-02,0.2314488887786865,0.46289778,20.74272060394287,0.0,47.6724,0.605
1968-06-03,0.1631026268005371,0.32620525,21.78550910949707,0.0,45.9012,0.6052
1968-06-04,0.3424372673034668,0.68487453,22.14951229095459,0.0,44.5418,0.6051
1968-06-05,0.0,0.0,22.819801330566406,0.0,43.1405,0.6047
1968-06-06,0.4924969673156738,0.98499393,23.493207931518555,0.0,41.9905,0.625
1968-06-07,0.1859965324401855,0.37199306,23.93786144256592,0.0,40.9819,0.6032
1968-06-08,2.062425136566162,4.1248503,23.218493461608887,0.0,41.0456,1.1225
1968-06-09,25.58965492248535,51.17931,20.946060180664062,0.0,52.5717,8.9902
1968-06-10,0.5143468379974365,1.0286937,21.81476783752441,0.0,48.1,0.6008
1968-06-11,1.8310976028442385,3.6621952,21.820401191711422,0.0,47.1898,1.2297
1968-06-12,17.66676139831543,35.333523,20.53283977508545,0.0,51.9099,6.865200000000001
1968-06-13,9.094172954559326,18.188347,21.97627067565918,0.0,49.8933,2.7664
1968-06-14,12.570859909057615,25.14172,23.16826629638672,0.0,50.3828,4.1943
1968-06-15,24.706817626953125,49.413635,22.107391357421875,0.0,52.441,10.9709
1968-06-16,41.73470115661621,83.469406,21.3249568939209,0.0,53.3092,24.7615
1968-06-17,67.8805160522461,135.76103,20.84525203704834,0.0,52.3354,57.5561
1968-06-18,100.25028228759766,200.50056,20.032753944396973,0.0,52.6548,90.4353
1968-06-19,66.36300277709961,132.72601,20.082039833068848,0.0,52.5201,55.483
1968-06-20,2.2932896614074707,4.5865793,21.637022972106934,0.0,48.3626,0.6858
1968-06-21,2.2914750576019287,4.58295,21.33389568328857,0.0,47.2437,1.5563
1968-06-22,41.84172439575195,83.68345,17.000484466552734,0.0,53.6635,22.4778
1968-06-23,26.454057693481445,52.908115,19.63634490966797,0.0,51.8875,16.2869
1968-06-24,29.91989803314209,59.839798,22.2129774093628,0.0,52.2921,18.0802
1968-06-25,54.44336128234863,108.88672,22.16391563415528,0.0,52.7663,38.137600000000006
1968-06-26,7.803157806396484,15.606316,23.74977779388428,0.0,49.1589,2.4989
1968-06-27,10.783455848693848,21.566912,24.71868228912353,0.0,49.4009,3.9183
1968-06-28,2.834120035171509,5.66824,24.647990226745605,0.0,47.3623,0.7818
1968-06-29,2.174071788787842,4.3481436,25.8697566986084,0.0,46.4645,1.6054
1968-06-30,0.2992496490478515,0.5984993,26.65894317626953,0.0,45.1087,0.7859
1968-07-01,0.0,0.0,27.07541847229004,0.0,43.5506,0.7859
1968-07-02,0.0735189914703369,0.14703798,27.077527046203613,0.0,42.2717,0.7851
1968-07-03,10.891549587249756,21.7831,26.239432334899902,0.0,45.4989,3.2884
1968-07-04,4.5369778871536255,9.073956,25.126514434814453,0.0,44.9523,0.7831
1968-07-05,10.154929161071776,20.309858,24.96085834503174,0.0,48.5805,4.1879
1968-07-06,21.52531814575196,43.050636,24.37247562408448,0.0,52.1979,8.202399999999999
1968-07-07,25.099231719970703,50.198463,23.8304500579834,0.0,52.5381,11.6941
1968-07-08,3.62319564819336,7.2463913,24.392223358154297,0.0,48.4226,0.7866
1968-07-09,1.2535610795021055,2.507122,26.007359504699707,0.0,46.8729,1.2238
1968-07-10,24.009355545043945,48.01871,23.972346305847168,0.0,51.6737,9.0399
1968-07-11,5.795995056629181,11.59199,23.835525512695312,0.0,48.3447,0.8692
1968-07-12,1.0727459192276,2.1454918,24.971972465515137,0.0,46.5704,0.8948
1968-07-13,0.1267721652984619,0.25354433,26.44923973083496,0.0,45.0368,0.8008
1968-07-14,0.0,0.0,27.5174617767334,0.0,43.5411,0.8003
1968-07-15,2.948555290699005,5.8971105,27.128232955932617,0.0,43.728,1.8174
1968-07-16,0.3325568437576294,0.6651137,27.25846290588379,0.0,42.6237,0.7984
1968-07-17,0.1250604391098022,0.25012088,27.587078094482425,0.0,41.3386,0.7973
1968-07-18,0.5706833600997925,1.1413667,28.15779685974121,0.0,40.2759,0.796
1968-07-19,0.3405025005340576,0.681005,28.49259281158448,0.0,39.1354,0.7947
1968-07-20,2.746265172958374,5.4925303,28.09571933746338,0.0,38.5528,0.7933
1968-07-21,0.0973975658416748,0.19479513,26.97873592376709,0.0,37.4394,0.792
1968-07-22,0.544255256652832,1.0885105,27.533270835876465,0.0,36.5432,0.7906
1968-07-23,0.4437679052352905,0.8875358,27.190747261047363,0.0,35.4994,0.7929
1968-07-24,0.1880046129226684,0.37600923,25.41685485839844,0.0,34.7504,0.7877
1968-07-25,0.222703218460083,0.44540644,26.268349647521973,0.0,34.3979,0.7878
1968-07-26,1.27656352519989,2.553127,26.379523277282715,0.0,34.2833,0.7848
1968-07-27,0.2021304368972778,0.40426087,26.0686616897583,0.0,34.0675,0.7834
1968-07-28,1.3976225852966309,2.7952452,25.78087615966797,0.0,33.8846,0.7819
1968-07-29,0.8425626754760742,1.6851254,26.61294651031494,0.0,33.9335,0.8771
1968-07-30,0.1412506103515625,0.28250122,27.149314880371094,0.0,33.5153,0.779
1968-07-31,1.1505104303359983,2.3010209,27.52725124359131,0.0,33.7403,0.9359
1968-08-01,10.714045524597168,21.428091,26.25292491912841,0.0,35.6263,1.4083
1968-08-02,2.540177822113037,5.0803556,25.12921142578125,0.0,35.2363,0.7746
1968-08-03,4.024266362190247,8.0485325,25.231529235839844,0.0,37.8131,1.8572
1968-08-04,6.079292058944702,12.158585,23.942688941955566,0.0,39.9766,1.5525000000000002
1968-08-05,3.328985452651977,6.657971,23.90128898620605,0.0,39.6319,0.7703
1968-08-06,2.585805892944336,5.171612,25.23276329040528,0.0,39.6879,1.2675
1968-08-07,1.5144778490066528,3.0289557,25.887842178344727,0.0,38.8096,0.7674
1968-08-08,4.4402384757995605,8.880477,26.05681610107422,0.0,40.7255,1.7315
1968-08-09,18.100382804870605,36.200768,25.79576110839844,0.0,47.917,3.9487
1968-08-10,5.53891396522522,11.077827,26.21810913085937,0.0,46.4192,0.7926
1968-08-11,0.4167039394378662,0.8334079,26.0083589553833,0.0,44.3472,0.7659
1968-08-12,0.3626978397369385,0.7253957,26.31991481781006,0.0,42.3803,0.7602
1968-08-13,4.966473698616028,9.932947,27.131179809570312,0.0,42.0136,0.9715
1968-08-14,7.256280183792114,14.51256,26.34129905700684,0.0,44.4199,2.1527
1968-08-15,0.3054838180541992,0.61096764,26.30240154266357,0.0,42.4494,0.756
1968-08-16,0.3507207632064819,0.7014415,26.94451332092285,0.0,40.5005,0.7565
1968-08-17,0.8725918531417847,1.7451837,26.75925922393799,0.0,39.3016,0.7531
1968-08-18,0.8371886014938354,1.6743772,25.861474990844727,0.0,38.634,0.8559
1968-08-19,0.2774823904037475,0.5549648,27.39588737487793,0.0,37.9488,0.7503
1968-08-20,0.8064439296722412,1.6128879,27.301079750061035,0.0,37.4611,0.8203
1968-08-21,9.608677864074709,19.217356,25.72429752349853,0.0,40.9379,2.0296000000000003
1968-08-22,1.7856377363204956,3.5712755,25.488106727600098,0.0,40.2617,0.7461
1968-08-23,1.0840626955032349,2.1681254,26.535308837890625,0.0,39.4987,0.901
1968-08-24,0.8658401966094971,1.7316804,26.93522548675537,0.0,38.7851,0.7433
1968-08-25,0.2737023830413818,0.54740477,27.475942611694336,0.0,37.9672,0.7419
1968-08-26,16.90786123275757,33.815723,26.582512855529785,0.0,45.6266,3.8614
1968-08-27,4.205601930618286,8.411203,26.21755027770996,0.0,44.8171,0.8904
1968-08-28,13.796635150909424,27.59327,26.811251640319824,0.0,48.7663,3.0595
1968-08-29,2.046050310134888,4.0921006,26.267900466918945,0.0,46.4768,0.7363
1968-08-30,0.1861088275909423,0.37221766,25.60093879699707,0.0,44.536,0.735
1968-08-31,0.2653470039367676,0.530694,22.73128700256348,0.0,42.721,0.7336
1968-09-01,0.1294944286346435,0.25898886,22.74944877624512,0.0,41.1247,0.7363999999999999
1968-09-02,0.3185961246490478,0.63719225,22.755858421325684,0.0,40.0973,0.7309
1968-09-03,0.0976600646972656,0.19532013,24.21194076538086,0.0,38.5704,0.7295
1968-09-04,0.9281629323959352,1.8563259,24.7811279296875,0.0,37.5186,0.7281
1968-09-05,3.064172387123108,6.1283445,24.76290225982666,0.0,38.9761,1.482
1968-09-06,0.0,0.0,25.891526222229004,0.0,38.3368,0.7254
1968-09-07,0.4615154266357422,0.92303085,27.00330066680908,0.0,37.7091,0.7242
1968-09-08,0.2592084407806396,0.5184169,26.58935642242432,0.0,37.0572,0.7227
1968-09-09,1.56091570854187,3.1218314,25.99057102203369,0.0,37.0799,0.9899
1968-09-10,1.355244517326355,2.710489,26.54352378845215,0.0,36.4843,0.72
1968-09-11,0.8163015842437744,1.6326032,25.8161735534668,0.0,36.5335,0.9037
1968-09-12,0.0926084518432617,0.1852169,25.781343460083008,0.0,35.9159,0.7173
1968-09-13,12.08457612991333,24.169151,25.80235004425049,0.0,43.9825,3.7787
1968-09-14,11.83555507659912,23.67111,25.48460292816162,0.0,46.6502,2.2866
1968-09-15,14.334449768066406,28.6689,24.82658672332764,0.0,50.1876,3.3941
1968-09-16,5.404298305511475,10.808597,24.17115497589112,0.0,47.7661,0.7143999999999999
1968-09-17,3.146209955215454,6.29242,24.416497230529785,0.0,47.6145,1.6353
1968-09-18,0.3979949951171875,0.79599,25.188332557678223,0.0,45.8846,0.7092
1968-09-19,2.04434072971344,4.088681,25.85478973388672,0.0,45.1406,1.1792
1968-09-20,16.98488998413086,33.96978,23.651336669921875,0.0,51.3881,4.864
1968-09-21,0.134465217590332,0.26893044,21.189969062805176,0.0,47.9108,0.7054
1968-09-22,0.0,0.0,21.684319496154785,0.0,46.132,0.7041
1968-09-23,0.0,0.0,20.5545711517334,0.0,44.4197,0.7029
1968-09-24,0.6096892356872559,1.2193785,20.78239917755127,0.0,42.8405,0.7373999999999999
1968-09-25,1.2004680633544922,2.4009361,21.964987754821777,0.0,41.5603,0.7004
1968-09-26,0.0,0.0,22.439827919006348,0.0,39.7608,0.6992
1968-09-27,0.2731362283229828,0.54627246,21.976309776306152,0.0,38.45,0.6995
1968-09-28,0.068281352519989,0.1365627,22.431756019592285,0.0,37.5947,0.6966
1968-09-29,0.1915043592453003,0.38300872,21.637449264526367,0.0,37.2112,0.6953
1968-09-30,2.0211340188980103,4.042268,18.7504301071167,0.0,37.395,0.8196000000000001
1968-10-01,2.9948650598526,5.98973,17.71809959411621,0.0,38.6176,1.1646999999999998
1968-10-02,8.418128490447998,16.836258,19.46438884735108,0.0,42.7369,2.3638
1968-10-03,2.521558165550232,5.0431166,22.54105758666992,0.0,42.0916,0.6902
1968-10-04,3.169983386993408,6.339967,22.744189262390137,0.0,42.533,1.3439
1968-10-05,3.5282680988311768,7.056536,22.72577381134033,0.0,42.0476,0.6878
1968-10-06,0.4003082513809204,0.8006165,22.65760612487793,0.0,40.888,0.7007
1968-10-07,0.1035488843917846,0.20709777,23.2196683883667,0.0,39.7609,0.6852
1968-10-08,1.2785300016403198,2.55706,23.65844440460205,0.0,39.1696,0.85
1968-10-09,1.7843561172485352,3.5687122,24.21448516845703,0.0,38.743,0.6877
1968-10-10,11.916860580444336,23.833721,22.87077713012696,0.0,46.0503,4.0156
1968-10-11,10.36146354675293,20.722927,21.640265464782715,0.0,49.023,2.9388
1968-10-12,0.3453789204359054,0.6907579,20.40261745452881,0.0,46.8952,0.6789
1968-10-13,0.1852203607559204,0.37044072,20.38343334197998,0.0,45.4466,0.6805
1968-10-14,0.2243472337722778,0.44869447,19.895708084106445,0.0,44.4325,0.6766
1968-10-15,0.3737258017063141,0.7474516,19.12345218658448,0.0,43.557,0.7086
1968-10-16,0.0610607862472534,0.12212157,19.30281639099121,0.0,42.7247,0.6743
1968-10-17,2.039895415306092,4.079791,17.467345237731934,0.0,43.2507,1.2022
1968-10-18,0.6939614415168762,1.3879229,16.132299423217773,0.0,42.4334,0.6719
1968-10-19,0.0324400663375854,0.06488013,13.537404537200928,0.0,41.3621,0.6708
1968-10-20,0.0,0.0,12.77896785736084,0.0,40.1783,0.6696
1968-10-21,0.0,0.0,12.846642017364502,0.0,38.933,0.6684
1968-10-22,0.2307870388031005,0.46157408,13.766571044921877,0.0,38.1036,0.6693
1968-10-23,0.1900344491004943,0.3800689,14.82027006149292,0.0,37.5471,0.6659
1968-10-24,0.1209250688552856,0.24185014,13.727826595306396,0.0,37.0863,0.6659999999999999
1968-10-25,0.3377835750579834,0.67556715,11.569371700286863,0.0,36.676,0.6635
1968-10-26,0.0,0.0,12.65269374847412,0.0,36.1922,0.6623
1968-10-27,0.0288385152816772,0.05767703,12.70640754699707,0.0,35.867,0.6615
1968-10-28,0.0803155899047851,0.16063118,15.13634443283081,0.0,35.4602,0.6598
1968-10-29,0.004107654094696,0.008215308,16.163804054260254,0.0,35.1423,0.6586
1968-10-30,0.0,0.0,14.99558925628662,0.0,34.7912,0.6574
1968-10-31,0.0,0.0,15.486111164093018,0.0,34.5328,0.6562
1968-11-01,0.1248704195022583,0.24974084,16.385427474975586,0.0,34.3902,0.6551
1968-11-02,0.5081987380981445,1.0163975,16.861472129821777,0.0,34.2878,0.6537
1968-11-03,1.039364993572235,2.07873,17.37131404876709,0.0,34.6977,0.8266
1968-11-04,1.0466379523277285,2.093276,17.380316734313965,0.0,34.6014,0.6513
1968-11-05,0.0165097713470459,0.033019543,15.184879779815674,0.0,34.4103,0.65
1968-11-06,0.1333378851413726,0.26667577,12.546054363250732,0.0,34.2061,0.6488
1968-11-07,0.1195412278175354,0.23908246,12.337638854980469,0.0,34.021,0.6479999999999999
1968-11-08,0.0579155683517456,0.11583114,15.318615913391112,0.0,33.8593,0.6464
1968-11-09,0.0,0.0,12.580609321594238,0.0,33.7119,0.6452
1968-11-10,0.0,0.0,10.201441764831545,0.0,33.588,0.644
1968-11-11,0.0,0.0,12.734905242919922,0.0,33.4884,0.6427
1968-11-12,0.0,0.0,12.17359447479248,0.0,33.3557,0.6415
1968-11-13,0.0171925723552703,0.034385145,13.69168996810913,0.0,33.237,0.6403
1968-11-14,0.021866500377655,0.043733,14.21099615097046,0.0,33.1618,0.6391
1968-11-15,0.0,0.0,13.77003002166748,0.0,33.0362,0.6379
1968-11-16,0.1418697834014892,0.28373957,12.56977367401123,0.0,32.9599,0.6378
1968-11-17,1.2804370522499084,2.560874,13.154211044311523,0.0,32.91,0.6355
1968-11-18,0.6052912771701813,1.2105825,13.582648277282717,0.0,33.0212,0.6961999999999999
1968-11-19,0.1803259849548339,0.36065197,15.591154098510742,0.0,32.8498,0.6331
1968-11-20,0.3710545301437378,0.74210906,16.43193531036377,0.0,32.7594,0.6503
1968-11-21,0.0157514214515686,0.031502843,15.986844539642334,0.0,32.6109,0.6308
1968-11-22,0.0695801973342895,0.1391604,15.510589599609377,0.0,32.4743,0.6296
1968-11-23,0.3928370475769043,0.7856741,16.729790687561035,0.0,32.3637,0.6285999999999999
1968-11-24,0.1275217235088348,0.25504345,16.601774215698242,0.0,32.2467,0.6282
1968-11-25,0.2568067014217376,0.5136134,16.287277221679688,0.0,32.1526,0.6264
1968-11-26,0.0211965143680572,0.04239303,17.66749668121338,0.0,32.0425,0.6248
1968-11-27,0.3685232996940613,0.7370466,16.948461532592773,0.0,31.9283,0.6268
1968-11-28,1.64760422706604,3.2952085,14.820827960968018,0.0,31.9702,0.6347
1968-11-29,0.0035302639007568,0.007060528,14.085980415344238,0.0,31.9148,0.6213
1968-11-30,0.0751900672912597,0.15038013,14.749307632446287,0.0,31.807,0.6203
1968-12-01,0.1098176836967468,0.21963537,15.718802452087402,0.0,31.6845,0.619
1968-12-02,0.0219653844833374,0.04393077,19.02965831756592,0.0,31.5573,0.6178
1968-12-03,0.3796331286430359,0.75926626,19.29412078857422,0.0,31.4071,0.6166
1968-12-04,2.576292991638184,5.152586,18.55692672729492,0.0,31.5914,0.6847000000000001
1968-12-05,0.2381882667541504,0.47637653,15.94886064529419,0.0,31.4473,0.6143
1968-12-06,0.0055394321680068,0.011078864,18.336310386657715,0.0,31.2534,0.6132
1968-12-07,0.0469421744346618,0.09388435,17.968544006347656,0.0,31.0778,0.612
1968-12-08,0.0617402493953704,0.1234805,17.892346382141113,0.0,30.926,0.6109
1968-12-09,0.0833259522914886,0.1666519,17.728857040405273,0.0,30.7964,0.6101
1968-12-10,5.73271107673645,11.465422,17.349682807922363,0.0,33.5479,1.3594
1968-12-11,27.83982944488525,55.679657,15.592307567596436,0.0,52.4649,7.2926
1968-12-12,0.1788427233695984,0.35768545,14.584650039672852,0.0,48.1585,0.6063
1968-12-13,0.0076628327369689,0.0153256655,13.81471872329712,0.0,46.6365,0.6051
1968-12-14,1.0364501178264618,2.0729003,11.255556106567385,0.0,46.34,0.8411
1968-12-15,0.1872487068176269,0.3744974,7.584887504577637,0.0,45.6236,0.6028
1968-12-16,0.0393743813037872,0.07874876,5.950721502304077,0.0,45.0278,0.6058
1968-12-17,0.4402434676885605,0.88048697,8.861832618713379,0.0,44.5657,0.6162
1968-12-18,1.6462373733520508,3.2924747,11.04491901397705,0.0,44.2559,0.6191000000000001
1968-12-19,0.1775137782096862,0.35502756,9.587261199951172,0.0,43.659,0.5983
1968-12-20,2.184111356735229,4.3682227,12.211032390594482,0.0,43.6414,0.7101
1968-12-21,15.217660903930664,30.435322,11.544182777404783,0.0,51.3185,4.5076
1968-12-22,7.753364562988281,15.506729,5.125645637512207,0.0,50.331,2.3360000000000003
1968-12-23,0.1134097278118133,0.22681946,3.457183361053467,0.0,47.9469,0.6505
1968-12-24,0.0017544701695442,0.0035089403,7.965412855148315,0.0,46.6449,0.5927
1968-12-25,0.0156692266464233,0.031338453,11.8030424118042,0.0,45.6737,0.5916
1968-12-26,0.1130067110061645,0.22601342,14.648048877716064,0.0,44.9058,0.5905
1968-12-27,2.0121686458587646,4.0243373,12.2920880317688,0.0,45.6413,1.163
1968-12-28,0.0946726202964782,0.18934524,14.77222490310669,0.0,44.9504,0.5883
1968-12-29,0.0,0.0,16.802263259887695,0.0,44.2709,0.5872
1968-12-30,1.7914268970489502,3.5828538,14.542404651641846,0.0,44.4374,0.8694
1968-12-31,7.968946933746338,15.937894,11.994779586791992,0.0,47.9993,2.4247
1969-01-01,7.74228835105896,15.484577,5.961373805999756,0.0,49.6894,2.4411
1969-01-02,2.1624903678894043,4.3249807,4.37987494468689,0.0,48.2879,0.9808
1969-01-03,2.383304476737976,4.766609,3.7824244499206543,0.0,47.8766,1.1089
1969-01-04,11.245212078094482,22.490425,3.942796468734741,0.0,51.0881,4.2177
1969-01-05,4.958614110946655,9.917229,5.939332962036133,0.0,49.5997,2.0136
1969-01-06,0.8543763756752014,1.7087528,5.475613594055176,0.0,47.6857,0.5793
1969-01-07,0.2548853158950805,0.50977063,3.612163782119751,0.0,46.6339,0.605
1969-01-08,0.1543129682540893,0.30862594,4.312293291091919,0.0,45.9097,0.6033
1969-01-09,0.0995559841394424,0.19911197,8.399286270141602,0.0,45.2788,0.5762
1969-01-10,0.2479884624481201,0.49597692,12.327574729919434,0.0,44.6861,0.5891000000000001
1969-01-11,3.5711978673934937,7.142396,12.948951721191406,0.0,44.5396,0.6906
1969-01-12,16.92270565032959,33.845413,4.861920833587647,0.0,51.4335,6.396999999999999
1969-01-13,3.0764853954315186,6.152971,3.729943037033081,0.0,48.9755,1.3962
1969-01-14,24.214234352111816,48.428467,4.471619129180908,0.0,52.8775,11.1261
1969-01-15,3.343998670578003,6.6879973,3.2313663959503174,0.0,49.2938,1.9514
1969-01-16,11.645184993743896,23.29037,3.9835500717163086,0.0,50.774,6.0846
1969-01-17,0.4803544878959656,0.960709,5.443169116973877,0.0,48.066,0.5827
1969-01-18,5.556321144104004,11.112642,8.407641410827637,0.0,48.7869,3.0761
1969-01-19,5.601443290710449,11.202887,14.33350944519043,0.0,47.8862,1.2794
1969-01-20,0.1886876821517944,0.37737536,17.46589183807373,0.0,46.4856,0.5923
1969-01-21,21.848855018615723,43.69771,13.664424419403076,0.0,52.3312,11.0642
1969-01-22,16.72118330001831,33.442368,11.140422344207764,0.0,51.4668,8.4479
1969-01-23,1.2473547458648682,2.4947095,13.802820205688477,0.0,48.1768,0.6054
1969-01-24,0.1501402854919433,0.30028057,15.630144596099854,0.0,46.7529,0.6133
1969-01-25,0.3168368935585022,0.6336738,16.447654724121094,0.0,45.7945,0.6145
1969-01-26,0.0,0.0,17.39960479736328,0.0,44.8935,0.6162
1969-01-27,0.0697603225708007,0.13952065,17.745306968688965,0.0,44.0802,0.6169
1969-01-28,0.2761216163635254,0.55224323,17.535764694213867,0.0,43.3769,0.6171
1969-01-29,0.1992536783218383,0.39850736,10.380718231201172,0.0,42.8769,0.6402
1969-01-30,24.01339435577393,48.026787,5.61887526512146,0.0,52.3989,10.0627
1969-01-31,32.38370895385742,64.76742,2.423820972442627,0.0736,53.2486,17.0525
1969-02-01,1.127040147781372,2.2540803,2.3761308193206787,0.0,48.6755,0.9265
1969-02-02,1.129573106765747,2.2591462,3.038626909255981,0.0,47.4502,0.8761000000000001
1969-02-03,13.691099166870115,27.382198,4.243589878082275,0.0,50.7306,6.801
1969-02-04,11.9216890335083,23.843378,1.69221830368042,0.4328,50.7331,6.126399999999999
1969-02-05,0.0799208879470825,0.15984178,0.733802080154419,0.1416,48.2412,0.9897
1969-02-06,0.8950284719467163,1.790057,1.5358989238739014,0.0,47.2942,1.0627
1969-02-07,0.0,0.0,4.018943548202515,0.0,46.3471,0.6583
1969-02-08,1.39149272441864,2.7829854,4.991053819656372,0.0,45.9086,0.9087
1969-02-09,0.2935340404510498,0.5870681,6.546406507492065,0.0,45.3252,0.7455999999999999
1969-02-10,0.6030471324920654,1.2060943,11.231334686279297,0.0,44.6696,0.6623
1969-02-11,0.5183045864105225,1.0366092,14.204482555389404,0.0,44.1279,0.8185
1969-02-12,1.6960604786872864,3.3921208,14.201862812042236,0.0,43.6102,0.6623
1969-02-13,1.1585394144058228,2.3170788,15.089900016784668,0.0,43.4281,1.0312
1969-02-14,0.0,0.0,15.578207969665527,0.0,42.6634,0.6613
1969-02-15,1.1180235147476196,2.236047,14.771075248718262,0.0,42.613,0.9728
1969-02-16,0.0,0.0,12.20166540145874,0.0,42.0637,0.6597
1969-02-17,0.0,0.0,9.591149806976318,0.0,41.7478,0.6587
1969-02-18,3.741595506668091,7.483191,12.48322868347168,0.0,43.3404,1.7959
1969-02-19,22.98695468902588,45.973907,8.866919994354248,0.0,52.3241,8.7303
1969-02-20,13.251545906066896,26.503092,6.287170648574829,0.0,51.3253,5.8005
1969-02-21,3.848843097686768,7.697686,3.430996894836426,0.0,49.2156,2.1053
1969-02-22,8.079838275909424,16.159676,1.9257659912109373,0.0,49.9197,4.0592
1969-02-23,12.799133777618408,25.598267,3.7869679927825928,0.0,51.0447,6.6364
1969-02-24,34.04164695739746,68.0833,4.674311637878418,0.0,53.0944,19.9087
1969-02-25,9.260027647018433,18.520056,5.638221740722656,0.0,50.2429,5.8263
1969-02-26,18.29820251464844,36.596405,5.935930252075195,0.0,51.5793,10.4206
1969-02-27,4.255353689193726,8.510708,4.12240743637085,0.0,49.158,2.475
1969-02-28,3.251647710800171,6.5032954,3.859230756759644,0.0,48.3017,1.8581
1969-03-01,16.477896690368652,32.955795,5.617632389068604,0.0,51.471,8.768099999999999
1969-03-02,4.986116647720337,9.972233,7.5891273021698,0.0,49.2518,2.5609
1969-03-03,8.246031284332275,16.492062,8.254070281982422,0.0,49.8578,4.5101
1969-03-04,6.172163009643555,12.344326,8.600739479064941,0.0,49.4618,3.4436
1969-03-05,0.147591233253479,0.29518247,8.687606811523438,0.0,47.4918,0.7374
1969-03-06,7.210085153579712,14.42017,9.243385791778564,0.0,49.1197,3.9777
1969-03-07,7.300001621246338,14.600003,10.516918182373049,0.0,49.3257,3.2912
1969-03-08,28.174087524414062,56.348175,10.57952117919922,0.0,52.7875,14.8232
1969-03-09,7.892890214920044,15.78578,10.865972995758057,0.0,49.9699,4.45
1969-03-10,8.74720811843872,17.494415,10.032236099243164,0.0,49.8841,4.6039
1969-03-11,21.878500938415527,43.757004,9.635677337646484,0.0,52.0376,11.8646
1969-03-12,0.2691562175750732,0.53831244,7.807577610015869,0.0,48.2274,0.7807
1969-03-13,1.165937423706055,2.3318748,5.550569772720337,0.0,47.1987,1.2048
1969-03-14,0.0417540073394775,0.083508015,7.823987722396851,0.0,46.1309,0.8234
1969-03-15,0.0,0.0,10.864997386932371,0.0,45.0597,0.7921
1969-03-16,0.4131608009338379,0.8263216,12.573440074920654,0.0,44.3552,0.8254
1969-03-17,0.3557488918304443,0.7114978,9.182825088500977,0.0,43.8259,0.7926
1969-03-18,0.4923114776611328,0.98462296,10.211422443389893,0.0,43.3671,0.8339
1969-03-19,0.4373788833618164,0.87475777,15.266733646392822,0.0,42.7478,0.7916
1969-03-20,0.6850521564483643,1.3701043,18.6693058013916,0.0,42.1301,0.9238
1969-03-21,5.938976049423218,11.877953,15.910281658172607,0.0,43.3115,1.5751
1969-03-22,0.2437682151794433,0.48753643,11.668846130371094,0.0,42.9177,0.7887
1969-03-23,0.0543437004089355,0.1086874,13.868477821350098,0.0,42.3543,0.7876
1969-03-24,15.812521934509276,31.625044,14.250848293304443,0.0,49.9893,6.4581
1969-03-25,0.2187261581420898,0.43745232,17.77704620361328,0.0,47.4452,0.7854
1969-03-26,0.0408766269683837,0.081753254,19.11189365386963,0.0,45.9963,0.7844
1969-03-27,7.0544610023498535,14.108922,20.157007217407227,0.0,48.2296,3.2481
1969-03-28,1.5711965560913086,3.142393,20.13733673095703,0.0,46.6862,0.7824
1969-03-29,35.24266624450684,70.48534,14.480276584625244,0.0,53.7915,16.2002
1969-03-30,6.949916839599609,13.899834,11.076465606689451,0.0,49.9105,3.3484000000000003
1969-03-31,1.6279361248016355,3.2558722,11.96968936920166,0.0,47.7183,0.7869
1969-04-01,0.0,0.0,13.594903469085692,0.0,46.0929,0.7895
1969-04-02,18.697168350219727,37.394337,12.66161823272705,0.0,51.7215,9.213299999999998
1969-04-03,7.507823944091797,15.015648,15.88482141494751,0.0,49.6341,3.0419
1969-04-04,23.3084077835083,46.616814,11.410512447357178,0.0,52.1264,11.1384
1969-04-05,0.662076473236084,1.324153,6.599482536315918,0.0,48.2623,0.8025
1969-04-06,0.9485983848571776,1.8971968,8.94045877456665,0.0,46.875,1.0729000000000002
1969-04-07,0.0,0.0,11.205204010009766,0.0,45.5838,0.8106
1969-04-08,0.202761173248291,0.40552235,15.35985803604126,0.0,44.4547,0.8135
1969-04-09,0.3305642604827881,0.6611285,17.918034553527832,0.0,43.2365,0.8116
1969-04-10,0.0092098712921142,0.018419743,19.451003074646,0.0,41.9938,0.811
1969-04-11,0.2051301002502441,0.4102602,20.77564811706543,0.0,40.8968,0.81
1969-04-12,4.278638601303101,8.557278,20.544577598571777,0.0,42.7358,2.3809
1969-04-13,0.8690333366394043,1.7380667,20.635905265808105,0.0,42.1247,0.8076
1969-04-14,0.2979352474212646,0.5958705,20.23751926422119,0.0,41.3768,0.8343
1969-04-15,3.3777884244918823,6.755577,20.417802810668945,0.0,41.2472,0.8132
1969-04-16,3.301823616027832,6.603647,19.76867961883545,0.0,41.9905,1.4827
1969-04-17,0.6508543491363525,1.3017087,16.45180892944336,0.0,41.5098,0.8085
1969-04-18,0.3427250385284424,0.6854501,18.367741584777832,0.0,40.8769,0.8480000000000001
1969-04-19,1.492727518081665,2.985455,20.78800678253174,0.0,40.3028,0.8139
1969-04-20,2.1181936264038086,4.2363873,22.41278648376465,0.0,40.5345,1.3517
1969-04-21,2.6287713050842285,5.2575426,21.956841468811035,0.0,40.1108,0.8196000000000001
1969-04-22,1.3049485683441162,2.6098971,22.597092628479004,0.0,39.8482,1.0659
1969-04-23,0.5435898303985596,1.0871797,23.41445636749268,0.0,39.0042,0.7975
1969-04-24,0.249415636062622,0.49883127,23.85840129852295,0.0,37.8915,0.7954
1969-04-25,6.936994314193726,13.873989,23.319063186645508,0.0,39.6843,1.601
1969-04-26,25.132628440856934,50.26526,18.16772174835205,0.0,51.5645,7.653
1969-04-27,0.8137233257293701,1.6274467,19.28218936920166,0.0,47.8276,0.7883
1969-04-28,1.6500272750854492,3.3000546,21.12027168273925,0.0,46.5847,1.2167
1969-04-29,0.1546449661254882,0.30928993,22.2180404663086,0.0,44.9956,0.7859
1969-04-30,3.6752158403396606,7.3504314,22.636664390563965,0.0,45.309,1.7327
1969-05-01,16.65677833557129,33.313557,21.41601848602295,0.0,51.2344,5.5002
1969-05-02,0.0471949577331543,0.094389915,22.13679981231689,0.0,47.5719,0.7823
1969-05-03,1.0771350860595703,2.1542702,23.565269470214844,0.0,45.862,0.9697
1969-05-04,0.4193587303161621,0.83871746,24.40651035308838,0.0,44.1533,0.7804
1969-05-05,16.781625747680664,33.56325,23.077545166015625,0.0,51.1471,6.2897
1969-05-06,4.785579681396484,9.571159,20.4486083984375,0.0,48.8755,1.4514
1969-05-07,0.4442975521087646,0.8885951,17.673583030700684,0.0,47.0699,0.7779
1969-05-08,0.1827666759490966,0.36553335,20.390378952026367,0.0,45.4186,0.7777999999999999
1969-05-09,10.713274478912354,21.426548,21.16799068450928,0.0,48.9761,3.4928
1969-05-10,2.657334089279175,5.314668,22.94410896301269,0.0,47.125,0.7759
1969-05-11,8.4638671875,16.927734,23.25473022460937,0.0,49.2949,3.6431
1969-05-12,20.051268577575684,40.10254,23.04247665405273,0.0,52.1605,6.9449000000000005
1969-05-13,13.503233909606934,27.006468,22.89576244354248,0.0,50.8371,4.4836
1969-05-14,25.13194942474365,50.2639,22.98131465911865,0.0,52.6095,10.877
1969-05-15,3.3685109615325928,6.737022,24.01791954040528,0.0,48.3086,0.7808
1969-05-16,6.573343515396118,13.146687,23.08131122589112,0.0,49.0742,3.679300000000001
1969-05-17,13.687849044799805,27.375698,23.109580993652344,0.0,50.7593,5.647
1969-05-18,11.470590114593506,22.941181,23.43155288696289,0.0,50.2935,4.5661
1969-05-19,24.965087890625,49.930176,20.22564697265625,0.0,52.3053,12.0714
1969-05-20,41.8042049407959,83.60841,16.55328130722046,0.0,53.0746,25.5499
1969-05-21,1.1265945434570312,2.253189,18.399889945983887,0.0,48.3777,0.8175
1969-05-22,0.0,0.0,21.61719417572021,0.0,46.3925,0.8263
1969-05-23,76.38945770263672,152.77892,21.461865425109863,0.0,54.5015,52.8526
1969-05-24,8.459864139556885,16.919727,22.550352096557617,0.0,49.3754,3.3514
1969-05-25,0.0611422061920166,0.12228441,21.71608829498291,0.0,46.9554,0.8598
1969-05-26,2.001781940460205,4.003564,21.74026298522949,0.0,46.1495,1.6603
1969-05-27,7.61019229888916,15.220385,21.185300827026367,0.0,47.0164,2.1526
1969-05-28,0.1972036361694336,0.39440727,20.75144386291504,0.0,45.5027,0.8609
1969-05-29,0.0,0.0,22.36942958831787,0.0,43.9256,0.8582
1969-05-30,0.0884613990783691,0.1769228,23.830431938171387,0.0,42.65,0.855
1969-05-31,0.4359011650085449,0.87180233,24.488839149475098,0.0,41.6199,0.8524
1969-06-01,3.989202976226807,7.978406,21.180956840515137,0.0,42.9102,2.0601000000000003
1969-06-02,16.525296211242676,33.05059,23.49759864807129,0.0,49.054,5.1474
1969-06-03,14.333428859710692,28.666859,22.96060276031494,0.0,50.7215,4.6904
1969-06-04,0.3424372673034668,0.68487453,23.58699321746826,0.0,47.5834,0.8471
1969-06-05,7.088716983795166,14.177434,21.381576538085938,0.0,48.8203,3.4753
1969-06-06,0.66485595703125,1.3297119,21.19909191131592,0.0,46.8402,0.8457
1969-06-07,18.85375213623047,37.707504,16.376809120178223,0.0,52.1547,8.7585
1969-06-08,21.49381685256958,42.987633,17.226380348205566,0.0,52.3795,10.2738
1969-06-09,16.63264274597168,33.265285,18.64193820953369,0.0,51.5759,8.9678
1969-06-10,4.923830032348633,9.84766,22.08784484863281,0.0,48.4893,1.2135
1969-06-11,7.608209609985352,15.216419,23.40633583068848,0.0,48.4233,2.5319000000000003
1969-06-12,7.536934852600098,15.07387,21.490513801574707,0.0,48.7273,2.9243
1969-06-13,0.5386934280395508,1.0773869,22.923961639404297,0.0,46.5756,0.8663
1969-06-14,0.0,0.0,22.38296127319336,0.0,44.9855,0.8649
1969-06-15,1.959455966949463,3.918912,23.76779079437256,0.0,43.9881,0.9143
1969-06-16,1.671067476272583,3.342135,24.700334548950195,0.0,43.2003,0.909
1969-06-17,4.401283264160156,8.802567,22.645899772644043,0.0,44.7426,2.3642
1969-06-18,18.1077241897583,36.215446,20.06012916564941,0.0,50.654,6.3695
1969-06-19,2.2980523109436035,4.5961046,21.35988426208496,0.0,47.7918,0.8548
1969-06-20,1.732348918914795,3.4646978,22.366490364074707,0.0,46.7302,1.4443
1969-06-21,2.077948808670044,4.1558976,21.768776893615723,0.0,45.6741,0.8523
1969-06-22,11.593388080596924,23.186775,18.70653820037841,0.0,50.0839,5.4564
1969-06-23,22.784671783447266,45.569344,19.28025913238525,0.0,52.4836,10.0447
1969-06-24,0.3475041389465332,0.6950083,24.02802085876465,0.0,48.0032,0.8522
1969-06-25,1.7605631351470947,3.5211263,26.20378303527832,0.0,46.4513,1.1743
1969-06-26,8.165467500686646,16.330935,24.349498748779297,0.0,47.2771,2.1389
1969-06-27,89.89824676513672,179.7965,21.212682723999023,0.0,54.853,58.7892
1969-06-28,7.058260679244995,14.116522,24.07961845397949,0.0,49.1595,2.749
1969-06-29,2.044922471046448,4.0898447,25.558055877685547,0.0,47.2674,0.8874
1969-06-30,3.28476345539093,6.5695267,24.15030097961425,0.0,47.1619,2.1988000000000003
1969-07-01,0.230893850326538,0.4617877,25.583545684814453,0.0,45.6826,0.8912
1969-07-02,2.26752507686615,4.5350504,26.294776916503903,0.0,45.4311,1.7759999999999998
1969-07-03,0.6612870693206787,1.3225741,26.50050067901612,0.0,44.3375,0.8872
1969-07-04,0.8394773006439209,1.6789546,27.031071662902832,0.0,43.1798,0.9329
1969-07-05,1.0323679447174072,2.064736,27.12219524383545,0.0,42.3902,0.8812
1969-07-06,0.4339916706085205,0.86798334,27.502172470092773,0.0,41.325,0.8812
1969-07-07,0.0,0.0,27.88075160980225,0.0,40.083,0.8741
1969-07-08,1.067953109741211,2.1359062,26.98573589324951,0.0,39.5459,1.1153
1969-07-09,9.23813772201538,18.476276,26.150426864624023,0.0,41.92,2.0975
1969-07-10,5.009363174438477,10.018726,26.375975608825684,0.0,41.6767,0.8679
1969-07-11,0.0538290739059448,0.10765815,27.78367042541504,0.0,40.4772,0.8663
1969-07-12,0.1464545726776123,0.29290915,27.65701675415039,0.0,39.3105,0.8648
1969-07-13,4.737664937973023,9.47533,27.411426544189453,0.0,40.2973,1.8105
1969-07-14,1.6840438842773438,3.3680878,27.534149169921875,0.0,39.4102,0.8694000000000001
1969-07-15,0.0124796032905578,0.024959207,27.981170654296875,0.0,38.1961,0.8601
1969-07-16,0.3325568437576294,0.6651137,27.71050071716309,0.0,36.9538,0.8585
1969-07-17,0.1250604391098022,0.25012088,28.41099071502685,0.0,35.9526,0.8569
1969-07-18,4.80250358581543,9.605007,27.73460960388184,0.0,37.5834,1.6495000000000002
1969-07-19,0.3461756706237793,0.69235134,27.50528812408448,0.0,36.8737,0.8538
1969-07-20,0.9054851531982422,1.8109703,28.282668113708496,0.0,36.3686,0.9561
1969-07-21,0.1471388339996338,0.29427767,28.11298942565918,0.0,35.7548,0.8506
1969-07-22,0.4328620433807373,0.8657241,27.987717628479004,0.0,35.2488,0.8496
1969-07-23,2.991783857345581,5.9835677,28.06233787536621,0.0,35.1006,0.8474
1969-07-24,2.172466278076172,4.3449326,27.92381858825684,0.0,36.5268,1.4378
1969-07-25,2.270470142364502,4.5409403,27.660693168640137,0.0,35.9101,0.8442
1969-07-26,0.3699750900268554,0.7399502,27.661351203918457,0.0,35.1192,0.8454
1969-07-27,0.5618299245834351,1.1236598,26.94354724884033,0.0,34.8546,0.841
1969-07-28,3.727719783782959,7.4554396,27.45381736755371,0.0,37.1652,1.6451
1969-07-29,2.483524441719055,4.9670486,26.838579177856445,0.0,36.9864,0.8379
1969-07-30,0.816163182258606,1.6323264,27.47373104095459,0.0,36.4103,0.8638
1969-07-31,0.0180563926696777,0.036112785,28.0125732421875,0.0,35.6856,0.8347
1969-08-01,0.409001350402832,0.8180027,28.342432975769043,0.0,35.0114,0.8334
1969-08-02,0.1622838973999023,0.3245678,29.239973068237305,0.0,34.7389,0.8316
1969-08-03,8.325533866882324,16.651068,28.386030197143555,0.0,39.8473,2.5413
1969-08-04,17.325166702270508,34.650333,25.952019691467285,0.0,47.1762,3.7896
1969-08-05,7.839809656143188,15.679619,26.29929256439209,0.0,47.3567,1.5875
1969-08-06,3.2346901893615723,6.4693804,25.84064292907715,0.0,46.0208,0.8253
1969-08-07,2.4347625970840454,4.869525,26.046693801879883,0.0,45.3801,1.3662
1969-08-08,13.989477157592772,27.978954,24.889235496521,0.0,50.322,3.7012
1969-08-09,50.8461799621582,101.69236,24.134655952453613,0.0,54.8794,18.6895
1969-08-10,4.222310304641724,8.44462,25.00862693786621,0.0,49.0326,1.389
1969-08-11,5.695637702941895,11.391275,24.54263401031494,0.0,48.2705,1.753
1969-08-12,2.247433423995972,4.494867,24.89314365386963,0.0,46.7195,0.8226
1969-08-13,0.5230350494384766,1.0460701,25.96236515045166,0.0,45.1777,0.8302999999999999
1969-08-14,0.2330410480499267,0.4660821,26.251681327819824,0.0,43.9423,0.8226
1969-08-15,0.8508450984954834,1.7016902,24.944647789001465,0.0,42.9127,0.943
1969-08-16,0.6876410245895386,1.375282,26.127685546875,0.0,41.9429,0.8208
1969-08-17,1.9058648347854608,3.8117297,26.318594932556152,0.0,42.1515,1.5454
1969-08-18,0.4555315971374511,0.9110632,26.16616535186768,0.0,41.1863,0.8184
1969-08-19,0.3293166160583496,0.65863323,26.18039035797119,0.0,40.0911,0.8171
1969-08-20,5.557843923568726,11.115688,25.758506774902344,0.0,41.2224,1.6311
1969-08-21,1.0406088829040527,2.0812178,26.16854190826416,0.0,40.3427,0.8143
1969-08-22,0.1573057174682617,0.31461143,26.978519439697266,0.0,39.233,0.8129
1969-08-23,0.0846569538116455,0.16931391,27.26860237121582,0.0,38.1397,0.8115
1969-08-24,0.8204536437988281,1.6409073,27.38774299621582,0.0,36.9727,0.8549000000000001
1969-08-25,0.1395773887634277,0.27915478,26.74945068359375,0.0,36.1733,0.8085
1969-08-26,1.4429131150245669,2.885826,25.661988258361816,0.0,36.464,1.2251
1969-08-27,15.477656841278076,30.955315,24.08579635620117,0.0,44.1112,3.8913
1969-08-28,6.486520528793335,12.973042,24.14721393585205,0.0,43.5716,0.8887
1969-08-29,15.28407621383667,30.568153,24.591242790222168,0.0,48.9874,3.98
1969-08-30,3.5553622245788574,7.1107244,25.9339542388916,0.0,46.6142,0.8012
1969-08-31,0.4621939659118652,0.92438793,26.211986541748047,0.0,44.4296,0.7998
1969-09-01,5.983976602554321,11.967953,26.0773983001709,0.0,44.9909,1.3193
1969-09-02,0.3376102447509765,0.6752205,25.16921806335449,0.0,43.3701,0.797
1969-09-03,0.1108077764511108,0.22161555,25.194637298583984,0.0,41.5595,0.7956
1969-09-04,0.0969071388244628,0.19381428,25.335917472839355,0.0,40.0071,0.7942
1969-09-05,1.5575215816497805,3.1150432,25.949033737182617,0.0,39.6629,1.1357
1969-09-06,0.0,0.0,25.988131523132324,0.0,38.5649,0.7914
1969-09-07,0.8448506593704224,1.6897013,25.937641143798828,0.0,37.9787,0.8368
1969-09-08,0.1482166051864624,0.2964332,25.479723930358887,0.0,37.4646,0.7885
1969-09-09,1.56091570854187,3.1218314,24.393260955810547,0.0,37.6454,1.0743
1969-09-10,0.0,0.0,23.975704193115234,0.0,36.9638,0.7856
1969-09-11,0.1548106670379638,0.30962133,23.002046585083008,0.0,36.1511,0.789
1969-09-12,0.0926084518432617,0.1852169,22.902263641357425,0.0,35.5239,0.7827
1969-09-13,1.7889117002487185,3.5778234,21.349565505981445,0.0,36.1055,1.085
1969-09-14,13.75611686706543,27.512234,20.47008800506592,0.0,44.3933,3.986
1969-09-15,14.008264064788818,28.01653,21.51436138153076,0.0,49.08,3.6924
1969-09-16,0.7295167446136475,1.4590335,23.12888526916504,0.0,46.579,0.7769
1969-09-17,14.174573421478271,28.349148,22.68464946746826,0.0,51.4996,5.1751000000000005
1969-09-18,0.6893011331558228,1.3786023,24.513646125793457,0.0,47.7751,0.7741
1969-09-19,0.0369691848754882,0.07393837,25.693337440490723,0.0,45.9328,0.7729
1969-09-20,0.5827661752700806,1.1655324,26.079798698425293,0.0,44.2157,0.7717
1969-09-21,1.127396821975708,2.2547936,25.565184593200684,0.0,42.8075,0.9856
1969-09-22,3.243144154548645,6.486288,25.232131004333496,0.0,41.8093,0.7691
1969-09-23,0.0,0.0,24.63049602508545,0.0,39.9457,0.7678
1969-09-24,0.6096892356872559,1.2193785,25.069945335388184,0.0,38.5332,0.7958
1969-09-25,1.231783151626587,2.4635663,24.96524238586425,0.0,37.823,0.7651
1969-09-26,0.0,0.0,25.429515838623047,0.0,36.9858,0.7637
1969-09-27,57.48310470581055,114.96621,23.178844451904297,0.0,55.3871,20.9947
1969-09-28,9.028282165527344,18.056564,24.11075687408448,0.0,50.0999,3.116
1969-09-29,3.1490397453308105,6.2980795,25.13611602783203,0.0,47.7419,0.7658
1969-09-30,3.1845074892044067,6.3690147,23.017634391784668,0.0,47.6286,1.9432
1969-10-01,2.325039386749268,4.650079,20.001035690307617,0.0,46.688,0.7913
1969-10-02,0.1403374671936035,0.28067493,19.753716468811035,0.0,45.6094,0.7690999999999999
1969-10-03,0.0295193493366241,0.0590387,18.20475196838379,0.0,44.6418,0.7673
1969-10-04,0.9276220798492432,1.8552442,17.302833557128906,0.0,44.0033,0.8488
1969-10-05,0.2615071535110473,0.5230143,18.171320915222168,0.0,43.2983,0.7658
1969-10-06,0.3246567249298095,0.64931345,17.010008811950684,0.0,42.4918,0.7689
1969-10-07,0.0921711921691894,0.18434238,17.592973709106445,0.0,41.713,0.7638
1969-10-08,0.1056462526321411,0.2112925,17.93322467803955,0.0,40.9789,0.7646000000000001
1969-10-09,0.188595175743103,0.37719035,16.624216079711914,0.0,40.2765,0.7615
1969-10-10,0.0,0.0,16.173643112182617,0.0,39.5102,0.7603
1969-10-11,0.1067736148834228,0.21354723,15.912572383880615,0.0,38.8197,0.7607
1969-10-12,0.0417661666870117,0.08353233,16.69278621673584,0.0,38.1895,0.7577
1969-10-13,0.1575666666030883,0.31513333,17.99077606201172,0.0,37.4433,0.7586999999999999
1969-10-14,0.4095863103866577,0.8191726,19.58687973022461,0.0,36.8132,0.755
1969-10-15,0.3179112672805786,0.63582253,20.0509614944458,0.0,36.3307,0.7833
1969-10-16,0.3062697052955627,0.6125394,20.951663970947266,0.0,35.7433,0.7523
1969-10-17,5.35088312625885,10.701766,18.098868370056152,0.0,38.9924,2.1242
1969-10-18,4.415560483932495,8.831121,17.175800323486328,0.0,41.0295,1.5935
1969-10-19,0.0570415258407592,0.11408305,19.06363010406494,0.0,40.3175,0.7482
1969-10-20,0.0,0.0,19.353535652160645,0.0,39.1966,0.7468
1969-10-21,0.1060682237148284,0.21213645,19.99855136871338,0.0,38.508,0.7462
1969-10-22,1.2187964916229248,2.437593,19.72018337249756,0.0,38.3942,0.78
1969-10-23,8.023338079452515,16.046677,20.13076496124268,0.0,42.0095,2.2103
1969-10-24,6.444436073303223,12.888872,19.22017192840576,0.0,44.7961,2.1029
1969-10-25,6.718419313430786,13.436838,19.450847625732425,0.0,46.9718,2.1674
1969-10-26,25.033422470092773,50.066845,17.227269172668457,0.0,53.2042,8.6
1969-10-27,0.0556681156158447,0.11133623,15.33983039855957,0.0,48.2855,0.7377
1969-10-28,0.116834282875061,0.23366857,13.995704174041748,0.0,46.6464,0.7374999999999999
1969-10-29,0.040545642375946,0.081091285,14.225995063781738,0.0,45.5519,0.7365
1969-10-30,0.0,0.0,15.74778127670288,0.0,44.6352,0.7358
1969-10-31,0.0,0.0,16.553007125854492,0.0,43.742,0.735
1969-11-01,0.0,0.0,15.353986263275146,0.0,42.9302,0.734
1969-11-02,0.2679225206375122,0.53584504,15.35287857055664,0.0,42.227,0.7363
1969-11-03,0.0141542255878448,0.028308451,14.88591718673706,0.0,41.6759,0.7319
1969-11-04,0.0,0.0,13.774307250976562,0.0,40.9747,0.7307
1969-11-05,0.0,0.0,12.460283756256104,0.0,40.3401,0.7296
1969-11-06,0.0891128480434417,0.1782257,12.287790775299072,0.0,39.7447,0.7284
1969-11-07,0.0918949842453002,0.18378997,12.99649429321289,0.0,39.1075,0.7275999999999999
1969-11-08,0.1217287182807922,0.24345744,10.991375923156738,0.0,38.5029,0.726
1969-11-09,0.0,0.0,10.740808486938477,0.0,37.8467,0.7247
1969-11-10,0.0,0.0,11.48471450805664,0.0,37.295,0.7234
1969-11-11,0.0,0.0,12.407684803009031,0.0,36.8731,0.7222
1969-11-12,0.0,0.0,13.181838512420654,0.0,36.4554,0.7209
1969-11-13,0.018072485923767,0.03614497,15.64888048171997,0.0,36.0958,0.7196
1969-11-14,3.717883348464966,7.4357667,18.038634300231934,0.0,37.4362,1.3615
1969-11-15,7.617196083068848,15.234392,19.175122261047363,0.0,40.0228,1.7344
1969-11-16,20.354851722717285,40.7097,14.681642532348633,0.0,50.4643,6.0266
1969-11-17,7.455680131912231,14.91136,8.304293155670166,0.0,50.1328,2.7002
1969-11-18,2.805879592895508,5.611759,7.32645320892334,0.0,48.6702,1.3479
1969-11-19,7.058857440948486,14.117715,8.758223533630371,0.0,49.7688,2.7986
1969-11-20,1.461328208446503,2.9226565,11.879199981689451,0.0,47.7768,0.729
1969-11-21,0.2835752665996551,0.56715053,12.913984298706056,0.0,46.6743,0.7121
1969-11-22,0.5458014011383057,1.0916028,12.632079601287842,0.0,46.0598,0.7847000000000001
1969-11-23,0.2686434984207153,0.537287,11.731691837310793,0.0,45.4495,0.7101
1969-11-24,0.0462256371974945,0.092451274,10.062785148620604,0.0,44.9141,0.7092
1969-11-25,0.0,0.0,6.558535814285278,0.0,44.3591,0.7084
1969-11-26,0.0091851353645324,0.01837027,5.598542213439941,0.0,43.8489,0.7075
1969-11-27,0.0135953426361083,0.027190685,6.010740518569946,0.0,43.3618,0.7066
1969-11-28,0.1272401809692382,0.25448036,8.63168716430664,0.0,42.9938,0.7095
1969-11-29,0.0035302639007568,0.007060528,10.254211902618408,0.0,42.6215,0.7046
1969-11-30,0.1119389533996582,0.2238779,5.651173114776611,0.0,42.3231,0.7126
1969-12-01,0.1035533249378204,0.20710665,6.522724628448486,0.0,42.0156,0.7103
1969-12-02,0.0601407289505004,0.12028146,7.119715929031372,0.0,41.6517,0.7014
1969-12-03,0.0111735463142395,0.022347093,3.4782516956329346,0.0,41.3995,0.7096
1969-12-04,0.030250608921051,0.060501218,3.3746583461761475,0.0,41.1668,0.7098000000000001
1969-12-05,0.1531891226768493,0.30637825,6.9550557136535645,0.0,40.8544,0.7041999999999999
1969-12-06,1.0342178344726562,2.0684357,9.344270706176758,0.0,40.9578,0.8587
1969-12-07,6.641103506088257,13.2822075,12.727851390838625,0.0,43.9167,2.0847
1969-12-08,2.9440852403640747,5.8881702,7.362436056137085,0.0,44.2725,0.9803
1969-12-09,0.06461101770401,0.12922204,2.764197587966919,0.0,43.9685,0.7497
1969-12-10,0.0903858840465545,0.18077177,2.82871675491333,0.0,43.6045,0.7137
1969-12-11,0.0,0.0,4.657400846481323,0.0,43.0769,0.691
1969-12-12,0.1540085673332214,0.30801713,7.107002258300781,0.0,42.629,0.6942999999999999
1969-12-13,0.0,0.0,7.092997789382935,0.0,42.2656,0.6887
1969-12-14,0.0283714234828948,0.056742847,4.951702117919922,0.0,41.9624,0.6949
1969-12-15,0.0877276062965393,0.17545521,6.319194316864014,0.0,41.6588,0.6863
1969-12-16,0.0393743813037872,0.07874876,8.715393543243408,0.0,41.2619,0.6851
1969-12-17,0.0502759218215942,0.10055184,9.667059421539308,0.0,40.8201,0.6839
1969-12-18,0.0,0.0,10.277403354644775,0.0,40.2344,0.6827
1969-12-19,0.0772748589515686,0.15454972,6.79965615272522,0.0,39.8635,0.6818
1969-12-20,0.0220670104026794,0.04413402,5.213160753250122,0.0,39.5467,0.7038
1969-12-21,0.1511890888214111,0.30237818,7.505205154418945,0.0,39.1753,0.6839000000000001
1969-12-22,0.0783022046089172,0.15660441,9.692142486572266,0.0,38.7402,0.6779
1969-12-23,0.083189308643341,0.16637862,11.636243343353271,0.0,38.3323,0.6769999999999999
1969-12-24,0.0576258897781372,0.11525178,11.89205265045166,0.0,37.9792,0.6754
1969-12-25,0.0328638553619384,0.06572771,12.219738960266112,0.0,37.633,0.6742
1969-12-26,0.8680117130279541,1.7360234,13.164218425750732,0.0,37.6146,0.7586
1969-12-27,9.806309700012209,19.61262,6.71670126914978,0.0,42.9207,2.8152
1969-12-28,0.0694220662117004,0.13884413,3.556526899337769,0.0,42.5881,0.7403
1969-12-29,0.0,0.0,5.372351169586182,0.0,42.1013,0.6774
1969-12-30,0.0547088980674743,0.109417796,9.838241577148438,0.0,41.5157,0.6681
1969-12-31,0.0247992277145385,0.049598455,9.922432899475098,0.0,40.9064,0.6668
1970-01-01,0.0443075895309448,0.08861518,10.847683429718018,0.0,40.2229,0.6656
1970-01-02,0.1568093597888946,0.31361872,12.10324001312256,0.0,39.6279,0.6654
1970-01-03,0.1731431782245636,0.34628636,11.384728908538818,0.0,39.2848,0.6632
1970-01-04,0.6125829219818115,1.2251658,10.32494592666626,0.0,39.3011,0.7586
1970-01-05,1.8091484904289248,3.618297,2.636310577392578,0.0,39.6373,0.8407
1970-01-06,0.0,0.0,2.6096954345703125,0.0,39.5553,0.6790999999999999
1970-01-07,0.2224456071853637,0.4448912,3.87860631942749,0.0,39.4519,0.6617999999999999
1970-01-08,0.1353915929794311,0.2707832,4.915621757507324,0.0,39.336,0.6571
1970-01-09,5.654586315155029,11.309173,5.508455514907837,0.0,43.0284,2.188
1970-01-10,0.3976133167743683,0.79522663,4.55184817314148,0.0,42.6646,0.6547
1970-01-11,0.0,0.0,2.9197332859039307,0.0,42.1811,0.6535
1970-01-12,0.0932704806327819,0.18654096,4.877030611038208,0.0,41.7559,0.6616
1970-01-13,3.0399545431137085,6.0799093,7.3790693283081055,0.0,43.4925,1.4912
1970-01-14,15.935707092285156,31.871414,6.674830675125122,0.0,51.2648,5.308199999999999
1970-01-15,3.4118502140045166,6.8237004,2.709437131881714,0.0384,49.113,1.4272
1970-01-16,0.2612478733062744,0.52249575,-0.0027782917022705,0.0,47.6146,0.797
1970-01-17,0.4447357058525085,0.8894714,1.5979759693145752,0.0,46.7206,0.7152000000000001
1970-01-18,0.1563537716865539,0.31270754,4.173050761222839,0.0,46.0083,0.6458
1970-01-19,0.0,0.0,3.6113955974578857,0.0,45.3827,0.6449
1970-01-20,0.1346036195755005,0.26920724,1.7582318782806396,0.0,44.9221,0.6617000000000001
1970-01-21,0.2028510570526123,0.4057021,3.344359397888184,0.0,44.5333,0.6711
1970-01-22,0.1767061352729797,0.35341227,6.572803258895874,0.0,44.1104,0.6644
1970-01-23,0.7512551546096802,1.5025103,8.87407922744751,0.0,43.7886,0.6606
1970-01-24,11.272990703582764,22.545982,6.195581436157227,0.0,49.5351,4.0674
1970-01-25,3.4213767051696777,6.8427534,6.510294437408447,0.0,48.7289,1.501
1970-01-26,4.768532514572144,9.5370655,7.83344578742981,0.0,48.9327,1.9534
1970-01-27,13.931281566619871,27.862564,9.615406513214111,0.0,51.598,5.5596
1970-01-28,10.633674621582031,21.26735,10.755767345428469,0.0,50.8799,4.395
1970-01-29,12.454416275024414,24.908833,9.68446445465088,0.0,51.2074,5.6755
1970-01-30,0.0247387886047363,0.049477577,7.791797876358032,0.0,48.1024,0.6405
1970-01-31,0.2011719942092895,0.402344,4.101407527923584,0.0,46.8439,0.6729999999999999
1970-02-01,1.0886143445968628,2.1772287,4.186041474342346,0.0,46.2342,0.822
1970-02-02,0.4932088851928711,0.9864178,8.182526111602783,0.0,45.4925,0.6437
1970-02-03,2.3092024326324463,4.618405,10.361236095428469,0.0,45.9941,1.5098
1970-02-04,6.553369522094727,13.106739,8.879652500152588,0.0,47.7295,2.4658
1970-02-05,0.1172345876693725,0.23446918,8.551856994628906,0.0,46.5785,0.6436
1970-02-06,0.8893551826477051,1.7787104,7.491332769393921,0.0,45.8475,0.6897
1970-02-07,0.0,0.0,11.843905448913574,0.0,45.0034,0.6431
1970-02-08,1.8223620653152464,3.6447241,13.783588886260986,0.0,45.1317,1.2397
1970-02-09,6.194852113723755,12.389704,10.200808048248293,0.0,46.4846,1.8615
1970-02-10,3.2863011360168457,6.5726023,6.025084495544434,0.0,46.4922,1.1182
1970-02-11,1.5410196781158447,3.0820394,6.492953300476074,0.0,45.9773,0.7123
1970-02-12,1.638056218624115,3.2761126,8.741633892059326,0.0,45.4339,0.6441
1970-02-13,1.24534273147583,2.4906855,8.174838542938232,0.0,44.9273,0.7146
1970-02-14,0.0,0.0,9.60480546951294,0.0,44.1498,0.6393
1970-02-15,2.4763777256011963,4.9527555,10.632574558258057,0.0,44.9861,1.4792
1970-02-16,0.0,0.0,8.54615306854248,0.0,44.3266,0.6378
1970-02-17,0.0,0.0,7.765400648117065,0.0,43.6367,0.637
1970-02-18,0.0,0.0,11.30418586730957,0.0,42.9051,0.6361
1970-02-19,1.2339662313461304,2.4679325,14.810381889343262,0.0,42.8506,0.918
1970-02-20,0.0,0.0,14.395827770233154,0.0,42.3116,0.6342
1970-02-21,3.961808919906616,7.923618,10.553935527801514,0.0,44.219,1.8658
1970-02-22,0.0965005159378051,0.19300103,12.431982040405272,0.0,43.7123,0.6321
1970-02-23,0.0,0.0,14.580071926116943,0.0,43.0067,0.6311
1970-02-24,0.2330000400543213,0.46600008,16.285000801086426,0.0,42.3751,0.6322
1970-02-25,0.7536735534667969,1.5073471,17.61003303527832,0.0,41.7221,0.629
1970-02-26,0.7116786241531372,1.4233572,14.762253761291504,0.0,41.4436,0.7795000000000001
1970-02-27,9.664027690887451,19.328056,9.043617248535156,0.0,46.2145,3.1114
1970-02-28,6.20027494430542,12.40055,6.4182493686676025,0.0,48.081,2.2086
1970-03-01,0.9577639102935792,1.9155278,7.576274633407593,0.0,46.8598,0.6246
1970-03-02,18.235366821289062,36.470734,9.617344856262209,0.0,52.4313,7.574
1970-03-03,0.9777979850769044,1.955596,9.199967861175535,0.0,48.4278,0.6229
1970-03-04,8.036905765533447,16.07381,7.46418309211731,0.0,50.1013,3.8399
1970-03-05,11.779312133789062,23.558624,4.617748975753784,0.0,50.9782,5.1504
1970-03-06,13.577220916748049,27.154442,5.290671348571777,0.0,51.3487,6.597700000000001
1970-03-07,11.759137153625488,23.518274,6.680886030197144,0.0,51.0043,6.3327
1970-03-08,0.6968369483947754,1.3936739,8.163862705230713,0.0,48.1138,0.6319
1970-03-09,0.1094670295715332,0.21893406,12.664242267608644,0.0,46.6154,0.6362
1970-03-10,24.75654602050781,49.513092,13.048022747039797,0.0,52.6656,12.7918
1970-03-11,10.110524654388428,20.22105,8.190111637115479,0.0,50.3205,4.8934
1970-03-12,3.159724235534668,6.3194485,7.128994464874268,0.0,48.5285,1.5791
1970-03-13,15.862590789794922,31.725182,6.8324620723724365,0.0,51.2866,8.1873
1970-03-14,12.15743350982666,24.314867,5.104517936706543,0.0,50.8218,6.6395
1970-03-15,35.599647521972656,71.199295,6.5857884883880615,0.0,53.0068,21.2864
1970-03-16,0.5738446712493896,1.1476893,7.311831474304199,0.0,48.4067,0.6872
1970-03-17,9.038506984710692,18.077015,5.741511583328247,0.0,49.9295,5.3492
1970-03-18,1.620753288269043,3.2415066,8.509760856628418,0.0,47.7238,0.702
1970-03-19,0.4373788833618164,0.87475777,8.695679187774658,0.0,46.5752,0.7384
1970-03-20,1.1991517543792725,2.3983035,6.623735904693604,0.0,45.923,0.7081
1970-03-21,2.7243666648864746,5.4487333,7.480534315109253,0.0,46.5235,1.8188
1970-03-22,2.670863389968872,5.341727,8.816896915435791,0.0,46.3284,1.0795
1970-03-23,0.6191122531890869,1.2382245,8.270833015441895,0.0,45.6042,0.7111
1970-03-24,7.1193764209747314,14.238752,8.194699764251709,0.0,48.4589,3.8004
1970-03-25,13.260811805725098,26.521624,7.829180955886841,0.0,51.0582,6.2762
1970-03-26,10.42168664932251,20.843372,7.67159104347229,0.0,50.5637,5.0963
1970-03-27,4.03036630153656,8.060733,12.89094877243042,0.0,48.2668,1.0643
1970-03-28,0.2002780437469482,0.4005561,16.73299789428711,0.0,46.5487,0.7203
1970-03-29,0.0103449821472167,0.020689964,19.512752532958984,0.0,45.2866,0.7221
1970-03-30,0.4445319175720215,0.88906384,19.247257232666016,0.0,44.2424,0.7227
1970-03-31,9.666963338851929,19.333927,12.712075233459473,0.0,48.1629,4.458600000000001
1970-04-01,21.402125358581543,42.804253,10.58466100692749,0.0,52.3014,9.5436
1970-04-02,0.0,0.0,10.825993061065674,0.0,48.1601,0.7239
1970-04-03,0.0,0.0,12.516242027282717,0.0,46.3281,0.726
1970-04-04,0.0,0.0,12.252285480499268,0.0,45.0954,0.7269
1970-04-05,0.6492123603820801,1.2984247,12.11276149749756,0.0,44.4109,0.8825
1970-04-06,5.491645097732544,10.98329,12.390729427337646,0.0,46.1378,2.1942
1970-04-07,0.5967750549316406,1.1935501,14.220855712890623,0.0,45.4034,0.7265
1970-04-08,0.6223330497741699,1.2446661,17.922450065612793,0.0,44.4887,0.8349
1970-04-09,19.083458423614506,38.166916,17.317712783813477,0.0,51.1481,7.021100000000001
1970-04-10,15.116856098175049,30.233711,19.57394218444824,0.0,51.1293,5.7595
1970-04-11,40.764516830444336,81.52904,17.003527641296387,0.0,53.4825,20.8427
1970-04-12,13.4635329246521,26.927067,10.792366027832031,0.0,50.5617,7.1194
1970-04-13,17.03714656829834,34.074295,8.003924369812012,0.0,51.3865,9.714
1970-04-14,0.0,0.0,11.028745651245115,0.0,47.9518,0.7617
1970-04-15,0.0805569887161254,0.16111398,15.70347785949707,0.0,46.3039,0.7672
1970-04-16,0.1173462867736816,0.23469257,19.809919357299805,0.0,44.976,0.7695
1970-04-17,10.069107055664062,20.138214,20.885916709899902,0.0,48.577,5.023000000000001
1970-04-18,3.4339386224746704,6.867877,16.17896556854248,0.0,47.2007,0.7817
1970-04-19,13.869624614715576,27.73925,16.102673053741455,0.0,50.6648,6.0098
1970-04-20,14.641614437103271,29.28323,17.14259147644043,0.0,50.9193,5.844
1970-04-21,0.3218567371368408,0.6437135,17.93270492553711,0.0,47.7738,0.7735
1970-04-22,6.076091766357422,12.152184,14.23133945465088,0.0,48.6001,3.3293
1970-04-23,10.05508518218994,20.11017,16.490375518798828,0.0,49.0071,2.9757
1970-04-24,0.2507169246673584,0.50143385,15.387774467468262,0.0,46.9465,0.7786
1970-04-25,0.0,0.0,15.4796462059021,0.0,45.4423,0.7795
1970-04-26,2.010938882827759,4.021878,15.042253017425535,0.0,45.4609,1.4683
1970-04-27,3.614560723304749,7.229121,14.172633171081545,0.0,45.5903,1.1841
1970-04-28,0.433525800704956,0.8670516,16.199321746826172,0.0,44.5902,0.7788
1970-04-29,2.9381520748138428,5.876304,15.739423751831056,0.0,45.344,1.766
1970-04-30,8.892191886901855,17.784384,16.376303672790527,0.0,48.3255,3.4507
1970-05-01,1.057725429534912,2.1154509,20.77664566040039,0.0,46.6508,0.7776
1970-05-02,10.599404335021973,21.198809,21.690349578857425,0.0,49.7413,4.801699999999999
1970-05-03,16.735309600830078,33.47062,20.912983894348145,0.0,51.5405,6.6862
1970-05-04,6.316087961196899,12.632175,22.17241096496582,0.0,48.5982,1.231
1970-05-05,45.85506439208984,91.71013,21.778018951416016,0.0,53.7942,23.0066
1970-05-06,6.134346961975098,12.268694,22.498818397521973,0.0,48.8858,1.5374
1970-05-07,6.245558261871338,12.491117,22.402735710144043,0.0,47.9211,1.5778
1970-05-08,45.32458114624024,90.64916,19.91462516784668,0.0,53.6957,25.7345
1970-05-09,7.232172966003418,14.464346,22.284500122070312,0.0,49.131,2.3396
1970-05-10,12.614397048950195,25.228794,22.658302307128903,0.0,49.7088,4.6565
1970-05-11,0.4586260318756103,0.91725206,21.168896675109863,0.0,47.2424,0.8381
1970-05-12,8.311276197433472,16.622553,16.546791076660156,0.0,49.24,4.8607000000000005
1970-05-13,18.797645568847656,37.59529,16.649439811706543,0.0,51.6562,8.6105
1970-05-14,1.6658248901367188,3.3316498,16.73876953125,0.0,48.3115,0.8549
1970-05-15,1.01786470413208,2.0357294,17.75833225250244,0.0,46.6807,0.9144
1970-05-16,0.0,0.0,20.46522617340088,0.0,45.1,0.8513
1970-05-17,0.2042961120605468,0.40859222,20.12584590911865,0.0,43.8309,0.8504
1970-05-18,0.0,0.0,20.29810237884521,0.0,42.583,0.8494
1970-05-19,24.10338592529297,48.20677,18.899803161621094,0.0,52.418,10.6403
1970-05-20,7.107253313064575,14.214506,18.33408641815185,0.0,49.6182,2.642
1970-05-21,4.908607482910156,9.817215,16.94940185546875,0.0,48.6623,2.043
1970-05-22,20.99863910675049,41.997276,19.2484073638916,0.0,51.9831,9.4996
1970-05-23,27.73279285430908,55.465584,21.06391143798828,0.0,52.4267,14.2056
1970-05-24,0.9004783630371094,1.8009567,19.890024185180664,0.0,48.0847,0.8635
1970-05-25,37.498830795288086,74.997665,21.52300453186035,0.0,53.2942,22.1293
1970-05-26,0.946002960205078,1.8920059,22.50633430480957,0.0,48.1105,0.8764
1970-05-27,2.2326807975769043,4.4653616,24.40770149230957,0.0,47.0728,2.0151000000000003
1970-05-28,1.8966357707977293,3.7932715,24.60922813415528,0.0,45.7883,0.8807
1970-05-29,2.9507083892822266,5.901417,25.20761775970459,0.0,46.0042,2.1261
1970-05-30,1.274181604385376,2.5483632,26.01684665679932,0.0,44.7755,0.8775
1970-05-31,13.493338584899902,26.986677,24.92930507659912,0.0,49.8933,6.444699999999999
1970-06-01,27.63152027130127,55.26304,21.87299346923828,0.0,52.8748,12.312
1970-06-02,4.761507511138916,9.523015,20.69270610809326,0.0,49.0313,1.8418
1970-06-03,13.787623405456545,27.575247,21.058724403381348,0.0,50.4474,5.8558
1970-06-04,28.86434555053711,57.72869,20.386863708496094,0.0,52.7516,16.3939
1970-06-05,31.89244842529297,63.784897,19.06504917144776,0.0,52.479,20.9141
1970-06-06,4.929050445556641,9.858101,20.37008476257324,0.0,48.9404,2.0837
1970-06-07,0.8282780647277832,1.6565561,24.331541061401367,0.0,46.9041,0.9225
1970-06-08,2.9716813564300537,5.9433627,25.28297233581543,0.0,46.6245,2.0361
1970-06-09,17.785347938537598,35.570694,24.74372673034668,0.0,51.0696,7.4537
1970-06-10,11.3082013130188,22.616402,24.37426853179932,0.0,50.094,4.3377
1970-06-11,0.3433003425598144,0.6866007,23.760717391967773,0.0,47.4468,0.9288
1970-06-12,2.176252603530884,4.352505,22.66047763824463,0.0,46.6968,1.6645
1970-06-13,0.5068080425262451,1.0136161,23.33622169494629,0.0,45.3692,0.9281
1970-06-14,0.0,0.0,22.67333984375,0.0,44.0251,0.9257
1970-06-15,1.946591854095459,3.8931837,22.862690925598145,0.0,43.1254,0.9757
1970-06-16,0.4024062156677246,0.80481243,23.789786338806152,0.0,42.0782,0.9197
1970-06-17,0.0685505867004394,0.13710117,24.34042358398437,0.0,40.9311,0.9159
1970-06-18,1.9950542449951167,3.9901085,24.90849208831787,0.0,40.1516,0.9319
1970-06-19,1.7488183975219729,3.4976368,25.710402488708496,0.0,39.9149,1.3137
1970-06-20,6.06244707107544,12.124894,26.63784408569336,0.0,40.1166,1.062
1970-06-21,24.06047344207764,48.12095,24.91594219207764,0.0,51.0455,7.9407
1970-06-22,23.21030235290528,46.420605,24.43006896972656,0.0,52.4306,8.4345
1970-06-23,22.32864475250244,44.657288,24.17775058746338,0.0,51.9755,8.6448
1970-06-24,0.557567834854126,1.1151357,25.26753520965576,0.0,47.8911,0.9044
1970-06-25,3.856800556182861,7.713601,25.46101951599121,0.0,47.5998,2.4829
1970-06-26,19.101772785186768,38.203545,24.07220363616944,0.0,51.3653,7.4005
1970-06-27,23.719388961791992,47.438778,24.01321220397949,0.0,52.0382,10.3514
1970-06-28,11.173599004745483,22.347198,24.568145751953125,0.0,49.6877,3.6486
1970-06-29,2.070863366127014,4.1417265,25.48403263092041,0.0,47.3621,0.9169
1970-06-30,2.137709259986877,4.2754183,26.605238914489743,0.0,46.354,1.6288
1970-07-01,0.0,0.0,27.55413818359375,0.0,44.6858,0.9163
1970-07-02,1.992839932441712,3.9856799,27.861144065856934,0.0,43.7718,1.2262
1970-07-03,4.377411603927612,8.754824,27.53693580627441,0.0,43.2387,0.9106
1970-07-04,12.27183437347412,24.543669,25.36363887786865,0.0,47.7758,5.0106
1970-07-05,2.411683797836304,4.8233676,25.61300563812256,0.0,46.311,0.9051
1970-07-06,3.432095170021057,6.86419,26.84481430053711,0.0,46.0637,1.777
1970-07-07,2.449992179870605,4.8999844,27.828893661499023,0.0,45.2158,0.8995
1970-07-08,6.358403205871582,12.716806,26.69563770294189,0.0,46.8628,2.9219
1970-07-09,7.014921188354492,14.029842,24.8726863861084,0.0,47.7926,2.1341
1970-07-10,43.685415267944336,87.370834,23.166342735290527,0.0,54.1061,18.5139
1970-07-11,20.108179092407227,40.21636,22.93107414245605,0.0,51.6241,9.7269
1970-07-12,0.3310480117797851,0.662096,25.8701400756836,0.0,47.8522,0.9039
1970-07-13,0.1152095794677734,0.23041916,26.60264778137207,0.0,45.9985,0.9061
1970-07-14,0.0,0.0,27.213809967041016,0.0,44.4048,0.9047
1970-07-15,1.4847434759140017,2.969487,26.039116859436035,0.0,43.8381,1.2967
1970-07-16,6.75664210319519,13.513285,24.99971389770508,0.0,45.5582,2.2753
1970-07-17,0.3616809844970703,0.72336197,25.778186798095703,0.0,44.6199,0.8989
1970-07-18,6.785776376724243,13.571552,26.33641242980957,0.0,47.0008,3.5785
1970-07-19,0.6020922660827637,1.2041845,26.77086925506592,0.0,45.4376,0.8946
1970-07-20,0.8374221324920654,1.6748443,27.394350051879883,0.0,44.2478,1.0279
1970-07-21,0.0918707847595214,0.18374157,27.70937442779541,0.0,42.9747,0.8915
1970-07-22,0.4328620433807373,0.8657241,27.00476455688477,0.0,41.7678,0.8909
1970-07-23,0.4298654794692993,0.85973096,26.899555206298828,0.0,40.722,0.8885
1970-07-24,0.3541102409362793,0.7082205,27.52226829528809,0.0,39.5876,0.8869
1970-07-25,1.4540003538131714,2.9080007,27.38512325286865,0.0,38.8431,0.8853
1970-07-26,2.353601217269897,4.7072024,26.59313678741455,0.0,38.4733,1.1753
1970-07-27,0.2082806825637817,0.41656137,26.89656543731689,0.0,37.3747,0.882
1970-07-28,1.758378267288208,3.5167565,27.19495105743408,0.0,36.8618,1.1975
1970-07-29,0.8364124298095703,1.6728249,27.77112865447998,0.0,36.0695,0.8788
1970-07-30,0.1412506103515625,0.28250122,27.96763134002685,0.0,35.3421,0.8772
1970-07-31,5.4870765209198,10.9741535,27.82326889038086,0.0,37.4199,1.7851
1970-08-01,0.6781637668609619,1.3563275,27.45566940307617,0.0,36.7112,0.8795000000000001
1970-08-02,7.836387872695923,15.672775,25.09769916534424,0.0,41.7667,3.0301
1970-08-03,2.651232481002808,5.302465,25.024950981140137,0.0,40.8896,0.8707
1970-08-04,1.7071141004562378,3.4142282,25.861778259277344,0.0,40.043,1.2156
1970-08-05,0.0,0.0,26.75561046600341,0.0,38.915,0.8674
1970-08-06,1.558309555053711,3.116619,27.960655212402344,0.0,38.3435,0.9741
1970-08-07,1.2475204467773438,2.495041,27.218817710876465,0.0,37.6938,0.8642
1970-08-08,0.6335394382476807,1.2670789,27.13159275054932,0.0,36.9628,0.8778
1970-08-09,0.0,0.0,27.6398286819458,0.0,36.1649,0.8609
1970-08-10,9.705970764160156,19.411942,27.01983642578125,0.0,41.2651,2.9691
1970-08-11,4.337934494018555,8.675869,25.06902313232422,0.0,40.5321,0.8577
1970-08-12,1.5460814237594604,3.0921628,25.879677772521973,0.0,39.955,1.1331
1970-08-13,5.387283086776733,10.774567,26.63860416412353,0.0,39.848,0.899
1970-08-14,0.1058896780014038,0.21177936,26.62880229949951,0.0,39.0049,0.8529
1970-08-15,0.0233757495880126,0.0467515,26.692398071289062,0.0,38.1917,0.8513
1970-08-16,0.3507207632064819,0.7014415,26.19127559661865,0.0,37.3949,0.8514
1970-08-17,0.8241691589355469,1.6483383,26.676677703857425,0.0,36.8667,0.9259
1970-08-18,1.4843095541000366,2.968619,27.938032150268555,0.0,36.4664,0.8979
1970-08-19,5.350199103355408,10.700398,27.06120586395264,0.0,39.1491,2.0
1970-08-20,25.17903709411621,50.358074,25.45133304595948,0.0,50.5614,6.2248
1970-08-21,12.364096641540527,24.728193,25.2110013961792,0.0,50.1575,2.5874
1970-08-22,3.1722992658615112,6.344599,25.7528018951416,0.0,47.5437,0.8401
1970-08-23,7.875252723693848,15.750505,25.11513900756836,0.0,49.8953,3.4254
1970-08-24,5.264421224594116,10.528843,25.29101753234864,0.0,48.5026,1.3515
1970-08-25,0.4063351154327392,0.81267023,26.38715076446533,0.0,46.6131,0.8356
1970-08-26,0.4895220994949341,0.9790442,26.36680698394776,0.0,45.1567,0.8388
1970-08-27,5.482508182525635,10.965016,26.339076042175293,0.0,44.9671,0.9666
1970-08-28,26.67207908630371,53.34416,24.818766593933105,0.0,52.5444,7.1538
1970-08-29,13.726617336273192,27.453236,25.31044006347656,0.0,51.1996,4.4395
1970-08-30,0.9191471338272096,1.8382943,25.69674301147461,0.0,47.8058,0.8289
1970-08-31,1.1886234283447266,2.3772469,25.4636812210083,0.0,46.509,1.1344
1970-09-01,1.783121109008789,3.5662422,25.973024368286133,0.0,45.5367,0.8451
1970-09-02,15.210600852966309,30.421202,25.27768898010254,0.0,51.2811,6.3749
1970-09-03,8.117839813232422,16.23568,25.195942878723145,0.0,49.3387,2.0569
1970-09-04,1.726784348487854,3.4535687,26.0261459350586,0.0,47.2205,0.8255
1970-09-05,3.031414031982422,6.062828,25.328004837036133,0.0,47.1777,1.9414
1970-09-06,0.1375508308410644,0.27510166,24.014952659606934,0.0,45.8206,0.8245
1970-09-07,8.68411898612976,17.368238,24.246198654174805,0.0,49.2206,3.876
1970-09-08,14.58319091796875,29.166382,24.157145500183105,0.0,51.5463,5.7723
1970-09-09,9.539988994598389,19.079979,24.11555576324463,0.0,50.298,3.5997000000000003
1970-09-10,4.625296115875244,9.250592,25.01810359954834,0.0,48.079,0.9796
1970-09-11,0.1609609127044677,0.32192183,24.990312576293945,0.0,46.3743,0.8270000000000001
1970-09-12,0.095914602279663,0.1918292,25.903005599975582,0.0,45.0326,0.8242
1970-09-13,2.8730175495147705,5.746035,25.982643127441406,0.0,44.5574,1.0026
1970-09-14,0.1414796113967895,0.28295922,25.651111602783203,0.0,43.6217,0.8229
1970-09-15,1.5011140704154968,3.0022283,23.66152667999268,0.0,43.585,1.1759
1970-09-16,3.9059011936187744,7.8118024,22.2900619506836,0.0,43.8345,1.0799
1970-09-17,0.0,0.0,24.11824893951416,0.0,42.8351,0.8198
1970-09-18,0.3160362839698791,0.63207257,24.84197235107422,0.0,41.976,0.8193
1970-09-19,8.808295249938965,17.61659,24.79112243652344,0.0,44.9073,2.4865
1970-09-20,21.167962074279785,42.335922,24.4109001159668,0.0,50.7595,5.2724
1970-09-21,11.281490802764893,22.56298,24.352105140686035,0.0,50.3698,3.4615
1970-09-22,1.9579602479934688,3.9159205,25.17337322235108,0.0,47.7021,0.8143
1970-09-23,0.0,0.0,24.988625526428223,0.0,45.9208,0.8137
1970-09-24,0.6354172229766846,1.2708344,24.86437225341797,0.0,44.7644,0.8593
1970-09-25,3.6076639890670776,7.215328,25.498275756835938,0.0,44.3316,0.8121
1970-09-26,4.705298185348511,9.410597,24.48318290710449,0.0,46.0776,2.3537
1970-09-27,0.6719667911529541,1.3439336,23.16482830047608,0.0,45.262,0.81
1970-09-28,0.0379921197891235,0.07598424,23.878201484680176,0.0,44.2296,0.8089
1970-09-29,6.422159194946289,12.844318,18.689616203308105,0.0,46.4141,2.5292
1970-09-30,0.6256537437438965,1.2513075,14.778021812438965,0.0,45.5331,0.8065
1970-10-01,0.1846317648887634,0.36926353,16.324091911315918,0.0,44.6504,0.807
1970-10-02,0.1529814302921295,0.30596286,17.54456901550293,0.0,43.9205,0.8041
1970-10-03,0.0295193493366241,0.0590387,18.846726417541504,0.0,43.0395,0.8028
1970-10-04,0.9147579669952391,1.8295159,18.71556663513184,0.0,42.3745,0.8299
1970-10-05,0.280152678489685,0.56030536,19.08833312988281,0.0,41.4297,0.8018
1970-10-06,1.4144647121429443,2.8289294,17.938057899475098,0.0,41.3581,1.0776
1970-10-07,0.5185614824295044,1.037123,20.142995834350582,0.0,40.7414,0.8045
1970-10-08,0.1373707354068756,0.27474147,21.26095199584961,0.0,39.9864,0.7962
1970-10-09,0.871262788772583,1.7425256,21.38243103027344,0.0,39.5045,0.8079999999999999
1970-10-10,6.026214361190796,12.052429,22.85298442840576,0.0,42.6717,2.4174
1970-10-11,0.1235673725605011,0.24713475,22.570433616638184,0.0,41.8428,0.792
1970-10-12,0.0411475002765655,0.082295,23.286890983581543,0.0,40.7196,0.7906
1970-10-13,0.1502294540405273,0.3004589,23.63633918762207,0.0,39.832,0.7891
1970-10-14,0.6150853633880615,1.2301707,22.86273765563965,0.0,39.349,0.8829
1970-10-15,0.0340907573699951,0.068181515,22.395821571350098,0.0,38.767,0.7863
1970-10-16,8.886368751525879,17.772738,21.66154384613037,0.0,45.2046,3.7099
1970-10-17,15.14732265472412,30.294645,19.5304536819458,0.0,50.8836,4.8188
1970-10-18,13.05622386932373,26.112448,17.058170318603516,0.0,51.4795,4.6405
1970-10-19,19.977532386779785,39.955063,14.496935367584229,0.0,52.4799,7.9359
1970-10-20,0.0104346871376037,0.020869374,16.56016445159912,0.0,48.3028,0.7819
1970-10-21,0.0,0.0,18.094801902771,0.0,46.6622,0.7829
1970-10-22,0.1802575588226318,0.36051512,20.543115615844727,0.0,45.5476,0.7869
1970-10-23,0.1660497188568115,0.33209944,20.813735961914062,0.0,44.6854,0.7829
1970-10-24,0.1149467229843139,0.22989345,22.042455673217773,0.0,43.8637,0.7843
1970-10-25,0.3561743497848511,0.7123487,22.32282066345215,0.0,43.0451,0.7815
1970-10-26,3.4533531665802,6.9067063,16.509235382080078,0.0,44.2407,1.8268
1970-10-27,0.2370115518569946,0.4740231,13.289517879486084,0.0,43.7969,0.7795
1970-10-28,0.0931472778320312,0.18629456,14.552216053009031,0.0,43.1721,0.7788999999999999
1970-10-29,0.0540134310722351,0.10802686,13.732219696044922,0.0,42.5826,0.7772
1970-10-30,0.0,0.0,11.43315601348877,0.0,41.9773,0.776
1970-10-31,0.0494574308395385,0.09891486,12.588675022125244,0.0,41.5649,0.7748
1970-11-01,0.0,0.0,13.092337608337402,0.0,41.0062,0.7735
1970-11-02,0.4814220666885376,0.96284413,13.562543869018556,0.0,40.7557,0.829
1970-11-03,0.0349462032318115,0.06989241,15.842548847198486,0.0,40.2344,0.7709
1970-11-04,0.0228334069252014,0.045666814,13.46051025390625,0.0,39.5136,0.7696
1970-11-05,0.0174419283866882,0.034883857,12.097223281860352,0.0,38.81,0.7683
1970-11-06,0.1648385524749755,0.3296771,12.65651273727417,0.0,38.113,0.7684
1970-11-07,0.1197204291820526,0.23944086,13.028947353363035,0.0,37.6128,0.7656
1970-11-08,0.0701559782028198,0.14031196,13.35385036468506,0.0,37.0895,0.7642
1970-11-09,0.0,0.0,13.566009521484377,0.0,36.5437,0.7628
1970-11-10,0.0,0.0,16.11522102355957,0.0,36.1101,0.7614
1970-11-11,0.0,0.0,15.2355694770813,0.0,35.7661,0.7601
1970-11-12,3.036113858222961,6.0722275,14.11761236190796,0.0,37.5434,1.4719
1970-11-13,0.0056601166725158,0.011320233,16.36078929901123,0.0,37.2351,0.7573
1970-11-14,0.1961296200752258,0.39225924,17.582436561584473,0.0,36.8711,0.7614
1970-11-15,6.98789644241333,13.975793,8.985422134399414,0.0,38.782,1.5221
1970-11-16,0.0638856887817382,0.12777138,7.275441408157349,0.0,38.5964,0.7531
1970-11-17,1.2496550679206848,2.49931,10.907886505126951,0.0,39.0381,1.0092
1970-11-18,0.6120651960372925,1.2241304,14.160083770751951,0.0,38.7713,0.7503
1970-11-19,0.1492654681205749,0.29853094,15.578452110290527,0.0,38.2678,0.7503
1970-11-20,0.4027688503265381,0.8055377,15.18270778656006,0.0,37.9584,0.7475
1970-11-21,3.404397130012512,6.808794,14.79787254333496,0.0,40.0678,1.6084
1970-11-22,6.372720718383789,12.745441,13.166257381439207,0.0,43.3599,2.1263
1970-11-23,7.135260581970215,14.270521,10.101190567016602,0.0,46.6279,2.4567
1970-11-24,1.2768126726150513,2.5536253,10.93637752532959,0.0,45.8055,0.8026
1970-11-25,0.336693525314331,0.67338705,14.045411586761476,0.0,45.0535,0.7407
1970-11-26,1.379348874092102,2.7586977,16.942317008972168,0.0,44.7892,1.0236
1970-11-27,1.079764485359192,2.159529,14.598945140838625,0.0,44.3203,0.738
1970-11-28,0.3118091821670532,0.62361836,14.204028129577637,0.0,43.7089,0.7531
1970-11-29,0.5597286820411682,1.1194574,11.989405155181885,0.0,43.204,0.7353
1970-11-30,0.0751900672912597,0.15038013,8.705784797668457,0.0,42.6766,0.7342
1970-12-01,0.0480894446372985,0.09617889,11.140336990356444,0.0,42.256,0.7327
1970-12-02,1.8210272192955017,3.6420546,12.274258613586426,0.0,42.8758,1.1448
1970-12-03,9.25515604019165,18.510311,8.924536228179932,0.0,47.5399,3.0169
1970-12-04,6.0512754917144775,12.1025505,9.733322143554688,0.0,48.9083,2.2286
1970-12-05,1.1805395483970642,2.3610792,11.410015106201172,0.0,47.4042,0.7561
1970-12-06,0.0,0.0,12.839752674102783,0.0,46.324,0.7263
1970-12-07,9.0862455368042,18.172491,12.6797513961792,0.0,50.0612,3.6881
1970-12-08,3.1899722814559937,6.379945,10.703458309173584,0.0,48.4888,1.2309
1970-12-09,0.0937789678573608,0.18755794,8.093498468399048,0.0,47.0021,0.723
1970-12-10,0.463010311126709,0.9260206,7.956276416778564,0.0,46.1925,0.7849999999999999
1970-12-11,48.80857658386231,97.61716,10.178683757781982,0.0,54.6895,20.6984
1970-12-12,37.75688934326172,75.51378,12.689048767089844,0.0,53.1764,21.4452
1970-12-13,0.0090216398239135,0.01804328,10.41985034942627,0.0,48.4126,0.7371
1970-12-14,0.0283714234828948,0.056742847,5.361586570739746,0.0,46.988,0.7511
1970-12-15,0.1059392094612121,0.21187842,7.502612590789795,0.0,46.0859,0.7533000000000001
1970-12-16,0.4140201658010483,0.82804036,12.38192653656006,0.0,45.3837,0.7513000000000001
1970-12-17,0.092958778142929,0.18591756,14.06589126586914,0.0,44.7323,0.7523000000000001
1970-12-18,0.0421276092529296,0.08425522,12.810060024261476,0.0,44.1362,0.7521
1970-12-19,0.0892317295074462,0.17846346,12.245869159698486,0.0,43.6114,0.7531
1970-12-20,0.0003447830677032,0.00068956614,12.163040161132812,0.0,43.1194,0.7518
1970-12-21,0.1973633766174316,0.39472675,11.825039386749268,0.0,42.7311,0.7535999999999999
1970-12-22,0.1072296500205993,0.2144593,11.989638805389404,0.0,42.3422,0.7505
1970-12-23,2.367020010948181,4.7340403,12.90200901031494,0.0,43.1832,1.3997000000000002
1970-12-24,6.38925051689148,12.7785015,12.265337944030762,0.0,45.7504,2.5583
1970-12-25,4.338272333145142,8.676544,8.092782974243164,0.0,46.8096,1.8898
1970-12-26,0.2711387872695923,0.5422776,7.321829319000244,0.0,46.0737,0.7471
1970-12-27,0.1038994789123535,0.20779896,7.655054330825806,0.0,45.4939,0.7497999999999999
1970-12-28,0.2013074159622192,0.40261483,8.206031322479248,0.0,45.066,0.7455
1970-12-29,0.0,0.0,9.675143718719482,0.0,44.6216,0.7447
1970-12-30,0.1404680013656616,0.280936,9.450387001037598,0.0,44.2587,0.7438
1970-12-31,0.0432654619216918,0.086530924,8.470588207244873,0.0,43.9581,0.743
1971-01-01,0.0705739855766296,0.14114797,7.688760757446289,0.0,43.6938,0.7421
1971-01-02,0.1651849746704101,0.33036995,7.527400493621826,0.0,43.4571,0.7435999999999999
1971-01-03,0.1604583859443664,0.32091677,5.4510111808776855,0.0,43.1605,0.7543
1971-01-04,0.2345825433731079,0.4691651,2.795010805130005,0.0,42.969,0.7773
1971-01-05,0.0398991107940673,0.07979822,1.5598125457763672,0.0,42.7627,0.7599
1971-01-06,0.0048271417617797,0.0096542835,2.7297708988189697,0.0,42.5389,0.7499
1971-01-07,0.2488155364990234,0.49763107,3.791747093200684,0.0,42.3607,0.7703
1971-01-08,0.1416283845901489,0.28325677,3.412485361099243,0.0,42.17,0.7696
1971-01-09,0.0939688980579376,0.1879378,2.3656482696533203,0.0,41.9918,0.7601
1971-01-10,0.1963662505149841,0.3927325,2.6593892574310303,0.0,41.8436,0.7671
1971-01-11,0.0,0.0,3.742968201637268,0.0,41.5094,0.7315
1971-01-12,0.0565215349197387,0.11304307,5.365872144699097,0.0,41.2636,0.7384
1971-01-13,0.4535505175590515,0.90710104,6.0388689041137695,0.0,41.0892,0.7632
1971-01-14,0.0,0.0,7.009233474731445,0.0,40.7365,0.7279
1971-01-15,0.1609461307525634,0.32189226,8.032656192779541,0.0,40.4214,0.7289
1971-01-16,0.3603980541229248,0.7207961,9.381118297576904,0.0,40.1282,0.7254
1971-01-17,0.5241909027099609,1.0483818,10.36286973953247,0.0,39.9608,0.8079
1971-01-18,0.0,0.0,12.357426166534424,0.0,39.7648,0.7229
1971-01-19,0.2943392693996429,0.58867854,12.75013256072998,0.0,39.4281,0.7388
1971-01-20,3.3624441623687744,6.7248883,9.5851411819458,0.0,39.932,0.987
1971-01-21,0.176263689994812,0.35252738,6.041754722595215,0.0,39.8098,0.7191
1971-01-22,0.1376514434814453,0.2753029,4.04248571395874,0.0,39.6628,0.7378
1971-01-23,0.0521894693374633,0.10437894,5.26922869682312,0.0,39.4913,0.7346
1971-01-24,1.806674122810364,3.6133482,5.21808648109436,0.0,40.3673,1.1821
1971-01-25,0.2215200662612915,0.44304013,5.052087783813477,0.0,40.2216,0.7374999999999999
1971-01-26,0.0,0.0,2.7988393306732178,0.0,39.9895,0.7126
1971-01-27,1.0148736238479614,2.0297472,3.425946950912476,0.0,40.0554,0.8006000000000001
1971-01-28,25.64644718170166,51.292892,-0.0192725658416748,3.7888,51.2838,7.6368
1971-01-29,12.30031442642212,24.600628,-0.2081778049468994,9.1191,50.0585,3.261
1971-01-30,0.0,0.0,0.4378366470336914,8.8204,47.9274,0.8679
1971-01-31,0.1961406469345092,0.3922813,0.7171015739440918,8.0065,47.4719,1.2559
1971-02-01,1.0829410552978516,2.165882,2.4450745582580566,7.0488,47.7846,1.7663000000000002
1971-02-02,0.4016413688659668,0.80328274,4.560723781585693,4.4751,48.2607,2.2078
1971-02-03,0.3515828847885132,0.70316577,3.009555697441101,2.5573,47.6756,1.5867
1971-02-04,0.0598342418670654,0.119668484,3.2422378063201904,1.1067,46.9959,1.3542
1971-02-05,0.0730392932891845,0.14607859,4.28594708442688,0.5544,46.2053,0.9554
1971-02-06,1.01038920879364,2.0207784,4.540032386779785,0.3394,45.6701,0.8642000000000001
1971-02-07,0.0,0.0,5.109160900115967,0.0,45.0822,0.8449
1971-02-08,1.4794420003890991,2.958884,7.80698299407959,0.0,45.1483,1.1763
1971-02-09,0.3050320148468017,0.610064,7.494307041168213,0.0,44.6144,0.7459
1971-02-10,0.7188588380813599,1.4377177,9.81007957458496,0.0,44.0822,0.7022
1971-02-11,7.518807888031006,15.037616,10.295201778411863,0.0,47.6806,3.5942
1971-02-12,1.6685476303100586,3.3370953,12.393569469451904,0.0,46.6682,0.704
1971-02-13,4.374160289764404,8.748321,12.348505973815918,0.0,47.7266,2.259
1971-02-14,1.8598467111587524,3.7196934,9.451992511749268,0.0,46.6919,0.6994
1971-02-15,1.1057227849960327,2.2114456,8.029670476913452,0.0,46.1918,1.0268
1971-02-16,0.0,0.0,10.21969509124756,0.0,45.2969,0.6981
1971-02-17,0.0,0.0,10.430713176727297,0.0,44.5157,0.6973
1971-02-18,0.0,0.0,11.134924411773682,0.0,43.8217,0.6965
1971-02-19,0.0,0.0,12.064635753631592,0.0,43.1657,0.6955
1971-02-20,0.0,0.0,14.314980506896973,0.0,42.4541,0.6945
1971-02-21,1.702283263206482,3.4045665,16.724609375,0.0,42.6582,1.1907
1971-02-22,0.0965005159378051,0.19300103,17.593406677246094,0.0,41.892,0.6924
1971-02-23,0.0,0.0,13.844775199890137,0.0,41.2964,0.6912
1971-02-24,0.7283972501754761,1.4567945,8.848519325256348,0.0,41.3373,0.8414999999999999
1971-02-25,5.053137063980103,10.106274,8.958780288696289,0.0,43.8097,2.003
1971-02-26,1.4055116176605225,2.8110232,10.573315620422363,0.0,43.5902,0.689
1971-02-27,24.729188919067383,49.458378,11.271844863891602,0.0,53.1625,10.0534
1971-02-28,0.0,0.0,13.627158641815186,0.0,48.3424,0.6857
1971-03-01,0.4625145196914673,0.92502904,15.115354061126707,0.0,46.8638,0.7456
1971-03-02,4.133946657180786,8.267893,15.335466384887695,0.0,46.7542,1.1555
1971-03-03,1.696951985359192,3.393904,10.857722282409668,0.0,45.9983,0.6843
1971-03-04,0.4358856678009033,0.87177134,11.03633165359497,0.0,45.2609,0.7249
1971-03-05,2.771703362464905,5.5434065,8.28665280342102,0.0,45.3696,1.0036
1971-03-06,3.150269389152527,6.300539,7.386775970458984,0.0,46.19,1.5262
1971-03-07,10.15467119216919,20.309341,7.03238582611084,0.0,50.0495,4.6080000000000005
1971-03-08,2.058027505874634,4.116055,7.360699415206909,0.0,48.2962,1.1515
1971-03-09,0.3377268314361572,0.67545366,8.050845861434937,0.0,46.9579,0.6815
1971-03-10,0.0596356391906738,0.11927128,8.93900442123413,0.0,46.0315,0.6824
1971-03-11,0.9603173732757568,1.9206347,8.617748022079468,0.0,45.4255,0.6812
1971-03-12,0.3493375778198242,0.69867516,8.401232957839966,0.0,44.899,0.6972999999999999
1971-03-13,0.6168727874755859,1.2337456,8.355836868286133,0.0,44.4523,0.6804
1971-03-14,0.3750073909759521,0.7500148,8.703847885131836,0.0,43.8293,0.6799
1971-03-15,0.0,0.0,9.06006383895874,0.0,43.1103,0.6792
1971-03-16,0.2948963642120361,0.5897927,11.475201606750488,0.0,42.4036,0.6838
1971-03-17,0.3798129558563232,0.7596259,12.909012794494627,0.0,41.7761,0.6775
1971-03-18,0.8063664436340332,1.6127329,13.631396770477297,0.0,41.4612,0.8254
1971-03-19,1.2116518020629885,2.4233036,12.523834705352783,0.0,40.9873,0.6755
1971-03-20,0.7092242240905762,1.4184484,12.685745239257812,0.0,40.4871,0.794
1971-03-21,0.1157605648040771,0.23152113,15.784886360168455,0.0,39.7449,0.6733
1971-03-22,12.45811367034912,24.916227,12.12381362915039,0.0,47.1948,4.956600000000001
1971-03-23,1.872316598892212,3.7446332,9.883097171783447,0.0,46.0536,0.671
1971-03-24,0.3150444030761719,0.6300888,11.895707130432127,0.0,44.9444,0.6831999999999999
1971-03-25,0.5277185440063477,1.0554371,13.696513175964355,0.0,44.0048,0.6687
1971-03-26,0.0201483964920043,0.040296793,16.707810401916504,0.0,43.0226,0.6676
1971-03-27,0.5869045257568359,1.173809,17.141921997070312,0.0,42.0402,0.6664
1971-03-28,0.1611247062683105,0.3222494,18.024378776550293,0.0,40.9719,0.6671
1971-03-29,0.2701926231384277,0.54038525,19.460402488708496,0.0,39.9358,0.664
1971-03-30,0.9274401664733888,1.8548803,20.31941699981689,0.0,39.4737,0.8213999999999999
1971-03-31,10.85912036895752,21.71824,17.440927505493164,0.0,44.0873,2.7158
1971-04-01,0.0,0.0,17.657530784606934,0.0,42.5944,0.6604
1971-04-02,0.0,0.0,17.366826057434082,0.0,41.8848,0.6592
1971-04-03,0.0471439361572265,0.09428787,19.08292388916016,0.0,41.0888,0.658
1971-04-04,1.1879328489303589,2.3758657,16.812482833862305,0.0,40.8947,0.7701
1971-04-05,0.6904196739196777,1.3808393,18.53236675262451,0.0,40.1598,0.6686
1971-04-06,6.478705406188965,12.957411,20.52860450744629,0.0,43.0729,2.2936
1971-04-07,0.2390618324279785,0.47812366,21.08210277557373,0.0,41.7568,0.6532
1971-04-08,4.9618353843688965,9.923671,21.16012668609619,0.0,43.4976,1.9242
1971-04-09,2.7183449268341064,5.43669,14.755924701690674,0.0,42.6084,0.6507
1971-04-10,0.0092098712921142,0.018419743,13.609411239624023,0.0,41.1296,0.6495
1971-04-11,1.0334324836730957,2.066865,14.423736572265623,0.0,40.0244,0.6483
1971-04-12,0.0,0.0,16.65368938446045,0.0,38.672,0.6471
1971-04-13,0.4109170436859131,0.8218341,18.287962913513184,0.0,37.8782,0.6498
1971-04-14,0.7949347496032715,1.5898695,19.595903396606445,0.0,37.1922,0.6447
1971-04-15,1.2413748502731323,2.4827497,18.46235942840576,0.0,37.6266,0.9785
1971-04-16,0.1058137416839599,0.21162748,19.951062202453613,0.0,36.9214,0.6423
1971-04-17,0.2990782260894775,0.59815645,20.73674774169922,0.0,36.3303,0.6501
1971-04-18,8.112569570541382,16.22514,14.922505378723145,0.0,39.5172,1.7786
1971-04-19,0.4014756679534912,0.80295134,15.370697975158691,0.0,38.9295,0.6387
1971-04-20,5.146568059921265,10.293137,15.413587093353271,0.0,41.7897,1.9017
1971-04-21,8.663049221038818,17.3261,16.687217712402344,0.0,44.0341,1.7258999999999998
1971-04-22,0.4648959636688232,0.9297919,17.783888816833496,0.0,42.1001,0.6351
1971-04-23,7.974652528762817,15.949305,15.112512111663818,0.0,46.0701,2.8273
1971-04-24,15.56506061553955,31.130121,16.666690826416016,0.0,51.2492,4.6446
1971-04-25,12.71261215209961,25.425224,18.642529487609863,0.0,51.4629,4.2358
1971-04-26,5.822573900222778,11.645147,17.86054229736328,0.0,49.4195,1.7578
1971-04-27,1.0852656364440918,2.1705313,18.07553195953369,0.0,47.3197,0.6298
1971-04-28,0.6094229221343994,1.2188458,20.79574584960937,0.0,45.9088,0.7454
1971-04-29,0.5185670852661133,1.0371342,20.975807189941406,0.0,44.5869,0.6283
1971-04-30,4.502770066261292,9.00554,21.412772178649902,0.0,46.9149,2.5474
1971-05-01,16.509374141693115,33.01875,20.38341426849365,0.0,51.4746,5.162599999999999
1971-05-02,5.097448110580444,10.194897,22.363137245178223,0.0,48.3073,0.6742
1971-05-03,1.0561504364013672,2.1123009,23.48838806152344,0.0,46.4746,0.6813
1971-05-04,19.038304328918457,38.076607,20.42722797393799,0.0,51.8748,6.9201
1971-05-05,10.973461627960203,21.946922,15.109514236450195,0.0,50.8602,4.1517
1971-05-06,0.0,0.0,16.60630702972412,0.0,47.5126,0.626
1971-05-07,0.0,0.0,16.03157615661621,0.0,45.6896,0.6267
1971-05-08,0.1758813858032226,0.35176277,17.919275283813477,0.0,44.3502,0.6269
1971-05-09,1.014272689819336,2.0285454,16.911681175231934,0.0,43.6079,0.6264
1971-05-10,15.884206771850586,31.768414,15.3742036819458,0.0,51.1759,6.3132
1971-05-11,22.575851440429688,45.151703,16.05587911605835,0.0,52.6841,9.1276
1971-05-12,2.80530333518982,5.6106067,17.705008506774902,0.0,48.6849,0.9111
1971-05-13,0.719555139541626,1.4391103,20.40488719940185,0.0,46.8583,0.6294
1971-05-14,7.3846142292022705,14.769228,21.47096061706543,0.0,48.7616,3.6469
1971-05-15,0.0,0.0,21.386723518371586,0.0,46.4781,0.6307
1971-05-16,10.835543394088743,21.671087,19.7479887008667,0.0,50.1551,4.9128
1971-05-17,12.210408210754396,24.420816,21.126123428344727,0.0,50.7587,4.4990000000000006
1971-05-18,11.048709869384766,22.09742,22.20512294769287,0.0,50.3007,3.8756
1971-05-19,5.678504943847656,11.35701,21.64630699157715,0.0,48.3665,1.1853
1971-05-20,0.6004867553710938,1.2009735,20.02330017089844,0.0,46.791,0.6348
1971-05-21,1.5543212890625,3.1086426,18.394747734069824,0.0,46.1998,1.0905
1971-05-22,2.6823463439941406,5.3646927,20.93589973449707,0.0,45.4512,0.6361
1971-05-23,1.860159397125244,3.7203188,24.1040906906128,0.0,45.0816,1.3241
1971-05-24,11.262187957763672,22.524376,21.9355583190918,0.0,48.7561,3.819
1971-05-25,2.5038907527923584,5.0077815,19.708261489868164,0.0,47.2787,0.6359
1971-05-26,0.9507017135620116,1.9014034,22.83069133758545,0.0,45.9095,0.8091999999999999
1971-05-27,1.694051742553711,3.3881035,25.52888774871826,0.0,44.6892,0.7171000000000001
1971-05-28,10.64523696899414,21.290474,24.62925338745117,0.0,48.178,3.9418
1971-05-29,15.682666778564451,31.365334,21.38445949554444,0.0,50.7941,4.8437
1971-05-30,13.003279209136965,26.006557,22.41991710662841,0.0,50.2776,3.6617
1971-05-31,2.794565200805664,5.5891304,24.16849422454834,0.0,47.6323,0.6344
1971-06-01,0.0,0.0,25.28695106506348,0.0,45.6174,0.635
1971-06-02,6.046387195587158,12.092774,24.42231273651123,0.0,47.3111,2.9121
1971-06-03,3.713624358177185,7.427249,25.7786283493042,0.0,46.0807,0.6347
1971-06-04,4.636915445327759,9.27383,26.01506900787353,0.0,46.9186,2.3579
1971-06-05,20.02834892272949,40.056698,24.39436912536621,0.0,51.8607,6.9862
1971-06-06,49.65239143371582,99.30478,22.604220390319824,0.0,54.0462,23.1208
1971-06-07,6.248119354248047,12.496239,21.9439001083374,0.0,49.3215,2.4378
1971-06-08,8.98278546333313,17.96557,23.69431209564209,0.0,49.0585,3.0132000000000003
1971-06-09,21.08467388153076,42.16935,23.07616138458252,0.0,51.8382,10.2414
1971-06-10,1.274702072143555,2.5494041,25.163763999938965,0.0,47.9187,0.667
1971-06-11,0.8692131042480469,1.7384262,26.606428146362305,0.0,45.9605,0.6717
1971-06-12,0.0,0.0,27.00294780731201,0.0,44.2968,0.6733
1971-06-13,0.6545712947845459,1.3091426,27.679323196411133,0.0,42.9987,0.6790999999999999
1971-06-14,0.2230880260467529,0.44617605,27.943187713623047,0.0,41.825,0.6732
1971-06-15,1.946591854095459,3.8931837,28.28136157989502,0.0,41.5268,1.2227
1971-06-16,0.4065618515014648,0.8131237,28.39360618591309,0.0,40.3422,0.6716
1971-06-17,0.3777909278869629,0.75558186,26.684267044067383,0.0,39.2541,0.6799
1971-06-18,5.737654209136963,11.475308,24.98698139190674,0.0,40.1961,1.1777
1971-06-19,5.672649383544922,11.345299,25.210915565490723,0.0,40.2361,0.7395
1971-06-20,10.951179027557371,21.902359,22.94593048095703,0.0,46.1594,3.9928
1971-06-21,14.43313694000244,28.866274,23.88058280944824,0.0,49.5263,3.7099
1971-06-22,20.51011371612549,41.020226,23.816162109375,0.0,52.0556,6.9671
1971-06-23,26.43666172027588,52.87332,23.11722087860108,0.0,52.6014,10.6792
1971-06-24,0.0097475051879882,0.01949501,23.152527809143063,0.0,48.0324,0.6687
1971-06-25,0.9024019241333008,1.8048038,25.372005462646484,0.0,46.1546,0.7165
1971-06-26,0.0955402851104736,0.19108057,26.25650215148925,0.0,44.7521,0.6723
1971-06-27,0.8275861740112305,1.6551723,27.472597122192383,0.0,43.4783,0.6958
1971-06-28,1.068328619003296,2.1366572,27.425756454467773,0.0,42.5279,0.672
1971-06-29,2.419875979423523,4.839752,27.356640815734863,0.0,42.3402,1.2653
1971-06-30,0.2992496490478515,0.5984993,27.445618629455566,0.0,41.3124,0.6705
1971-07-01,0.0,0.0,27.594836235046387,0.0,39.9413,0.6695
1971-07-02,0.0735189914703369,0.14703798,27.923943519592285,0.0,38.7693,0.6685
1971-07-03,0.6556136608123779,1.3112273,28.15143871307373,0.0,37.7306,0.6673
1971-07-04,0.8394773006439209,1.6789546,28.1158504486084,0.0,36.6363,0.7023
1971-07-05,1.1477563381195068,2.2955127,27.491747856140137,0.0,35.6615,0.665
1971-07-06,0.5505750179290771,1.10115,27.619468688964844,0.0,34.7818,0.6980999999999999
1971-07-07,0.0,0.0,28.190868377685547,0.0,34.3057,0.6626
1971-07-08,0.0833656787872314,0.16673136,27.760557174682617,0.0,34.0872,0.6614
1971-07-09,0.0717121362686157,0.14342427,28.00432682037353,0.0,33.8651,0.6602
1971-07-10,2.5574012994766235,5.1148024,28.980186462402344,0.0,35.1232,1.1693
1971-07-11,0.6550197601318359,1.3100395,28.72012710571289,0.0,34.3401,0.6577
1971-07-12,6.921318054199219,13.842636,27.76944923400879,0.0,37.8297,2.0527
1971-07-13,0.2683887481689453,0.5367775,28.183857917785645,0.0,37.0872,0.6553
1971-07-14,0.2565783262252807,0.51315665,28.407384872436523,0.0,36.1072,0.654
1971-07-15,0.0124796032905578,0.024959207,27.735069274902344,0.0,35.2438,0.6528
1971-07-16,2.150854706764221,4.301709,26.90999126434326,0.0,35.3979,0.9039
1971-07-17,4.884856998920441,9.769714,26.37150382995605,0.0,35.302,0.6503
1971-07-18,0.5762100219726562,1.15242,26.73485374450684,0.0,34.6393,0.6674
1971-07-19,0.3796994686126709,0.75939894,27.15748786926269,0.0,34.302,0.6479
1971-07-20,0.8374221324920654,1.6748443,27.844701766967773,0.0,34.2976,0.7238
1971-07-21,0.2205109596252441,0.44102192,27.81946277618408,0.0,33.9531,0.6455
1971-07-22,1.523242473602295,3.046485,25.88916778564453,0.0,34.4366,0.8466
1971-07-23,0.5183734893798828,1.036747,26.985673904418945,0.0,33.9689,0.6435
1971-07-24,2.537477970123291,5.074956,28.11896133422852,0.0,35.2388,1.1228
1971-07-25,0.5692518949508667,1.1385038,28.44913959503174,0.0,34.4697,0.6406
1971-07-26,3.714869976043701,7.42974,26.050994873046875,0.0,36.7415,1.4555
1971-07-27,2.572113513946533,5.144227,26.757890701293945,0.0,36.4222,0.6575
1971-07-28,1.7935543060302734,3.5871086,27.051522254943848,0.0,36.6426,0.9088
1971-07-29,1.22219717502594,2.4443944,27.264792442321777,0.0,36.0198,0.639
1971-07-30,0.1412506103515625,0.28250122,28.502073287963867,0.0,35.2215,0.6346
1971-07-31,0.5249156951904297,1.0498314,27.51857089996338,0.0,34.5705,0.6335
1971-08-01,11.904932022094728,23.809864,25.29435920715332,0.0,42.3799,3.087
1971-08-02,0.3027191162109375,0.60543823,25.813939094543457,0.0,40.3617,0.631
1971-08-03,3.900225281715393,7.8004503,26.947630882263184,0.0,41.0146,1.4743
1971-08-04,4.347077369689941,8.694155,25.100236892700195,0.0,40.5161,0.6297
1971-08-05,5.604977607727051,11.209955,25.04639911651612,0.0,42.9079,1.8434
1971-08-06,14.193765640258787,28.387531,25.41923236846924,0.0,47.8843,3.0634
1971-08-07,16.675498962402344,33.350998,24.037667274475098,0.0,51.9355,4.4728
1971-08-08,5.312115907669067,10.624231,24.87282657623291,0.0,48.3237,0.6349
1971-08-09,0.0,0.0,25.80456256866455,0.0,46.2398,0.6228
1971-08-10,0.6949865818023682,1.3899732,26.0051908493042,0.0,44.557,0.7203
1971-08-11,3.543022871017456,7.0860457,25.03064441680908,0.0,43.6798,0.6204
1971-08-12,2.291252017021179,4.5825043,25.564871788024902,0.0,43.3603,1.1341
1971-08-13,0.6575686931610107,1.3151374,25.972375869750977,0.0,41.811,0.6181
1971-08-14,0.4759167432785034,0.9518335,26.44719791412353,0.0,39.9482,0.6169
1971-08-15,0.0664283037185669,0.1328566,26.877344131469727,0.0,38.3843,0.6158
1971-08-16,9.331595420837402,18.66319,26.0754976272583,0.0,43.5174,2.8548
1971-08-17,0.7085671424865723,1.4171343,25.353973388671875,0.0,41.4522,0.6135
1971-08-18,0.5841717720031738,1.1683435,26.94677448272705,0.0,39.411,0.6475
1971-08-19,0.2774823904037475,0.5549648,26.65431880950928,0.0,38.4561,0.6111
1971-08-20,0.5904731750488281,1.1809464,27.002500534057617,0.0,37.5923,0.6264
1971-08-21,0.7601261138916016,1.5202522,26.981409072875977,0.0,36.8501,0.6088
1971-08-22,0.1573057174682617,0.31461143,27.027012825012207,0.0,36.0314,0.6077
1971-08-23,0.090659499168396,0.181319,27.044886589050293,0.0,35.4509,0.6066
1971-08-24,0.8488204479217529,1.6976409,27.19680690765381,0.0,35.2335,0.642
1971-08-25,1.180116891860962,2.3602338,26.618746757507324,0.0,34.9221,0.6043
1971-08-26,0.0422673225402832,0.084534645,26.87104225158692,0.0,34.6788,0.6031
1971-08-27,0.5724153518676758,1.1448307,27.25526523590088,0.0,34.4465,0.602
1971-08-28,0.0,0.0,26.243467330932617,0.0,34.1875,0.6009
1971-08-29,0.4599121809005737,0.91982436,26.941518783569336,0.0,33.9542,0.5997
1971-08-30,10.851190567016602,21.702381,25.4750337600708,0.0,39.2817,2.1895
1971-08-31,1.3152358531951904,2.6304717,24.35447883605957,0.0,38.5968,0.5975
1971-09-01,0.5118415355682373,1.0236831,23.912936210632324,0.0,38.1816,0.6919000000000001
1971-09-02,1.7516313791275024,3.5032628,25.26137351989746,0.0,37.7314,0.5952
1971-09-03,2.4286491870880127,4.8572984,26.6069393157959,0.0,39.2023,1.2804
1971-09-04,8.687526941299438,17.375053,26.06725311279297,0.0,39.8082,0.8209
1971-09-05,5.177508354187012,10.355017,24.783122062683105,0.0,40.2976,0.8315
1971-09-06,5.901026248931885,11.8020525,24.850329399108887,0.0,41.5385,1.2499
1971-09-07,6.552335262298584,13.104671,23.958398818969727,0.0,42.9104,1.3059
1971-09-08,1.887384414672852,3.7747688,24.604331970214844,0.0,41.6917,0.5885
1971-09-09,17.310815811157227,34.62163,24.30960273742676,0.0,50.6887,5.2368
1971-09-10,0.0,0.0,25.368191719055176,0.0,46.8323,0.5863
1971-09-11,25.129199028015137,50.2584,23.737771034240723,0.0,53.0586,6.982
1971-09-12,26.12404537200928,52.248093,22.82010555267334,0.0,52.9126,7.6376
1971-09-13,9.356719493865969,18.71344,21.71990776062012,0.0,50.5619,3.2909
1971-09-14,0.719703197479248,1.4394064,21.64091396331787,0.0,47.7957,0.5824
1971-09-15,0.1319801807403564,0.26396036,21.5679292678833,0.0,46.293,0.5818
1971-09-16,0.1278055906295776,0.25561118,21.83481788635254,0.0,45.0063,0.5811
1971-09-17,0.0,0.0,22.48705291748047,0.0,43.7433,0.5804
1971-09-18,0.3428332805633545,0.68566656,22.70063877105713,0.0,42.8,0.5806
1971-09-19,13.088913440704346,26.177826,19.54875564575196,0.0,48.3146,4.058
1971-09-20,4.411545753479004,8.8230915,18.66867446899414,0.0,47.9421,1.3005
1971-09-21,0.4160587787628174,0.83211756,22.20882129669189,0.0,46.392,0.5772
1971-09-22,0.0,0.0,23.532889366149902,0.0,44.978,0.5765
1971-09-23,25.20803737640381,50.416077,22.54114151000977,0.0,53.5368,12.1183
1971-09-24,4.339815139770508,8.67963,23.220678329467773,0.0,48.5908,0.6193
1971-09-25,1.5697734355926514,3.1395469,21.92946529388428,0.0,47.0351,0.6736
1971-09-26,0.0,0.0,21.76276016235352,0.0,45.5812,0.5777
1971-09-27,0.844622403383255,1.6892447,21.613648414611816,0.0,44.5588,0.6315
1971-09-28,0.0435189604759216,0.08703792,21.059240341186523,0.0,43.7877,0.5776
1971-09-29,0.5215517282485962,1.0431035,23.0643367767334,0.0,42.9666,0.5771
1971-09-30,0.4782979488372803,0.9565959,24.731295585632324,0.0,42.1766,0.5765
1971-10-01,0.1644907593727111,0.32898152,24.73639488220215,0.0,41.2949,0.5771
1971-10-02,0.1274734437465667,0.2549469,24.601469039916992,0.0,40.5357,0.575
1971-10-03,0.0295193493366241,0.0590387,23.95553684234619,0.0,39.7902,0.5742
1971-10-04,0.964378833770752,1.9287577,22.761515617370605,0.0,39.1865,0.5747
1971-10-05,3.2275967597961426,6.4551935,18.42920112609864,0.0,39.2879,0.6606000000000001
1971-10-06,0.426047682762146,0.85209537,17.817580223083496,0.0,38.8024,0.5732
1971-10-07,0.0921711921691894,0.18434238,17.923855781555176,0.0,38.3351,0.5708
1971-10-08,0.5369454324245453,1.0738909,17.936755180358887,0.0,37.948,0.6233
1971-10-09,1.2888160347938538,2.577632,19.37903881072998,0.0,37.6281,0.6364
1971-10-10,0.0,0.0,19.729541778564453,0.0,36.712,0.5675
1971-10-11,0.8829804062843323,1.7659608,17.388930320739746,0.0,36.0491,0.5679
1971-10-12,0.0334626138210296,0.06692523,13.985126495361328,0.0,35.5181,0.5655
1971-10-13,0.3107458353042602,0.6214917,13.801098346710203,0.0,34.9695,0.5663
1971-10-14,0.600619912147522,1.2012398,13.59188747406006,0.0,34.5754,0.5634
1971-10-15,0.0397681593894958,0.07953632,14.629285335540771,0.0,34.2226,0.5624
1971-10-16,0.0222260951995849,0.04445219,16.494194984436035,0.0,33.8986,0.5614
1971-10-17,0.0,0.0,17.687896728515625,0.0,33.69,0.5603
1971-10-18,0.0127995014190673,0.025599003,16.187079429626465,0.0,33.5237,0.5593
1971-10-19,0.0621390342712402,0.12427807,16.575618743896484,0.0,33.3613,0.5582
1971-10-20,0.0,0.0,17.25886058807373,0.0,33.1664,0.5572
1971-10-21,0.0,0.0,18.251075744628903,0.0,32.9703,0.5562
1971-10-22,0.192497968673706,0.38499594,19.30487060546875,0.0,32.8175,0.5565
1971-10-23,0.1301534175872802,0.26030684,20.882123947143555,0.0,32.6831,0.5541
1971-10-24,0.155613899230957,0.3112278,19.113001823425293,0.0,32.5881,0.5545
1971-10-25,0.7457575798034668,1.4915152,17.801361083984375,0.0,32.5227,0.552
1971-10-26,0.5734262466430664,1.1468525,15.657877922058104,0.0,32.5754,0.5865
1971-10-27,0.6838423013687134,1.3676846,15.998377799987791,0.0,32.4327,0.5499
1971-10-28,0.5530550479888916,1.1061101,14.560777187347412,0.0,32.5324,0.6009000000000001
1971-10-29,23.75452423095703,47.50905,13.30342960357666,0.0,48.9236,6.4771
1971-10-30,0.0,0.0,12.61656904220581,0.0,46.9014,0.5468
1971-10-31,0.0,0.0,12.403571128845217,0.0,45.3882,0.5458
1971-11-01,0.0,0.0,12.818589687347412,0.0,44.1671,0.5448
1971-11-02,0.2239829301834106,0.44796586,15.964282512664797,0.0,43.2575,0.5460999999999999
1971-11-03,0.0196810364723205,0.039362073,16.900893211364746,0.0,42.3151,0.5427
1971-11-04,0.0,0.0,17.999777793884277,0.0,41.1556,0.5417
1971-11-05,0.0,0.0,18.257457733154297,0.0,40.2288,0.5407
1971-11-06,0.1006756722927093,0.20135134,17.77120590209961,0.0,39.5317,0.5397
1971-11-07,0.0804402828216552,0.16088057,18.224888801574707,0.0,38.8551,0.5388999999999999
1971-11-08,0.0517653226852417,0.103530645,16.54978370666504,0.0,38.3573,0.5377
1971-11-09,0.0,0.0,15.271358966827393,0.0,37.9067,0.5367
1971-11-10,0.0,0.0,14.237444877624512,0.0,37.6638,0.5356
1971-11-11,0.6196009516716003,1.2392019,14.63959550857544,0.0,37.4149,0.5346
1971-11-12,0.0,0.0,15.84496784210205,0.0,37.0422,0.5336
1971-11-13,0.1380435228347778,0.27608705,14.584358215332031,0.0,36.7074,0.5326
1971-11-14,0.2909395694732666,0.58187914,12.714040756225586,0.0,36.3508,0.5316
1971-11-15,0.0,0.0,10.844278335571287,0.0,36.0308,0.5306
1971-11-16,0.0864324569702148,0.17286491,8.659579753875732,0.0,35.7679,0.5296
1971-11-17,1.2550288438796997,2.5100577,7.94009256362915,0.0,35.7514,0.5749
1971-11-18,0.6433455944061279,1.2866912,7.723439693450928,0.0,35.6205,0.5455
1971-11-19,0.217207670211792,0.43441534,8.195955514907837,0.0,35.4269,0.5315
1971-11-20,0.384174108505249,0.7683482,9.646927833557127,0.0,35.1866,0.5256
1971-11-21,0.0224822163581848,0.044964433,10.154462814331056,0.0,34.9121,0.5247
1971-11-22,0.0197837948799133,0.03956759,9.467204570770264,0.0,34.6726,0.5237
1971-11-23,0.1562240123748779,0.31244802,8.464971542358398,0.0,34.5234,0.5259
1971-11-24,0.1306532919406891,0.26130658,8.417915344238281,0.0,34.3823,0.5236000000000001
1971-11-25,0.2708786725997925,0.54175735,10.020322799682615,0.0,34.195,0.5207
1971-11-26,0.0,0.0,12.873281002044678,0.0,34.0081,0.5197
1971-11-27,0.4378895163536072,0.87577903,13.473963737487791,0.0,33.8331,0.5188
1971-11-28,0.131938099861145,0.2638762,15.13365364074707,0.0,33.7142,0.5185000000000001
1971-11-29,0.8350329399108887,1.6700659,11.201538562774658,0.0,33.6318,0.5168
1971-11-30,0.0751900672912597,0.15038013,5.579344272613525,0.0,33.5917,0.5211
1971-12-01,0.0480894446372985,0.09617889,6.005398511886597,0.0,33.5639,0.5254
1971-12-02,0.0372215509414672,0.0744431,11.40543270111084,0.0,33.4626,0.5139
1971-12-03,0.0470184683799743,0.09403694,8.877264022827148,0.0,33.3567,0.5129
1971-12-04,0.0283507406711578,0.05670148,8.852862358093262,0.0,33.2821,0.5129
1971-12-05,0.1403250694274902,0.28065014,11.673049926757812,0.0,33.1703,0.511
1971-12-06,0.8787125647068024,1.7574251,12.606652736663818,0.0,33.1055,0.5108
1971-12-07,1.968953251838684,3.9379065,6.854543924331665,0.0,34.4271,0.8948
1971-12-08,0.0504215657711029,0.10084313,6.6152732372283936,0.0,34.2955,0.5081
1971-12-09,0.1012888550758361,0.20257771,5.338879108428955,0.0,34.1894,0.5169
1971-12-10,0.0591415762901306,0.11828315,8.459725856781006,0.0,34.0046,0.5062
1971-12-11,0.6729506254196167,1.3459013,11.33458423614502,0.0,33.7511,0.5052
1971-12-12,0.1525993347167968,0.30519867,9.802016258239746,0.0,33.5672,0.5047999999999999
1971-12-13,0.1710675358772277,0.34213507,8.468471050262451,0.0,33.4292,0.5049
1971-12-14,0.3790653347969055,0.75813067,9.398728370666504,0.0,33.2618,0.5024
1971-12-15,0.093254417181015,0.18650883,9.138283729553224,0.0,33.1554,0.5015
1971-12-16,0.0747851133346557,0.14957023,6.33391261100769,0.0,33.0776,0.5035999999999999
1971-12-17,0.0615168511867523,0.1230337,7.491828441619873,0.0,33.0039,0.5008
1971-12-18,9.906095504760742,19.812191,10.812230110168455,0.0,40.5993,2.7178
1971-12-19,7.746726751327515,15.493454,11.809657573699951,0.0,45.5076,2.1984
1971-12-20,0.4015526473522186,0.8031053,11.334370613098145,0.0,44.7939,0.4967
1971-12-21,2.745155692100525,5.4903116,9.677308082580566,0.0,45.9293,1.1363
1971-12-22,17.647082328796387,35.294167,8.831557750701904,0.0,52.6798,5.403300000000001
1971-12-23,0.8203185498714447,1.6406372,10.287461757659912,0.0,48.4825,0.4991
1971-12-24,2.033374786376953,4.0667496,10.775456428527832,0.0,48.0116,1.0199
1971-12-25,1.7950491309165957,3.5900984,13.271597862243652,0.0,46.8845,0.5024
1971-12-26,24.28798484802246,48.57597,10.080767154693604,0.0,53.3831,8.8174
1971-12-27,1.8942310810089111,3.7884622,6.367053508758545,0.0,48.5464,0.4903
1971-12-28,0.0872507691383361,0.17450154,4.348741054534912,0.0,47.0889,0.498
1971-12-29,0.4052195847034454,0.81043917,5.720683097839356,0.0,46.2027,0.4916
1971-12-30,0.0670096278190612,0.13401926,10.267001152038574,0.0,45.4151,0.4879
1971-12-31,0.0309391021728515,0.061878204,10.015451908111572,0.0,44.7325,0.4872
1972-01-01,0.0506525635719299,0.10130513,9.363361835479736,0.0,44.1769,0.4864
1972-01-02,0.1384185850620269,0.27683717,5.905901193618774,0.0,43.802,0.4896
1972-01-03,0.1475943922996521,0.29518878,8.045328855514526,0.0,43.4596,0.4848
1972-01-04,7.740855693817139,15.481711,9.93922233581543,0.0,47.8573,3.2546
1972-01-05,5.942264080047607,11.884528,8.986947536468506,0.0,48.941,2.1777
1972-01-06,0.1953092217445373,0.39061844,7.409760475158691,0.0,47.323,0.4825
1972-01-07,0.2224456071853637,0.4448912,5.375453948974609,0.0,46.3815,0.488
1972-01-08,0.1286177635192871,0.25723553,7.440482378005981,0.0,45.6559,0.4864
1972-01-09,0.131680816411972,0.26336163,9.48977279663086,0.0,45.1376,0.4805
1972-01-10,0.1835022270679474,0.36700445,8.473625183105469,0.0,44.6598,0.483
1972-01-11,0.6780257225036621,1.3560514,6.187833070755005,0.0,44.2018,0.4792
1972-01-12,0.0418473482131958,0.0836947,5.381709098815918,0.0,43.8826,0.4786
1972-01-13,0.5375962853431702,1.0751926,6.461221933364868,0.0,43.5759,0.4779
1972-01-14,0.1818832159042358,0.36376643,5.712132215499878,0.0,43.2008,0.4772
1972-01-15,0.0952497720718383,0.19049954,3.6890830993652335,0.0,42.9373,0.4927999999999999
1972-01-16,0.2852792739868164,0.57055855,3.933219194412232,0.0,42.7133,0.5073
1972-01-17,0.4629145860671997,0.9258292,5.351365804672241,0.0,42.5214,0.522
1972-01-18,0.0435748100280761,0.08714962,10.091796398162842,0.0,42.1213,0.4743
1972-01-19,0.2032870650291443,0.40657413,12.285515785217283,0.0,41.7352,0.4785
1972-01-20,0.1639769077301025,0.32795382,12.140239715576172,0.0,41.2915,0.4728
1972-01-21,0.3078955411911011,0.6157911,11.333282470703123,0.0,40.8502,0.4750999999999999
1972-01-22,0.1673502922058105,0.33470058,11.957282543182371,0.0,40.447,0.4712
1972-01-23,0.0521894693374633,0.10437894,15.35438108444214,0.0,39.9926,0.4704
1972-01-24,0.3732677102088928,0.7465354,17.121841430664062,0.0,39.5045,0.4695
1972-01-25,1.6081371903419497,3.2162743,15.238112449645996,0.0,39.7117,0.7827999999999999
1972-01-26,0.0,0.0,7.965413331985474,0.0,39.4393,0.4679
1972-01-27,0.6355018615722656,1.2710037,6.40597128868103,0.0,39.2559,0.4676
1972-01-28,0.1848454475402832,0.3696909,8.191429853439331,0.0,39.0408,0.4662
1972-01-29,0.4121492505073547,0.8242985,11.689164161682127,0.0,38.628,0.4654
1972-01-30,0.0,0.0,13.232738494873049,0.0,38.1117,0.4645
1972-01-31,0.3801308870315552,0.7602618,16.42451572418213,0.0,37.6126,0.4991
1972-02-01,2.862820267677307,5.7256403,15.072504043579102,0.0,37.536,0.4755
1972-02-02,1.83590430021286,3.6718087,14.916120529174805,0.0,38.2171,0.8819
1972-02-03,3.802785038948059,7.60557,13.805190086364746,0.0,38.7466,0.6967
1972-02-04,3.1325045824050903,6.265009,9.414847373962402,0.0,39.0858,0.6305
1972-02-05,6.930948734283447,13.861897,5.946486473083496,0.0,43.6712,2.4303
1972-02-06,11.791755199432371,23.583511,4.685683250427246,0.0,49.7379,3.8584
1972-02-07,27.998918533325195,55.997837,3.9165172576904297,0.0,53.6439,10.9298
1972-02-08,13.41327667236328,26.826553,1.7893047332763672,0.3651,51.539,5.8621
1972-02-09,0.280670166015625,0.56134033,1.3865487575531006,0.1376,48.4985,0.7821
1972-02-10,0.6159111261367798,1.2318223,2.686814785003662,0.0,47.2817,0.6491
1972-02-11,1.359675645828247,2.7193513,3.8903958797454834,0.0,46.4588,0.6007
1972-02-12,2.67048454284668,5.340969,5.139878273010254,0.0,46.6689,1.1889
1972-02-13,3.2184218168258667,6.436844,6.932949781417847,0.0,46.5201,0.8908
1972-02-14,0.2516155242919922,0.50323105,7.060300350189209,0.0,45.799,0.4647
1972-02-15,4.567774534225464,9.13555,10.720237255096436,0.0,47.3494,2.3236
1972-02-16,0.0,0.0,15.71127223968506,0.0,45.9731,0.4652
1972-02-17,0.0,0.0,13.791332721710203,0.0,45.0398,0.4653
1972-02-18,0.0,0.0,12.191278457641602,0.0,44.3652,0.4651
1972-02-19,0.0,0.0,10.775437355041504,0.0,43.8846,0.4648
1972-02-20,1.7463536262512207,3.4927073,6.989163398742676,0.0,44.5453,1.0903
1972-02-21,6.9600489139556885,13.920097,7.048601150512695,0.0,47.596,2.7976
1972-02-22,4.879769563674927,9.759539,7.546905279159546,0.0,48.3608,1.952
1972-02-23,0.0,0.0,6.995643138885498,0.0,46.998,0.4635
1972-02-24,1.1361368894577026,2.2722738,8.233533143997192,0.0,46.4899,0.8023
1972-02-25,27.42962455749512,54.85925,10.011811256408691,0.0,53.1658,12.2609
1972-02-26,8.094637870788574,16.189276,6.759336948394775,0.0,50.0383,3.3923
1972-02-27,0.3526370525360107,0.7052741,4.3031744956970215,0.0,47.7898,0.4696
1972-02-28,0.0,0.0,4.246332406997681,0.0,46.6218,0.4732
1972-02-29,0.1942676305770874,0.38853526,4.0545560121536255,0.0,45.867,0.5127
1972-03-01,0.3885352611541748,0.7770705,3.8627796173095694,0.0,45.3172,0.5497
1972-03-02,0.0329322814941406,0.06586456,4.153383016586304,0.0,44.7863,0.5145
1972-03-03,0.0,0.0,5.112550020217896,0.0,44.1566,0.4789
1972-03-04,0.3709235191345215,0.74184704,5.620950222015381,0.0,43.7616,0.5308
1972-03-05,0.0780113935470581,0.15602279,7.470665454864502,0.0,43.2676,0.4943
1972-03-06,0.1772373914718628,0.35447478,10.171385765075684,0.0,42.7266,0.4841
1972-03-07,0.2417550086975097,0.48351002,14.208063125610352,0.0,42.0357,0.4788
1972-03-08,0.4304687976837158,0.8609376,16.236790657043457,0.0,41.3669,0.5256
1972-03-09,2.0082547664642334,4.0165095,15.132453918457031,0.0,40.9669,0.4778
1972-03-10,0.0661700963973999,0.1323402,13.753604888916016,0.0,40.4619,0.4781
1972-03-11,6.438112020492554,12.8762245,11.107709407806396,0.0,42.9469,1.9654
1972-03-12,0.3244056701660156,0.64881134,9.903969287872314,0.0,42.4847,0.4759
1972-03-13,0.6031956672668457,1.2063913,9.87776231765747,0.0,41.9807,0.5415
1972-03-14,0.3940217494964599,0.7880435,12.505085468292236,0.0,41.2761,0.4744
1972-03-15,0.0,0.0,14.246956825256348,0.0,40.413,0.4736
1972-03-16,0.2877380847930908,0.57547617,15.85786247253418,0.0,39.7582,0.478
1972-03-17,0.9939608573913574,1.9879217,18.482300758361816,0.0,39.2387,0.472
1972-03-18,0.5733299255371094,1.1466599,19.402807235717773,0.0,38.6262,0.5289
1972-03-19,0.4373788833618164,0.87475777,21.349533081054688,0.0,37.8234,0.4704
1972-03-20,12.127360820770264,24.254723,16.783124923706055,0.0,45.3533,4.2486
1972-03-21,0.1334991455078125,0.2669983,13.85329246520996,0.0,44.1465,0.4687
1972-03-22,0.1815166473388672,0.3630333,15.388302326202393,0.0,42.9285,0.4706
1972-03-23,0.0543437004089355,0.1086874,18.19869041442871,0.0,41.7695,0.467
1972-03-24,0.4758913516998291,0.9517827,17.040624618530273,0.0,41.1372,0.5217
1972-03-25,9.821125984191896,19.642252,13.116668701171877,0.0,45.513,2.5306
1972-03-26,0.0319082736968994,0.06381655,13.09381341934204,0.0,44.0917,0.4645
1972-03-27,0.5997684001922607,1.1995368,13.01353359222412,0.0,42.9013,0.4649
1972-03-28,0.1611247062683105,0.3222494,15.096293926239014,0.0,41.9806,0.4628
1972-03-29,0.2701926231384277,0.54038525,17.88803005218506,0.0,41.1251,0.4619
1972-03-30,0.3567285537719726,0.7134571,19.30163097381592,0.0,40.3705,0.4611
1972-03-31,4.768100738525391,9.5362015,14.983224868774414,0.0,42.5785,1.6251
1972-04-01,0.0,0.0,10.37708616256714,0.0,41.7634,0.4594
1972-04-02,6.844353675842285,13.688707,6.312341690063477,0.0,45.8397,2.4735
1972-04-03,2.829214334487915,5.6584287,9.387948036193848,0.0,45.6649,0.7668999999999999
1972-04-04,20.64927673339844,41.298553,11.70707941055298,0.0,52.6837,6.7697
1972-04-05,16.379474639892578,32.75895,13.54375982284546,0.0,52.1353,6.0828
1972-04-06,23.8272123336792,47.654427,17.73927593231201,0.0,52.4033,8.3848
1972-04-07,31.88615703582764,63.772316,15.585317134857178,0.0,53.1762,15.9545
1972-04-08,5.054482698440552,10.108965,11.3479962348938,0.0,49.0798,1.6171
1972-04-09,0.3305642604827881,0.6611285,10.648900985717772,0.0,47.1009,0.474
1972-04-10,0.0211665630340576,0.042333126,11.551363945007324,0.0,45.941,0.4776
1972-04-11,1.0640101432800293,2.1280203,12.415886402130129,0.0,44.8775,0.4795
1972-04-12,3.852038264274597,7.704077,10.727344989776611,0.0,46.164,2.0457
1972-04-13,5.722548484802246,11.445097,12.261306285858154,0.0,47.4996,2.098
1972-04-14,20.17154884338379,40.343098,15.61457586288452,0.0,52.0473,8.686
1972-04-15,5.614964962005615,11.22993,19.75910377502441,0.0,48.9839,1.4756
1972-04-16,1.9561556577682493,3.9123113,21.262322425842285,0.0,47.0822,0.487
1972-04-17,0.936373233795166,1.8727465,22.32417106628418,0.0,45.7996,0.7845
1972-04-18,9.26036810874939,18.520737,22.21170234680176,0.0,46.9222,1.8685
1972-04-19,2.6396052837371826,5.2792106,22.78955268859864,0.0,45.7687,0.4912
1972-04-20,14.094926357269289,28.189854,20.554304122924805,0.0,50.6857,6.7578
1972-04-21,17.1845645904541,34.36913,15.64460802078247,0.0,51.509,6.9097
1972-04-22,0.4464297294616699,0.89285946,16.1187162399292,0.0,47.9645,0.495
1972-04-23,1.3363087177276611,2.6726174,15.063274383544922,0.0,46.9696,0.926
1972-04-24,2.1773440837860107,4.354688,14.969184398651125,0.0,46.2557,0.5175
1972-04-25,1.4476604461669922,2.895321,15.254436016082764,0.0,45.6462,0.5643
1972-04-26,9.64239501953125,19.28479,14.574304103851318,0.0,49.3627,4.6257
1972-04-27,1.8448569774627688,3.689714,16.32139015197754,0.0,47.3363,0.5027
1972-04-28,0.437800645828247,0.8756013,17.263449668884277,0.0,45.929,0.5608000000000001
1972-04-29,41.29271125793457,82.58542,16.47908592224121,0.0,53.876,19.2602
1972-04-30,2.7905079126358032,5.5810156,20.112500190734863,0.0,48.4168,0.5108
1972-05-01,0.2408170700073242,0.48163414,20.61893081665039,0.0,46.2859,0.5233
1972-05-02,0.0,0.0,20.07274913787841,0.0,44.8446,0.5204
1972-05-03,1.364509105682373,2.7290182,21.19026756286621,0.0,44.3815,0.9747
1972-05-04,11.527799606323242,23.0556,22.65335273742676,0.0,46.8728,2.6591
1972-05-05,31.99824523925781,63.99649,20.583882331848145,0.0,53.2029,13.7793
1972-05-06,0.6317098140716553,1.2634196,22.3720178604126,0.0,48.17,0.5256
1972-05-07,14.080345153808594,28.16069,22.21816349029541,0.0,50.9261,7.6261
1972-05-08,5.171248197555542,10.342497,22.04403686523437,0.0,48.1164,0.5630000000000001
1972-05-09,13.709967136383057,27.419933,22.173718452453613,0.0,50.6495,6.5947
1972-05-10,14.784174919128418,29.56835,20.930411338806152,0.0,50.6911,5.5649
1972-05-11,13.646611213684082,27.293222,21.21589756011963,0.0,50.4486,5.242500000000001
1972-05-12,6.599060535430908,13.198121,22.35327816009521,0.0,48.4117,1.2153
1972-05-13,0.8571710586547852,1.7143421,22.725006103515625,0.0,46.5322,0.5559
1972-05-14,1.32470703125,2.649414,22.08244800567627,0.0,45.3649,0.8578
1972-05-15,0.954927921295166,1.9098558,22.223466873168945,0.0,44.3443,0.5592
1972-05-16,0.0,0.0,20.516573905944824,0.0,43.0967,0.5594
1972-05-17,0.478179931640625,0.95635986,17.28422451019287,0.0,42.1194,0.5639000000000001
1972-05-18,4.693009376525879,9.386019,18.14016056060791,0.0,42.6954,1.034
1972-05-19,12.426092147827148,24.852184,20.66686725616455,0.0,46.9497,3.4945
1972-05-20,3.11070454120636,6.221409,20.22870635986328,0.0,46.1275,0.5662
1972-05-21,1.1868619918823242,2.373724,19.90989780426025,0.0,45.2069,0.6858000000000001
1972-05-22,0.0,0.0,21.251220703125,0.0,43.9405,0.5566
1972-05-23,7.936572790145874,15.873146,19.00612545013428,0.0,47.7061,3.5833
1972-05-24,2.3125736713409424,4.6251473,19.879240036010746,0.0,46.6015,0.5552
1972-05-25,0.4206955432891845,0.8413911,21.32413482666016,0.0,45.288,0.5546
1972-05-26,0.932424545288086,1.8648491,21.34288024902344,0.0,44.2144,0.5539
1972-05-27,0.9829368591308594,1.9658737,22.996268272399902,0.0,43.0927,0.5809
1972-05-28,0.2142238616943359,0.42844772,24.55830383300781,0.0,42.0252,0.5524
1972-05-29,0.1983954906463623,0.39679098,25.689929962158203,0.0,40.6469,0.5515
1972-05-30,24.279759407043457,48.559517,22.32573890686035,0.0,52.3165,8.7097
1972-05-31,2.5024731159210205,5.004946,17.70633316040039,0.0,48.3988,0.5498
1972-06-01,0.0,0.0,21.88841438293457,0.0,46.2657,0.5493
1972-06-02,0.0889139175415039,0.17782784,25.77261447906494,0.0,44.7199,0.5487
1972-06-03,1.901238322257996,3.8024766,25.96935272216797,0.0,43.585,0.548
1972-06-04,34.24629592895508,68.49259,22.93667888641357,0.0,53.9802,13.2663
1972-06-05,54.78334426879883,109.56669,20.337646484375,0.0,54.5373,29.9016
1972-06-06,4.463732004165649,8.927464,21.985264778137207,0.0,48.7258,0.767
1972-06-07,0.1973986625671386,0.39479733,22.63636589050293,0.0,46.6198,0.5675
1972-06-08,0.0246410369873046,0.049282074,23.01531219482422,0.0,45.0614,0.5707
1972-06-09,0.1499431133270263,0.29988623,24.337925910949707,0.0,43.8107,0.5718
1972-06-10,0.4764149188995361,0.95282984,25.591419219970703,0.0,42.6063,0.5734999999999999
1972-06-11,2.014012336730957,4.0280247,25.20138931274414,0.0,41.9099,0.6687
1972-06-12,0.0,0.0,25.896276473999023,0.0,40.663,0.5712
1972-06-13,1.0873017311096191,2.1746035,26.362598419189453,0.0,39.7862,0.7574000000000001
1972-06-14,0.2428538799285888,0.48570776,25.88085460662841,0.0,38.8507,0.5697
1972-06-15,35.74666404724121,71.49333,22.01566696166992,0.0,54.1471,14.8483
1972-06-16,27.09522247314453,54.190445,21.16244411468506,0.0,52.987,12.7355
1972-06-17,13.326124668121338,26.652248,23.54019355773925,0.0,50.5762,5.2259
1972-06-18,21.49123191833496,42.982464,22.138643264770508,0.0,51.9119,10.7442
1972-06-19,3.352227210998535,6.7044544,23.2124547958374,0.0,48.3047,0.5891
1972-06-20,1.9739198684692385,3.9478397,25.250788688659668,0.0,47.0184,1.4143
1972-06-21,0.2018971443176269,0.4037943,26.290183067321777,0.0,45.4315,0.5983
1972-06-22,0.6485276222229004,1.2970552,26.77399635314941,0.0,44.1515,0.6992
1972-06-23,2.844303846359253,5.6886077,26.789605140686035,0.0,43.4351,0.5994
1972-06-24,3.675200700759888,7.3504014,26.29580783843994,0.0,43.923,1.7105
1972-06-25,5.250305891036987,10.500612,26.46800708770752,0.0,43.7337,0.6448
1972-06-26,0.0955402851104736,0.19108057,27.474178314208984,0.0,42.5681,0.5981
1972-06-27,0.8038902282714844,1.6077805,27.554079055786133,0.0,41.4734,0.6048
1972-06-28,1.068328619003296,2.1366572,27.44793033599853,0.0,40.6344,0.6663
1972-06-29,2.41372549533844,4.8274508,27.440433502197266,0.0,40.2765,0.9794
1972-06-30,0.8441175222396851,1.688235,27.31957244873047,0.0,39.3704,0.641
1972-07-01,0.5731179714202881,1.146236,27.120014190673828,0.0,38.3236,0.6002000000000001
1972-07-02,0.0735189914703369,0.14703798,27.235980987548828,0.0,37.2976,0.5926
1972-07-03,0.6556136608123779,1.3112273,27.55483722686768,0.0,36.309,0.6238
1972-07-04,0.8394773006439209,1.6789546,27.84671211242676,0.0,35.4201,0.604
1972-07-05,1.0323679447174072,2.064736,28.64347076416016,0.0,34.9886,0.7143
1972-07-06,0.4339916706085205,0.86798334,28.74380779266357,0.0,34.5432,0.5901000000000001
1972-07-07,0.0,0.0,28.81433391571045,0.0,34.2089,0.5872
1972-07-08,0.0833656787872314,0.16673136,28.279146194458008,0.0,33.9753,0.5861
1972-07-09,0.0,0.0,27.536928176879883,0.0,33.7337,0.5851
1972-07-10,0.8046205043792725,1.609241,27.92206859588623,0.0,33.8214,0.6809999999999999
1972-07-11,2.872483015060425,5.744966,27.4119873046875,0.0,33.5199,0.5829
1972-07-12,1.3612935543060305,2.722587,26.14337539672852,0.0,34.2128,0.8683
1972-07-13,23.467554092407227,46.93511,24.764366149902344,0.0,48.2525,5.855300000000001
1972-07-14,39.187604904174805,78.37521,21.04866313934326,0.0,54.3855,13.320799999999998
1972-07-15,31.161499977111816,62.322998,22.31636619567871,0.0,53.2876,12.9078
1972-07-16,0.5733873248100281,1.1467746,25.33211708068848,0.0,48.1867,0.5821
1972-07-17,0.1250604391098022,0.25012088,26.17778205871582,0.0,46.2096,0.5848
1972-07-18,0.5706833600997925,1.1413667,27.03977108001709,0.0,44.8004,0.5859
1972-07-19,0.3405025005340576,0.681005,27.458585739135746,0.0,43.533,0.5861
1972-07-20,0.8374221324920654,1.6748443,28.245391845703125,0.0,42.5011,0.5858
1972-07-21,7.151925563812256,14.303851,27.37222194671631,0.0,45.3515,3.1451
1972-07-22,2.9838688373565674,5.9677377,25.79501438140869,0.0,44.4511,0.5847
1972-07-23,0.519235372543335,1.0384707,26.368797302246094,0.0,43.2876,0.6004999999999999
1972-07-24,2.059680938720703,4.119362,25.67021369934082,0.0,42.5505,0.5832
1972-07-25,2.117599368095398,4.235199,24.38597583770752,0.0,42.6102,1.0411
1972-07-26,0.3579256534576416,0.7158513,24.34430885314941,0.0,41.7678,0.5815
1972-07-27,7.944767713546753,15.889536,21.2125825881958,0.0,45.9478,3.0507
1972-07-28,53.1525821685791,106.30516,21.21713352203369,0.0,54.9156,22.6464
1972-07-29,41.72387886047363,83.447754,23.04438304901123,0.0,53.1586,23.6023
1972-07-30,0.6118580102920532,1.223716,24.04187393188477,0.0,48.2003,0.5978
1972-07-31,0.2346069812774658,0.46921396,24.31877517700196,0.0,46.3701,0.6054
1972-08-01,0.4985661506652832,0.9971323,24.401647567749023,0.0,45.1245,0.6084
1972-08-02,10.47325086593628,20.946503,25.46376323699951,0.0,48.4936,4.7372
1972-08-03,12.711344718933104,25.42269,25.633686065673828,0.0,49.8663,3.9159
1972-08-04,13.126558303833008,26.253117,25.87628555297852,0.0,50.1865,4.1936
1972-08-05,11.015622615814207,22.031246,26.19939136505127,0.0,49.6268,3.253
1972-08-06,10.464224815368652,20.92845,24.636393547058105,0.0,49.5849,3.4625
1972-08-07,17.111492156982422,34.222984,24.53124237060547,0.0,51.3225,7.7561
1972-08-08,9.579959869384766,19.15992,24.88644123077393,0.0,49.725,3.5211
1972-08-09,28.60280990600586,57.20562,23.948952674865723,0.0,52.4501,14.0426
1972-08-10,9.799450874328612,19.598902,24.268603324890137,0.0,49.7683,3.8537
1972-08-11,1.4534600973129272,2.9069202,24.5569715499878,0.0,47.2297,0.6521
1972-08-12,1.251732587814331,2.5034652,24.91866874694824,0.0,46.2834,1.3132
1972-08-13,2.144379496574402,4.288759,25.08370685577393,0.0,45.3948,0.6577
1972-08-14,4.846584677696228,9.69317,24.52101802825928,0.0,46.4084,2.4402
1972-08-15,0.3107750415802002,0.6215501,25.394811630249023,0.0,45.1014,0.6585
1972-08-16,0.8533551692962646,1.7067103,24.934765815734863,0.0,44.1451,0.8411
1972-08-17,5.103576421737671,10.207153,24.30036354064941,0.0,44.5871,1.1296
1972-08-18,32.05023956298828,64.10048,23.31571388244629,0.0,53.6121,14.8001
1972-08-19,6.2733986377716064,12.546797,24.27786540985108,0.0,49.6363,2.7087000000000003
1972-08-20,3.727427959442138,7.454856,24.85676860809326,0.0,47.7162,0.6900999999999999
1972-08-21,3.262165307998657,6.5243306,25.07777976989746,0.0,46.7186,1.0047
1972-08-22,0.3859541416168213,0.7719083,25.1363582611084,0.0,45.2807,0.6687
1972-08-23,0.0846569538116455,0.16931391,25.634264945983887,0.0,44.0465,0.6693
1972-08-24,0.8745484352111816,1.7490969,25.20860290527344,0.0,43.0092,0.7008
1972-08-25,0.4799755811691284,0.95995116,25.603894233703613,0.0,42.0256,0.6687
1972-08-26,1.9639825820922847,3.9279652,25.79640388488769,0.0,42.0469,1.2147
1972-08-27,0.5155256986618042,1.0310514,26.169726371765137,0.0,41.0601,0.667
1972-08-28,0.0,0.0,26.200639724731445,0.0,39.8468,0.666
1972-08-29,0.4599121809005737,0.91982436,26.26094913482666,0.0,38.7886,0.665
1972-08-30,0.1861088275909423,0.37221766,26.590232849121094,0.0,37.7573,0.6639
1972-08-31,4.654165506362915,9.308331,26.52680778503418,0.0,40.0529,2.2294
1972-09-01,0.5083914995193481,1.016783,26.580485343933105,0.0,39.2127,0.6763
1972-09-02,0.3308968544006347,0.6617937,25.73437690734864,0.0,38.1783,0.666
1972-09-03,1.1266696453094482,2.2533393,25.242137908935547,0.0,37.4287,0.6592
1972-09-04,1.2894726991653442,2.5789454,24.33559894561768,0.0,37.2492,0.9401
1972-09-05,2.053635716438293,4.107271,24.475053787231445,0.0,36.8332,0.6567
1972-09-06,0.0698871612548828,0.13977432,24.92574882507324,0.0,35.9621,0.6555
1972-09-07,4.087149620056152,8.174299,24.70491600036621,0.0,36.4243,0.9444
1972-09-08,2.966249704360962,5.9324994,24.02506446838379,0.0,36.3288,0.6531
1972-09-09,2.0134096145629883,4.026819,24.16259479522705,0.0,36.9196,1.037
1972-09-10,0.8820469379425049,1.7640939,24.736390113830566,0.0,36.4003,0.6508999999999999
1972-09-11,1.8457990884780884,3.6915982,24.885517120361328,0.0,36.295,0.8251
1972-09-12,0.1323397159576416,0.26467943,24.97390079498291,0.0,35.7683,0.6483
1972-09-13,12.324747085571287,24.649494,23.48649024963379,0.0,44.0328,3.957
1972-09-14,0.618911623954773,1.2378232,23.61384105682373,0.0,42.258,0.6458
1972-09-15,0.1332272291183471,0.26645446,22.63796138763428,0.0,40.9122,0.6446
1972-09-16,0.3307181596755981,0.6614363,22.48219871520996,0.0,39.7366,0.6434
1972-09-17,8.338072299957275,16.676144,20.82626342773437,0.0,44.2094,2.7059
1972-09-18,0.1334291696548462,0.26685834,20.91000270843506,0.0,42.7434,0.641
1972-09-19,0.0318509340286254,0.06370187,22.33048248291016,0.0,41.0167,0.6398
1972-09-20,0.3429019451141357,0.6858039,21.53527545928955,0.0,39.4981,0.6386
1972-09-21,0.0,0.0,22.3968563079834,0.0,38.5316,0.6374
1972-09-22,0.0,0.0,23.78120422363281,0.0,37.7242,0.6362
1972-09-23,8.94016146659851,17.880323,23.027645111083984,0.0,43.3838,3.0546
1972-09-24,22.81819248199463,45.636383,17.276464462280273,0.0,52.5223,6.8362
1972-09-25,6.689564228057861,13.379128,16.34251308441162,0.0,50.0732,2.2299
1972-09-26,2.481947422027588,4.963895,16.291104316711426,0.0,48.3506,1.0106000000000002
1972-09-27,1.3805949985980988,2.76119,19.28908443450928,0.0,46.8957,0.6308
1972-09-28,0.0504429936408996,0.10088599,19.998318672180176,0.0,45.7783,0.63
1972-09-29,0.5215517282485962,1.0431035,19.75612163543701,0.0,44.6865,0.6291
1972-09-30,0.5673580169677734,1.134716,20.391752243041992,0.0,44.0607,0.6785
1972-10-01,2.254096269607544,4.5081925,20.85953521728516,0.0,43.8538,0.6451
1972-10-02,0.152843028306961,0.30568606,22.754993438720703,0.0,43.0562,0.6277999999999999
1972-10-03,6.107252836227417,12.214506,18.981511116027832,0.0,45.2343,1.9644
1972-10-04,0.933403491973877,1.866807,15.73857879638672,0.0,44.2169,0.6243
1972-10-05,0.3301388025283813,0.6602776,15.641238689422607,0.0,43.013,0.6253
1972-10-06,0.3791068792343139,0.75821376,16.891711235046387,0.0,41.8808,0.6223
1972-10-07,0.0921711921691894,0.18434238,18.04994106292725,0.0,40.7629,0.6215999999999999
1972-10-08,0.1040905117988586,0.20818102,18.027165412902832,0.0,39.8155,0.6202
1972-10-09,0.1757310628890991,0.35146213,19.889397621154785,0.0,38.9095,0.6202
1972-10-10,1.9096639752388,3.8193278,19.198235511779785,0.0,39.1272,0.8045
1972-10-11,13.682505130767822,27.36501,16.998066902160645,0.0,47.2802,4.3109
1972-10-12,1.2428532242774963,2.4857063,18.253642082214355,0.0,45.9627,0.6159
1972-10-13,0.3236098289489746,0.64721966,18.20273303985596,0.0,44.6705,0.6173
1972-10-14,0.5766327381134033,1.1532655,18.498083114624023,0.0,43.4534,0.6138
1972-10-15,0.0258734226226806,0.051746845,20.36283779144287,0.0,42.1228,0.6128
1972-10-16,0.0031743049621582,0.00634861,20.240487098693848,0.0,41.0038,0.6118
1972-10-17,0.0,0.0,21.128613471984863,0.0,39.6624,0.6107
1972-10-18,2.137686491012573,4.275373,22.27767372131348,0.0,40.0776,1.1433
1972-10-19,2.4151418209075928,4.8302836,23.809680938720703,0.0,39.8706,0.6091
1972-10-20,0.8367893397808075,1.6735787,24.107276916503903,0.0,39.3526,0.7437
1972-10-21,0.4929369688034057,0.98587394,21.662781715393063,0.0,38.5677,0.6103000000000001
1972-10-22,3.795888662338257,7.5917773,13.102280616760254,0.0,40.8044,1.6478000000000002
1972-10-23,0.1698249578475952,0.33964992,15.102648258209229,0.0,40.0203,0.6043
1972-10-24,0.1499923467636108,0.2999847,18.078081130981445,0.0,39.3002,0.6046999999999999
1972-10-25,0.6781817674636841,1.3563635,19.952794075012207,0.0,38.8352,0.6021
1972-10-26,0.0242738723754882,0.048547745,19.78229141235352,0.0,38.3584,0.601
1972-10-27,1.7846132516860962,3.5692265,18.776273727416992,0.0,38.3444,0.7488
1972-10-28,0.0973354578018188,0.19467092,17.80558681488037,0.0,37.9268,0.5988
1972-10-29,0.4135838449001312,0.8271677,17.419151306152344,0.0,37.4784,0.5977
1972-10-30,0.0,0.0,16.69856548309326,0.0,37.01,0.5966
1972-10-31,0.0,0.0,16.632019996643066,0.0,36.5383,0.5955
1972-11-01,0.0,0.0,18.96263694763184,0.0,36.0695,0.5944
1972-11-02,2.205835282802582,4.4116707,19.13303279876709,0.0,37.2504,1.1075
1972-11-03,0.0072686076164245,0.014537215,19.80585479736328,0.0,36.8526,0.5922
1972-11-04,0.753876268863678,1.5077525,20.968658447265625,0.0,36.7962,0.7199
1972-11-05,0.0326727032661438,0.06534541,20.38386631011963,0.0,36.472,0.5899
1972-11-06,0.1450294554233551,0.2900589,18.86184501647949,0.0,36.1091,0.5902
1972-11-07,0.9272656440734864,1.8545313,18.04459571838379,0.0,35.9613,0.5877
1972-11-08,0.8117546439170837,1.6235093,16.84975242614746,0.0,36.3028,0.7451
1972-11-09,0.7838894128799438,1.5677788,19.178911209106445,0.0,36.063,0.5855
1972-11-10,0.0,0.0,19.54815101623535,0.0,35.7411,0.5844
1972-11-11,0.8218226432800293,1.6436453,17.469924926757812,0.0,35.5131,0.5853
1972-11-12,0.0,0.0,16.19010829925537,0.0,35.2583,0.5823
1972-11-13,9.602387428283691,19.204775,16.994297981262207,0.0,42.4395,3.1638
1972-11-14,1.0425099432468414,2.0850198,20.309595108032227,0.0,41.6276,0.5801
1972-11-15,6.842449903488159,13.6849,19.789161682128903,0.0,45.2654,2.4563
1972-11-16,6.4697325229644775,12.939465,17.019611358642578,0.0,46.3918,1.5007
1972-11-17,5.328976631164551,10.657953,13.630491733551024,0.0,47.505,1.5891
1972-11-18,0.6173171699047089,1.2346344,13.780717849731444,0.0,46.2376,0.5757
1972-11-19,1.2075215578079224,2.415043,13.775879859924316,0.0,45.9923,0.8784000000000001
1972-11-20,0.3604957461357116,0.7209915,15.124074935913086,0.0,45.0597,0.5736
1972-11-21,0.839554101228714,1.6791081,11.464971542358398,0.0,44.7143,0.7442
1972-11-22,13.0163254737854,26.03265,9.202852725982666,0.0,50.9162,4.3401000000000005
1972-11-23,2.182034134864807,4.364068,10.37684965133667,0.0,48.1374,0.5889
1972-11-24,0.0936065316200256,0.18721306,7.316401243209839,0.0,46.7586,0.5695
1972-11-25,0.2768571078777313,0.5537142,6.679523944854736,0.0,45.812,0.5686
1972-11-26,0.0,0.0,8.671479225158691,0.0,44.9788,0.5676
1972-11-27,0.4504229426383972,0.9008459,8.54759931564331,0.0,44.2715,0.5667
1972-11-28,0.4055706262588501,0.81114125,9.8767671585083,0.0,43.9466,0.5942
1972-11-29,0.6390238106250763,1.2780476,10.407684326171877,0.0,43.6566,0.5647
1972-11-30,1.1656188666820526,2.3312378,11.06550931930542,0.0,43.7136,0.8190999999999999
1972-12-01,0.0480894446372985,0.09617889,7.802503347396851,0.0,43.2503,0.5796
1972-12-02,0.0457555055618286,0.09151101,6.691035270690918,0.0,42.7758,0.564
1972-12-03,0.0055002570152282,0.011000514,7.665549278259277,0.0,42.3174,0.5609
1972-12-04,0.0291994214057922,0.058398843,8.922744274139404,0.0,41.796,0.5599
1972-12-05,0.2097752690315246,0.41955054,8.653839111328125,0.0,41.2348,0.5589
1972-12-06,0.0778026133775711,0.15560523,9.619313716888428,0.0,40.6438,0.5579
1972-12-07,0.0288083553314209,0.05761671,12.386026859283447,0.0,39.9591,0.5569
1972-12-08,0.0546471774578094,0.109294355,9.10930633544922,0.0,39.4815,0.556
1972-12-09,0.1060118973255157,0.2120238,8.94150447845459,0.0,39.002,0.555
1972-12-10,0.0508972108364105,0.10179442,12.092113971710203,0.0,38.5511,0.5541
1972-12-11,0.790408656001091,1.5808173,16.253689765930176,0.0,38.0156,0.5529
1972-12-12,5.359217405319214,10.718435,8.808379650115967,0.0,41.2545,1.9933
1972-12-13,0.1318883299827575,0.26377666,4.251702785491943,0.0,40.9628,0.5773999999999999
1972-12-14,0.9677332937717438,1.9354665,4.035373687744141,0.0,40.8302,0.5699000000000001
1972-12-15,2.52073073387146,5.0414615,6.219828605651856,0.0,41.7471,0.9788
1972-12-16,0.1168058365583419,0.23361167,8.299790859222412,0.0,41.4302,0.5479
1972-12-17,0.1399870961904525,0.2799742,11.100759983062744,0.0,40.9247,0.5484
1972-12-18,3.6792898178100586,7.3585796,10.441096305847168,0.0,42.4472,1.2493
1972-12-19,7.250897407531738,14.501795,7.961514234542847,0.0,46.2619,2.3609
1972-12-20,0.1177901327610015,0.23558027,8.614201068878174,0.0,45.3801,0.5439
1972-12-21,22.881547927856445,45.763096,10.180367469787598,0.0,53.2146,8.2534
1972-12-22,3.112801671028137,6.225603,11.618042469024658,0.0,49.1255,1.1662
1972-12-23,0.9763559699058532,1.9527119,10.500203609466553,0.0,47.4788,0.5434
1972-12-24,0.202227059751749,0.4044541,9.886081218719482,0.0,46.4948,0.5424
1972-12-25,0.35308837890625,0.70617676,10.713748455047607,0.0,45.769,0.542
1972-12-26,2.8985029458999634,5.7970057,11.43817949295044,0.0,46.6703,1.4663
1972-12-27,5.248283863067627,10.496568,12.433279514312744,0.0,47.9817,1.9182
1972-12-28,18.65807342529297,37.316147,11.29138994216919,0.0,52.2239,7.302
1972-12-29,3.735749244689941,7.4714985,5.672811508178711,0.0,48.9193,1.2021
1972-12-30,0.0739852786064148,0.14797056,4.505017280578613,0.0,47.3375,0.5788
1972-12-31,5.542271375656128,11.084543,5.405847072601318,0.0,48.9087,2.8523
1973-01-01,8.150888442993164,16.301777,6.631773471832275,0.0,50.0411,3.7159
1973-01-02,1.5990532040596008,3.1981063,4.304866075515747,0.0,47.8749,0.5636
1973-01-03,0.1604583859443664,0.32091677,2.473325252532959,0.0,46.8539,0.6484
1973-01-04,2.351835250854492,4.7036705,4.797926425933838,0.0,47.0614,1.3786
1973-01-05,7.237292528152466,14.474585,7.124566078186035,0.0,49.2267,3.4914
1973-01-06,0.7576629817485809,1.515326,8.9488205909729,0.0,47.5114,0.5478
1973-01-07,0.2337125539779663,0.4674251,6.98667573928833,0.0,46.4692,0.5543
1973-01-08,0.1288723945617675,0.2577448,6.230993270874023,0.0,45.7231,0.5498999999999999
1973-01-09,0.0866316854953765,0.17326337,8.652371406555176,0.0,45.0903,0.5494
1973-01-10,3.232959270477295,6.4659185,9.164064884185793,0.0,46.0753,1.5964999999999998
1973-01-11,1.7537877559661863,3.5075755,7.310277938842773,0.0,45.5612,0.5495
1973-01-12,0.0418473482131958,0.0836947,5.623428106307983,0.0,44.9999,0.5524
1973-01-13,0.9127805829048156,1.8255612,4.766314506530762,0.0,44.9154,0.7636000000000001
1973-01-14,0.955830454826355,1.9116609,8.187569618225098,0.0,44.5269,0.5491
1973-01-15,1.712851881980896,3.4257038,10.329485893249512,0.0,44.9674,1.1787
1973-01-16,1.624815046787262,3.24963,11.0397367477417,0.0,44.6541,0.5566
1973-01-17,5.868953704833984,11.737907,8.108330726623535,0.0,47.4056,2.8802
1973-01-18,0.8539637923240662,1.7079276,7.305533647537231,0.0,46.5011,0.5478
1973-01-19,1.558946669101715,3.1178932,8.040513038635254,0.0,46.4183,1.0794
1973-01-20,5.092364311218262,10.184729,8.905858993530273,0.0,48.0282,2.3871
1973-01-21,0.2685847282409668,0.53716946,10.936565399169922,0.0,46.7679,0.5469
1973-01-22,0.7976628541946411,1.5953257,10.056665897369385,0.0,46.2033,0.7747999999999999
1973-01-23,9.827557563781738,19.655115,13.170741081237791,0.0,49.4677,4.0185
1973-01-24,8.448626518249512,16.897253,12.25152349472046,0.0,49.769,3.2162
1973-01-25,0.6917155385017395,1.3834311,9.614920616149902,0.0,47.6314,0.5471
1973-01-26,0.0,0.0,8.967779636383057,0.0,46.4795,0.5479
1973-01-27,1.0347594022750854,2.0695188,8.097517967224121,0.0,45.8919,0.646
1973-01-28,0.2823073863983154,0.5646148,6.614349603652954,0.0,45.3775,0.5489
1973-01-29,0.5995500683784485,1.1991001,6.20993709564209,0.0,44.9351,0.5730000000000001
1973-01-30,0.0,0.0,4.938567161560059,0.0,44.436,0.5493
1973-01-31,0.2191771268844604,0.43835425,8.001242876052856,0.0,43.9668,0.557
1973-02-01,1.1507395505905151,2.301479,11.75716495513916,0.0,43.6075,0.6155
1973-02-02,0.4255589246749878,0.85111785,12.143438339233398,0.0,43.2078,0.5584
1973-02-03,0.3626364469528198,0.7252729,13.830292701721191,0.0,42.6789,0.5763
1973-02-04,0.0640022754669189,0.12800455,15.353540897369385,0.0,42.1265,0.5478
1973-02-05,0.0851681232452392,0.17033625,16.43191623687744,0.0,41.5187,0.5471
1973-02-06,1.2524762153625488,2.5049524,14.512461185455322,0.0,41.1912,0.5766
1973-02-07,0.7178565263748169,1.435713,10.191453456878662,0.0,41.1595,0.685
1973-02-08,4.034128665924072,8.068257,8.799615383148193,0.0,42.8801,1.5443
1973-02-09,0.2929708957672119,0.5859418,10.1076979637146,0.0,42.5703,0.5439
1973-02-10,0.6405125856399536,1.2810252,14.654134750366213,0.0,42.3152,0.6908000000000001
1973-02-11,2.4101043939590454,4.8202085,15.398896217346191,0.0,42.0781,0.5422
1973-02-12,1.6444674134254456,3.2889347,11.26072883605957,0.0,42.7137,1.031
1973-02-13,1.6460535526275637,3.292107,11.909916877746582,0.0,42.4997,0.5405
1973-02-14,3.836892127990722,7.6737843,8.865511417388916,0.0,44.2971,1.7222
1973-02-15,1.1779946088790894,2.3559892,10.154491901397703,0.0,43.9693,0.5387
1973-02-16,0.0,0.0,13.678197860717772,0.0,43.2915,0.5378
1973-02-17,0.0,0.0,15.816469192504885,0.0,42.5261,0.5369
1973-02-18,8.942861557006836,17.885723,15.275911331176758,0.0,47.5478,3.7673
1973-02-19,17.397756576538086,34.795513,13.26649522781372,0.0,52.114,6.5835
1973-02-20,0.0,0.0,9.48153591156006,0.0,48.1948,0.5344
1973-02-21,2.015529990196228,4.03106,9.74843406677246,0.0,47.6347,1.2061000000000002
1973-02-22,9.786477088928224,19.572954,14.070843696594238,0.0,49.5686,3.2664
1973-02-23,17.619139671325684,35.23828,13.490708351135254,0.0,51.8681,7.283
1973-02-24,1.5515319108963013,3.1030638,10.418300151824951,0.0,48.3233,0.5346
1973-02-25,3.4816869497299194,6.963374,9.098931312561035,0.0,48.2577,1.9803
1973-02-26,1.941224813461304,3.8824496,14.863914489746094,0.0,47.005,0.5417
1973-02-27,0.2536103725433349,0.50722075,19.42256164550781,0.0,45.6405,0.5394
1973-02-28,0.0,0.0,19.07973289489746,0.0,44.5858,0.54
1973-03-01,0.766181230545044,1.5323625,13.480955123901367,0.0,44.1398,0.7303000000000001
1973-03-02,0.6695563793182373,1.3391128,10.156682968139648,0.0,43.8388,0.5399
1973-03-03,0.1697480678558349,0.33949614,10.647087574005129,0.0,43.4049,0.5502
1973-03-04,0.3709235191345215,0.74184704,14.72026300430298,0.0,42.7457,0.5392
1973-03-05,0.3142275810241699,0.62845516,11.82214879989624,0.0,42.3504,0.5699
1973-03-06,0.1661838293075561,0.33236766,13.144771099090576,0.0,41.8786,0.5381
1973-03-07,0.2537562847137451,0.50751257,15.194969654083252,0.0,41.3297,0.5508
1973-03-08,0.4550702571868896,0.9101405,12.872835159301758,0.0,41.0396,0.5367
1973-03-09,0.1870594024658203,0.3741188,14.036118984222412,0.0,40.5658,0.5374
1973-03-10,0.0708296298980712,0.14165926,18.39078617095948,0.0,39.9104,0.5351
1973-03-11,14.207605361938477,28.41521,17.37575626373291,0.0,47.6699,5.1753
1973-03-12,11.89259910583496,23.785198,16.383017539978027,0.0,50.2163,3.7284
1973-03-13,13.453321933746338,26.906643,11.68445873260498,0.0,51.1357,4.7894
1973-03-14,9.971830368041992,19.94366,9.684129238128662,0.0,50.534,3.9575
1973-03-15,2.787481904029846,5.5749636,10.051147937774658,0.0,48.4265,1.0371
1973-03-16,0.2766845226287842,0.55336905,11.783624172210692,0.0,46.8739,0.5348
1973-03-17,0.361422061920166,0.7228441,12.612200260162354,0.0,45.8537,0.5961
1973-03-18,0.4923114776611328,0.98462296,12.976163387298584,0.0,44.9878,0.5361
1973-03-19,1.7191977500915527,3.4383955,11.979183197021484,0.0,45.0295,1.1002
1973-03-20,18.394887924194336,36.789776,12.45152759552002,0.0,51.4539,7.1749
1973-03-21,7.012156009674072,14.024312,13.460894584655762,0.0,49.8423,2.8846
1973-03-22,0.1694130897521972,0.33882618,12.36524486541748,0.0,47.6053,0.5379
1973-03-23,0.8895893096923828,1.7791786,14.696669578552246,0.0,46.6145,0.8694
1973-03-24,9.998586177825928,19.997173,13.19208288192749,0.0,49.3172,3.8895
1973-03-25,0.521740198135376,1.0434804,13.760005950927734,0.0,47.2044,0.5409
1973-03-26,0.0319082736968994,0.06381655,13.90549659729004,0.0,45.8192,0.5417
1973-03-27,0.6231224536895752,1.2462449,15.940117835998535,0.0,44.6733,0.5419
1973-03-28,0.2150759696960449,0.43015194,17.174628257751465,0.0,43.8235,0.5535
1973-03-29,6.015444040298462,12.030888,20.04078388214112,0.0,43.8425,0.7553
1973-03-30,7.19794511795044,14.39589,19.01583671569824,0.0,46.3018,2.4392
1973-03-31,13.48547887802124,26.970959,19.25460147857666,0.0,49.7604,4.1077
1973-04-01,44.6074275970459,89.21486,18.175105094909668,0.0,54.0846,22.0704
1973-04-02,5.6113879680633545,11.222776,18.910147666931152,0.0,48.7345,0.8463
1973-04-03,64.23064613342285,128.46129,11.907214164733888,0.0,53.8416,42.712700000000005
1973-04-04,0.5768587589263916,1.1537175,11.589290618896484,0.0,48.4182,0.5789
1973-04-05,0.6740083694458008,1.3480167,12.996636390686035,0.0,46.7603,0.7872
1973-04-06,13.001482009887695,26.002964,12.348394393920898,0.0,50.2327,5.864
1973-04-07,2.7025448083877563,5.4050894,15.469598770141602,0.0,47.907,0.5968
1973-04-08,27.05795955657959,54.11592,16.971242904663086,0.0,52.7773,14.4445
1973-04-09,18.77486515045166,37.54973,19.66005802154541,0.0,51.2656,8.8878
1973-04-10,0.0337991714477539,0.06759834,18.97894763946533,0.0,47.8454,0.6183
1973-04-11,26.938983917236328,53.877968,19.39509010314941,0.0,52.6271,14.8395
1973-04-12,0.0851244926452636,0.17024899,15.832294940948486,0.0,48.1889,0.6314
1973-04-13,0.917363166809082,1.8347263,15.476040840148926,0.0,46.87,0.8676999999999999
1973-04-14,1.2255240678787231,2.4510481,18.18914604187012,0.0,45.7693,0.6402
1973-04-15,0.1703472137451172,0.34069443,22.094386100769043,0.0,44.5415,0.6447999999999999
1973-04-16,4.257558822631836,8.515118,24.210947036743164,0.0,43.8362,0.6444
1973-04-17,26.334861755371094,52.669724,15.939358711242676,0.0,52.7617,12.0239
1973-04-18,2.8805686235427856,5.761137,13.400381565093994,0.0,48.7124,0.9878
1973-04-19,13.286264419555664,26.572529,14.641128540039062,0.0,50.8189,6.1094
1973-04-20,43.36485481262207,86.729706,16.906347274780273,0.0,53.6053,25.5661
1973-04-21,10.14677095413208,20.293541,19.75739288330078,0.0,49.6599,3.9444
1973-04-22,3.745244264602661,7.4904885,19.505380630493164,0.0,47.6659,0.6781
1973-04-23,12.772634029388428,25.545269,19.940979957580566,0.0,50.8394,7.886
1973-04-24,0.3926002979278564,0.7852006,21.67786407470703,0.0,47.6046,0.6874
1973-04-25,10.304540157318115,20.609081,22.309935569763184,0.0,49.377,4.8375
1973-04-26,22.66904830932617,45.338097,21.083800315856934,0.0,52.3208,11.008
1973-04-27,2.892810225486756,5.7856207,20.34171867370605,0.0,48.2877,0.6969
1973-04-28,0.3686623573303222,0.7373247,19.603724479675293,0.0,46.4492,0.727
1973-04-29,1.0526692867279053,2.1053386,21.110633850097656,0.0,45.178,0.704
1973-04-30,0.0,0.0,22.9551305770874,0.0,44.0394,0.7048
1973-05-01,0.3148574829101562,0.62971497,23.830467224121094,0.0,43.1131,0.7127
1973-05-02,15.722996711730955,31.445993,21.991426467895508,0.0,48.9961,5.3749
1973-05-03,47.525033950805664,95.050064,19.92960548400879,0.0,54.1546,23.7139
1973-05-04,3.373600959777832,6.747202,18.47925090789795,0.0,48.6044,0.7186
1973-05-05,5.875115394592285,11.750231,16.705985069274902,0.0,48.6311,3.1922
1973-05-06,12.404643058776855,24.809286,18.122556686401367,0.0,50.6074,6.1836
1973-05-07,25.17640686035156,50.352814,21.51337623596192,0.0,52.2232,12.4805
1973-05-08,34.28999996185303,68.58,21.108115196228027,0.0,52.6178,19.9524
1973-05-09,36.64338684082031,73.28677,18.03452682495117,0.0,52.5461,25.1577
1973-05-10,1.888317584991455,3.7766352,16.8283748626709,0.0,48.3072,0.7791
1973-05-11,24.495858192443848,48.991714,12.457624435424805,0.0,52.3582,14.0407
1973-05-12,21.435341835021973,42.87068,14.54249095916748,0.0,51.7991,12.3057
1973-05-13,9.47808599472046,18.956173,17.338605880737305,0.0,50.0696,5.0544
1973-05-14,4.376585245132446,8.75317,21.027159690856934,0.0,47.9391,0.9335
1973-05-15,0.0,0.0,24.286401748657227,0.0,46.0171,0.8235
1973-05-16,0.0,0.0,25.7650089263916,0.0,44.3931,0.8233
1973-05-17,17.704733848571777,35.40947,24.955352783203125,0.0,51.2939,9.1196
1973-05-18,1.1330769062042236,2.2661538,20.729537963867188,0.0,48.0244,0.8209
1973-05-19,21.02419376373291,42.048386,20.33463191986084,0.0,52.4292,11.4748
1973-05-20,56.78421974182129,113.568436,17.640697479248047,0.0,53.8815,34.6328
1973-05-21,33.14693737030029,66.29388,15.686087608337402,0.0,51.8815,26.2999
1973-05-22,13.549595832824709,27.099192,18.86267566680908,0.0,50.4556,6.7148
1973-05-23,38.882829666137695,77.765656,18.72879695892334,0.0,53.0695,23.6956
1973-05-24,0.3591797351837158,0.7183595,18.43043041229248,0.0,48.3119,0.8897
1973-05-25,0.7161872386932373,1.4323745,20.38182544708252,0.0,46.5121,0.9003
1973-05-26,5.587860822677612,11.175722,22.04133129119873,0.0,46.9834,2.1393
1973-05-27,25.85828113555908,51.71656,21.11062240600586,0.0,52.5996,12.5408
1973-05-28,34.16985321044922,68.33971,21.625885009765625,0.0,52.8788,20.2674
1973-05-29,7.920930862426758,15.841862,22.84182929992676,0.0,49.2027,2.7079
1973-05-30,6.804092645645142,13.608185,21.70606136322021,0.0,48.7371,2.8182
1973-05-31,19.011123180389404,38.022247,22.64919948577881,0.0,51.2972,8.5345
1973-06-01,22.300021171569824,44.600044,21.108930587768555,0.0,51.8974,11.7087
1973-06-02,26.62727642059326,53.254555,20.161251068115234,0.0,52.2309,15.849
1973-06-03,31.582426071166992,63.164852,18.034740447998047,0.0,52.4639,20.6925
1973-06-04,23.202515602111816,46.40503,18.341174125671387,0.0,51.8295,15.0274
1973-06-05,12.261600971221924,24.523201,18.86366844177246,0.0,50.4209,6.5604
1973-06-06,0.6269750595092773,1.2539501,20.49064350128174,0.0,47.6033,1.0087
1973-06-07,0.1988611221313476,0.39772224,21.74181079864502,0.0,45.8571,1.011
1973-06-08,0.1057581901550293,0.21151638,21.073301315307617,0.0,44.6588,1.01
1973-06-09,0.2230885028839111,0.446177,21.867859840393063,0.0,43.4845,1.0077
1973-06-10,0.4831287860870361,0.9662576,22.394018173217773,0.0,42.4656,1.0047
1973-06-11,0.9290695190429688,1.858139,22.05000877380371,0.0,41.5005,1.0014
1973-06-12,0.0,0.0,23.127077102661133,0.0,40.3179,0.9976
1973-06-13,7.196646690368652,14.393293,20.280742645263672,0.0,43.9723,3.468
1973-06-14,0.9924149513244628,1.9848299,21.346189498901367,0.0,43.1322,0.991
1973-06-15,2.1674375534057617,4.334875,22.18132877349853,0.0,43.5051,1.7036
1973-06-16,0.4250130653381347,0.85002613,25.44667148590088,0.0,42.4675,0.9844
1973-06-17,2.624805450439453,5.249611,25.5124568939209,0.0,43.2873,1.9406
1973-06-18,4.556215763092041,9.112432,26.165472984313965,0.0,42.9638,0.9778
1973-06-19,3.616863250732422,7.2337265,26.291890144348145,0.0,43.7745,1.9574
1973-06-20,2.406400680541992,4.8128014,26.77547550201416,0.0,43.1648,0.9819
1973-06-21,0.2018971443176269,0.4037943,27.4688024520874,0.0,41.9262,0.9684
1973-06-22,9.707754135131836,19.415508,25.227685928344727,0.0,46.4015,3.579
1973-06-23,0.5290961265563965,1.0581923,26.361088752746586,0.0,44.9165,0.9613
1973-06-24,0.1821086406707763,0.36421728,25.612030029296875,0.0,43.7128,0.9577
1973-06-25,0.7104287147521973,1.4208574,27.008583068847656,0.0,42.0538,0.9538
1973-06-26,24.16302299499512,48.326046,24.061250686645508,0.0,53.1129,9.4932
1973-06-27,3.768447399139404,7.536895,23.543578147888184,0.0,48.4099,0.9472
1973-06-28,14.66115951538086,29.322319,24.10432529449463,0.0,51.5843,6.2093
1973-06-29,14.730226516723633,29.460453,23.628560066223145,0.0,50.9988,4.6097
1973-06-30,0.5148024559020996,1.0296049,25.02044010162353,0.0,47.6643,0.9423
1973-07-01,2.040809154510498,4.0816183,25.8823356628418,0.0,47.0114,1.8199
1973-07-02,1.4643936157226562,2.9287872,25.45173931121826,0.0,45.662,0.9376
1973-07-03,3.7568553686141968,7.513711,24.121432304382324,0.0,46.4063,2.0829
1973-07-04,31.30210971832276,62.604218,23.043679237365723,0.0,53.4978,12.2295
1973-07-05,13.44145441055298,26.882908,22.835606575012207,0.0,51.1877,5.9979000000000005
1973-07-06,1.1784803867340088,2.3569608,23.64944839477539,0.0,47.8779,0.9365
1973-07-07,13.544378757476808,27.088757,24.5947847366333,0.0,50.6183,6.4076
1973-07-08,10.594602584838867,21.189205,24.12470531463623,0.0,49.9287,3.6518
1973-07-09,4.664753794670105,9.329508,24.23480224609375,0.0,47.9313,1.0722
1973-07-10,10.36488962173462,20.729778,24.016552925109863,0.0,49.5205,4.1545000000000005
1973-07-11,6.522859811782837,13.045719,24.56710720062256,0.0,48.2375,1.6486
1973-07-12,14.805965423583984,29.61193,24.126598358154297,0.0,50.6557,6.0085
1973-07-13,1.2336763143539429,2.4673526,26.00873565673828,0.0,47.6043,0.941
1973-07-14,0.3408215045928955,0.681643,26.16774845123291,0.0,45.8452,0.9402
1973-07-15,0.7921940684318542,1.5843881,26.259303092956543,0.0,44.6624,0.9382
1973-07-16,5.742802143096924,11.485604,25.022605895996094,0.0,45.2243,1.8152
1973-07-17,6.777168273925781,13.554337,24.084423065185547,0.0,45.9453,1.7498
1973-07-18,25.67381477355957,51.34763,24.09661197662353,0.0,52.679,10.9276
1973-07-19,1.1406856179237366,2.281371,26.245095252990723,0.0,48.077,0.9343
1973-07-20,13.159862518310549,26.319725,25.1088342666626,0.0,50.6714,6.9698
1973-07-21,9.964428901672363,19.928858,24.613618850708008,0.0,49.838,3.7248
1973-07-22,9.005005359649658,18.01001,24.516695022583008,0.0,49.3882,3.3059000000000003
1973-07-23,8.99374771118164,17.987495,25.057567596435547,0.0,48.758,2.5233
1973-07-24,3.2107536792755127,6.4215074,25.05791664123535,0.0,47.1711,0.9404
1973-07-25,4.087597131729126,8.175194,24.839449882507324,0.0,47.2962,2.5125
1973-07-26,4.624075651168823,9.248152,25.026814460754395,0.0,46.5991,1.0833
1973-07-27,3.0834131240844727,6.1668262,25.5056381225586,0.0,45.785,1.1374
1973-07-28,1.4669885635375977,2.9339771,26.005131721496586,0.0,44.9146,1.2056
1973-07-29,1.9579137563705444,3.9158275,27.28047752380371,0.0,44.0761,1.0414
1973-07-30,0.1412506103515625,0.28250122,27.48262405395508,0.0,42.8963,0.9331
1973-07-31,0.7340888977050781,1.4681778,27.365419387817383,0.0,41.8272,0.9503
1973-08-01,5.412725448608398,10.825451,26.8153133392334,0.0,43.581,2.5319000000000003
1973-08-02,0.1622838973999023,0.3245678,27.292494773864743,0.0,42.3914,0.9217
1973-08-03,0.2108429670333862,0.42168593,27.11502265930176,0.0,41.2586,0.9179
1973-08-04,0.8873546123504639,1.7747092,26.915546417236328,0.0,40.3536,0.9493
1973-08-05,2.0784835815429688,4.156967,26.09473705291748,0.0,40.1224,1.2883
1973-08-06,0.372589111328125,0.7451782,25.41395473480225,0.0,39.1026,0.9067
1973-08-07,1.6350796222686768,3.2701592,23.675376892089844,0.0,39.1821,1.3111
1973-08-08,2.50637435913086,5.0127487,24.35607433319092,0.0,39.0427,1.0247
1973-08-09,0.5319657325744629,1.0639315,25.619356155395508,0.0,38.1191,0.9033
1973-08-10,0.0252312421798706,0.050462484,26.438441276550293,0.0,37.1476,0.8973
1973-08-11,1.7479065656661987,3.4958131,24.98909854888916,0.0,36.5348,1.0055
1973-08-12,4.548797845840454,9.097595,24.00296211242676,0.0,37.0529,1.0699
1973-08-13,4.151719570159912,8.303439,24.64879512786865,0.0,37.4764,1.1689
1973-08-14,1.5977932214736938,3.1955864,24.66346263885498,0.0,37.1543,0.9314
1973-08-15,7.33189845085144,14.663797,23.99494457244873,0.0,41.089,2.5959
1973-08-16,2.881688356399536,5.7633767,25.59168243408203,0.0,40.2439,0.8869
1973-08-17,1.6255427598953247,3.2510855,25.488455772399902,0.0,39.9037,1.2621
1973-08-18,4.729608058929443,9.459216,25.823660850524902,0.0,39.6793,0.8863
1973-08-19,0.7894267439842224,1.5788535,25.52145099639893,0.0,38.8761,0.9153
1973-08-20,3.5479559898376465,7.095912,25.30392837524414,0.0,39.7612,1.4024
1973-08-21,2.269051313400269,4.5381026,27.074660301208496,0.0,39.6399,1.1254
1973-08-22,1.554490327835083,3.1089807,26.488985061645508,0.0,39.2359,1.0479
1973-08-23,0.1569619178771972,0.31392384,26.29905128479004,0.0,38.4177,0.8749
1973-08-24,1.30668306350708,2.6133661,24.33299732208252,0.0,38.2907,1.0446
1973-08-25,5.996478319168091,11.992956,25.16355609893799,0.0,40.4996,1.8025
1973-08-26,0.1490169763565063,0.29803395,24.53463363647461,0.0,39.2367,0.8699
1973-08-27,18.980795860290527,37.961594,25.41905879974365,0.0,48.7867,5.5958
1973-08-28,5.47595477104187,10.95191,25.205012321472168,0.0,47.3423,1.1245
1973-08-29,0.515078067779541,1.0301561,25.940683364868164,0.0,45.2125,0.865
1973-08-30,2.0058728456497192,4.0117455,25.206581115722656,0.0,45.826,2.0394
1973-08-31,4.055312991142273,8.110626,25.22369956970215,0.0,45.136,0.8623
1973-09-01,0.2473931312561035,0.49478626,25.357712745666504,0.0,43.405,0.8693
1973-09-02,1.0889796018600464,2.1779592,25.083425521850582,0.0,42.0272,0.9151
1973-09-03,5.490562677383423,10.981125,24.83310317993164,0.0,43.5794,2.0643
1973-09-04,0.513276219367981,1.0265524,25.24246501922608,0.0,41.9902,0.8555
1973-09-05,1.6276497840881348,3.2552996,26.257423400878903,0.0,41.1484,1.2341
1973-09-06,1.0675969123840332,2.1351938,25.768659591674805,0.0,39.9755,0.8523
1973-09-07,12.892660140991213,25.78532,25.567249298095703,0.0,46.6336,4.3809000000000005
1973-09-08,0.5088894367218018,1.0177789,25.44694709777832,0.0,44.3019,0.8492
1973-09-09,3.6777862310409546,7.3555727,25.215941429138184,0.0,44.5269,1.8374
1973-09-10,4.203256964683533,8.406514,23.9617919921875,0.0,43.6909,0.8461
1973-09-11,16.976101875305176,33.9522,23.59789276123047,0.0,50.8949,5.8074
1973-09-12,11.018136978149414,22.036274,23.46061897277832,0.0,50.6466,3.3585000000000003
1973-09-13,0.9624030590057372,1.9248061,22.80548667907715,0.0,47.9364,0.8419
1973-09-14,0.7138774394989014,1.4277549,23.175705909729004,0.0,46.3909,0.8441
1973-09-15,2.3773160576820374,4.754632,24.17890930175781,0.0,45.613,0.8398
1973-09-16,5.270691394805908,10.541383,24.67107582092285,0.0,47.2617,2.4408000000000003
1973-09-17,9.12157678604126,18.243153,25.18619441986084,0.0,48.6724,2.3582
1973-09-18,15.957303047180176,31.914606,24.29007148742676,0.0,51.3366,5.0177
1973-09-19,23.107885360717773,46.21577,23.11241912841797,0.0,52.6241,9.0725
1973-09-20,14.326826095581056,28.653652,20.65595245361328,0.0,51.2992,6.239999999999999
1973-09-21,0.0,0.0,20.98992252349853,0.0,47.7344,0.8406
1973-09-22,0.0,0.0,20.109729766845703,0.0,45.966,0.842
1973-09-23,0.0,0.0,20.37195110321045,0.0,44.6206,0.8422
1973-09-24,0.636500358581543,1.2730007,19.857707023620605,0.0,43.6287,0.8803
1973-09-25,1.5899038314819336,3.1798077,20.44010353088379,0.0,42.9621,0.8409
1973-09-26,0.9831772446632384,1.9663545,21.404191970825195,0.0,42.34,1.0284
1973-09-27,0.92163023352623,1.8432605,21.53126335144043,0.0,41.7075,0.8388
1973-09-28,0.0379921197891235,0.07598424,21.948564529418945,0.0,40.9053,0.8376
1973-09-29,0.9038266539573668,1.8076533,23.21235179901123,0.0,40.1298,0.8363
1973-09-30,2.3886501789093018,4.7773004,24.240726470947266,0.0,41.1593,1.708
1973-10-01,0.2732887864112854,0.5465776,22.581201553344727,0.0,40.6649,0.8509
1973-10-02,0.1336238384246826,0.26724768,23.768190383911133,0.0,39.9413,0.8332999999999999
1973-10-03,0.041820079088211,0.08364016,23.63715648651123,0.0,39.0885,0.8307
1973-10-04,0.9202849864959716,1.84057,24.519980430603027,0.0,38.5291,0.9735
1973-10-05,0.2872352600097656,0.5744705,24.311802864074707,0.0,37.6775,0.8277
1973-10-06,0.337520956993103,0.6750419,23.58225917816162,0.0,37.0067,0.8290000000000001
1973-10-07,0.0793070793151855,0.15861416,23.499889373779297,0.0,36.3775,0.8247
1973-10-08,0.0799182057380676,0.15983641,20.514347076416016,0.0,35.8791,0.8242
1973-10-09,0.2256205081939697,0.45124102,19.633930206298828,0.0,35.565,0.8217
1973-10-10,49.69725608825684,99.394516,18.90704345703125,0.0,55.1419,17.641
1973-10-11,15.554321765899658,31.108643,21.86471271514893,0.0,51.7339,6.5946
1973-10-12,2.3219929933547974,4.6439857,23.899666786193848,0.0,48.2463,0.8216
1973-10-13,11.364006042480469,22.728012,20.65086555480957,0.0,50.2856,5.0382
1973-10-14,0.6728845834732056,1.3457692,17.44441032409668,0.0,47.6526,0.824
1973-10-15,0.0318517684936523,0.06370354,15.894580841064451,0.0,46.2307,0.8244
1973-10-16,0.1962770819664001,0.39255416,15.745714664459229,0.0,45.4431,0.8244
1973-10-17,0.0016807317733764,0.0033614635,16.668180465698242,0.0,44.8528,0.824
1973-10-18,0.5216177701950073,1.0432355,17.20949649810791,0.0,44.27,0.8233
1973-10-19,2.033462405204773,4.066925,16.7935733795166,0.0,44.3199,1.0427
1973-10-20,0.0235669016838073,0.047133803,18.763267517089844,0.0,43.7708,0.8216
1973-10-21,11.869444847106934,23.73889,18.334699630737305,0.0,49.6987,5.418100000000001
1973-10-22,0.2716429233551025,0.54328585,18.04492378234864,0.0,47.3989,0.8197
1973-10-23,0.1581408977508545,0.3162818,15.655712604522703,0.0,46.0382,0.8200999999999999
1973-10-24,0.1433131694793701,0.28662634,14.69200849533081,0.0,45.2486,0.8179
1973-10-25,0.6781817674636841,1.3563635,13.824829578399658,0.0,44.5977,0.8293999999999999
1973-10-26,3.526428461074829,7.052857,12.435197830200195,0.0,45.7899,1.7452
1973-10-27,0.626072883605957,1.2521458,13.689634799957275,0.0,45.0444,0.8147
1973-10-28,0.1258028745651245,0.25160575,10.875927448272703,0.0,44.2721,0.8139
1973-10-29,0.4137808382511139,0.8275617,11.583978176116943,0.0,43.6009,0.8124
1973-10-30,0.0378899462521076,0.07577989,13.238136768341064,0.0,42.9596,0.8112
1973-10-31,0.0,0.0,15.167526245117188,0.0,42.2221,0.8099
1973-11-01,0.0,0.0,13.914538860321043,0.0,41.5687,0.8086
1973-11-02,0.2926085591316223,0.5852171,12.908820629119871,0.0,41.0329,0.8103
1973-11-03,0.0433942377567291,0.086788476,12.069721698760986,0.0,40.5773,0.8059
1973-11-04,0.0038535594940185,0.007707119,12.914188385009766,0.0,40.0121,0.8045
1973-11-05,0.0171241760253906,0.034248352,14.543444156646729,0.0,39.5114,0.8031
1973-11-06,0.1019768714904785,0.20395374,15.212339401245115,0.0,39.133,0.8017
1973-11-07,0.0630960166454315,0.12619203,14.685389995574951,0.0,38.7935,0.8003
1973-11-08,15.08696746826172,30.173935,13.796140193939207,0.0,48.2712,5.3994
1973-11-09,7.808589220046997,15.617178,15.48678731918335,0.0,49.9345,3.0774
1973-11-10,18.85720157623291,37.7144,14.806415557861328,0.0,52.4939,7.5582
1973-11-11,2.533967196941376,5.0679345,12.155889987945557,0.0,48.4975,0.8479
1973-11-12,2.946570873260498,5.8931417,10.581140518188477,0.0,47.7281,1.291
1973-11-13,0.1990833133459091,0.39816663,10.76580047607422,0.0,46.4758,0.7952
1973-11-14,0.303597092628479,0.6071942,12.055208206176758,0.0,45.4734,0.7949
1973-11-15,0.0,0.0,13.89497709274292,0.0,44.6762,0.7943
1973-11-16,0.1119813919067382,0.22396278,12.50464963912964,0.0,44.0475,0.7935
1973-11-17,1.2673895955085754,2.534779,13.361535549163818,0.0,43.6502,0.8264
1973-11-18,0.5997644662857056,1.1995289,13.261228561401367,0.0,43.2989,0.8050999999999999
1973-11-19,0.1307992339134216,0.26159847,11.88380241394043,0.0,42.8159,0.7906
1973-11-20,0.3478109240531921,0.69562185,11.124508380889893,0.0,42.4704,0.7977
1973-11-21,0.009745717048645,0.019491434,11.478381156921388,0.0,42.0006,0.7883
1973-11-22,0.0766627788543701,0.15332556,9.341660022735596,0.0,41.5898,0.7871
1973-11-23,0.1751182675361633,0.35023654,9.892089366912842,0.0,41.1977,0.7859
1973-11-24,0.0745921730995178,0.14918435,13.152108669281006,0.0,40.8929,0.7846
1973-11-25,0.6753890812397003,1.3507781,11.009680271148682,0.0,40.5853,0.7955
1973-11-26,10.104527473449709,20.209055,10.169584274291992,0.0,46.4468,3.8169
1973-11-27,2.33540540933609,4.6708107,11.593413829803469,0.0,46.3233,1.087
1973-11-28,7.697454929351807,15.39491,10.687064170837402,0.0,49.1418,3.1304
1973-11-29,0.329770028591156,0.65954006,10.50176191329956,0.0,47.3391,0.7782
1973-11-30,0.1246910691261291,0.24938214,11.324690341949465,0.0,46.2346,0.779
1973-12-01,0.104713886976242,0.20942777,8.86340045928955,0.0,45.462,0.7759
1973-12-02,0.0656318664550781,0.13126373,8.862779140472412,0.0,44.7984,0.7748
1973-12-03,0.0411675572395324,0.082335114,9.74653387069702,0.0,44.2241,0.7737
1973-12-04,0.0913477540016174,0.18269551,10.297882556915283,0.0,43.7488,0.7725
1973-12-05,0.1387964487075805,0.2775929,10.241701126098633,0.0,43.3647,0.7713
1973-12-06,0.0190597474575042,0.038119495,8.825939178466797,0.0,42.9888,0.77
1973-12-07,0.0422095954418182,0.08441919,6.753167629241943,0.0,42.6435,0.7688
1973-12-08,0.0743048191070556,0.14860964,6.065857648849487,0.0,42.3367,0.7725
1973-12-09,0.1144015491008758,0.2288031,6.393070459365845,0.0,42.054,0.7687999999999999
1973-12-10,0.1893007010221481,0.3786014,8.172205924987793,0.0,41.8756,0.765
1973-12-11,1.028657168149948,2.0573144,8.616868495941162,0.0,41.7506,0.7727
1973-12-12,0.141291081905365,0.28258216,9.61480188369751,0.0,41.544,0.7624
1973-12-13,0.1318883299827575,0.26377666,9.98008632659912,0.0,41.2192,0.7611
1973-12-14,0.3427715599536896,0.6855431,9.790981769561768,0.0,40.9384,0.7598
1973-12-15,0.1061184406280517,0.21223688,9.62889814376831,0.0,40.5236,0.7586999999999999
1973-12-16,0.08063605427742,0.16127211,6.296814203262329,0.0,40.2067,0.7605999999999999
1973-12-17,0.0857585966587066,0.1715172,4.37884259223938,0.0,39.9518,0.7667
1973-12-18,0.0,0.0,5.411704063415527,0.0,39.5897,0.7545
1973-12-19,0.089932382106781,0.17986476,6.520319223403931,0.0,39.3032,0.7583
1973-12-20,0.0292577147483825,0.05851543,7.288916110992432,0.0,38.979,0.7538
1973-12-21,0.143713116645813,0.28742623,8.592206478118896,0.0,38.5872,0.7504
1973-12-22,0.0139673352241516,0.02793467,3.5265920162200928,0.0,38.398,0.7574
1973-12-23,0.0644743740558624,0.12894875,2.220425128936768,0.0,38.258,0.7632
1973-12-24,0.0429849997162818,0.08597,1.6991569995880127,0.0,38.152,0.7603
1973-12-25,0.2921478748321533,0.58429575,-0.2396345138549804,0.0,38.0521,0.7569
1973-12-26,0.1428906917572021,0.28578138,-0.4525296688079834,0.0,37.9643,0.7586
1973-12-27,0.6491889357566833,1.2983779,2.001905918121338,0.0,37.8884,0.7666999999999999
1973-12-28,0.0816718935966491,0.16334379,4.144542932510376,0.0,37.7389,0.7583
1973-12-29,0.3433886468410492,0.6867773,2.231398820877075,0.0,37.6124,0.7505000000000001
1973-12-30,0.0606873631477355,0.12137473,2.6238954067230225,0.0,37.4852,0.7523
1973-12-31,0.0161736011505126,0.032347202,2.147766828536988,0.0,37.3378,0.7477
1974-01-01,0.0436068773269653,0.087213755,2.427032947540283,0.0,37.1997,0.745
1974-01-02,0.1384185850620269,0.27683717,2.9608683586120605,0.0,37.0828,0.752
1974-01-03,0.1604583859443664,0.32091677,3.5039308071136475,0.0,36.98,0.756
1974-01-04,0.2150068283081054,0.43001366,4.2242701053619385,0.0,36.8555,0.7574000000000001
1974-01-05,0.0342258214950561,0.06845164,3.985725522041321,0.0,36.6941,0.7421
1974-01-06,0.0115061998367309,0.0230124,4.430974960327148,0.0,36.5002,0.7357
1974-01-07,0.2535210847854614,0.50704217,5.189340114593506,0.0,36.3225,0.7492000000000001
1974-01-08,0.154166579246521,0.30833316,5.789709568023682,0.0,36.1032,0.7421
1974-01-09,0.1121804863214492,0.22436097,6.404105186462402,0.0,35.8535,0.7333000000000001
1974-01-10,0.1950650811195373,0.39013016,7.808700084686279,0.0,35.6779,0.7234
1974-01-11,0.855038121342659,1.7100762,6.915856838226318,0.0,35.5885,0.7239
1974-01-12,0.0418473482131958,0.0836947,4.872445583343506,0.0,35.4718,0.7258
1974-01-13,0.543377697467804,1.0867554,5.21507740020752,0.0,35.4115,0.7351000000000001
1974-01-14,2.103925108909607,4.2078505,6.19372034072876,0.0,36.2706,1.0365
1974-01-15,0.864236056804657,1.7284721,7.263346433639526,0.0,36.2988,0.7301
1974-01-16,0.7708837985992432,1.5417676,7.777892112731934,0.0,36.3531,0.7432000000000001
1974-01-17,0.8288238644599915,1.6576477,8.342496871948242,0.0,36.5665,0.8251999999999999
1974-01-18,4.331159353256226,8.662319,6.122529029846191,0.0,39.3402,1.7244000000000002
1974-01-19,0.0,0.0,7.261233568191528,0.0,39.1849,0.7114
1974-01-20,3.748464941978455,7.49693,9.69406032562256,0.0,41.4294,1.682
1974-01-21,2.5793004035949707,5.158601,11.397862434387209,0.0,41.3372,0.7342
1974-01-22,0.1748173832893371,0.34963477,10.881471633911133,0.0,40.7271,0.7074
1974-01-23,0.0659464597702026,0.13189292,12.726423740386965,0.0,39.9514,0.7062999999999999
1974-01-24,1.5687929093837738,3.1375859,8.493129014968872,0.0,40.1426,0.8797999999999999
1974-01-25,1.1509037017822266,2.3018074,6.2162415981292725,0.0,40.0956,0.7191000000000001
1974-01-26,1.8134660124778748,3.6269321,5.9074320793151855,0.0,41.0561,1.1253
1974-01-27,2.7003872394561768,5.4007745,7.839465379714966,0.0,41.4599,0.9032
1974-01-28,1.897481381893158,3.794963,9.155853271484377,0.0,41.7871,0.881
1974-01-29,10.462447166442873,20.924894,9.356942176818848,0.0,47.2288,3.1664
1974-01-30,2.9073734283447266,5.814747,6.147790431976318,0.0,47.0831,1.1825
1974-01-31,8.407607078552246,16.815214,5.074299097061157,0.0,50.0869,3.1699
1974-02-01,17.407955169677734,34.81591,4.892285346984863,0.0,52.486,6.6473
1974-02-02,7.603376865386963,15.206754,4.257161259651184,0.0,50.4607,3.2276
1974-02-03,0.3515828847885132,0.70316577,4.3756797313690186,0.0,47.9694,0.693
1974-02-04,1.1853532791137695,2.3707066,6.243521213531494,0.0,47.2293,1.0581
1974-02-05,18.53746509552002,37.07493,8.155375957489014,0.0,52.0913,7.7149
1974-02-06,2.858903884887696,5.717808,5.176593065261841,0.0,48.6977,1.1133000000000002
1974-02-07,0.0,0.0,3.200448036193848,0.0,47.2343,0.6942
1974-02-08,1.385819435119629,2.7716389,2.687693357467652,0.0,46.6024,0.9288
1974-02-09,0.2935340404510498,0.5870681,2.7258358001708984,0.0,45.9824,0.8116
1974-02-10,0.6159111261367798,1.2318223,3.7119643688201904,0.0,45.478,0.7944
1974-02-11,1.3343060612678528,2.668612,3.689429521560669,0.0,45.0952,0.806
1974-02-12,1.645030677318573,3.2900615,4.662469863891602,0.0,45.0306,0.9873
1974-02-13,1.3304336071014404,2.6608672,5.561957120895386,0.0,44.8222,0.8929
1974-02-14,0.0,0.0,9.145092487335203,0.0,44.1015,0.6938
1974-02-15,1.1553338766098022,2.3106678,11.51201343536377,0.0,43.9032,1.0027
1974-02-16,0.0,0.0,13.768729209899902,0.0,43.1206,0.6922
1974-02-17,0.0,0.0,14.395153045654297,0.0,42.3419,0.6913
1974-02-18,0.0,0.0,15.455272197723389,0.0,41.5767,0.6903
1974-02-19,0.0,0.0,16.496623039245605,0.0,40.8038,0.6892
1974-02-20,1.976222276687622,3.9524446,14.698371410369871,0.0,41.5326,1.3135
1974-02-21,2.0415018796920776,4.083004,13.367161750793455,0.0,41.3732,0.6869
1974-02-22,1.546599507331848,3.093199,12.54822301864624,0.0,41.7483,1.094
1974-02-23,7.456180572509766,14.912361,9.326581001281738,0.0,44.3807,2.1089
1974-02-24,18.47355937957764,36.94712,3.520350456237793,0.0,51.8578,6.8084
1974-02-25,6.858829498291016,13.717659,-0.08927583694458,1.1315,49.7016,2.3285
1974-02-26,0.540429949760437,1.0808599,0.3467221260070801,0.5149,48.2386,1.2064
1974-02-27,0.2151160240173339,0.43023205,1.5734732151031494,0.0128,47.3618,1.0669
1974-02-28,0.0,0.0,3.220842361450196,0.0,46.3261,0.7392000000000001
1974-03-01,0.406926155090332,0.8138523,6.62573766708374,0.0,45.5406,0.7177
1974-03-02,0.0389107465744018,0.07782149,9.704797267913818,0.0,44.6849,0.68
1974-03-03,0.0,0.0,14.533178329467772,0.0,43.7613,0.6793
1974-03-04,0.3709235191345215,0.74184704,16.510809898376465,0.0,42.9774,0.7001
1974-03-05,0.0356274843215942,0.07125497,17.85524845123291,0.0,42.3021,0.6776
1974-03-06,0.1790477037429809,0.3580954,19.139318466186523,0.0,41.4926,0.6780999999999999
1974-03-07,0.7813248634338379,1.5626497,14.843650817871094,0.0,40.9875,0.6756
1974-03-08,0.6537823677062988,1.3075647,12.201443672180176,0.0,40.8603,0.8064
1974-03-09,1.6757495403289795,3.351499,12.587326049804688,0.0,40.5862,0.6734
1974-03-10,16.79860496520996,33.59721,7.848014831542969,0.0,50.6256,6.7123
1974-03-11,3.37621009349823,6.7524204,7.333075284957886,0.0,48.1739,0.803
1974-03-12,4.065627574920654,8.131255,5.804156303405762,0.0,48.3514,1.7309
1974-03-13,11.118986129760742,22.237972,4.343350648880005,0.0,51.0039,4.8382000000000005
1974-03-14,8.979085922241211,17.958172,7.177372217178345,0.0,50.2671,3.4581
1974-03-15,6.796892166137695,13.593784,8.573363304138184,0.0,49.7307,2.9607
1974-03-16,8.732963562011719,17.465927,10.3406720161438,0.0,50.078,3.816
1974-03-17,0.5150728225708008,1.0301456,11.215495586395264,0.0,47.6648,0.6717
1974-03-18,0.5107021331787109,1.0214043,9.76681900024414,0.0,46.3672,0.7236
1974-03-19,0.4502434730529785,0.90048695,9.645122528076172,0.0,45.4446,0.6735
1974-03-20,0.6850521564483643,1.3701043,8.104891777038574,0.0,44.9503,0.815
1974-03-21,0.1157605648040771,0.23152113,11.53748083114624,0.0,44.1679,0.6735
1974-03-22,0.1634345054626464,0.326869,11.82072925567627,0.0,43.3473,0.676
1974-03-23,0.0603220462799072,0.12064409,13.989707946777344,0.0,42.5795,0.6725
1974-03-24,2.908250212669373,5.8165007,13.110393047332764,0.0,43.7995,1.6956
1974-03-25,1.5328726768493652,3.0657454,17.513946533203125,0.0,43.1417,0.6708
1974-03-26,3.849517226219177,7.6990347,12.3240385055542,0.0,44.7414,2.036
1974-03-27,3.5398268699646,7.0796537,8.506508827209473,0.0,44.4134,0.6698000000000001
1974-03-28,0.1732535362243652,0.34650707,9.181214332580566,0.0,43.688,0.6684
1974-03-29,0.2885832786560058,0.57716656,12.967230796813965,0.0,42.8661,0.6669
1974-03-30,0.4357333183288574,0.87146664,16.523688316345215,0.0,42.2428,0.68
1974-03-31,0.4438948631286621,0.8877897,18.69619846343994,0.0,41.5131,0.7183999999999999
1974-04-01,24.11258125305176,48.225163,10.125689506530762,0.0,52.2753,8.0943
1974-04-02,2.5149359703063965,5.029872,8.477903366088867,0.0,48.3343,0.6627
1974-04-03,0.0,0.0,10.434738636016846,0.0,46.5007,0.6619
1974-04-04,9.254626750946043,18.509254,13.464434623718262,0.0,49.7716,3.9849
1974-04-05,1.2659928798675537,2.5319858,18.63500690460205,0.0,47.3973,0.6604
1974-04-06,0.997117519378662,1.994235,21.37397289276123,0.0,46.0446,0.8772
1974-04-07,17.05806541442871,34.11613,19.72378730773925,0.0,50.8812,5.1937
1974-04-08,6.858152389526367,13.716305,18.59316062927246,0.0,49.1594,1.8287
1974-04-09,18.78697204589844,37.573944,16.285922050476074,0.0,51.92,7.306
1974-04-10,1.6119747161865234,3.2239494,15.982971668243408,0.0,48.2954,0.6598
1974-04-11,1.0461173057556152,2.0922346,16.586076736450195,0.0,46.4897,0.6761
1974-04-12,0.0,0.0,18.359673500061035,0.0,45.0219,0.6621
1974-04-13,1.3332571983337402,2.6665144,20.050329208374023,0.0,44.5255,1.0227
1974-04-14,16.626282691955566,33.252563,18.77368927001953,0.0,50.4053,5.674
1974-04-15,0.1080992221832275,0.21619844,19.46415138244629,0.0,47.6097,0.6617
1974-04-16,0.1239023208618164,0.24780464,18.38216209411621,0.0,45.9036,0.6629999999999999
1974-04-17,0.0307040214538574,0.061408043,19.306400299072266,0.0,44.6724,0.6613
1974-04-18,0.3237531185150146,0.64750624,19.91139316558838,0.0,43.6901,0.7058
1974-04-19,2.2850730419158936,4.570146,20.44921970367432,0.0,43.0834,0.66
1974-04-20,2.6722211837768555,5.3444424,21.855917930603027,0.0,43.4767,1.4898
1974-04-21,0.4457666873931885,0.8915334,18.43400764465332,0.0,42.4682,0.6583
1974-04-22,4.904590129852295,9.80918,13.686626434326172,0.0,44.7981,2.2977
1974-04-23,0.3505582809448242,0.70111656,15.387958526611328,0.0,43.5359,0.6563
1974-04-24,0.2852334976196289,0.570467,16.870784759521484,0.0,42.2802,0.6605
1974-04-25,0.2158050537109375,0.4316101,19.8686466217041,0.0,40.8022,0.6542
1974-04-26,0.1138751506805419,0.2277503,19.71679782867432,0.0,39.8551,0.6531
1974-04-27,13.615875244140623,27.23175,16.20410919189453,0.0,47.1679,4.4515
1974-04-28,4.597040414810181,9.19408,17.25393772125244,0.0,46.6583,1.1027
1974-04-29,0.500175952911377,1.0003519,16.914731979370117,0.0,44.8519,0.6498
1974-04-30,1.4511864185333252,2.9023728,20.617904663085938,0.0,43.9726,0.9851
1974-05-01,26.28431701660156,52.568634,19.355908393859863,0.0,52.893,8.7128
1974-05-02,8.322048664093018,16.644096,15.896966934204102,0.0,50.2919,2.9534
1974-05-03,1.0742864608764648,2.148573,19.806196212768555,0.0,47.5973,0.6474
1974-05-04,6.105345010757446,12.21069,20.57377529144287,0.0,48.7833,2.8444000000000003
1974-05-05,21.81389141082764,43.627785,21.41528987884521,0.0,52.176,7.6566
1974-05-06,41.59755706787109,83.195114,17.22274112701416,0.0,53.7374,20.2899
1974-05-07,10.532113075256348,21.064226,18.253235816955566,0.0,50.1781,4.7279
1974-05-08,0.2704567909240722,0.5409136,23.02723503112793,0.0,47.3144,0.667
1974-05-09,18.5017147064209,37.00343,20.11007404327393,0.0,51.8689,10.363
1974-05-10,9.375912189483644,18.751823,15.93486738204956,0.0,50.0755,4.0812
1974-05-11,0.9428787231445312,1.8857574,19.094719886779785,0.0,47.4532,0.6794
1974-05-12,0.7425613403320312,1.4851227,21.08897304534912,0.0,45.9992,0.8257
1974-05-13,0.5227432250976562,1.0454865,23.6021375656128,0.0,44.738,0.6837
1974-05-14,7.004180669784546,14.008362,22.034114837646484,0.0,47.1562,3.5982
1974-05-15,34.32830238342285,68.6566,19.52851963043213,0.0,53.6097,16.738
1974-05-16,1.0748536586761477,2.1497073,21.68138313293457,0.0,48.2807,0.6884
1974-05-17,0.2102241516113281,0.4204483,23.789737701416016,0.0,46.3264,0.6933
1974-05-18,0.0,0.0,24.107852935791016,0.0,44.6748,0.6953
1974-05-19,0.0280196666717529,0.056039333,25.249547004699707,0.0,43.3504,0.6957
1974-05-20,0.0392637252807617,0.07852745,25.71903133392334,0.0,42.1466,0.6954
1974-05-21,1.0629262924194336,2.1258526,26.40616512298584,0.0,41.292,0.9055
1974-05-22,0.1364097595214843,0.27281952,26.34745693206787,0.0,40.0962,0.6938
1974-05-23,10.52391481399536,21.047829,23.523605346679688,0.0,45.5293,4.4339
1974-05-24,23.01677227020264,46.033546,19.55331993103028,0.0,52.491,8.383000000000001
1974-05-25,15.037487983703612,30.074976,16.278287887573242,0.0,51.5374,6.258
1974-05-26,6.206640005111694,12.4132805,19.386131286621094,0.0,48.9575,1.655
1974-05-27,2.3965606689453125,4.7931213,20.924360275268555,0.0,47.2465,0.6945
1974-05-28,15.818342208862305,31.636684,19.38014793395996,0.0,51.5712,8.1438
1974-05-29,21.660444259643555,43.32089,21.914610862731934,0.0,51.9594,9.6619
1974-05-30,7.107497930526733,14.214996,23.784088134765625,0.0,48.8376,1.585
1974-05-31,0.442051887512207,0.8841038,23.05533218383789,0.0,46.7597,0.7088
1974-06-01,0.0,0.0,22.80602169036865,0.0,45.1221,0.7113
1974-06-02,0.1951398849487304,0.39027977,23.623295783996586,0.0,43.9507,0.712
1974-06-03,2.568869709968567,5.137739,24.03532314300537,0.0,43.2813,0.7119
1974-06-04,0.3841447830200195,0.76828957,23.959216117858887,0.0,42.1127,0.7219
1974-06-05,0.0,0.0,22.880501747131348,0.0,40.8399,0.7107
1974-06-06,0.4924969673156738,0.98499393,21.930871963500977,0.0,39.8575,0.7302
1974-06-07,0.1924905776977539,0.38498116,22.837071418762207,0.0,38.9358,0.7087
1974-06-08,1.0236847400665283,2.0473695,24.56830596923828,0.0,38.4114,0.9181
1974-06-09,0.3769433498382568,0.7538867,26.43919277191162,0.0,37.5379,0.7063
1974-06-10,0.4825654029846191,0.9651308,26.91172313690185,0.0,36.4206,0.7073999999999999
1974-06-11,1.2334933280944824,2.4669867,25.55546474456787,0.0,35.6401,0.7039
1974-06-12,0.0,0.0,25.354103088378903,0.0,34.7774,0.7026
1974-06-13,10.04198169708252,20.083963,25.15990924835205,0.0,41.1828,3.4689
1974-06-14,25.45070171356201,50.901405,24.3460111618042,0.0,51.8067,7.0739
1974-06-15,46.76241683959961,93.52483,22.63801002502441,0.0,54.5411,19.5784
1974-06-16,15.812917709350586,31.625835,23.93865394592285,0.0,51.1177,6.7039
1974-06-17,23.39458465576172,46.78917,22.648530960083008,0.0,52.152,11.5831
1974-06-18,2.1657958030700684,4.3315916,23.656044006347656,0.0,48.0908,0.7164
1974-06-19,3.4313559532165527,6.862712,23.401838302612305,0.0,47.5599,2.1621
1974-06-20,4.9632110595703125,9.926422,24.706830978393555,0.0,46.6214,0.7572
1974-06-21,38.14703941345215,76.29408,22.322335243225098,0.0,53.6404,20.0983
1974-06-22,21.97617626190185,43.952354,20.722332000732425,0.0,51.7799,13.3533
1974-06-23,0.4539377689361572,0.90787554,22.54434299468994,0.0,47.8946,0.7491
1974-06-24,9.67605185508728,19.352104,18.76217269897461,0.0,49.7911,5.6433
1974-06-25,14.850184440612791,29.700369,19.0488510131836,0.0,50.9195,6.613700000000001
1974-06-26,8.907943725585938,17.815887,22.39673137664795,0.0,49.6561,3.5448
1974-06-27,22.57853507995605,45.15707,22.617297172546387,0.0,52.0015,11.2552
1974-06-28,1.494829773902893,2.9896595,24.229223251342773,0.0,48.1223,0.7775
1974-06-29,5.790244817733765,11.58049,23.287124633789062,0.0,48.4231,3.5261
1974-06-30,4.236809730529785,8.473619,23.892478942871094,0.0,47.1086,0.7918
1974-07-01,0.7762094736099243,1.552419,24.90922451019287,0.0,45.6991,0.8466
1974-07-02,10.595484256744385,21.190968,24.899503707885746,0.0,48.3639,4.1892000000000005
1974-07-03,6.59018349647522,13.1803665,25.13373279571533,0.0,47.5558,1.305
1974-07-04,18.142507553100582,36.285015,25.089210510253903,0.0,50.9848,6.5162
1974-07-05,12.298726558685305,24.597454,25.744484901428223,0.0,50.0315,3.9577
1974-07-06,6.28807258605957,12.576145,25.646010398864743,0.0,48.2624,1.3657
1974-07-07,8.557694435119629,17.115389,25.766457557678223,0.0,48.3649,2.4053
1974-07-08,4.714563250541687,9.429127,25.82848644256592,0.0,47.1071,0.8302
1974-07-09,0.6804718971252441,1.3609438,26.38296890258789,0.0,45.6112,0.828
1974-07-10,0.2772281169891357,0.55445623,26.729182243347168,0.0,44.2907,0.7988
1974-07-11,0.7707831859588623,1.5415664,26.68574905395508,0.0,43.1835,0.7981
1974-07-12,3.3189401626586914,6.6378803,26.48927593231201,0.0,42.9827,1.3536
1974-07-13,15.330527305603027,30.661055,25.73755073547364,0.0,48.2067,4.7598
1974-07-14,2.609788298606873,5.219577,25.468947410583496,0.0,46.5891,0.7952
1974-07-15,1.377225637435913,2.7544513,26.01500701904297,0.0,45.8683,1.3785
1974-07-16,0.9234204292297364,1.8468409,26.477913856506348,0.0,44.6019,0.793
1974-07-17,0.2667217254638672,0.53344345,26.344014167785645,0.0,43.2783,0.7917
1974-07-18,5.392524719238281,10.785049,26.693123817443848,0.0,43.728,1.4584
1974-07-19,1.1514989733695984,2.302998,26.25200462341309,0.0,42.757,0.7892
1974-07-20,5.066978216171265,10.133957,26.325222969055176,0.0,43.8569,1.9986
1974-07-21,0.0918707847595214,0.18374157,27.43444538116455,0.0,42.6089,0.7865
1974-07-22,0.4328620433807373,0.8657241,27.90556526184082,0.0,41.4088,0.7858
1974-07-23,2.552428722381592,5.1048574,27.67341995239257,0.0,40.6415,0.7837
1974-07-24,1.519141674041748,3.0382833,27.10149574279785,0.0,39.624,0.979
1974-07-25,0.6010138988494873,1.2020278,27.39578437805176,0.0,38.1802,0.7809
1974-07-26,0.3444194793701172,0.68883896,27.106513023376465,0.0,36.7468,0.7797
1974-07-27,0.7864806652069092,1.5729613,27.1777400970459,0.0,35.9035,0.7781
1974-07-28,1.3894774913787842,2.778955,27.22329616546631,0.0,35.8062,0.974
1974-07-29,1.22219717502594,2.4443944,26.755002975463867,0.0,35.2805,0.7752
1974-07-30,1.1023948192596436,2.2047896,27.07384204864502,0.0,35.5356,1.0347
1974-07-31,0.0,0.0,27.0043888092041,0.0,34.7869,0.7723
1974-08-01,0.409001350402832,0.8180027,26.545211791992188,0.0,34.5264,0.7711
1974-08-02,0.2140488624572754,0.42809772,27.544790267944336,0.0,34.3133,0.7694
1974-08-03,5.770839214324951,11.541678,26.503952980041504,0.0,37.7923,2.0127
1974-08-04,4.564241170883179,9.128483,26.10989475250244,0.0,37.4278,0.7665
1974-08-05,3.53742253780365,7.0748453,26.37402057647705,0.0,39.0817,1.6178
1974-08-06,0.3781158924102783,0.7562318,26.085168838500977,0.0,38.2949,0.7636
1974-08-07,0.1437389850616455,0.28747797,26.157601356506348,0.0,37.4518,0.7622
1974-08-08,0.6212387084960938,1.2424774,25.944308280944824,0.0,36.6856,0.7608
1974-08-09,2.7341595888137817,5.468319,25.45211601257324,0.0,37.6071,1.2744
1974-08-10,4.022815942764282,8.045631,24.844435691833496,0.0,37.6117,0.7834
1974-08-11,34.49500274658203,68.990005,23.547390937805176,0.0,54.0446,9.9285
1974-08-12,47.38810157775879,94.7762,23.03508853912353,0.0,54.6929,18.9261
1974-08-13,6.609482049942017,13.218964,24.53411293029785,0.0,49.1918,1.671
1974-08-14,1.7067923545837402,3.4135847,25.02321529388428,0.0,47.2045,0.7584
1974-08-15,0.0232037305831909,0.04640746,24.92842102050781,0.0,45.5904,0.7597
1974-08-16,0.391998291015625,0.7839966,25.474987030029297,0.0,44.3103,0.7599
1974-08-17,0.5501925945281982,1.1003852,25.27625942230225,0.0,43.1879,0.8040999999999999
1974-08-18,0.4683957099914551,0.9367914,25.25857353210449,0.0,42.1302,0.7588
1974-08-19,0.2774823904037475,0.5549648,25.375059127807617,0.0,41.0559,0.7579
1974-08-20,4.702207088470459,9.404414,24.00065898895264,0.0,42.5391,1.7866
1974-08-21,41.29224395751953,82.58449,23.35071849822998,0.0,54.4604,18.9486
1974-08-22,2.096477746963501,4.1929555,24.893107414245605,0.0,48.5595,0.7577
1974-08-23,1.332336664199829,2.6646733,24.785457611083984,0.0,47.1066,1.1825
1974-08-24,2.1488072872161865,4.2976146,24.56979084014893,0.0,46.0562,0.7622
1974-08-25,0.4799755811691284,0.95995116,22.258543014526367,0.0,44.7522,0.7628
1974-08-26,0.0878405570983886,0.17568111,22.44159412384033,0.0,43.6955,0.7626
1974-08-27,0.5155256986618042,1.0310514,22.67389965057373,0.0,42.6367,0.7621
1974-08-28,0.0351355075836181,0.070271015,23.0192346572876,0.0,41.7239,0.7613
1974-08-29,0.4599121809005737,0.91982436,21.983277320861816,0.0,40.7214,0.7603
1974-08-30,0.1861088275909423,0.37221766,21.64728832244873,0.0,39.8336,0.7591
1974-08-31,0.2653470039367676,0.530694,22.74711036682129,0.0,38.9461,0.7579
1974-09-01,0.3643224239349365,0.72864485,23.13291358947754,0.0,38.383,0.7567
1974-09-02,0.6105465888977051,1.2210932,24.5256872177124,0.0,37.6544,0.8441
1974-09-03,0.3214205503463745,0.6428411,24.676433563232425,0.0,36.8745,0.7541
1974-09-04,0.314234972000122,0.62846994,25.043710708618164,0.0,35.9298,0.7528
1974-09-05,0.6892197132110596,1.3784394,25.367575645446777,0.0,35.233,0.7514
1974-09-06,0.0,0.0,25.42879295349121,0.0,34.5735,0.7501
1974-09-07,1.0034959316253662,2.0069919,25.700539588928223,0.0,34.5799,0.9047
1974-09-08,0.0942264795303344,0.18845296,25.28279972076416,0.0,34.115,0.7473
1974-09-09,1.5787432193756104,3.1574864,23.51122093200684,0.0,34.6304,1.0213
1974-09-10,0.0,0.0,22.80869483947754,0.0,33.9738,0.7445
1974-09-11,0.9702484607696532,1.9404969,24.243617057800293,0.0,33.7344,0.748
1974-09-12,0.0954375267028808,0.19087505,24.931262016296387,0.0,33.5415,0.7418
1974-09-13,0.9347970485687256,1.8695941,25.005231857299805,0.0,33.576,0.8145
1974-09-14,0.5329375267028809,1.065875,25.195783615112305,0.0,33.2144,0.739
1974-09-15,6.89919114112854,13.798382,24.61030006408692,0.0,37.927,2.3475
1974-09-16,1.4381036162376404,2.8762074,22.838160514831543,0.0,37.6758,0.7362
1974-09-17,10.584259510040283,21.168518,22.84401226043701,0.0,43.4307,3.0318
1974-09-18,12.374868869781494,24.749737,23.28206157684326,0.0,47.6689,2.739
1974-09-19,7.188382625579834,14.376765,20.740306854248047,0.0,48.2993,1.7009
1974-09-20,0.3689802885055542,0.7379606,20.799296379089355,0.0,46.4565,0.7307
1974-09-21,0.0,0.0,21.07411003112793,0.0,44.8168,0.7293
1974-09-22,0.0,0.0,21.76638412475586,0.0,43.3703,0.728
1974-09-23,0.0575995445251464,0.11519909,22.981273651123047,0.0,41.976,0.7266
1974-09-24,1.870901584625244,3.7418032,22.32763290405273,0.0,41.1136,0.8532
1974-09-25,2.674733638763428,5.3494673,20.4044132232666,0.0,40.9348,0.7242
1974-09-26,0.0,0.0,20.723133087158203,0.0,39.3274,0.7225
1974-09-27,1.1689612567424774,2.3379226,21.31068229675293,0.0,38.6585,0.8148
1974-09-28,1.013280212879181,2.0265603,23.320178031921387,0.0,38.1426,0.7198
1974-09-29,0.8174995183944702,1.634999,23.261520385742188,0.0,37.659,0.7704
1974-09-30,0.4352453947067261,0.8704908,24.43488502502441,0.0,37.0898,0.7171
1974-10-01,0.279892235994339,0.5597845,25.592702865600582,0.0,36.4708,0.7186
1974-10-02,6.603932857513428,13.207866,24.68257236480713,0.0,38.3734,1.4102
1974-10-03,2.2691526412963867,4.5383053,23.96920680999756,0.0,38.0879,0.7131
1974-10-04,6.63498592376709,13.269972,23.751611709594727,0.0,42.2173,2.4147
1974-10-05,5.418010234832764,10.83602,23.49609565734864,0.0,42.5507,0.984
1974-10-06,1.7463123202323914,3.4926248,23.220823287963867,0.0,41.7715,0.7091
1974-10-07,0.1039085388183593,0.20781708,24.196622848510746,0.0,40.506,0.7084
1974-10-08,0.086068570613861,0.17213714,23.996013641357425,0.0,39.4362,0.7064
1974-10-09,10.81702184677124,21.634045,20.668526649475098,0.0,46.5629,3.8287
1974-10-10,0.0,0.0,19.438411712646484,0.0,44.5057,0.7038
1974-10-11,0.8771294951438904,1.754259,18.288663864135746,0.0,43.0554,0.7038
1974-10-12,0.0334626138210296,0.06692523,17.924147605895996,0.0,42.2372,0.7011
1974-10-13,0.4188539981842041,0.837708,17.337641716003418,0.0,41.4674,0.7045
1974-10-14,0.6155763864517212,1.2311528,19.5227165222168,0.0,40.5213,0.6985
1974-10-15,0.0258734226226806,0.051746845,21.32651901245117,0.0,39.4823,0.6972
1974-10-16,0.0,0.0,19.567012786865234,0.0,38.8262,0.6959
1974-10-17,0.0921741724014282,0.18434834,20.60593318939209,0.0,38.4455,0.6956
1974-10-18,21.4763240814209,42.95265,20.738892555236816,0.0,51.0285,6.4747
1974-10-19,67.1410961151123,134.2822,16.14969778060913,0.0,55.4867,27.0317
1974-10-20,3.4403144121170044,6.8806286,16.423870086669922,0.0,48.9189,1.1676
1974-10-21,0.4746931195259094,0.94938624,17.07781219482422,0.0,47.2565,0.7007
1974-10-22,1.0763550996780396,2.1527102,17.542853355407715,0.0,46.5183,1.0235
1974-10-23,0.1301534175872802,0.26030684,14.81792449951172,0.0,45.5299,0.7046
1974-10-24,0.1433131694793701,0.28662634,14.838006019592283,0.0,44.6985,0.7077
1974-10-25,0.6969761848449707,1.3939524,17.202228546142578,0.0,44.2156,0.7053
1974-10-26,0.0251836776733398,0.050367355,20.87667942047119,0.0,43.488,0.7051
1974-10-27,0.6131887435913086,1.2263775,21.54509830474853,0.0,42.7562,0.7046
1974-10-28,0.0973354578018188,0.19467092,19.947036743164062,0.0,42.0817,0.7041
1974-10-29,0.4027216136455536,0.8054432,16.77239418029785,0.0,41.6931,0.703
1974-10-30,1.1829763054847715,2.3659525,17.411404609680176,0.0,41.7621,0.992
1974-10-31,15.585564136505129,31.171127,14.333053588867188,0.0,49.074,5.624700000000001
1974-11-01,1.2828588485717771,2.5657177,14.476644039154053,0.0,47.3699,0.7154
1974-11-02,0.2295097112655639,0.45901942,15.095593452453612,0.0,46.167,0.7031000000000001
1974-11-03,0.7620485126972198,1.524097,16.198579788208008,0.0,45.6003,0.6990999999999999
1974-11-04,2.9949536323547363,5.9899073,18.763813018798828,0.0,45.9715,1.3955
1974-11-05,0.0895103514194488,0.1790207,20.28587436676025,0.0,45.1329,0.6969
1974-11-06,0.1489799320697784,0.29795986,19.036620140075684,0.0,44.3425,0.6980000000000001
1974-11-07,0.136879563331604,0.27375913,18.74697494506836,0.0,43.6924,0.6951
1974-11-08,0.2497212886810302,0.49944258,19.00687599182129,0.0,43.2623,0.7062
1974-11-09,37.21365165710449,74.42731,18.039018630981445,0.0,54.0233,15.542
1974-11-10,19.62252426147461,39.24505,13.82606840133667,0.0,52.0427,9.8651
1974-11-11,3.246241807937622,6.4924836,14.347657680511476,0.0,48.8286,1.5284
1974-11-12,7.7832653522491455,15.56653,14.802514553070068,0.0,49.6666,4.228400000000001
1974-11-13,0.5119103193283081,1.0238206,13.03166437149048,0.0,47.6622,0.7101
1974-11-14,0.3155410587787628,0.6310821,12.874937057495115,0.0,46.4827,0.7134
1974-11-15,0.0,0.0,13.319713592529297,0.0,45.6174,0.7154
1974-11-16,0.2567715644836426,0.5135431,14.29775619506836,0.0,45.0231,0.7231000000000001
1974-11-17,1.5137287974357605,3.0274577,13.407924175262451,0.0,44.7246,0.7437
1974-11-18,1.819659948348999,3.63932,11.359869003295898,0.0,44.5726,0.8952
1974-11-19,0.1307992339134216,0.26159847,11.847581386566162,0.0,44.1202,0.7185
1974-11-20,0.3478109240531921,0.69562185,12.77940559387207,0.0,43.5865,0.7354999999999999
1974-11-21,0.0233621299266815,0.04672426,9.835872650146484,0.0,43.0265,0.7166
1974-11-22,0.0197837948799133,0.03956759,10.70266819000244,0.0,42.5348,0.7159
1974-11-23,0.1321615576744079,0.26432312,12.603594779968262,0.0,42.1013,0.7161
1974-11-24,0.105667769908905,0.21133554,10.262444496154783,0.0,41.6754,0.7142999999999999
1974-11-25,0.3142758905887604,0.6285518,8.88922929763794,0.0,41.2349,0.7132
1974-11-26,0.0265685319900512,0.053137064,8.637180805206299,0.0,40.7745,0.7122
1974-11-27,0.4997854828834533,0.99957097,9.046247959136965,0.0,40.3966,0.7111
1974-11-28,0.169986605644226,0.3399732,10.638761520385742,0.0,39.9729,0.71
1974-11-29,0.3184618353843689,0.6369237,12.848795413970947,0.0,39.6282,0.7088
1974-11-30,0.0939844250679016,0.18796885,15.958667278289797,0.0,39.3959,0.7076
1974-12-01,0.5354925990104675,1.0709852,18.459107398986816,0.0,39.2872,0.8168
1974-12-02,0.1286793351173401,0.25735867,19.746862411499023,0.0,38.9094,0.7052
1974-12-03,12.287047863006592,24.574097,15.564605712890623,0.0,46.6218,5.0311
1974-12-04,5.4927613735198975,10.985523,10.314247608184814,0.0,47.9726,2.1566
1974-12-05,0.47315514087677,0.9463103,9.744901180267334,0.0,46.8016,0.7016
1974-12-06,0.1504506915807724,0.30090138,7.310693979263306,0.0,46.019,0.7037
1974-12-07,0.0,0.0,8.97706651687622,0.0,45.3396,0.6993
1974-12-08,0.0685293078422546,0.13705862,12.450368881225586,0.0,44.6923,0.6988000000000001
1974-12-09,0.193242996931076,0.386486,13.76909112930298,0.0,44.2658,0.6971
1974-12-10,0.0453703999519348,0.0907408,14.256472110748293,0.0,43.7719,0.6962999999999999
1974-12-11,0.7129414081573486,1.4258828,10.050941944122314,0.0,43.4338,0.6948
1974-12-12,0.1613438725471496,0.32268775,10.184615135192873,0.0,43.1484,0.695
1974-12-13,0.1414723992347717,0.2829448,11.1718168258667,0.0,42.886,0.6925
1974-12-14,2.1528255939483643,4.305651,7.8055260181427,0.0,43.6265,1.2133
1974-12-15,0.894523024559021,1.789046,6.978888273239136,0.0,43.4613,0.6907
1974-12-16,0.2110700458288192,0.4221401,10.248903751373293,0.0,43.1891,0.6918000000000001
1974-12-17,0.1416719555854797,0.2833439,13.444171905517578,0.0,42.817,0.6892999999999999
1974-12-18,0.018458604812622,0.03691721,8.667522430419922,0.0,42.5225,0.6867
1974-12-19,0.0970406532287597,0.1940813,6.423672437667847,0.0,42.3291,0.6862
1974-12-20,0.0,0.0,4.690578937530518,0.0,42.1166,0.7045
1974-12-21,0.093922734260559,0.18784547,5.051362991333008,0.0,41.888,0.6900000000000001
1974-12-22,0.0139673352241516,0.02793467,6.905701398849487,0.0,41.6128,0.6842
1974-12-23,0.1140857338905334,0.22817147,9.89714765548706,0.0,41.265,0.6808
1974-12-24,0.0627383217215538,0.12547664,10.746801376342772,0.0,40.9111,0.6796
1974-12-25,10.880590438842772,21.76118,8.210081338882446,0.0,47.4331,4.122
1974-12-26,0.2833343744277954,0.56666875,9.10504961013794,0.0,46.5048,0.6772
1974-12-27,13.93881368637085,27.877628,10.869605541229248,0.0,51.4918,5.521100000000001
1974-12-28,6.532307863235474,13.064615,12.742451190948486,0.0,50.1955,2.9567
1974-12-29,1.6562853157520294,3.3125706,13.525457382202148,0.0,48.0963,0.8523000000000001
1974-12-30,7.691449880599976,15.3829,13.59510326385498,0.0,49.6622,3.3319
1974-12-31,0.1261117458343505,0.2522235,14.716810703277588,0.0,47.5847,0.6733
1975-01-01,1.0286973416805267,2.0573947,13.270971775054932,0.0,46.8679,1.0231
1975-01-02,0.3905423432588577,0.78108466,8.893921375274658,0.0,46.0816,0.6729
1975-01-03,0.1475943922996521,0.29518878,7.506325960159302,0.0,45.52,0.6749999999999999
1975-01-04,0.3025691509246826,0.6051383,7.201525926589966,0.0,45.0862,0.6721
1975-01-05,0.0343978404998779,0.06879568,5.913726329803467,0.0,44.6459,0.6716
1975-01-06,1.7260767817497251,3.4521537,7.257805824279785,0.0,45.0998,1.1997
1975-01-07,4.41885232925415,8.837705,9.27800226211548,0.0,46.9091,2.2056
1975-01-08,5.050488233566284,10.100977,11.664092063903809,0.0,47.8644,2.0518
1975-01-09,0.1319008320569992,0.26380166,10.5585675239563,0.0,46.7077,0.6693
1975-01-10,0.1896525919437408,0.37930518,8.843355655670166,0.0,45.863,0.6728999999999999
1975-01-11,0.6780257225036621,1.3560514,8.269561767578125,0.0,45.2473,0.6682
1975-01-12,0.0418473482131958,0.0836947,8.290473937988281,0.0,44.7182,0.6676
1975-01-13,0.5375962853431702,1.0751926,9.553729057312012,0.0,44.2556,0.6669
1975-01-14,9.567800521850586,19.135601,7.948619365692139,0.0,48.7039,4.2084
1975-01-15,6.573009252548218,13.146019,10.822635650634766,0.0,49.2516,2.6729000000000003
1975-01-16,0.3014377355575561,0.6028755,7.649538993835449,0.0,47.4586,0.665
1975-01-17,0.4504089951515198,0.900818,5.510076999664307,0.0,46.457,0.6817
1975-01-18,0.0,0.0,7.19586443901062,0.0,45.6571,0.6644
1975-01-19,0.0,0.0,6.880988836288452,0.0,45.0725,0.664
1975-01-20,1.801857113838196,3.6037142,5.9321465492248535,0.0,45.6027,1.3201
1975-01-21,32.179176330566406,64.35835,6.161099195480347,0.0,53.5972,15.2354
1975-01-22,0.3771113157272339,0.75422263,5.7770609855651855,0.0,48.516,0.6655
1975-01-23,0.1103763580322265,0.22075272,5.057597398757935,0.0,47.0622,0.6874
1975-01-24,0.1350815892219543,0.27016318,9.239189624786375,0.0,46.0435,0.6723
1975-01-25,0.5876463055610657,1.1752926,11.905354022979736,0.0,45.2804,0.7031000000000001
1975-01-26,0.0,0.0,11.763206958770752,0.0,44.6278,0.6746
1975-01-27,6.113818883895874,12.227638,9.646358013153076,0.0,47.1957,3.1549
1975-01-28,0.2154227495193481,0.4308455,6.440427541732788,0.0,46.2113,0.6910000000000001
1975-01-29,0.4607017636299133,0.9214035,7.700783967971802,0.0,45.4832,0.6810999999999999
1975-01-30,7.300350904464722,14.600702,10.471118927001951,0.0,48.3685,3.5631
1975-01-31,3.310901165008545,6.6218023,11.175571918487549,0.0,47.83,1.3863
1975-02-01,1.147343993186951,2.294688,13.850419998168944,0.0,46.7504,0.6763
1975-02-02,0.415543794631958,0.8310876,17.38925838470459,0.0,45.7406,0.7444
1975-02-03,0.3716355562210083,0.7432711,17.43861961364746,0.0,44.8725,0.6745
1975-02-04,12.79355001449585,25.587101,14.19811487197876,0.0,50.5881,6.4849
1975-02-05,3.3948864936828613,6.789773,14.7223219871521,0.0,48.204,0.8726
1975-02-06,14.630294799804688,29.26059,16.754899978637695,0.0,50.8964,5.9383
1975-02-07,28.17387866973877,56.347755,11.105576038360596,0.0,52.8438,14.2585
1975-02-08,10.968948364257812,21.937897,7.189153432846069,0.0,50.5961,6.3294
1975-02-09,15.891513347625732,31.783028,6.591583013534546,0.0,51.3819,9.345199999999998
1975-02-10,0.8119207620620728,1.6238415,7.638241291046143,0.0,48.2066,0.7027
1975-02-11,2.3220728635787964,4.644146,7.079924821853638,0.0,47.5065,1.394
1975-02-12,2.319504857063293,4.6390095,8.526308536529541,0.0,47.0145,1.1623
1975-02-13,15.903029441833496,31.806059,7.281644344329834,0.0,51.3576,8.1295
1975-02-14,16.656867027282715,33.313736,9.319969654083252,0.0,51.3184,7.9499
1975-02-15,1.1461100578308103,2.29222,6.879843711853027,0.0,48.1846,0.7262
1975-02-16,0.0,0.0,8.883692264556885,0.0,46.7875,0.7316
1975-02-17,0.0,0.0,9.357942581176758,0.0,45.7905,0.7345
1975-02-18,0.0,0.0,10.623548030853271,0.0,44.9884,0.736
1975-02-19,0.0,0.0,8.259438037872314,0.0,44.3091,0.7366
1975-02-20,0.0,0.0,7.338540077209473,0.0,43.7479,0.7366
1975-02-21,1.6967564821243286,3.393513,5.169994115829468,0.0,43.8256,1.0243
1975-02-22,0.0965005159378051,0.19300103,4.515041828155518,0.0,43.5422,0.8084
1975-02-23,0.0,0.0,6.139391899108887,0.0,43.0869,0.7353
1975-02-24,0.2412874698638916,0.48257494,9.528865337371826,0.0,42.6463,0.7369
1975-02-25,1.1092551946640017,2.2185104,13.129972457885742,0.0,42.2669,0.7338
1975-02-26,0.5330928564071655,1.0661857,13.787846088409424,0.0,41.8541,0.8336
1975-02-27,0.4602456092834472,0.9204912,11.754294395446776,0.0,41.4123,0.7318
1975-02-28,0.0,0.0,11.006731033325195,0.0,41.1361,0.7307
1975-03-01,0.4521310329437256,0.90426207,13.94251298904419,0.0,40.7483,0.7784
1975-03-02,0.1661863327026367,0.33237267,15.69884729385376,0.0,40.2535,0.7285
1975-03-03,0.0814008712768554,0.16280174,15.37528133392334,0.0,39.8081,0.7282
1975-03-04,22.643094062805176,45.286186,11.92516279220581,0.0,51.7285,8.7924
1975-03-05,4.894344806671143,9.78869,14.730777740478516,0.0,48.6996,1.1663
1975-03-06,3.4723719358444214,6.944744,12.865877151489258,0.0,47.3123,0.7658999999999999
1975-03-07,15.04973554611206,30.099472,8.611395835876465,0.0,51.3818,6.4444
1975-03-08,15.18734073638916,30.374681,7.319869518280029,0.0,51.6905,7.4567
1975-03-09,14.209460258483888,28.41892,10.043755054473875,0.0,51.1766,6.9664
1975-03-10,0.6311314702033997,1.262263,10.51003122329712,0.0,48.1436,0.7306
1975-03-11,16.10757350921631,32.21515,10.25267505645752,0.0,51.3239,8.4522
1975-03-12,17.210140705108643,34.42028,10.131081581115724,0.0,51.5543,9.3077
1975-03-13,23.58611488342285,47.17223,8.406692028045654,0.0,52.2066,14.453
1975-03-14,15.517739295959473,31.035479,9.073965072631836,0.0,51.1983,9.6292
1975-03-15,0.0621154308319091,0.12423086,8.270339488983154,0.0,48.0757,0.7745
1975-03-16,0.2824659347534179,0.56493187,9.085402965545654,0.0,46.6146,0.7883
1975-03-17,0.3914453983306885,0.7828908,10.599206447601318,0.0,45.5999,0.7837
1975-03-18,11.283188343048096,22.566376,10.568088054656982,0.0,49.8518,5.884
1975-03-19,26.39332389831543,52.786648,12.87736988067627,0.0,52.7306,13.4938
1975-03-20,0.7343387603759766,1.4686775,14.23786163330078,0.0,48.2752,0.7928
1975-03-21,0.1157605648040771,0.23152113,13.196784973144531,0.0,46.6558,0.7997
1975-03-22,16.038796424865723,32.07759,11.619552612304688,0.0,51.218,8.1361
1975-03-23,1.5282660722732544,3.0565321,14.259944915771484,0.0,48.075,0.8042
1975-03-24,0.2754111289978027,0.55082226,12.999932289123535,0.0,46.5416,0.8230000000000001
1975-03-25,9.996457576751707,19.992916,12.828328609466553,0.0,48.9693,4.0689
1975-03-26,5.591515183448792,11.18303,14.510870933532717,0.0,48.0344,1.5485000000000002
1975-03-27,6.428111553192139,12.856223,10.331361770629885,0.0,48.3227,2.401
1975-03-28,3.4620455503463745,6.9240913,13.506699085235596,0.0,47.1986,0.9383
1975-03-29,5.399327754974365,10.7986555,14.49456024169922,0.0,47.527,2.0436
1975-03-30,0.1639971733093261,0.32799435,13.41880226135254,0.0,46.2302,0.8147
1975-03-31,0.4438948631286621,0.8877897,14.57406520843506,0.0,45.2385,0.9024
1975-04-01,0.0,0.0,13.51108980178833,0.0,44.2191,0.8139
1975-04-02,0.0,0.0,11.221399307250977,0.0,43.2939,0.8131
1975-04-03,0.0,0.0,12.2056245803833,0.0,42.4071,0.8122
1975-04-04,0.0,0.0,15.31165075302124,0.0,41.4338,0.811
1975-04-05,6.386938571929932,12.773877,16.695457458496094,0.0,44.578,3.1478
1975-04-06,6.54834246635437,13.096685,14.07472276687622,0.0,46.4559,2.2476000000000003
1975-04-07,19.95226764678955,39.904533,15.682953834533691,0.0,51.9474,7.3945
1975-04-08,18.10269832611084,36.2054,15.652677059173584,0.0,51.7392,7.2667
1975-04-09,4.539984822273254,9.079969,13.114395141601562,0.0,49.1568,2.1061
1975-04-10,1.3599872589111328,2.7199745,17.493359565734863,0.0,47.2302,0.8099
1975-04-11,16.457221508026123,32.914444,14.673562049865724,0.0,51.4278,8.3392
1975-04-12,12.459741592407228,24.919483,15.335234642028809,0.0,50.8074,5.922199999999999
1975-04-13,26.47148036956787,52.942963,16.309541702270508,0.0,52.5516,14.8543
1975-04-14,4.660421133041382,9.320843,16.326621532440186,0.0,49.0721,2.2078
1975-04-15,0.4177055358886719,0.8354111,17.825779914855957,0.0,47.2081,0.8369
1975-04-16,0.6888949871063232,1.37779,20.82048320770264,0.0,45.8892,0.9862
1975-04-17,0.0366823673248291,0.073364735,20.77981376647949,0.0,44.8243,0.8389
1975-04-18,0.0,0.0,21.24485874176025,0.0,43.8406,0.8379
1975-04-19,6.160698890686035,12.321398,21.50617790222168,0.0,45.3873,2.4968
1975-04-20,6.448561429977417,12.897123,17.951820373535156,0.0,46.1199,1.7141
1975-04-21,0.3218567371368408,0.6437135,16.99560546875,0.0,44.9079,0.8326
1975-04-22,0.4280390739440918,0.85607815,18.726271629333496,0.0,43.8378,0.8451
1975-04-23,2.1450846195220947,4.2901692,18.491496086120605,0.0,43.4994,0.8281
1975-04-24,0.8414444923400879,1.682889,19.90622901916504,0.0,43.0725,1.0345
1975-04-25,0.2158050537109375,0.4316101,21.85216426849365,0.0,42.1137,0.8247
1975-04-26,14.911028861999512,29.822058,22.31347846984864,0.0,49.8104,6.5768
1975-04-27,6.236172199249268,12.472344,23.012081146240234,0.0,48.1692,1.2695
1975-04-28,30.97400283813477,61.948006,21.28724956512451,0.0,53.486,14.0863
1975-04-29,4.056880712509155,8.113762,21.398566246032715,0.0,48.5863,0.8653
1975-04-30,1.7526928186416626,3.5053856,20.024941444396973,0.0,47.076,0.9414
1975-05-01,10.492635250091553,20.985271,21.07915210723877,0.0,49.451,4.9602
1975-05-02,6.413418769836426,12.826838,22.698863983154297,0.0,48.4585,1.8772
1975-05-03,4.704943418502808,9.409887,23.12046813964844,0.0,47.0937,0.8452999999999999
1975-05-04,7.191610336303711,14.383221,21.51189994812012,0.0,48.3537,3.3816
1975-05-05,42.928672790527344,85.857346,17.452597618103027,0.0,53.7532,21.1986
1975-05-06,1.801543474197388,3.603087,16.09078311920166,0.0,48.502,0.8378
1975-05-07,3.9342916011810303,7.868583,16.89143657684326,0.0,48.0719,2.7111
1975-05-08,7.745905876159668,15.491812,19.31961727142334,0.0,48.6443,2.9565
1975-05-09,89.3813362121582,178.76266,19.7455415725708,0.0,54.2954,67.8381
1975-05-10,18.43470764160156,36.869415,19.91816997528076,0.0,50.9727,12.6872
1975-05-11,12.17603349685669,24.352066,20.6270751953125,0.0,50.0807,5.3417
1975-05-12,12.35178518295288,24.703571,17.24924659729004,0.0,50.4269,6.0831
1975-05-13,23.96032428741455,47.920647,19.65207862854004,0.0,52.061,12.4989
1975-05-14,6.194556951522827,12.389114,20.326923370361328,0.0,49.2077,2.7019
1975-05-15,10.59156370162964,21.183128,21.179434776306152,0.0,49.705,4.5613
1975-05-16,31.34585762023925,62.691715,20.8156213760376,0.0,52.9199,18.0781
1975-05-17,11.911098957061768,23.822197,21.3134822845459,0.0,50.1974,5.7305
1975-05-18,8.207220315933228,16.41444,22.58882999420166,0.0,48.6524,2.2255000000000003
1975-05-19,33.068359375,66.13672,18.729958534240723,0.0,52.9121,17.5378
1975-05-20,9.559369564056396,19.11874,14.199428081512451,0.0,50.1295,5.4241
1975-05-21,26.415799140930176,52.831596,13.912625789642334,0.0,52.3994,15.6247
1975-05-22,12.5510573387146,25.102116,15.729276657104492,0.0,50.6746,7.478599999999999
1975-05-23,2.162655830383301,4.3253117,16.426490783691406,0.0,48.1513,1.1472
1975-05-24,2.6046550273895264,5.20931,20.23597621917725,0.0,46.8692,1.0093
1975-05-25,10.110234260559082,20.220469,20.282825469970703,0.0,49.8304,6.097
1975-05-26,28.29061317443848,56.581226,18.4682559967041,0.0,52.8387,15.2537
1975-05-27,4.803512096405029,9.607024,17.73749828338623,0.0,48.7972,1.6593999999999998
1975-05-28,11.80660915374756,23.613218,18.517423629760746,0.0,50.0408,5.5337
1975-05-29,8.704095363616943,17.408192,19.18995380401612,0.0,49.5382,3.8759
1975-05-30,0.2698738574981689,0.5397477,20.24446487426757,0.0,47.1576,1.0373
1975-05-31,0.4416828155517578,0.88336563,20.661073684692383,0.0,45.5307,1.0420999999999998
1975-06-01,0.0,0.0,21.618088722229004,0.0,44.044,1.0349
1975-06-02,0.0948925018310546,0.189785,21.38791275024414,0.0,42.8754,1.0315
1975-06-03,0.3367651700973511,0.67353034,23.44306182861328,0.0,41.8543,1.028
1975-06-04,0.6616802215576172,1.3233604,25.02708530426025,0.0,40.966,1.1257
1975-06-05,10.020302295684814,20.040604,24.74097919464112,0.0,44.3817,3.0724
1975-06-06,30.81900119781494,61.638,23.29159927368164,0.0,53.3986,12.768
1975-06-07,35.386985778808594,70.77397,22.259811401367188,0.0,53.2165,17.451999999999998
1975-06-08,3.524798393249512,7.049597,24.135541915893555,0.0,48.4912,1.0285
1975-06-09,14.537899017333984,29.075798,21.028754234313965,0.0,50.8403,8.3026
1975-06-10,18.968052864074707,37.936104,21.43827438354492,0.0,51.6251,9.7913
1975-06-11,46.41479110717773,92.82958,20.12547779083252,0.0,53.262,28.8594
1975-06-12,0.9715332984924316,1.9430666,19.185816764831543,0.0,48.3699,1.065
1975-06-13,0.66721510887146,1.3344302,21.181645393371586,0.0,46.4218,1.0811
1975-06-14,0.2437329292297363,0.48746586,22.866448402404785,0.0,45.0235,1.0725
1975-06-15,1.946591854095459,3.8931837,23.153637886047363,0.0,44.6394,1.7062
1975-06-16,0.4065618515014648,0.8131237,24.19148540496826,0.0,43.5915,1.068
1975-06-17,7.940249919891357,15.8805,24.14442539215088,0.0,46.5022,3.8812
1975-06-18,16.828606128692627,33.65721,23.387109756469727,0.0,51.1878,6.7634
1975-06-19,12.70645809173584,25.412916,24.52933883666992,0.0,50.6065,4.9407
1975-06-20,3.5111379623413086,7.022276,25.509737968444824,0.0,47.9267,1.0623
1975-06-21,0.3087162971496582,0.6174326,25.97647476196289,0.0,46.1571,1.0617
1975-06-22,0.6738972663879395,1.3477945,26.512590408325195,0.0,44.8962,1.0595
1975-06-23,0.4539377689361572,0.90787554,26.806769371032715,0.0,43.5887,1.0598
1975-06-24,0.0,0.0,26.701276779174805,0.0,42.5059,1.0528
1975-06-25,0.4502649307250976,0.90052986,25.674659729003903,0.0,41.4303,1.049
1975-06-26,0.1013216972351074,0.2026434,25.94046974182129,0.0,40.5845,1.0453
1975-06-27,2.3894838094711304,4.778968,26.668575286865234,0.0,40.3622,1.4741
1975-06-28,1.1544337272644043,2.3088675,25.14329624176025,0.0,40.0424,1.0381
1975-06-29,5.638255834579468,11.276512,25.16168594360352,0.0,42.7245,2.8922
1975-06-30,9.788291931152344,19.576584,24.500940322875977,0.0,45.5986,2.7372
1975-07-01,6.988240480422974,13.9764805,24.99184894561768,0.0,46.4488,1.9326
1975-07-02,7.904465436935425,15.808931,25.68081569671631,0.0,47.1413,1.9679
1975-07-03,0.6556136608123779,1.3112273,26.98254680633545,0.0,45.5821,1.026
1975-07-04,0.8394773006439209,1.6789546,27.53614330291748,0.0,44.2663,1.0643
1975-07-05,1.0323679447174072,2.064736,27.487006187438965,0.0,43.2833,1.0183
1975-07-06,0.4745099544525146,0.9490199,26.29449462890625,0.0,42.2306,1.0198
1975-07-07,0.0994676351547241,0.19893527,26.05291080474853,0.0,41.204,1.0106
1975-07-08,22.974995613098145,45.94999,25.178232192993164,0.0,52.1864,8.4809
1975-07-09,4.914383888244629,9.828768,25.120903968811035,0.0,48.5778,1.1871
1975-07-10,5.425842523574829,10.851685,25.60089874267578,0.0,48.0136,1.6495
1975-07-11,5.829814434051514,11.659629,25.647604942321777,0.0,46.967,1.0562999999999998
1975-07-12,8.425740242004395,16.85148,25.28947734832764,0.0,48.465,2.6829
1975-07-13,0.6783735752105713,1.3567472,25.570600509643555,0.0,46.562,0.9974
1975-07-14,2.5072683095932007,5.014537,25.86889934539795,0.0,45.6906,1.4651
1975-07-15,5.682447671890259,11.364895,24.807063102722168,0.0,45.3296,1.0505
1975-07-16,1.5000600218772888,3.0001202,25.363064765930176,0.0,44.145,1.0356
1975-07-17,4.871727228164673,9.743454,25.94458198547364,0.0,45.2245,2.2128
1975-07-18,1.2711935639381409,2.542387,25.616690635681152,0.0,43.9779,1.043
1975-07-19,1.6473286747932434,3.2946572,26.082019805908203,0.0,42.9655,1.2741
1975-07-20,0.8374221324920654,1.6748443,26.123326301574707,0.0,41.5147,0.9965
1975-07-21,6.115184307098389,12.230369,25.838217735290527,0.0,43.1791,2.4406
1975-07-22,13.533938884735107,27.067879,23.916460037231445,0.0,47.722,3.6052
1975-07-23,1.3506093621253967,2.7012186,24.56201839447021,0.0,45.6858,0.9653
1975-07-24,1.8020771741867063,3.6041543,25.62401962280273,0.0,44.5421,1.421
1975-07-25,1.757805347442627,3.5156107,26.45774745941162,0.0,42.9668,0.9583
1975-07-26,0.3444194793701172,0.68883896,26.91646671295166,0.0,41.0302,0.9549
1975-07-27,0.7864806652069092,1.5729613,27.044288635253903,0.0,39.4551,0.9505
1975-07-28,1.3894774913787842,2.778955,27.45772361755371,0.0,38.6188,1.1631
1975-07-29,1.22219717502594,2.4443944,27.826885223388672,0.0,37.8135,0.9427
1975-07-30,0.988856315612793,1.9777126,27.27362060546875,0.0,37.2168,1.0418
1975-07-31,23.172097206115723,46.344193,23.97548198699951,0.0,50.092,7.191
1975-08-01,9.53447961807251,19.068958,24.25001239776612,0.0,49.6826,2.6039000000000003
1975-08-02,4.506676435470581,9.013353,25.26842403411865,0.0,47.6708,0.9429
1975-08-03,7.958758592605591,15.917517,24.46133518218994,0.0,49.3133,3.1524
1975-08-04,16.20219659805298,32.404392,25.123523712158203,0.0,51.402,5.1841
1975-08-05,0.0715677738189697,0.14313555,27.01394271850586,0.0,47.8008,0.9307
1975-08-06,1.068322777748108,2.1366456,26.90123748779297,0.0,46.499,1.2338
1975-08-07,20.604905128479004,41.20981,25.884026527404785,0.0,51.7011,6.3952
1975-08-08,13.605842590332031,27.211685,25.019926071166992,0.0,50.843,4.5077
1975-08-09,0.145039677619934,0.29007936,25.88612174987793,0.0,47.6741,0.9294
1975-08-10,1.4153209924697876,2.830642,26.057686805725098,0.0,46.1052,1.072
1975-08-11,3.1772502660751343,6.354501,25.003478050231934,0.0,45.2426,0.9275
1975-08-12,1.1944115161895752,2.388823,24.393364906311035,0.0,44.5884,1.2478
1975-08-13,5.807717084884644,11.615435,25.818016052246094,0.0,44.854,1.2587000000000002
1975-08-14,6.918726444244385,13.837453,25.028103828430176,0.0,46.2602,1.9797
1975-08-15,0.8578929901123047,1.715786,25.595044136047363,0.0,45.22,0.9229
1975-08-16,3.510722517967224,7.0214453,25.53772354125977,0.0,46.1078,2.0774
1975-08-17,9.587247133255005,19.174494,25.352500915527344,0.0,48.7078,3.0359
1975-08-18,23.373823165893555,46.747646,25.223986625671387,0.0,52.5349,8.3183
1975-08-19,7.0211451053619385,14.04229,25.53902244567871,0.0,49.087,1.7581
1975-08-20,4.437616109848023,8.875233,25.38181209564209,0.0,47.7129,1.1693
1975-08-21,16.453872203826904,32.907745,24.82458209991455,0.0,50.9077,5.8845
1975-08-22,8.14514446258545,16.290289,25.05324935913086,0.0,49.0086,2.0971
1975-08-23,3.820709109306336,7.6414185,25.85616397857666,0.0,47.2422,0.9212
1975-08-24,0.9030919075012208,1.8061838,25.49438095092773,0.0,45.7942,1.0002
1975-08-25,1.4109427332878113,2.8218856,24.95658493041992,0.0,44.8338,0.9183
1975-08-26,4.367159843444824,8.73432,24.934779167175293,0.0,46.008,2.5274
1975-08-27,0.6953115463256836,1.3906231,25.54713726043701,0.0,44.8035,0.9147
1975-08-28,0.0,0.0,24.49870681762696,0.0,43.4622,0.9135
1975-08-29,0.4599121809005737,0.91982436,24.79558277130127,0.0,42.3699,0.9122
1975-08-30,3.0367703437805176,6.0735407,24.932501792907715,0.0,42.6659,1.4698
1975-08-31,2.7363311052322388,5.472662,24.916990280151367,0.0,41.9393,0.9093
1975-09-01,0.2463512420654297,0.49270248,24.979134559631348,0.0,41.0199,0.9589
1975-09-02,1.673258900642395,3.3465178,24.97091388702393,0.0,40.2954,0.9062
1975-09-03,1.2788161039352417,2.5576322,24.32906723022461,0.0,40.0757,1.288
1975-09-04,9.780441761016846,19.560883,22.853217124938965,0.0,42.2639,1.9579
1975-09-05,0.844954252243042,1.6899085,23.38094997406006,0.0,41.3895,0.9015
1975-09-06,0.717198371887207,1.4343967,24.400924682617188,0.0,40.7044,1.1128
1975-09-07,6.728092670440674,13.456185,24.61704158782959,0.0,41.861,1.4977
1975-09-08,1.8471606969833367,3.6943214,23.849613189697266,0.0,41.1127,0.8966
1975-09-09,1.6531713008880615,3.3063426,25.04171657562256,0.0,40.811,1.2534
1975-09-10,0.0,0.0,25.59233283996582,0.0,39.6349,0.8934
1975-09-11,1.443399429321289,2.8867989,25.52746105194092,0.0,39.0091,1.0342
1975-09-12,1.8129533529281616,3.6259067,25.52912712097168,0.0,38.2209,0.8901
1975-09-13,1.939145803451538,3.8782916,24.036497116088867,0.0,38.2072,1.2513999999999998
1975-09-14,6.849895477294922,13.699791,23.48798179626465,0.0,38.8954,1.1857
1975-09-15,9.768248558044434,19.536497,23.68959045410156,0.0,42.4832,2.3919
1975-09-16,16.183822631835938,32.367645,22.84505271911621,0.0,49.7857,5.053400000000001
1975-09-17,0.0198549032211303,0.039709806,23.757436752319336,0.0,46.6204,0.882
1975-09-18,0.2406402826309204,0.48128057,23.874341011047363,0.0,44.5764,0.8805
1975-09-19,0.0387368202209472,0.07747364,24.419960021972656,0.0,42.936,0.879
1975-09-20,0.6292548179626465,1.2585096,25.425764083862305,0.0,41.5297,0.9895
1975-09-21,5.487411022186279,10.974822,25.255446434021,0.0,41.5155,0.9515
1975-09-22,0.141514778137207,0.28302956,25.010534286499023,0.0,40.1156,0.8743
1975-09-23,7.03584885597229,14.071697,23.66340065002441,0.0,43.4937,2.7304
1975-09-24,31.32519245147705,62.650383,22.795674324035645,0.0,53.5604,10.1238
1975-09-25,2.6258585453033447,5.251717,24.73497676849365,0.0,48.4911,0.8703
1975-09-26,0.3213268518447876,0.6426537,24.993974685668945,0.0,46.6926,0.94
1975-09-27,7.7723376750946045,15.544676,24.641860961914062,0.0,47.8528,2.1261
1975-09-28,8.806910037994385,17.61382,24.6655912399292,0.0,49.1448,2.7726
1975-09-29,3.380751609802246,6.761503,24.90122699737549,0.0,47.3873,0.8684
1975-09-30,5.4996397495269775,10.999279,24.782262802124023,0.0,48.3818,2.7278
1975-10-01,1.7580749988555908,3.51615,25.081273078918457,0.0,46.8316,0.8875
1975-10-02,4.753758907318115,9.507518,25.18333625793457,0.0,47.9322,2.5308
1975-10-03,2.455259680747986,4.9105196,24.94704246520996,0.0,46.5411,0.8656
1975-10-04,7.993664979934692,15.9873295,23.717108726501465,0.0,49.0319,3.4957
1975-10-05,15.797842979431152,31.595686,23.00327014923096,0.0,52.1126,6.9771
1975-10-06,25.7409725189209,51.481945,22.092554092407227,0.0,53.0425,12.5014
1975-10-07,14.98883581161499,29.977673,21.891541481018063,0.0,51.1879,7.03
1975-10-08,0.0973768532276153,0.1947537,18.64594841003418,0.0,47.8325,0.8728
1975-10-09,0.206053614616394,0.41210723,18.28946304321289,0.0,46.2697,0.878
1975-10-10,0.0,0.0,20.63214111328125,0.0,45.1219,0.8763
1975-10-11,0.8716026544570923,1.7432053,22.480070114135746,0.0,44.2457,0.8786999999999999
1975-10-12,0.0759405493736267,0.1518811,23.489293098449707,0.0,43.3706,0.8758
1975-10-13,0.679293692111969,1.3585874,21.910934448242188,0.0,42.9576,0.9803
1975-10-14,0.8873786330223083,1.7747573,18.67109775543213,0.0,42.5938,0.874
1975-10-15,11.928736209869385,23.857471,15.62521505355835,0.0,49.0271,5.615
1975-10-16,8.189789295196533,16.379578,14.843011856079102,0.0,50.109,3.8974
1975-10-17,9.328503131866457,18.657005,15.827188968658447,0.0,50.5155,4.5482
1975-10-18,0.6397364139556885,1.2794728,17.85569953918457,0.0,47.8526,0.8714
1975-10-19,0.0729577541351318,0.14591551,18.12525177001953,0.0,46.502,0.8719
1975-10-20,0.0,0.0,19.115524291992188,0.0,45.3488,0.8719
1975-10-21,0.0,0.0,17.9163761138916,0.0,44.5388,0.8715
1975-10-22,0.1741071939468383,0.3482144,18.256256103515625,0.0,44.0179,0.8736
1975-10-23,2.927697777748108,5.8553953,19.8084716796875,0.0,44.6242,1.4976
1975-10-24,2.9179011583328247,5.835802,21.88172721862793,0.0,44.3331,0.8754
1975-10-25,0.6781817674636841,1.3563635,21.42242431640625,0.0,43.6327,0.8788
1975-10-26,0.0128828287124633,0.025765657,22.185590744018555,0.0,42.8421,0.867
1975-10-27,0.63053297996521,1.261066,22.668291091918945,0.0,42.1617,0.867
1975-10-28,0.8352121114730835,1.6704242,22.47083854675293,0.0,41.6869,0.8645
1975-10-29,11.945160388946531,23.89032,17.7829647064209,0.0,48.6501,5.5841
1975-10-30,0.8129482567310333,1.6258965,13.315743446350098,0.0,47.0594,0.8618
1975-10-31,0.0,0.0,12.123600959777832,0.0,45.8915,0.8605
1975-11-01,0.0,0.0,15.08485746383667,0.0,44.9671,0.8592
1975-11-02,0.2368470430374145,0.4736941,14.125290393829346,0.0,44.3203,0.8613
1975-11-03,0.0132743120193481,0.026548624,16.592573165893555,0.0,43.8505,0.8566
1975-11-04,0.1668130755424499,0.33362615,16.546751976013184,0.0,43.437,0.8588
1975-11-05,0.0031925439834594,0.006385088,17.520079612731934,0.0,42.9865,0.8538
1975-11-06,1.8047553896903992,3.609511,16.373170852661133,0.0,43.6106,1.4269
1975-11-07,0.0863360166549682,0.17267203,14.002378463745115,0.0,43.0727,0.851
1975-11-08,0.2637861967086792,0.5275724,15.284925937652588,0.0,42.5525,0.8564
1975-11-09,2.1780688166618347,4.3561378,14.548498153686523,0.0,43.0027,1.1495
1975-11-10,0.6415315866470337,1.2830632,14.73505449295044,0.0,42.7832,0.8467
1975-11-11,3.537923812866211,7.0758476,15.416186809539797,0.0,44.1339,1.7186
1975-11-12,2.65099036693573,5.301981,16.343643188476562,0.0,44.6254,1.2325
1975-11-13,9.617939949035645,19.23588,16.01884889602661,0.0,48.9285,3.7066
1975-11-14,15.626585483551024,31.25317,13.537147521972656,0.0,51.9333,6.4104
1975-11-15,0.0229395627975463,0.045879126,13.221152305603027,0.0,48.272,0.8399
1975-11-16,0.0809054374694824,0.16181087,12.58191442489624,0.0,46.8996,0.8393
1975-11-17,1.2491779923439026,2.4983559,14.151610374450684,0.0,46.1223,0.934
1975-11-18,0.6647264659404755,1.329453,15.392828464508057,0.0,45.4393,0.8542
1975-11-19,0.4545061290264129,0.90901226,14.670888423919678,0.0,44.8964,0.8707999999999999
1975-11-20,0.5388156175613403,1.0776312,13.713331699371338,0.0,44.5181,0.8513000000000001
1975-11-21,0.0,0.0,12.87624979019165,0.0,44.0438,0.8352
1975-11-22,0.0197837948799133,0.03956759,11.312641620635986,0.0,43.5156,0.8342
1975-11-23,0.1450254917144775,0.29005098,5.968313217163086,0.0,43.1554,0.833
1975-11-24,0.0929829776287078,0.18596596,3.036019802093506,0.0,42.9519,0.8772
1975-11-25,0.2708786725997925,0.54175735,6.106868267059326,0.0,42.5786,0.8306
1975-11-26,0.0,0.0,8.821409225463867,0.0,42.1464,0.8294
1975-11-27,0.4445720314979553,0.88914406,6.951150894165039,0.0,41.7327,0.8281
1975-11-28,0.1387660503387451,0.2775321,6.86668872833252,0.0,41.4266,0.8304
1975-11-29,0.2930923104286194,0.5861846,9.704318523406982,0.0,41.0919,0.8254
1975-11-30,1.371483027935028,2.7429662,9.88157558441162,0.0,41.6409,1.1928999999999998
1975-12-01,4.981233835220337,9.962467,10.537457466125488,0.0,44.406,2.3033
1975-12-02,0.0219653844833374,0.04393077,11.416023254394531,0.0,44.0448,0.8213
1975-12-03,0.0944540500640869,0.1889081,13.481608867645264,0.0,43.5809,0.8203999999999999
1975-12-04,1.27701935172081,2.5540388,15.503580093383787,0.0,43.5064,0.9396
1975-12-05,15.827131748199465,31.654263,16.39062213897705,0.0,51.046,6.0538
1975-12-06,0.0655588656663894,0.13111773,18.05450820922852,0.0,47.9481,0.8158
1975-12-07,0.659929633140564,1.3198593,15.547723293304443,0.0,46.9505,1.0463
1975-12-08,5.9400739669799805,11.880148,12.8306884765625,0.0,48.5071,2.546
1975-12-09,6.0489342212677,12.097868,9.054596424102783,0.0,49.0825,2.529
1975-12-10,2.3283227682113647,4.656646,6.30668044090271,0.0,47.9704,1.271
1975-12-11,1.0597347170114515,2.1194694,4.42783784866333,0.0,46.8643,0.8107
1975-12-12,4.857158899307251,9.714317,2.451567888259888,0.0307,47.9803,2.2752
1975-12-13,21.41777992248535,42.83556,-0.1555442810058593,7.4436,50.9212,5.8655
1975-12-14,7.589487552642822,15.178975,-1.05495023727417,13.1072,48.5297,1.4514
1975-12-15,0.1144940257072448,0.22898805,-1.163982391357422,13.0271,47.2306,0.8723000000000001
1975-12-16,0.0745650827884674,0.14913017,-0.7733650207519531,12.7706,46.5551,0.9502
1975-12-17,0.0688132494688034,0.1376265,0.4332156181335449,12.2025,46.391,1.2297
1975-12-18,0.0,0.0,1.624351978302002,10.7919,46.7598,1.6457000000000002
1975-12-19,0.0772748589515686,0.15454972,4.831587076187134,8.7999,47.6606,2.2953
1975-12-20,0.0168308317661285,0.033661664,6.175566673278809,4.2392,48.8175,3.1944000000000004
1975-12-21,0.093922734260559,0.18784547,4.566330671310425,2.1471,47.9154,1.7457
1975-12-22,0.0394753813743591,0.07895076,1.7295782566070557,0.9876,47.0581,1.3537
1975-12-23,0.083189308643341,0.16637862,2.1069998741149902,0.5733,46.2673,1.0231
1975-12-24,0.0485118106007576,0.09702362,3.224609851837158,0.3622,45.6327,0.9157
1975-12-25,0.3090524673461914,0.61810493,4.121699452400208,0.0872,45.1502,0.9416
1975-12-26,0.181280255317688,0.3625605,5.661783218383789,0.0,44.6524,0.8655
1975-12-27,0.6976816058158875,1.3953632,6.870896100997925,0.0,44.1446,0.8198
1975-12-28,0.0807687044143676,0.16153741,2.8641228675842285,0.0,43.8119,0.8218000000000001
1975-12-29,0.3433886468410492,0.6867773,1.139179229736328,0.0,43.5221,0.8306
1975-12-30,0.0606873631477355,0.12137473,2.4039523601531982,0.0,43.2409,0.8282999999999999
1975-12-31,0.0178203582763671,0.035640717,3.3989646434783936,0.0,42.965,0.8224999999999999
1976-01-01,0.0436068773269653,0.087213755,4.319736242294312,0.0,42.6811,0.8167
1976-01-02,0.1758421063423156,0.3516842,5.4112701416015625,0.0,42.4299,0.8243999999999999
1976-01-03,0.1933935582637787,0.38678712,7.939189672470093,0.0,42.0777,0.8059
1976-01-04,0.2774990797042846,0.55499816,7.160952806472778,0.0,41.7849,0.8130999999999999
1976-01-05,0.2673590183258056,0.53471804,6.948375225067139,0.0,41.5858,0.8036
1976-01-06,0.0181853175163269,0.036370635,3.661886930465698,0.0,41.3632,0.8085
1976-01-07,0.2353096008300781,0.4706192,3.9476070404052734,0.0,41.2387,0.8366
1976-01-08,0.1541337966918945,0.3082676,7.527292728424072,0.0,40.9594,0.7999
1976-01-09,0.0866316854953765,0.17326337,6.504613399505615,0.0,40.7066,0.8033
1976-01-10,0.1835022270679474,0.36700445,5.433618307113648,0.0,40.492,0.8031
1976-01-11,0.0,0.0,1.9224252700805664,0.0,40.301,0.796
1976-01-12,0.0485424995422363,0.097085,1.3627281188964844,0.0,40.1424,0.8055
1976-01-13,0.4163139462471008,0.8326279,2.8863980770111084,0.0,40.0769,0.854
1976-01-14,0.0,0.0,4.333690643310547,0.0,39.7572,0.792
1976-01-15,0.0813473463058471,0.1626947,4.921151638031006,0.0,39.5688,0.7988
1976-01-16,0.254088282585144,0.50817657,7.442396402359009,0.0,39.2887,0.7892
1976-01-17,0.4502624869346618,0.900525,7.5271382331848145,0.0,39.0558,0.7999999999999999
1976-01-18,0.0,0.0,7.526338338851929,0.0,38.697,0.7864
1976-01-19,0.0,0.0,8.08585262298584,0.0,38.3175,0.785
1976-01-20,0.08987557888031,0.17975116,10.041674613952637,0.0,38.0383,0.7842
1976-01-21,0.1879656314849853,0.37593126,8.272630214691162,0.0,37.9246,0.7822
1976-01-22,0.8777950406074524,1.7555901,5.93699836730957,0.0,38.3621,1.0132
1976-01-23,0.0597960948944091,0.11959219,6.314046382904053,0.0,38.2151,0.7794
1976-01-24,0.0976850986480712,0.1953702,7.2535412311553955,0.0,38.0249,0.7781
1976-01-25,0.2215200662612915,0.44304013,10.516182899475098,0.0,37.7276,0.7765
1976-01-26,0.9093725085258484,1.818745,11.762208938598633,0.0,37.8104,0.9351
1976-01-27,0.0814284086227417,0.16285682,9.381309032440186,0.0,37.6735,0.7737
1976-01-28,0.632985532283783,1.2659711,10.938725471496582,0.0,37.6135,0.8821
1976-01-29,0.8014519810676575,1.602904,10.378746032714844,0.0,37.4764,0.7709
1976-01-30,2.60283499956131,5.20567,4.129989266395569,0.0,38.8508,1.4158
1976-01-31,0.1826348304748535,0.36526966,3.771769762039185,0.0,38.8109,0.8152
1976-02-01,1.0700769424438477,2.140154,6.380130052566528,0.0,38.7539,0.8100999999999999
1976-02-02,0.4145053625106811,0.8290107,5.310459136962891,0.0,38.6891,0.8555
1976-02-03,0.3755003213882446,0.75100064,7.162034511566162,0.0,38.4581,0.7873
1976-02-04,1.5460551977157593,3.0921104,8.95486831665039,0.0,38.7323,0.9436
1976-02-05,0.0905805826187133,0.18116117,7.252202272415161,0.0,38.4273,0.7609
1976-02-06,0.9138966798782348,1.8277934,5.963285446166992,0.0,38.376,0.8347
1976-02-07,0.0,0.0,8.266144037246704,0.0,38.0149,0.7581
1976-02-08,1.40999174118042,2.8199835,9.68279218673706,0.0,38.3583,1.0666
1976-02-09,0.2945724725723266,0.58914495,11.07323169708252,0.0,38.0021,0.7553
1976-02-10,0.6085739135742188,1.2171478,13.84515905380249,0.0,37.6858,0.8429
1976-02-11,0.5060038566589355,1.0120077,14.693435192108154,0.0,37.2512,0.7524
1976-02-12,1.6264933943748474,3.252987,14.129360675811768,0.0,37.7896,1.1247
1976-02-13,1.1714035272598269,2.342807,15.37360429763794,0.0,37.3213,0.7496
1976-02-14,13.875846862792969,27.751694,16.52448558807373,0.0,46.3672,4.5932
1976-02-15,1.1241134405136108,2.248227,17.363054275512695,0.0,44.9106,0.7468
1976-02-16,0.0,0.0,18.07401657104492,0.0,43.4125,0.7454
1976-02-17,4.929598808288574,9.859198,17.744755744934082,0.0,45.7989,2.3222
1976-02-18,23.56485939025879,47.12972,12.13801336288452,0.0,52.9845,7.3788
1976-02-19,10.232115268707275,20.46423,7.211883544921875,0.0,51.0113,3.7872
1976-02-20,2.551530361175537,5.1030607,7.27390193939209,0.0,48.5897,1.1562
1976-02-21,4.807570934295654,9.615142,10.153810977935793,0.0,48.2818,1.613
1976-02-22,10.634957313537598,21.269915,8.238636493682861,0.0,50.5855,4.3164
1976-02-23,0.0,0.0,6.1014404296875,0.0,47.9912,0.738
1976-02-24,5.975586175918579,11.951172,5.372682571411133,0.0,49.3048,3.0730000000000004
1976-02-25,2.916472911834717,5.832946,6.47280740737915,0.0,48.2648,1.4425
1976-02-26,4.188855528831482,8.377711,6.136817455291748,0.0,48.4227,2.066
1976-02-27,16.75206184387207,33.504124,8.925949096679688,0.0,51.6941,7.374
1976-02-28,17.379231452941895,34.75846,11.77400016784668,0.0,51.7581,8.4677
1976-02-29,8.90476131439209,17.809523,9.331154346466064,0.0,50.0768,4.2486
1976-03-01,0.4302914142608642,0.8605828,6.88830828666687,0.0,47.7911,0.749
1976-03-02,0.0329322814941406,0.06586456,6.393568992614746,0.0,46.549,0.7564000000000001
1976-03-03,0.0,0.0,6.3939971923828125,0.0,45.6014,0.7549
1976-03-04,0.6801197528839111,1.3602395,7.805553674697876,0.0,45.131,0.9083
1976-03-05,6.649127244949341,13.298254,8.806405067443848,0.0,46.9941,2.5976
1976-03-06,0.1661838293075561,0.33236766,11.938668251037598,0.0,45.8764,0.7566
1976-03-07,0.2417550086975097,0.48351002,14.372320652008057,0.0,44.9054,0.7694
1976-03-08,0.476395845413208,0.9527917,17.33818817138672,0.0,44.0605,0.7561
1976-03-09,0.1027534008026123,0.2055068,17.582595825195312,0.0,43.2057,0.7554
1976-03-10,0.4964407682418823,0.99288154,17.692980766296387,0.0,42.4847,0.7545
1976-03-11,6.090777635574341,12.181555,17.091060638427734,0.0,45.1701,2.933
1976-03-12,5.972667694091797,11.945335,12.407493114471436,0.0,46.172,1.7054999999999998
1976-03-13,3.840104579925537,7.680209,10.535912990570068,0.0,46.1351,1.1461
1976-03-14,2.218719244003296,4.4374385,12.845169067382812,0.0,45.5147,0.7504
1976-03-15,0.4364004135131836,0.8728008,16.57694435119629,0.0,44.6799,0.845
1976-03-16,0.7622158527374268,1.5244317,18.39100933074951,0.0,43.8221,0.7483
1976-03-17,0.3912296295166015,0.78245926,19.684823036193848,0.0,42.9169,0.8027
1976-03-18,16.54935359954834,33.09871,15.375008583068848,0.0,48.3923,4.3567
1976-03-19,10.220913887023926,20.441828,5.793118238449097,0.0,49.8502,3.4697
1976-03-20,3.379890203475952,6.7597804,3.950173377990722,0.0,48.5901,1.5708
1976-03-21,12.375545501708984,24.751091,5.261893033981323,0.0,51.0359,5.4466
1976-03-22,14.636953353881836,29.273907,6.824548959732056,0.0,51.6071,7.1876
1976-03-23,11.733572006225586,23.467144,6.870109558105469,0.0,50.915,6.0531
1976-03-24,17.62672710418701,35.253456,5.629451274871826,0.0,51.6989,9.5825
1976-03-25,0.2116661071777343,0.4233322,9.543230533599854,0.0,48.1707,0.7578
1976-03-26,12.339973449707031,24.679947,12.678569316864014,0.0,50.5418,6.6926
1976-03-27,20.436388969421387,40.87278,12.482378482818604,0.0,51.9814,10.9815
1976-03-28,3.537466287612915,7.0749326,14.18001413345337,0.0,48.3864,0.8255
1976-03-29,0.0158717632293701,0.031743526,17.147412300109863,0.0,46.6744,0.7825
1976-03-30,7.668063402175903,15.336126,13.4654860496521,0.0,48.7023,4.1562
1976-03-31,3.2398722171783447,6.4797444,10.01273250579834,0.0,47.6683,1.235
1976-04-01,6.051469802856445,12.10294,9.076708793640137,0.0,48.2263,2.5093
1976-04-02,10.435576438903809,20.871153,9.127221584320068,0.0,50.3097,5.2554
1976-04-03,7.648346424102783,15.296693,10.071958541870115,0.0,49.8338,3.8279
1976-04-04,3.47128701210022,6.942574,9.169265747070312,0.0,48.4159,1.6787999999999998
1976-04-05,15.115537643432615,30.231075,9.679739475250244,0.0,51.1275,7.46
1976-04-06,20.016637802124023,40.033276,12.26573657989502,0.0,51.8312,10.5153
1976-04-07,0.0,0.0,14.214204788208008,0.0,48.0256,0.8115
1976-04-08,8.4799964427948,16.959993,15.157561779022217,0.0,49.3643,4.8139
1976-04-09,6.77168083190918,13.543362,13.490793704986572,0.0,49.0352,2.8419
1976-04-10,6.673861742019653,13.347723,12.44731092453003,0.0,48.8394,2.6935
1976-04-11,0.2481410503387451,0.4962821,15.121635913848875,0.0,46.9735,0.8255
1976-04-12,2.9957021474838257,5.9914045,15.604355335235596,0.0,46.9024,1.9498
1976-04-13,12.53261423110962,25.065228,15.6589093208313,0.0,50.2008,5.4551
1976-04-14,4.026771426200867,8.053543,14.485110759735107,0.0,48.2551,1.2739
1976-04-15,0.0875777006149292,0.1751554,15.760387420654297,0.0,46.4918,0.8302
1976-04-16,17.269484519958496,34.53897,16.909107208251953,0.0,51.4975,8.7074
1976-04-17,46.84109687805176,93.68219,19.502429962158203,0.0,53.7117,24.826500000000003
1976-04-18,19.24570083618164,38.4914,19.61425971984864,0.0,51.0375,10.4873
1976-04-19,0.2994782924652099,0.5989566,18.223450660705566,0.0,47.8797,0.8618
1976-04-20,2.1181936264038086,4.2363873,20.682503700256348,0.0,46.9025,1.7342
1976-04-21,0.3218567371368408,0.6437135,22.51139736175537,0.0,45.4454,0.8694
1976-04-22,0.433565616607666,0.86713123,21.953405380249023,0.0,44.1898,0.8868
1976-04-23,10.708908081054688,21.417816,14.48246717453003,0.0,46.5025,2.8407
1976-04-24,0.5095152854919434,1.0190306,13.989368438720703,0.0,45.3538,0.8685
1976-04-25,0.0,0.0,18.40108966827393,0.0,44.0334,0.8677
1976-04-26,0.115246295928955,0.23049259,21.0762939453125,0.0,43.0309,0.8667
1976-04-27,0.0388813018798828,0.077762604,22.58914852142334,0.0,41.9629,0.8653
1976-04-28,1.1742312908172607,2.3484626,21.51316928863525,0.0,41.5872,1.1447
1976-04-29,0.1646018028259277,0.3292036,21.90424919128418,0.0,40.6694,0.8625
1976-04-30,8.59392261505127,17.187845,20.36985492706299,0.0,44.8087,3.5206
1976-05-01,0.4424047470092773,0.8848095,18.035127639770508,0.0,44.0067,0.8603000000000001
1976-05-02,15.232261657714844,30.464523,18.37161350250244,0.0,50.9944,6.4185
1976-05-03,25.137401580810547,50.274803,18.29111671447754,0.0,52.9323,10.3662
1976-05-04,15.062304973602297,30.12461,16.347694396972656,0.0,51.2367,6.3709
1976-05-05,2.515233039855957,5.030466,16.152690887451172,0.0,48.0352,0.8603
1976-05-06,0.0,0.0,16.198169708251953,0.0,46.0981,0.8622
1976-05-07,0.0,0.0,17.14114761352539,0.0,44.6594,0.862
1976-05-08,0.1689958572387695,0.3379917,18.41399002075196,0.0,43.5254,0.8612
1976-05-09,0.8267807960510254,1.6535616,20.51168441772461,0.0,42.6894,0.8601
1976-05-10,1.4957749843597412,2.99155,20.64909553527832,0.0,42.616,1.2668
1976-05-11,2.213559865951538,4.4271197,21.56790351867676,0.0,42.3222,0.858
1976-05-12,3.103992462158203,6.207985,20.92538070678711,0.0,43.4156,1.9448
1976-05-13,0.3750910758972168,0.75018215,21.59545516967773,0.0,42.4292,0.8555
1976-05-14,0.4582300186157226,0.91646004,18.926655769348145,0.0,41.8153,0.9016
1976-05-15,6.96668004989624,13.93336,19.590371131896973,0.0,43.4877,1.8088
1976-05-16,24.58901691436768,49.178032,21.85808181762696,0.0,52.1915,8.1026
1976-05-17,0.2244975566864013,0.4489951,22.379825592041016,0.0,48.0473,0.8504
1976-05-18,0.0,0.0,24.211885452270508,0.0,45.9971,0.8496
1976-05-19,1.2453234195709229,2.4906468,25.56242275238037,0.0,44.9732,1.1137
1976-05-20,13.132258415222168,26.264517,24.90872287750244,0.0,47.7864,2.9085
1976-05-21,17.054769039154053,34.10954,21.801382064819336,0.0,51.458,5.918200000000001
1976-05-22,0.1671810150146484,0.33436203,21.366843223571777,0.0,47.831,0.846
1976-05-23,0.4130325317382812,0.82606506,23.3248233795166,0.0,46.1994,0.8693
1976-05-24,0.1584155559539795,0.3168311,25.19596290588379,0.0,44.9088,0.845
1976-05-25,1.1971375942230225,2.3942752,26.389594078063965,0.0,44.056,1.1082999999999998
1976-05-26,0.9690437316894532,1.9380875,25.67813777923584,0.0,43.1863,0.843
1976-05-27,28.993146896362305,57.986294,23.127843856811523,0.0,53.4827,11.823
1976-05-28,12.890828609466553,25.781658,23.23610591888428,0.0,51.0124,4.9829
1976-05-29,0.0,0.0,23.20215129852295,0.0,47.4777,0.8429
1976-05-30,0.0884613990783691,0.1769228,23.59347248077393,0.0,45.7015,0.8435
1976-05-31,0.4498038291931152,0.89960766,25.299449920654297,0.0,44.3922,0.8433
1976-06-01,2.1491847038269043,4.2983694,24.28536891937256,0.0,44.2271,1.3766
1976-06-02,34.549315452575684,69.09863,21.88783073425293,0.0,53.6811,13.5774
1976-06-03,25.56822109222412,51.136444,21.081098556518555,0.0,52.5813,12.3105
1976-06-04,15.966129302978516,31.932259,21.309117317199707,0.0,51.0749,7.478899999999999
1976-06-05,56.394020080566406,112.78804,20.19542980194092,0.0,53.5678,35.1269
1976-06-06,6.14649510383606,12.29299,23.26572895050049,0.0,48.7767,1.4225
1976-06-07,0.3093738555908203,0.6187477,23.5552625656128,0.0,46.8646,0.8874
1976-06-08,1.3785319328308103,2.7570639,23.583221435546875,0.0,45.9424,1.3186
1976-06-09,18.825453758239743,37.65091,20.66725730895996,0.0,50.9116,7.3814
1976-06-10,29.20967960357666,58.419357,16.754952430725098,0.0,52.8548,15.6858
1976-06-11,0.0409102439880371,0.08182049,19.042048454284668,0.0,48.137,0.9002
1976-06-12,6.1860032081604,12.372006,18.356077194213867,0.0,48.9694,4.0679
1976-06-13,17.3918399810791,34.78368,17.49851894378662,0.0,51.5303,8.775599999999999
1976-06-14,38.723182678222656,77.446365,16.973105430603027,0.0,53.1666,23.0222
1976-06-15,19.27667617797852,38.553352,19.048959732055664,0.0,51.3881,12.5293
1976-06-16,1.5079033374786377,3.0158067,23.04412078857422,0.0,47.9688,0.9441
1976-06-17,13.108289241790771,26.21658,23.59709548950196,0.0,50.1738,6.7664
1976-06-18,26.49365997314453,52.98732,22.394086837768555,0.0,52.2149,11.9852
1976-06-19,10.137444019317629,20.274887,23.927635192871094,0.0,49.9172,4.4343
1976-06-20,5.012784957885742,10.02557,25.108126640319824,0.0,47.8353,1.0203
1976-06-21,2.372576236724853,4.7451525,24.827917098999023,0.0,46.4931,1.1787
1976-06-22,4.160881996154785,8.321764,24.90692138671875,0.0,46.2278,1.9936
1976-06-23,4.746093988418579,9.4921875,24.81657600402832,0.0,45.843,1.446
1976-06-24,17.305617332458496,34.611237,24.77465438842773,0.0,50.9094,7.734500000000001
1976-06-25,24.895395278930664,49.79079,22.026460647583008,0.0,52.5434,12.0637
1976-06-26,5.665085554122925,11.330172,23.379913330078125,0.0,48.9763,1.9835
1976-06-27,3.886253595352173,7.772507,23.954386711120605,0.0,47.3791,0.9787
1976-06-28,3.652593493461609,7.305187,24.61674404144287,0.0,46.8895,2.0676
1976-06-29,7.278165102005005,14.55633,24.22322463989257,0.0,47.3624,2.3008
1976-06-30,0.8253030776977539,1.6506062,24.691304206848145,0.0,45.9875,0.9795
1976-07-01,17.218626022338867,34.437252,24.43239116668701,0.0,50.8493,7.7316
1976-07-02,23.288317680358887,46.576637,23.550944328308105,0.0,52.2575,10.5518
1976-07-03,1.4943501949310305,2.9887004,23.42707252502441,0.0,48.2307,0.98
1976-07-04,5.196810483932495,10.393621,23.02254009246826,0.0,48.6751,3.7306
1976-07-05,3.8257919549942017,7.6515837,22.371931076049805,0.0,47.4298,1.1668
1976-07-06,16.912961959838867,33.825924,21.32526588439941,0.0,51.1125,7.5498
1976-07-07,20.656391143798828,41.312782,22.51313018798828,0.0,51.5893,9.0766
1976-07-08,8.46823263168335,16.936466,23.64851760864257,0.0,49.3603,3.0937
1976-07-09,16.914459228515625,33.82892,23.58743476867676,0.0,51.1303,8.1469
1976-07-10,16.63956069946289,33.27912,23.94313335418701,0.0,50.7589,6.9132
1976-07-11,5.68616795539856,11.372335,24.305435180664062,0.0,48.4041,1.5459999999999998
1976-07-12,1.64746356010437,3.2949271,24.91069602966309,0.0,46.8004,1.0191
1976-07-13,0.5877434015274048,1.1754868,26.047972679138184,0.0,45.3041,1.0673
1976-07-14,0.0,0.0,26.69572353363037,0.0,43.8246,1.0173
1976-07-15,0.0124796032905578,0.024959207,26.82088088989257,0.0,42.6304,1.0139
1976-07-16,0.3325568437576294,0.6651137,26.86104202270508,0.0,41.4524,1.0102
1976-07-17,1.1023797392845154,2.2047596,26.5441312789917,0.0,40.7351,1.2617
1976-07-18,0.5835472345352173,1.1670945,26.52061176300049,0.0,39.7235,1.0021
1976-07-19,0.3405025005340576,0.681005,27.16816234588623,0.0,38.5106,0.9979
1976-07-20,0.8374221324920654,1.6748443,27.46758270263672,0.0,37.5712,0.9936
1976-07-21,0.2271789312362671,0.45435786,27.409056663513184,0.0,36.3655,0.9893
1976-07-22,9.025382041931152,18.050764,27.52257442474365,0.0,38.8519,2.2414
1976-07-23,1.8235759735107424,3.647152,26.97631931304932,0.0,38.1136,0.9827
1976-07-24,0.1880046129226684,0.37600923,26.828332901000977,0.0,36.9857,0.9788
1976-07-25,0.580695629119873,1.1613913,26.6998348236084,0.0,36.1388,0.9746
1976-07-26,8.043617725372314,16.087234,26.197758674621586,0.0,39.9045,2.7532
1976-07-27,3.227978229522705,6.4559565,25.58445835113525,0.0,39.2204,0.9672
1976-07-28,1.4125633239746094,2.8251266,26.315937995910645,0.0,38.4545,1.1869
1976-07-29,0.9612250328063964,1.9224501,26.49654006958008,0.0,37.7809,0.9599
1976-07-30,0.1720025539398193,0.3440051,26.96969985961914,0.0,36.9941,0.956
1976-07-31,12.214365482330322,24.42873,24.2189302444458,0.0,43.7373,3.7937
1976-08-01,3.5436967611312866,7.0873938,24.397624969482425,0.0,42.4175,0.9557
1976-08-02,0.1622838973999023,0.3245678,26.05741310119629,0.0,40.382,0.9462
1976-08-03,0.2243486642837524,0.44869733,26.9641170501709,0.0,39.1471,0.9422
1976-08-04,0.2404800653457641,0.48096013,27.213478088378903,0.0,38.3045,0.9382
1976-08-05,1.332264065742493,2.6645281,27.81660842895508,0.0,37.7381,0.9345
1976-08-06,0.7095316648483276,1.4190633,26.98349380493164,0.0,36.9999,0.9499
1976-08-07,1.6240839958190918,3.248168,26.649730682373047,0.0,36.5125,0.9283
1976-08-08,0.6325852870941162,1.2651706,27.34786033630371,0.0,35.8335,0.9376
1976-08-09,1.3774501085281372,2.7549002,28.040809631347656,0.0,35.3529,0.9242
1976-08-10,18.186713218688965,36.37343,25.17286396026612,0.0,47.378,5.8195
1976-08-11,2.463467001914978,4.9269342,27.39204406738281,0.0,45.3196,0.9206
1976-08-12,7.748684406280518,15.497369,25.981602668762207,0.0,47.8017,3.1408000000000005
1976-08-13,3.273019552230835,6.546039,25.70491981506348,0.0,46.1117,0.9172
1976-08-14,0.1048479080200195,0.20969582,26.01803302764893,0.0,44.0016,0.9155
1976-08-15,0.0172253847122192,0.03445077,27.00620460510254,0.0,42.1381,0.9138
1976-08-16,1.3192226886749268,2.6384454,27.108428955078125,0.0,40.7616,1.1401
1976-08-17,2.380491256713867,4.7609825,26.1701021194458,0.0,39.5124,0.9104
1976-08-18,1.4817124605178833,2.963425,25.9823055267334,0.0,39.0582,1.1835
1976-08-19,0.3119040727615356,0.62380815,26.609868049621586,0.0,38.3124,0.907
1976-08-20,0.5776090621948242,1.1552181,26.91223621368408,0.0,37.593,0.9203
1976-08-21,0.7601261138916016,1.5202522,27.014641761779785,0.0,36.8827,0.9036
1976-08-22,0.1936091184616089,0.38721824,27.48094749450684,0.0,36.0468,0.9019
1976-08-23,0.1397051811218261,0.27941036,26.96625232696533,0.0,35.3455,0.9002
1976-08-24,5.467966318130493,10.935932,25.089599609375,0.0,38.9085,2.2399
1976-08-25,9.021178245544434,18.042356,24.83440971374512,0.0,41.5245,1.9174
1976-08-26,0.0954294204711914,0.19085884,24.979296684265137,0.0,39.9971,0.8952
1976-08-27,0.0556116104125976,0.11122322,25.598987579345703,0.0,39.0158,0.8935
1976-08-28,0.6601572036743164,1.3203144,26.90979766845703,0.0,38.323,0.8918
1976-08-29,7.2730393409729,14.546079,26.581417083740234,0.0,41.7032,2.4036
1976-08-30,4.956953048706055,9.913906,26.33784866333008,0.0,40.8545,0.8884
1976-08-31,16.432964324951172,32.86593,24.955585479736328,0.0,48.479,5.1685
1976-09-01,5.808530807495117,11.617062,24.19297218322754,0.0,46.9522,1.0521
1976-09-02,2.3766456842422485,4.753291,25.33497428894043,0.0,45.5132,0.9278
1976-09-03,7.20743203163147,14.414864,25.78334045410156,0.0,47.6493,2.7864
1976-09-04,6.936255216598511,13.872511,24.682015419006348,0.0,47.2536,1.2807
1976-09-05,1.9876748323440552,3.9753497,24.44608783721924,0.0,45.663,0.8785
1976-09-06,6.168975591659546,12.337952,23.52281856536865,0.0,47.1645,2.4872
1976-09-07,2.477999329566956,4.9559984,24.1817626953125,0.0,45.5571,0.8753
1976-09-08,2.9828845262527466,5.965769,23.60414028167725,0.0,45.7051,1.7464
1976-09-09,2.673586368560791,5.3471727,22.34855937957764,0.0,44.7386,0.8721
1976-09-10,0.0,0.0,20.53595733642578,0.0,42.7679,0.8705
1976-09-11,0.1548106670379638,0.30962133,20.33003234863281,0.0,41.15,0.8762
1976-09-12,0.102628469467163,0.20525694,20.66609287261963,0.0,39.6558,0.8673
1976-09-13,0.7687540054321289,1.537508,20.604860305786133,0.0,38.7634,0.9483
1976-09-14,0.1470063924789428,0.29401278,20.31437397003174,0.0,37.8653,0.8641
1976-09-15,0.1393173933029174,0.2786348,21.08255958557129,0.0,37.1848,0.8625
1976-09-16,0.1163125038146972,0.23262501,21.398759841918945,0.0,36.5814,0.8609
1976-09-17,0.0,0.0,22.259276390075684,0.0,36.0675,0.8592
1976-09-18,0.1324429512023925,0.2648859,21.76041984558105,0.0,35.7601,0.8576
1976-09-19,0.8802183866500854,1.7604368,24.02220726013184,0.0,35.3958,0.856
1976-09-20,0.3915416002273559,0.7830832,25.525277137756348,0.0,34.9364,0.8664000000000001
1976-09-21,24.09299087524414,48.18598,21.25269222259521,0.0,48.1739,6.125100000000001
1976-09-22,1.2063544392585754,2.4127088,19.870370864868164,0.0,45.972,0.8512
1976-09-23,2.044906616210937,4.089813,18.51321315765381,0.0,45.5243,1.2753
1976-09-24,2.1130549907684326,4.22611,18.757888793945312,0.0,44.8048,0.8481
1976-09-25,1.2004680633544922,2.4009361,20.497288703918457,0.0,44.3712,1.1157
1976-09-26,0.0,0.0,21.53021240234375,0.0,43.2451,0.8449
1976-09-27,0.2602721750736236,0.52054435,20.627954483032227,0.0,41.9407,0.8462000000000001
1976-09-28,0.0379921197891235,0.07598424,21.084425926208496,0.0,40.7051,0.8418
1976-09-29,0.1357671022415161,0.2715342,20.774059295654297,0.0,39.354,0.8402
1976-09-30,25.958767890930176,51.917534,19.159427642822266,0.0,52.7625,8.3359
1976-10-01,10.4933762550354,20.986752,19.255681037902832,0.0,50.9653,3.6629
1976-10-02,0.3149330615997314,0.6298661,20.55517101287841,0.0,47.826,0.8359
1976-10-03,0.4627673923969269,0.9255348,20.53976058959961,0.0,46.3487,0.9012
1976-10-04,0.9276220798492432,1.8552442,19.26601791381836,0.0,45.2765,0.8336
1976-10-05,0.2854248285293579,0.57084966,17.638931274414062,0.0,44.311,0.8340000000000001
1976-10-06,0.3491981029510498,0.6983962,17.854888916015625,0.0,43.3482,0.8311
1976-10-07,0.0976979732513427,0.19539595,18.77945137023925,0.0,42.2913,0.8301
1976-10-08,0.3889764249324798,0.77795285,19.28163051605225,0.0,41.3307,0.8285
1976-10-09,0.2079136371612548,0.41582727,20.84758853912353,0.0,40.2954,0.8285999999999999
1976-10-10,0.0,0.0,21.08802795410156,0.0,39.1796,0.8257
1976-10-11,0.0952410697937011,0.19048214,20.2754430770874,0.0,38.3405,0.8256
1976-10-12,0.027789294719696,0.05557859,19.70309829711914,0.0,37.6883,0.8228
1976-10-13,18.26676845550537,36.53354,17.96682834625244,0.0,49.5622,6.4608
1976-10-14,8.478480339050293,16.95696,16.650074005126953,0.0,50.2318,3.0474
1976-10-15,0.281993567943573,0.56398714,17.347283363342285,0.0,47.4466,0.8186
1976-10-16,0.0,0.0,16.6040096282959,0.0,45.7866,0.8175
1976-10-17,0.0144172310829162,0.028834462,16.82664394378662,0.0,44.3218,0.8164
1976-10-18,4.787979602813721,9.575959,17.911049842834473,0.0,45.9517,2.2446
1976-10-19,4.16085147857666,8.321703,18.981640815734863,0.0,45.9011,1.0932
1976-10-20,0.0015413761138916,0.0030827522,16.73361873626709,0.0,44.532,0.8127
1976-10-21,0.0,0.0,16.634451866149902,0.0,43.1407,0.8115
1976-10-22,42.24797439575195,84.49595,15.866578102111816,0.0,54.5666,16.6158
1976-10-23,9.288957595825195,18.577915,20.82948303222656,0.0,50.2347,3.4465
1976-10-24,36.8782901763916,73.75658,18.852166175842285,0.0,53.489,17.5962
1976-10-25,2.633664131164551,5.2673283,15.148440837860107,0.0,48.8325,1.3491
1976-10-26,0.0528310537338256,0.10566211,16.459813117980957,0.0,47.1989,0.8266
1976-10-27,4.513379812240601,9.02676,17.733394622802734,0.0,47.9651,2.734
1976-10-28,14.3665771484375,28.733154,19.1814489364624,0.0,50.6826,6.1906
1976-10-29,0.0280213356018066,0.05604267,16.911378860473633,0.0,47.8839,0.8335
1976-10-30,0.0050593204796314,0.010118641,16.62754249572754,0.0,46.5538,0.8357
1976-10-31,0.0,0.0,16.417611122131348,0.0,45.605,0.837
1976-11-01,0.0,0.0,16.244152069091797,0.0,44.8345,0.8375
1976-11-02,0.2239829301834106,0.44796586,17.520296096801758,0.0,44.1871,0.8412000000000001
1976-11-03,0.0127954185009002,0.025590837,17.810242652893066,0.0,43.5387,0.837
1976-11-04,0.0238908529281616,0.047781706,17.956799507141113,0.0,42.8524,0.8363
1976-11-05,2.953671455383301,5.907343,14.857208728790283,0.0,43.8611,1.7626
1976-11-06,0.1552770137786865,0.31055403,14.22031021118164,0.0,43.3392,0.8344
1976-11-07,0.0809235572814941,0.16184711,13.1965594291687,0.0,42.794,0.8333
1976-11-08,0.069976806640625,0.13995361,14.826737880706789,0.0,42.2709,0.8321
1976-11-09,0.0,0.0,15.33552074432373,0.0,41.678,0.8309
1976-11-10,1.6181605458259585,3.236321,16.457900047302246,0.0,41.9541,1.222
1976-11-11,6.697601079940796,13.395203,14.71653175354004,0.0,43.9223,2.0119
1976-11-12,0.0,0.0,12.301119804382324,0.0,43.353,0.8269
1976-11-13,0.5471621155738831,1.0943242,11.952758312225342,0.0,43.009,0.9093
1976-11-14,0.0839665532112121,0.1679331,7.152459383010864,0.0,42.7541,0.8242
1976-11-15,0.0,0.0,6.76816987991333,0.0,42.4706,0.8228
1976-11-16,8.5695219039917,17.139044,7.798015832901001,0.0,47.2688,3.7957
1976-11-17,2.2614235877990723,4.522847,5.689757585525513,0.0,46.8214,1.1323
1976-11-18,0.5997644662857056,1.1995289,5.115276575088501,0.0,46.0464,0.8187
1976-11-19,0.1800021976232528,0.3600044,6.948584794998169,0.0,45.381,0.8210000000000001
1976-11-20,3.01748788356781,6.034976,8.44741153717041,0.0,45.8895,1.4063
1976-11-21,0.0292130261659622,0.058426052,5.897128105163574,0.0,45.2478,0.8324999999999999
1976-11-22,0.0387981534004211,0.07759631,5.6305084228515625,0.0,44.6867,0.8182
1976-11-23,0.1376883387565612,0.27537668,5.843931436538696,0.0,44.2411,0.8175
1976-11-24,0.0462256371974945,0.092451274,6.240543365478516,0.0,43.8272,0.8146000000000001
1976-11-25,0.0,0.0,7.320947647094727,0.0,43.3506,0.8097
1976-11-26,0.0,0.0,5.93858003616333,0.0,42.9016,0.8084
1976-11-27,0.0,0.0,7.180771350860596,0.0,42.5029,0.8071
1976-11-28,0.1033554077148437,0.20671082,5.40666937828064,0.0,42.2235,0.8164
1976-11-29,0.0035302639007568,0.007060528,6.826219320297241,0.0,41.9242,0.8064
1976-11-30,0.0751900672912597,0.15038013,10.03596830368042,0.0,41.637,0.803
1976-12-01,0.6761454939842224,1.352291,10.99045467376709,0.0,41.5429,0.8404
1976-12-02,0.341500461101532,0.6830009,11.37045431137085,0.0,41.3058,0.8002
1976-12-03,0.0055002570152282,0.011000514,9.82160234451294,0.0,40.971,0.7988
1976-12-04,0.0343114137649536,0.06862283,10.588584899902344,0.0,40.6183,0.7974
1976-12-05,0.1533683538436889,0.3067367,10.184204578399658,0.0,40.3024,0.797
1976-12-06,0.0,0.0,10.094257354736328,0.0,39.9692,0.7946
1976-12-07,0.0233958661556243,0.046791732,9.088793754577637,0.0,39.7039,0.7931
1976-12-08,0.0246935188770294,0.049387038,8.498759269714355,0.0,39.4884,0.7917
1976-12-09,0.0774750709533691,0.15495014,3.0196356773376465,0.0,39.3584,0.8081
1976-12-10,0.0582616925239563,0.116523385,2.7862048149108887,0.0,39.2269,0.807
1976-12-11,0.0,0.0,6.500871896743774,0.0,38.8994,0.7874
1976-12-12,0.1484817862510681,0.29696357,9.039806365966797,0.0,38.5867,0.7866000000000001
1976-12-13,0.0220041275024414,0.044008255,9.043677806854248,0.0,38.2768,0.7846
1976-12-14,0.0519152879714965,0.103830576,7.431309223175049,0.0,37.9852,0.7831
1976-12-15,0.1513232588768005,0.30264652,9.335309505462646,0.0,37.7701,0.7817
1976-12-16,1.1551557779312134,2.3103116,13.342398166656494,0.0,38.0674,1.0128
1976-12-17,0.0503167510032653,0.1006335,13.987159729003906,0.0,37.8248,0.7788
1976-12-18,0.2817357778549194,0.56347156,14.03380823135376,0.0,37.5541,0.7841
1976-12-19,0.0890985131263732,0.17819703,14.118030548095703,0.0,37.268,0.7759
1976-12-20,0.0,0.0,14.51883840560913,0.0,36.8353,0.7745
1976-12-21,0.093922734260559,0.18784547,14.787872314453123,0.0,36.5595,0.7731
1976-12-22,0.0957821607589721,0.19156432,15.56233263015747,0.0,36.1604,0.7716
1976-12-23,4.298600852489471,8.597201,15.381301879882812,0.0,38.1831,1.5840999999999998
1976-12-24,2.4630406498909,4.926081,16.054692268371582,0.0,38.1858,0.7884000000000001
1976-12-25,8.388528823852539,16.777058,12.329522609710692,0.0,43.5339,2.9667
1976-12-26,11.171250343322754,22.3425,4.270044088363648,0.0,48.4976,3.3952
1976-12-27,3.1024574041366577,6.204915,0.6836898326873779,0.1808,48.136,1.45
1976-12-28,0.4028900265693664,0.80578005,-0.2216558456420898,0.2172,47.1372,0.8832
1976-12-29,0.0445672273635864,0.089134455,0.8337976932525635,0.1853,46.3834,0.7893
1976-12-30,0.2216572761535644,0.44331455,2.2946956157684326,0.0792,46.0343,0.9098
1976-12-31,0.9913703799247742,1.9827408,3.98700475692749,0.0,45.8497,0.9351
1977-01-01,19.617599487304688,39.2352,4.276000261306763,0.0,52.6627,7.4919
1977-01-02,16.907730102539062,33.81546,4.906068325042725,0.0,52.2146,7.3075
1977-01-03,0.3661305010318756,0.732261,4.52554988861084,0.0,48.4026,0.7567
1977-01-04,14.828633785247805,29.657269,2.1627440452575684,0.4803,51.3417,6.5543
1977-01-05,0.1485501527786255,0.2971003,0.7327766418457031,0.4079,48.3372,0.9134
1977-01-06,0.0246839523315429,0.049367905,2.956578016281128,0.1906,47.295,1.0148
1977-01-07,2.7622158527374268,5.5244317,4.714584589004517,0.0,47.6003,1.897
1977-01-08,2.0569188594818115,4.1138377,5.540351152420044,0.0,47.1283,1.2212
1977-01-09,2.616284132003784,5.2325683,6.20264458656311,0.0,47.1173,1.4768
1977-01-10,5.712439060211182,11.424878,5.7275567054748535,0.0,48.3013,2.6867
1977-01-11,0.0,0.0,8.535009860992432,0.0,46.9126,0.7632
1977-01-12,1.9050949215888977,3.8101897,6.663485527038574,0.0,46.9212,1.5206
1977-01-13,2.134278893470764,4.2685575,2.904352188110352,0.0,46.7,1.2254
1977-01-14,0.0,0.0,2.009065628051758,0.0,46.0956,0.8497
1977-01-15,0.6495851278305054,1.2991703,3.33354651927948,0.0,45.5778,0.8210000000000001
1977-01-16,0.4072163105010986,0.8144326,5.595674991607666,0.0,45.1145,0.7635
1977-01-17,0.8014268279075623,1.6028537,8.479634284973145,0.0,44.9299,0.9845
1977-01-18,0.4756498336791992,0.95129967,8.281883001327515,0.0,44.5415,0.7629
1977-01-19,0.0182002186775207,0.036400437,6.987267255783081,0.0,44.2094,0.7624
1977-01-20,1.1496675610542295,2.299335,8.44530963897705,0.0,44.2827,1.0416
1977-01-21,0.2086048126220703,0.41720963,9.207160472869871,0.0,43.9721,0.7611
1977-01-22,0.1561025381088256,0.31220508,9.139613151550291,0.0,43.6003,0.7632
1977-01-23,0.0521894693374633,0.10437894,6.580006122589111,0.0,43.2548,0.7595
1977-01-24,0.1065357327461242,0.21307147,7.003189086914063,0.0,42.9073,0.7617
1977-01-25,0.2709521651268005,0.54190433,10.773599624633787,0.0,42.4903,0.7577
1977-01-26,0.0,0.0,12.650439739227297,0.0,41.9937,0.7566
1977-01-27,3.3979198932647705,6.79584,6.038323402404785,0.0,43.5662,1.8679
1977-01-28,1.2347241044044497,2.469448,3.494635343551636,0.0,43.539,0.8371
1977-01-29,1.2327625155448914,2.4655252,2.712212085723877,0.0081,43.595,0.8912
1977-01-30,4.471700191497803,8.9434,-0.3202288150787353,0.6811,45.2451,1.8927
1977-01-31,3.339458703994751,6.6789174,-0.9438846111297609,2.3131,45.4964,1.1705
1977-02-01,15.060220718383787,30.120441,0.7658693790435791,5.8322,49.8192,5.2221
1977-02-02,4.761952638626099,9.523905,1.4046838283538818,6.0237,49.2043,2.9178
1977-02-03,2.340888977050781,4.681778,0.3838198184967041,6.5781,47.8699,1.3066
1977-02-04,0.640265703201294,1.2805314,1.730319261550903,6.1345,47.3084,1.3114
1977-02-05,0.0730392932891845,0.14607859,4.220159292221069,4.2909,47.7304,2.074
1977-02-06,0.8893551826477051,1.7787104,5.98549222946167,1.848,47.475,1.8798
1977-02-07,0.0,0.0,8.393586158752441,0.4741,46.5977,1.364
1977-02-08,1.510547399520874,3.0210948,8.994419574737549,0.0,46.3391,1.4813999999999998
1977-02-09,15.15990161895752,30.319803,6.158180236816406,0.0,50.7285,6.3762
1977-02-10,0.6030471324920654,1.2060943,4.819264650344849,0.0,48.0517,0.875
1977-02-11,0.5054408311843872,1.0108817,5.425987720489502,0.0,46.8678,0.8518
1977-02-12,1.6762248873710632,3.35245,8.424571514129639,0.0,46.0038,0.7535
1977-02-13,1.202299952507019,2.4046,9.41969108581543,0.0,45.5153,1.0006
1977-02-14,3.79162335395813,7.5832467,7.092687606811523,0.0,45.9911,1.5218
1977-02-15,1.1184073686599731,2.2368147,3.5173285007476807,0.0,45.6344,0.9749
1977-02-16,0.0,0.0,5.121531486511231,0.0,44.9895,0.7523
1977-02-17,0.0,0.0,4.370061159133911,0.0,44.4571,0.7519
1977-02-18,0.0,0.0,3.3657543659210205,0.0,43.9548,0.7514
1977-02-19,0.0,0.0,6.169916152954102,0.0,43.4007,0.7507
1977-02-20,0.0,0.0,9.606586456298828,0.0,42.9411,0.7499
1977-02-21,4.333620071411133,8.66724,6.585995435714722,0.0,45.0623,2.3319
1977-02-22,0.0965005159378051,0.19300103,5.149204730987549,0.0,44.5354,0.7759
1977-02-23,0.0,0.0,4.987332820892334,0.0,43.9285,0.7471
1977-02-24,0.2129209041595459,0.4258418,9.860658645629885,0.0,43.3027,0.7483
1977-02-25,0.7181177139282227,1.4362354,13.426387310028076,0.0,42.7767,0.7449
1977-02-26,0.5414425134658813,1.082885,15.31473159790039,0.0,42.3221,0.8407
1977-02-27,8.364805698394775,16.72961,14.428333282470703,0.0,44.8443,2.2716
1977-02-28,0.0,0.0,12.675145626068115,0.0,44.109,0.7414
1977-03-01,0.3885352611541748,0.7770705,17.398962020874023,0.0,43.3565,0.7676
1977-03-02,3.86799693107605,7.735994,15.98235034942627,0.0,43.0481,0.7462
1977-03-03,2.684290051460266,5.36858,10.605024814605711,0.0,43.9035,1.4722
1977-03-04,0.3709235191345215,0.74184704,7.011203050613403,0.0,43.4494,0.7546
1977-03-05,0.0356274843215942,0.07125497,6.24229907989502,0.0,42.993,0.7526999999999999
1977-03-06,0.1661838293075561,0.33236766,8.545084953308105,0.0,42.4751,0.738
1977-03-07,0.2417550086975097,0.48351002,11.03720998764038,0.0,41.8426,0.7326
1977-03-08,0.4304687976837158,0.8609376,13.33933925628662,0.0,41.2437,0.7722
1977-03-09,0.0966029167175293,0.19320583,15.418779373168944,0.0,40.4951,0.73
1977-03-10,0.0534852743148803,0.10697055,15.745617866516112,0.0,39.8459,0.7293000000000001
1977-03-11,0.2224133014678955,0.4448266,13.6252760887146,0.0,39.3674,0.7274
1977-03-12,0.2753067016601562,0.5506134,13.570644855499268,0.0,39.0279,0.7313999999999999
1977-03-13,0.4387083053588867,0.8774166,17.045698165893555,0.0,38.4074,0.7247
1977-03-14,0.0032210350036621,0.00644207,18.291160583496094,0.0,37.5665,0.7234
1977-03-15,0.0,0.0,19.216800689697266,0.0,36.7449,0.7221
1977-03-16,0.297576904296875,0.5951538,20.028682708740234,0.0,36.189,0.7261
1977-03-17,0.3615303039550781,0.7230606,19.447593688964844,0.0,35.7112,0.7194
1977-03-18,0.4984617233276367,0.99692345,20.26290607452393,0.0,35.2915,0.7433
1977-03-19,1.4769306182861328,2.9538612,14.756597995758057,0.0,35.0092,0.7167
1977-03-20,1.476318597793579,2.9526372,11.923434257507324,0.0,35.738,1.0156
1977-03-21,0.1537201404571533,0.30744028,14.529004096984863,0.0,35.2399,0.714
1977-03-22,0.7880814075469971,1.5761628,16.470948219299316,0.0,35.1553,0.835
1977-03-23,10.444255828857422,20.888512,12.61289358139038,0.0,39.7919,2.3455000000000004
1977-03-24,4.230565786361694,8.461132,8.6123046875,0.0,41.2357,1.2896999999999998
1977-03-25,0.2008509635925293,0.40170193,8.685606479644775,0.0,40.3662,0.7087
1977-03-26,0.0224651098251342,0.04493022,12.207022666931152,0.0,39.4185,0.7073
1977-03-27,0.0745687484741211,0.1491375,15.627927780151367,0.0,38.4554,0.706
1977-03-28,0.1824128627777099,0.36482573,15.59940767288208,0.0,37.8088,0.7095
1977-03-29,3.0419399738311768,6.08388,18.004237174987793,0.0,37.6261,0.7047
1977-03-30,21.20635986328125,42.41272,13.527363777160645,0.0,50.328,6.2465
1977-03-31,0.6618313789367676,1.3236628,11.632731914520264,0.0,47.3981,0.7007
1977-04-01,0.0,0.0,11.727866172790527,0.0,45.3523,0.6994
1977-04-02,0.0,0.0,14.858801364898682,0.0,43.7887,0.6981
1977-04-03,2.187063694000244,4.3741274,12.637556076049805,0.0,44.2048,1.2587
1977-04-04,0.0,0.0,16.085200786590576,0.0,42.6582,0.6955
1977-04-05,1.0257341861724854,2.0514684,17.663034439086914,0.0,41.9424,0.907
1977-04-06,2.6470723152160645,5.2941446,19.6416597366333,0.0,40.9004,0.6929
1977-04-07,8.38566279411316,16.771326,19.345224380493164,0.0,44.7011,2.8173
1977-04-08,2.085033893585205,4.170068,19.240234375,0.0,43.3542,0.6904
1977-04-09,23.562644958496094,47.12529,15.354589939117432,0.0,52.8446,7.8688
1977-04-10,9.22523593902588,18.450472,14.52419137954712,0.0,50.6939,3.1481
1977-04-11,3.3279523849487305,6.655905,16.136436462402344,0.0,48.2846,0.8755
1977-04-12,2.4941595792770386,4.9883194,19.48572158813477,0.0,46.8726,0.6861
1977-04-13,4.967089653015137,9.934179,19.814525604248047,0.0,48.0762,2.2978
1977-04-14,0.0468225479125976,0.093645096,22.17183208465576,0.0,46.1837,0.6845
1977-04-15,8.154382228851318,16.308765,21.751441955566406,0.0,48.9904,3.3812
1977-04-16,0.4470493793487549,0.89409876,21.811044692993164,0.0,46.698,0.6828
1977-04-17,9.488693714141846,18.977386,19.155244827270508,0.0,49.6278,3.8986
1977-04-18,0.768592357635498,1.5371847,15.198143005371094,0.0,47.2555,0.6811
1977-04-19,0.2933278083801269,0.5866556,13.693512439727783,0.0,45.5517,0.6896
1977-04-20,3.0052998065948486,6.0105996,12.535832405090332,0.0,45.0795,0.6803
1977-04-21,9.643279314041138,19.286558,16.003286361694336,0.0,48.8977,3.4057
1977-04-22,0.4280390739440918,0.85607815,20.9500789642334,0.0,46.6549,0.678
1977-04-23,0.3753571510314941,0.7507143,22.455620765686035,0.0,44.8386,0.6822
1977-04-24,0.2378528118133545,0.47570562,23.765538215637207,0.0,43.2413,0.6763
1977-04-25,3.8818471431732178,7.7636943,23.022201538085938,0.0,43.8034,1.7534
1977-04-26,0.1218407154083252,0.24368143,23.771140098571777,0.0,41.8919,0.6743
1977-04-27,3.3758327960968018,6.7516656,23.90559482574463,0.0,42.3032,1.5437
1977-04-28,5.6855950355529785,11.37119,17.45313262939453,0.0,42.5463,0.9046
1977-04-29,35.387582778930664,70.77516,12.937971115112305,0.0,54.1099,12.5988
1977-04-30,4.872333526611328,9.744667,17.854666709899902,0.0,48.8044,0.8954
1977-05-01,0.2338719367980957,0.46774387,22.0830717086792,0.0,46.6561,0.6721
1977-05-02,1.1200594902038574,2.240119,23.748523712158203,0.0,45.2817,0.8170999999999999
1977-05-03,3.668183088302612,7.336366,24.457858085632324,0.0,44.6448,0.7484
1977-05-04,0.888458251953125,1.7769165,25.265585899353027,0.0,43.4686,0.7854
1977-05-05,0.6372742652893066,1.2745485,24.94727897644043,0.0,42.0104,0.6737000000000001
1977-05-06,0.0,0.0,25.038923263549805,0.0,40.2438,0.6703
1977-05-07,7.733970642089844,15.467941,22.593042373657227,0.0,43.7251,2.9549000000000003
1977-05-08,1.931568264961243,3.8631365,21.95651340484619,0.0,42.7502,0.6682
1977-05-09,32.608673095703125,65.21735,21.79116725921631,0.0,53.7939,11.9481
1977-05-10,2.200289964675904,4.40058,20.746317863464355,0.0,48.5411,0.667
1977-05-11,19.41515350341797,38.830307,21.50816059112549,0.0,52.3715,8.5617
1977-05-12,26.514009475708008,53.02802,20.92811393737793,0.0,52.5947,10.5849
1977-05-13,4.684071898460388,9.368144,23.07918357849121,0.0,48.4668,0.7167
1977-05-14,31.16873359680176,62.337467,21.10157489776612,0.0,53.0765,15.4607
1977-05-15,6.823347568511963,13.646695,16.653972625732422,0.0,49.454,2.6406
1977-05-16,14.750041961669922,29.500084,16.77855110168457,0.0,51.0888,7.5585
1977-05-17,15.41948127746582,30.838963,18.23880386352539,0.0,51.0523,7.5327
1977-05-18,5.196841478347778,10.3936825,17.96923542022705,0.0,48.9143,2.0683
1977-05-19,10.815946102142334,21.631893,19.3011531829834,0.0,49.9715,4.8879
1977-05-20,10.328158378601074,20.656317,23.096200942993164,0.0,49.0768,2.6947
1977-05-21,23.093076705932617,46.186153,22.503790855407715,0.0,52.0477,11.0794
1977-05-22,3.9922337532043457,7.9844675,22.991692543029785,0.0,48.3123,0.7369
1977-05-23,8.972731828689575,17.945463,23.401875495910645,0.0,49.421,4.9744
1977-05-24,2.1091971397399902,4.2183943,23.356614112854004,0.0,47.2552,0.7383
1977-05-25,18.49143409729004,36.98287,22.36087226867676,0.0,51.9236,10.4101
1977-05-26,7.6825785636901855,15.365157,22.307229042053223,0.0,49.5043,2.7976
1977-05-27,14.71938705444336,29.438774,22.123851776123047,0.0,50.7385,6.3234
1977-05-28,3.109922170639038,6.2198443,22.31148624420166,0.0,48.065,0.758
1977-05-29,41.309844970703125,82.61969,21.65872097015381,0.0,53.5703,23.6906
1977-05-30,0.5106348991394043,1.0212698,23.76716709136963,0.0,48.264,0.7695
1977-05-31,10.551061391830444,21.102123,23.62818717956543,0.0,50.0736,6.401400000000001
1977-06-01,26.89530086517334,53.790604,23.17599296569824,0.0,52.3031,12.538900000000002
1977-06-02,1.360957384109497,2.7219148,21.311542510986328,0.0,48.2119,0.7904
1977-06-03,0.5946073532104492,1.1892147,23.632399559021,0.0,46.3394,0.8893
1977-06-04,2.929762125015259,5.8595243,23.62450695037841,0.0,45.5381,0.7986
1977-06-05,7.474063873291016,14.948128,23.513904571533203,0.0,48.1928,4.2704
1977-06-06,11.39624834060669,22.792496,23.7886610031128,0.0,49.8616,4.258
1977-06-07,1.8677215576171875,3.735443,24.44995307922364,0.0,47.4717,0.8006
1977-06-08,5.638055801391602,11.276112,23.92344856262207,0.0,47.9473,2.884
1977-06-09,15.163698673248293,30.327396,24.72239398956299,0.0,50.1475,4.7535
1977-06-10,5.551732778549194,11.103466,24.416887283325195,0.0,48.1954,1.1862
1977-06-11,11.331093072891235,22.662186,23.89514541625977,0.0,49.4951,3.9005
1977-06-12,4.738772630691528,9.477545,23.8272705078125,0.0,47.6301,0.8135
1977-06-13,8.476289510726929,16.95258,24.976780891418457,0.0,48.7095,3.6173
1977-06-14,4.709207773208618,9.418415,26.052294731140137,0.0,47.1141,0.8075
1977-06-15,1.9801783561706543,3.9603567,26.33325958251953,0.0,46.1351,1.4743
1977-06-16,6.656536340713501,13.313072,24.94581413269043,0.0,45.6898,0.8998
1977-06-17,11.962856769561768,23.925713,23.3869571685791,0.0,49.5477,4.9884
1977-06-18,28.66573143005371,57.331463,22.36837863922119,0.0,52.9329,13.3694
1977-06-19,30.137160301208496,60.274323,21.93443489074707,0.0,52.6265,17.3981
1977-06-20,57.28933143615723,114.57866,20.46247291564941,0.0,52.7344,42.2353
1977-06-21,17.13477325439453,34.269547,20.700623512268063,0.0,51.1599,10.7101
1977-06-22,26.370333671569824,52.74067,22.089258193969727,0.0,51.8189,12.7087
1977-06-23,32.40926170349121,64.81853,22.8687047958374,0.0,52.4608,18.8092
1977-06-24,1.4874212741851809,2.9748425,23.85346221923828,0.0,48.2326,0.8897
1977-06-25,37.06311225891113,74.12622,21.81729030609131,0.0,53.2532,22.2883
1977-06-26,26.93628692626953,53.872574,22.38263320922852,0.0,51.9872,16.1887
1977-06-27,8.34606122970581,16.692123,23.83882522583008,0.0,49.5261,3.6968
1977-06-28,1.1981412172317505,2.3962824,25.93083667755127,0.0,47.2329,0.9323
1977-06-29,2.0279409885406494,4.055882,26.53340435028076,0.0,46.3132,1.6888
1977-06-30,0.7713760137557983,1.542752,27.06556606292725,0.0,45.0278,0.9328
1977-07-01,0.1749107837677002,0.34982157,27.0348596572876,0.0,43.7605,0.9306
1977-07-02,0.0968415737152099,0.19368315,27.53021240234375,0.0,42.6466,0.9275
1977-07-03,0.6617641448974609,1.3235283,27.915536880493164,0.0,41.62,0.9904
1977-07-04,0.8394773006439209,1.6789546,28.432334899902344,0.0,40.6172,0.9204
1977-07-05,9.712056398391724,19.424112,27.33206558227539,0.0,45.2405,4.3045
1977-07-06,3.801347613334656,7.6026955,25.786027908325195,0.0,44.5231,0.9135
1977-07-07,0.0,0.0,26.804417610168457,0.0,43.1926,0.9106
1977-07-08,0.0833656787872314,0.16673136,27.93001747131348,0.0,42.0152,0.9071
1977-07-09,0.0,0.0,28.487133979797363,0.0,40.639,0.9042
1977-07-10,0.4532238245010376,0.90644765,28.911612510681152,0.0,39.4759,0.906
1977-07-11,0.0,0.0,28.771594047546387,0.0,38.3981,0.9003
1977-07-12,0.4506876468658447,0.9013753,28.533595085144043,0.0,37.4299,0.993
1977-07-13,13.357110977172852,26.714222,27.401344299316406,0.0,41.1811,2.4439
1977-07-14,4.812382459640503,9.624765,25.598273277282715,0.0,40.7502,0.8952
1977-07-15,0.0298238396644592,0.05964768,27.11018943786621,0.0,39.1717,0.8935
1977-07-16,0.4576784372329712,0.9153569,27.587234497070312,0.0,37.8544,0.8918
1977-07-17,0.1250604391098022,0.25012088,26.91635608673096,0.0,36.831,0.89
1977-07-18,0.5706833600997925,1.1413667,27.31946563720703,0.0,36.1289,0.8883
1977-07-19,0.3405025005340576,0.681005,27.745018005371094,0.0,35.4978,0.8866
1977-07-20,14.2044358253479,28.40887,26.365180015563965,0.0,41.9669,3.3758
1977-07-21,3.341591954231262,6.6831837,25.840773582458496,0.0,40.9501,0.8833
1977-07-22,29.81959342956543,59.639187,25.41041851043701,0.0,53.3683,9.8141
1977-07-23,0.4298654794692993,0.85973096,26.451546669006348,0.0,47.7643,0.8802
1977-07-24,0.628644585609436,1.2572892,25.232319831848145,0.0,46.0369,0.8969
1977-07-25,1.61566424369812,3.2313285,25.51354122161865,0.0,44.8744,0.8774
1977-07-26,4.299319505691528,8.598639,24.398832321166992,0.0,45.8812,2.096
1977-07-27,25.957324981689453,51.91465,23.82469749450684,0.0,53.0802,8.7969
1977-07-28,15.033246994018556,30.066494,24.42558860778809,0.0,51.1672,4.8544
1977-07-29,11.811469078063965,23.622938,24.355159759521484,0.0,50.5543,4.1865
1977-07-30,0.7550103664398193,1.5100207,25.857375144958496,0.0,47.5338,0.8762
1977-07-31,4.187469959259033,8.37494,25.59706115722656,0.0,47.4234,2.2004
1977-08-01,28.740629196166992,57.48126,23.475759506225582,0.0,53.0974,11.8267
1977-08-02,1.9640581607818604,3.9281163,25.998719215393063,0.0,48.3065,0.8784
1977-08-03,0.2546144723892212,0.50922894,26.566743850708008,0.0,46.3453,0.8836999999999999
1977-08-04,0.4434421062469482,0.8868842,27.237733840942383,0.0,45.0641,0.8805
1977-08-05,2.644018054008484,5.2880363,27.1905460357666,0.0,45.0253,1.7755999999999998
1977-08-06,1.3023393154144287,2.6046786,27.30356311798096,0.0,44.0494,0.8792
1977-08-07,0.1213686466217041,0.2427373,27.54637336730957,0.0,42.9342,0.8782
1977-08-08,0.6212387084960938,1.2424774,27.735694885253903,0.0,41.9235,0.877
1977-08-09,17.73105525970459,35.462112,24.97078514099121,0.0,50.4804,7.08
1977-08-10,2.890716433525085,5.781433,25.81349468231201,0.0,47.8786,0.8745
1977-08-11,4.836695671081543,9.673391,25.582783699035645,0.0,48.4019,2.6562
1977-08-12,9.682634353637695,19.365269,25.5226411819458,0.0,48.8663,2.3619
1977-08-13,0.636993408203125,1.2739868,26.456835746765137,0.0,46.8581,0.8716
1977-08-14,0.856113076210022,1.7122262,26.75193881988525,0.0,45.8391,1.1989
1977-08-15,1.9074652194976809,3.8149304,26.401735305786133,0.0,44.9338,0.8696
1977-08-16,0.5997486114501953,1.1994972,25.70162773132324,0.0,43.9672,0.9554
1977-08-17,1.4407116174697876,2.8814232,24.638214111328125,0.0,43.4927,0.8673
1977-08-18,3.9174692630767822,7.8349385,25.732470512390137,0.0,44.6986,2.059
1977-08-19,0.2821884155273437,0.56437683,26.49310207366944,0.0,43.4888,0.8646
1977-08-20,5.782945871353149,11.565891,25.98045253753662,0.0,45.4757,2.4611
1977-08-21,1.0387120246887207,2.077424,26.1953706741333,0.0,44.1996,0.8618
1977-08-22,1.1165236234664917,2.2330472,24.69509220123291,0.0,43.5375,1.0546
1977-08-23,4.626543283462524,9.253086,24.817832946777344,0.0,44.2296,1.3225
1977-08-24,1.359139919281006,2.7182798,24.225895881652832,0.0,43.2914,0.8575
1977-08-25,0.8329112529754639,1.6658225,23.871268272399902,0.0,42.17,0.9597
1977-08-26,0.1272821426391601,0.2545643,24.132084846496586,0.0,40.8388,0.8546
1977-08-27,0.0556116104125976,0.11122322,24.752774238586422,0.0,39.3451,0.8531
1977-08-28,0.0,0.0,25.38704395294189,0.0,38.0207,0.8516
1977-08-29,0.0741276741027832,0.14825535,25.59217071533203,0.0,37.1146,0.8501
1977-08-30,0.2045598030090332,0.4091196,26.72991371154785,0.0,36.4524,0.8485
1977-08-31,4.456115961074829,8.912231,26.241527557373047,0.0,38.1867,1.7456
1977-09-01,1.910018801689148,3.8200376,25.47966957092285,0.0,37.7885,0.8579
1977-09-02,0.3185961246490478,0.63719225,25.790225982666016,0.0,37.1064,0.8488
1977-09-03,0.103810429573059,0.20762086,26.664316177368164,0.0,36.4575,0.8423
1977-09-04,0.5308480262756348,1.061696,27.40138530731201,0.0,35.8991,0.8671
1977-09-05,0.7076709270477295,1.4153419,26.4946346282959,0.0,35.4619,0.8392
1977-09-06,0.0,0.0,26.57980728149414,0.0,34.9987,0.8376
1977-09-07,2.152507424354553,4.3050146,26.290264129638672,0.0,35.7298,1.2058
1977-09-08,3.949427127838135,7.8988543,25.157739639282227,0.0,35.4428,0.8344
1977-09-09,1.5735595226287842,3.147119,22.9051456451416,0.0,35.6549,1.1032
1977-09-10,0.0,0.0,21.90982151031494,0.0,34.9665,0.8313
1977-09-11,1.0465984344482422,2.0931969,21.796859741210938,0.0,35.2653,1.0214
1977-09-12,0.7753570079803467,1.550714,20.294675827026367,0.0,35.1335,0.8282
1977-09-13,1.1755446195602417,2.3510892,21.640524864196777,0.0,35.3049,0.9994
1977-09-14,3.9427435398101807,7.885487,24.35418033599853,0.0,35.2695,0.8279
1977-09-15,12.097371101379396,24.194742,24.00438117980957,0.0,42.1975,3.3715
1977-09-16,0.8088936805725098,1.6177874,24.88867473602295,0.0,40.6889,0.822
1977-09-17,0.0,0.0,23.568293571472168,0.0,39.3686,0.8204
1977-09-18,1.3257415294647217,2.651483,24.440656661987305,0.0,39.2784,1.0545
1977-09-19,3.526067614555359,7.0521355,24.56228923797608,0.0,38.9068,0.8173
1977-09-20,1.8975173830986023,3.795035,22.34469509124756,0.0,39.2323,1.1684
1977-09-21,1.3082332015037537,2.6164665,17.566304206848145,0.0,38.9481,0.8143
1977-09-22,0.0,0.0,16.475974082946777,0.0,38.5875,0.8127
1977-09-23,1.2815006971359253,2.5630014,17.812872886657715,0.0,38.7364,0.9685
1977-09-24,3.382609367370605,6.7652187,22.705780029296875,0.0,38.5816,0.8097
1977-09-25,50.9595890045166,101.919174,23.4704008102417,0.0,55.088,15.7859
1977-09-26,22.32120990753174,44.642418,23.94305229187012,0.0,52.4139,7.9542
1977-09-27,8.657743692398071,17.315487,23.29431915283203,0.0,50.1487,3.4217
1977-09-28,10.574318885803224,21.148638,23.60798168182373,0.0,50.0947,3.9335
1977-09-29,0.1414403915405273,0.28288078,24.279306411743164,0.0,47.4639,0.8092
1977-09-30,7.231175899505615,14.462352,23.29868507385254,0.0,48.954,3.7821
1977-10-01,8.129119634628296,16.25824,23.17595100402832,0.0,49.3179,3.0827
1977-10-02,0.5997824966907501,1.1995649,22.981032371521,0.0,47.2382,0.811
1977-10-03,8.366345882415771,16.732693,22.49267578125,0.0,49.5653,4.6304
1977-10-04,6.66962480545044,13.33925,22.38567352294922,0.0,48.5708,1.8712
1977-10-05,0.6804225444793701,1.3608451,23.05909442901612,0.0,46.8218,0.8122
1977-10-06,1.641365885734558,3.2827318,23.36369132995605,0.0,45.8704,1.1004
1977-10-07,9.448184967041016,18.89637,20.890862464904785,0.0,47.8252,2.8753
1977-10-08,0.1788848936557769,0.3577698,17.720932960510254,0.0,46.5993,0.812
1977-10-09,0.3648275136947632,0.729655,18.457189559936523,0.0,45.66,0.8328
1977-10-10,0.0,0.0,18.873194694519043,0.0,44.6322,0.8111
1977-10-11,0.0952410697937011,0.19048214,16.482952117919922,0.0,43.7795,0.8125
1977-10-12,0.0344684123992919,0.068936825,16.907355308532715,0.0,43.033,0.8094
1977-10-13,0.187779426574707,0.37555885,16.472676277160645,0.0,42.294,0.8111
1977-10-14,0.2231539487838745,0.4463079,18.06168365478516,0.0,41.6271,0.8072
1977-10-15,0.0525223612785339,0.10504472,19.45422840118408,0.0,40.9336,0.8059
1977-10-16,0.5910752415657043,1.1821505,19.95979118347168,0.0,40.5063,0.8046
1977-10-17,0.0,0.0,19.67150592803955,0.0,39.7892,0.8033
1977-10-18,0.013328194618225,0.02665639,17.332133293151855,0.0,39.1025,0.8019
1977-10-19,0.0638397932052612,0.12767959,16.483760833740234,0.0,38.4493,0.8006
1977-10-20,0.0,0.0,15.127300262451172,0.0,37.7307,0.7991
1977-10-21,0.0,0.0,14.592147827148438,0.0,37.0095,0.7977
1977-10-22,0.2427328824996948,0.48546576,15.639307498931885,0.0,36.4233,0.7983
1977-10-23,0.1711946129798889,0.34238923,16.84596538543701,0.0,35.8548,0.7948
1977-10-24,0.1367691755294799,0.27353835,18.046936988830566,0.0,35.3235,0.795
1977-10-25,0.3691833019256592,0.7383666,18.54759311676025,0.0,34.9623,0.7919
1977-10-26,0.0023701190948486,0.004740238,19.705320358276367,0.0,34.5615,0.7904
1977-10-27,0.0357909202575683,0.07158184,20.10142135620117,0.0,34.2795,0.7895
1977-10-28,0.0869947671890258,0.17398953,19.6160535812378,0.0,34.0397,0.7875
1977-10-29,0.0102580189704895,0.020516038,20.083494186401367,0.0,33.809,0.7861
1977-10-30,0.0243830308318138,0.04876606,20.48791027069092,0.0,33.6382,0.7846
1977-10-31,0.0,0.0,21.05712127685547,0.0,33.4294,0.7831
1977-11-01,3.0646690130233765,6.1293383,18.88653564453125,0.0,35.3768,1.4779
1977-11-02,0.2239829301834106,0.44796586,16.383371353149414,0.0,35.0283,0.7802
1977-11-03,0.0072686076164245,0.014537215,14.205511569976808,0.0,34.7574,0.7787
1977-11-04,0.0,0.0,15.375885009765623,0.0,34.3234,0.7773
1977-11-05,0.0649749040603637,0.12994981,15.360449314117432,0.0,33.9655,0.7758
1977-11-06,0.1079480350017547,0.21589607,18.11980628967285,0.0,33.6878,0.7744
1977-11-07,0.1576575338840484,0.31531507,19.3591890335083,0.0,33.4318,0.7737
1977-11-08,0.1824674606323242,0.36493492,17.121667861938477,0.0,33.3133,0.7714
1977-11-09,0.0,0.0,15.0132098197937,0.0,33.1821,0.77
1977-11-10,0.0,0.0,14.078625202178957,0.0,33.0451,0.7685
1977-11-11,0.0,0.0,14.373918056488035,0.0,32.9311,0.7671
1977-11-12,0.0,0.0,14.323614120483398,0.0,32.815,0.7657
1977-11-13,0.0239233970642089,0.047846794,12.813579082489014,0.0,32.7114,0.7642
1977-11-14,0.0,0.0,13.876595973968506,0.0,32.6056,0.7628
1977-11-15,14.13133955001831,28.26268,12.197670459747314,0.0,42.8932,4.1508
1977-11-16,4.194759845733643,8.38952,11.496084213256836,0.0,44.7066,1.5348000000000002
1977-11-17,1.2435047030448914,2.4870095,11.944359302520752,0.0,44.0593,0.7585
1977-11-18,0.6946083307266235,1.3892167,9.591598987579346,0.0,43.445,0.836
1977-11-19,0.1748142838478088,0.34962857,9.73887586593628,0.0,42.8062,0.7556
1977-11-20,0.4147665500640869,0.8295331,10.02024745941162,0.0,42.1616,0.7751
1977-11-21,0.0446892380714416,0.089378476,8.838221073150635,0.0,41.4983,0.7528
1977-11-22,0.0451533198356628,0.09030664,9.290993690490724,0.0,40.8538,0.7514
1977-11-23,0.2073217034339904,0.4146434,8.627367973327637,0.0,40.252,0.7499
1977-11-24,0.0590896308422088,0.11817926,9.676925659179688,0.0,39.6871,0.7485
1977-11-25,0.0,0.0,12.039000034332275,0.0,38.9402,0.7471
1977-11-26,0.0268926620483398,0.053785324,10.951107025146484,0.0,38.3464,0.7457
1977-11-27,0.0310698747634887,0.06213975,10.71160078048706,0.0,37.9809,0.7443
1977-11-28,0.1033554077148437,0.20671082,10.025713920593262,0.0,37.7471,0.7429
1977-11-29,0.0035302639007568,0.007060528,6.831878185272217,0.0,37.5223,0.7432000000000001
1977-11-30,0.0751900672912597,0.15038013,7.372590065002441,0.0,37.3265,0.7401
1977-12-01,0.0480894446372985,0.09617889,10.692289352416992,0.0,37.0778,0.7387
1977-12-02,0.0347018837928772,0.06940377,6.692838668823242,0.0,36.8869,0.7399
1977-12-03,0.0,0.0,6.886285781860352,0.0,36.7087,0.7373999999999999
1977-12-04,0.4311273992061615,0.8622548,10.969945430755615,0.0,36.5918,0.769
1977-12-05,0.1833571195602417,0.36671424,9.090447902679443,0.0,36.345,0.7332
1977-12-06,0.032521829009056,0.06504366,8.216842651367188,0.0,36.0729,0.7318
1977-12-07,0.0172455012798309,0.034491003,8.637712478637695,0.0,35.8168,0.7304
1977-12-08,0.1246078312397003,0.24921566,8.967868328094482,0.0,35.5714,0.729
1977-12-09,0.1277282536029815,0.2554565,9.010114192962646,0.0,35.3567,0.728
1977-12-10,0.3389744460582733,0.6779489,10.503286838531494,0.0,35.1989,0.7263
1977-12-11,6.5991575717926025,13.198315,13.440240383148192,0.0,40.2684,2.3606
1977-12-12,0.2657695412635803,0.5315391,11.718960762023926,0.0,39.7206,0.7236
1977-12-13,0.0505475997924804,0.1010952,11.41959810256958,0.0,39.288,0.7222
1977-12-14,0.0214858353137969,0.04297167,14.603826522827148,0.0,38.9409,0.7208
1977-12-15,0.1061938107013702,0.21238762,14.45493507385254,0.0,38.5782,0.7196
1977-12-16,0.0304088294506073,0.06081766,16.533902168273926,0.0,38.1854,0.7181
1977-12-17,0.037631943821907,0.07526389,13.59990692138672,0.0,37.9131,0.7168
1977-12-18,7.62939453125e-05,0.00015258789,13.232296466827393,0.0,37.6028,0.7154
1977-12-19,0.1683535575866699,0.33670712,13.591601371765137,0.0,37.4276,0.7161
1977-12-20,0.0,0.0,14.455113887786863,0.0,37.1639,0.7127
1977-12-21,0.2959812879562378,0.5919626,14.41179084777832,0.0,36.8847,0.7162000000000001
1977-12-22,0.3260141313076019,0.65202826,13.634394645690918,0.0,36.778,0.7101
1977-12-23,0.1180275678634643,0.23605514,14.321304321289062,0.0,36.5572,0.7098
1977-12-24,0.8192193061113358,1.6384386,13.57740831375122,0.0,36.4263,0.7074
1977-12-25,8.9956374168396,17.991276,8.381090641021729,0.0,42.7914,2.7799
1977-12-26,0.1509388089179992,0.30187762,6.887768983840942,0.0,42.1884,0.7047
1977-12-27,0.0704258680343627,0.14085174,10.825790882110596,0.0,41.5487,0.7051000000000001
1977-12-28,6.448991775512695,12.897984,12.155702114105225,0.0,45.0478,2.0479000000000003
1977-12-29,6.608998775482178,13.217998,13.274746894836426,0.0,47.6911,2.118
1977-12-30,20.845088958740234,41.690178,14.401000499725342,0.0,52.9593,6.3996
1977-12-31,11.242244720458984,22.48449,13.817670822143556,0.0,51.0608,3.4723
1978-01-01,3.59813392162323,7.196268,8.168928623199463,0.0,48.7031,1.1559
1978-01-02,0.4833811074495315,0.9667622,6.006539344787598,0.0,47.2004,0.6956
1978-01-03,0.1801422536373138,0.3602845,3.311656951904297,0.0,46.2985,0.7147
1978-01-04,0.2021427154541015,0.40428543,4.848245859146118,0.0,45.6379,0.7125
1978-01-05,0.0282474756240844,0.05649495,3.708141326904297,0.0,45.0951,0.7003999999999999
1978-01-06,0.0115116834640502,0.023023367,3.314957857131958,0.0,44.6498,0.698
1978-01-07,0.2224456071853637,0.4448912,9.18214464187622,0.0,44.1021,0.6927
1978-01-08,0.1230908632278442,0.24618173,10.771937847137451,0.0,43.5929,0.6882
1978-01-09,0.2390424758195877,0.47808495,10.520731925964355,0.0,43.273,0.6992
1978-01-10,0.2021476626396179,0.40429533,4.55431056022644,0.0,43.0414,0.7279
1978-01-11,0.0,0.0,5.262347221374512,0.0,42.6349,0.6845
1978-01-12,0.9113779664039612,1.8227559,8.545045375823975,0.0,42.7879,0.8885000000000001
1978-01-13,4.653249502182007,9.3064995,12.047852993011476,0.0,43.9753,1.3189000000000002
1978-01-14,0.0,0.0,11.028936862945557,0.0,43.4235,0.6808
1978-01-15,10.15311574935913,20.306232,12.35230827331543,0.0,48.7491,3.8282
1978-01-16,35.8701057434082,71.74021,6.466910123825073,0.0,53.8528,13.1392
1978-01-17,0.4318717122077942,0.8637434,1.748176097869873,0.0006,48.6245,0.7208
1978-01-18,0.7362998127937317,1.4725996,2.1024394035339355,0.0,47.3187,0.7748999999999999
1978-01-19,0.0,0.0,3.093855619430542,0.0,46.3616,0.6895
1978-01-20,0.08987557888031,0.17975116,3.312375783920288,0.0,45.6845,0.6884
1978-01-21,0.2146624326705932,0.42932487,2.6283655166625977,0.0,45.1722,0.7132
1978-01-22,0.1505153179168701,0.30103064,4.246777296066284,0.0,44.7322,0.711
1978-01-23,0.0521894693374633,0.10437894,10.188929557800291,0.0,44.1401,0.6794
1978-01-24,0.1036635637283325,0.20732713,13.068162441253662,0.0,43.5477,0.6792999999999999
1978-01-25,0.2461215257644653,0.49224305,12.665069580078123,0.0,43.189,0.6782
1978-01-26,0.0093006491661071,0.018601298,13.524263381958008,0.0,42.7023,0.6775
1978-01-27,0.0506952404975891,0.10139048,14.41316032409668,0.0,42.2742,0.6766
1978-01-28,13.303189277648926,26.606379,9.999627590179443,0.0,49.3105,5.6982
1978-01-29,0.3744752407073974,0.7489505,6.194607734680176,0.0,47.5255,0.6749
1978-01-30,1.5205212235450745,3.0410423,5.678723573684692,0.0,47.174,1.1696
1978-01-31,1.0752419829368591,2.150484,4.767788410186768,0.0,46.4632,0.7397
1978-02-01,1.0700769424438477,2.140154,4.923681974411011,0.0,45.8322,0.6876
1978-02-02,0.4145053625106811,0.8290107,3.911186695098877,0.0,45.3435,0.742
1978-02-03,0.3644468784332275,0.72889376,6.173838138580322,0.0,44.8571,0.7083
1978-02-04,0.0668549537658691,0.13370991,10.38539218902588,0.0,44.3445,0.6707
1978-02-05,2.1667670011520386,4.3335342,11.321179389953612,0.0,44.8414,1.3329
1978-02-06,0.9205063581466676,1.8410127,15.27933120727539,0.0,44.2226,0.6691
1978-02-07,0.0,0.0,17.06374740600586,0.0,43.4333,0.6682
1978-02-08,1.3981201648712158,2.7962403,18.378474235534668,0.0,43.5137,1.0691
1978-02-09,0.280670166015625,0.56134033,19.7735595703125,0.0,42.7973,0.6662
1978-02-10,0.7676557302474976,1.5353115,17.559322357177734,0.0,42.3863,0.8392000000000001
1978-02-11,4.196928262710571,8.393856,10.268043041229248,0.0,43.0608,1.0922
1978-02-12,14.524958610534668,29.049917,7.0224127769470215,0.0,49.983,5.304399999999999
1978-02-13,16.973777770996094,33.947556,5.368934631347656,0.0,52.1081,7.1221000000000005
1978-02-14,23.653549194335938,47.3071,4.816082000732422,0.0,52.7056,11.4075
1978-02-15,4.225451707839966,8.450903,3.264111995697021,0.0,49.3894,2.3973
1978-02-16,3.165657162666321,6.331314,2.6947271823883057,0.0,48.3713,1.7599999999999998
1978-02-17,0.0,0.0,2.590330123901367,0.0,47.0313,0.6741
1978-02-18,0.0,0.0,2.0599496364593506,0.0,46.1314,0.6765
1978-02-19,0.0,0.0,4.270575046539307,0.0,45.4935,0.678
1978-02-20,0.0,0.0,7.408806800842285,0.0,44.7796,0.6789
1978-02-21,1.6967564821243286,3.393513,8.541853427886963,0.0,44.9458,1.2665000000000002
1978-02-22,0.0965005159378051,0.19300103,8.338406801223755,0.0,44.4205,0.6793
1978-02-23,0.0,0.0,9.351540088653564,0.0,43.7876,0.679
1978-02-24,2.97835910320282,5.9567184,10.50778341293335,0.0,44.9291,1.7764000000000002
1978-02-25,0.7939858436584473,1.5879717,10.298223495483398,0.0,44.3508,0.678
1978-02-26,0.5659388303756714,1.1318777,9.17162036895752,0.0,43.8833,0.7927
1978-02-27,0.0,0.0,10.28568172454834,0.0,43.1899,0.6765
1978-02-28,0.0,0.0,11.98342514038086,0.0,42.4258,0.6756
1978-03-01,0.3946857452392578,0.7893715,9.536434173583984,0.0,42.0565,0.7042999999999999
1978-03-02,0.0329322814941406,0.06586456,12.469133853912354,0.0,41.4574,0.6736
1978-03-03,4.334267854690552,8.668535,13.56537675857544,0.0,43.56,2.1113
1978-03-04,22.63776206970215,45.275524,11.362779140472412,0.0,52.16,8.0807
1978-03-05,0.6263498067855835,1.2526996,8.84292459487915,0.0,48.3779,0.6706
1978-03-06,7.7608513832092285,15.521703,10.423876762390137,0.0,49.85,3.7607
1978-03-07,6.1230082511901855,12.2460165,13.316093921661375,0.0,49.2358,2.4
1978-03-08,27.300086975097656,54.600174,13.725264072418211,0.0,52.8176,12.427
1978-03-09,15.678570747375488,31.357141,15.029782772064207,0.0,51.2425,7.995299999999999
1978-03-10,0.1548572778701782,0.30971456,10.837606430053713,0.0,48.0182,0.6831
1978-03-11,0.1678102016448974,0.3356204,11.745107650756836,0.0,46.7279,0.7295
1978-03-12,9.819694519042969,19.639389,7.863248586654663,0.0,48.8597,3.8034
1978-03-13,7.34825587272644,14.696512,4.3122923374176025,0.0,49.5705,3.7288
1978-03-14,2.113882780075073,4.2277656,6.330992698669434,0.0,48.0704,1.2007
1978-03-15,0.1699793338775634,0.33995867,8.243767499923706,0.0,46.8439,0.6991
1978-03-16,30.15966033935547,60.31932,9.511751651763916,0.0,53.1441,15.9028
1978-03-17,0.5912988185882568,1.1825976,13.518548011779783,0.0,48.4019,0.7077
1978-03-18,3.964103937149048,7.928208,16.014246940612793,0.0,48.2819,2.7605000000000004
1978-03-19,1.3783926963806152,2.7567854,13.899903297424316,0.0,46.9516,0.7176
1978-03-20,11.277679443359377,22.555359,13.966067790985107,0.0,49.9727,5.6771
1978-03-21,27.92031192779541,55.840622,12.525763511657717,0.0,52.6962,13.685
1978-03-22,2.29205322265625,4.5841064,9.168692588806152,0.0,48.5042,0.7713
1978-03-23,3.1826117038726807,6.3652234,8.062459468841553,0.0,47.853,1.6719
1978-03-24,1.491620421409607,2.9832408,6.930953502655029,0.0,46.8942,0.8283
1978-03-25,0.2251753807067871,0.45035076,10.136362075805664,0.0,45.9581,0.7437
1978-03-26,0.6534254550933838,1.3068509,14.090813159942629,0.0,45.2974,0.9279
1978-03-27,18.62273502349853,37.24547,17.446866989135742,0.0,50.9584,7.297099999999999
1978-03-28,12.62553596496582,25.251072,18.722973823547363,0.0,50.4338,4.7608
1978-03-29,10.37755298614502,20.755106,14.55765151977539,0.0,50.0545,4.3287
1978-03-30,14.140324592590332,28.28065,16.283624172210693,0.0,50.934,6.837400000000001
1978-03-31,30.098371505737305,60.196743,13.305884838104248,0.0,52.5843,15.9075
1978-04-01,41.27654647827149,82.55309,10.841108798980711,0.0,52.7926,27.5576
1978-04-02,0.0,0.0,11.056369304656982,0.0,48.291,0.7927
1978-04-03,0.0,0.0,12.00117826461792,0.0,46.5108,0.8013
1978-04-04,23.61821746826172,47.236435,9.628458023071287,0.0,52.5137,12.9683
1978-04-05,33.727956771850586,67.45592,11.852060317993164,0.0,52.8193,19.1122
1978-04-06,1.8244690895080569,3.6489382,13.786148071289062,0.0,48.4534,0.8249
1978-04-07,2.0797542333602905,4.1595087,11.725553035736084,0.0,47.4676,1.6787999999999998
1978-04-08,3.2620058059692383,6.5240116,13.326432704925535,0.0,46.6863,0.9575
1978-04-09,5.767171621322632,11.534344,16.85598373413086,0.0,47.0986,1.9093
1978-04-10,8.79480266571045,17.589605,18.448286056518555,0.0,48.6041,3.3107
1978-04-11,4.088157296180725,8.176314,18.861044883728027,0.0,47.0912,0.8428
1978-04-12,0.0,0.0,18.872682571411133,0.0,45.3827,0.8437
1978-04-13,0.2577378749847412,0.51547575,20.100871086120605,0.0,44.0952,0.8505
1978-04-14,0.0,0.0,19.33545112609864,0.0,42.8643,0.843
1978-04-15,0.8889232873916626,1.7778466,17.99561309814453,0.0,42.513,1.0586
1978-04-16,38.02347946166992,76.04696,16.766508102416992,0.0,53.9045,15.9194
1978-04-17,19.981199264526367,39.9624,12.79681921005249,0.0,52.0203,10.5368
1978-04-18,0.0637974739074707,0.12759495,16.591416358947754,0.0,48.0468,0.8489
1978-04-19,12.546985149383543,25.093971,17.23588752746582,0.0,50.58,7.0627
1978-04-20,6.5576653480529785,13.115331,20.563495635986328,0.0,48.2708,1.2245
1978-04-21,38.773942947387695,77.54788,14.771700382232666,0.0,53.4016,20.7169
1978-04-22,11.398645639419556,22.79729,13.651020526885986,0.0,50.3009,6.0538
1978-04-23,0.8778812885284424,1.7557626,17.468595504760742,0.0,47.6527,0.883
1978-04-24,8.309100151062012,16.6182,19.49390411376953,0.0,49.0955,4.6305
1978-04-25,11.751364707946776,23.50273,19.20638370513916,0.0,50.1276,4.9154
1978-04-26,0.1406159400939941,0.28123188,16.95238971710205,0.0,47.3675,0.8909
1978-04-27,0.3287279605865478,0.6574559,18.63089179992676,0.0,45.789,0.914
1978-04-28,17.368956565856934,34.737915,19.448522567749023,0.0,50.9407,7.2003
1978-04-29,8.57032036781311,17.14064,21.028742790222168,0.0,49.5862,3.16
1978-04-30,5.92333459854126,11.846669,22.64650630950928,0.0,47.8301,1.0831
1978-05-01,1.710608959197998,3.421218,22.59214687347412,0.0,46.4141,1.0268
1978-05-02,2.2951979637146,4.590396,21.465801239013672,0.0,45.875,1.4387
1978-05-03,12.708110809326172,25.416222,20.51457118988037,0.0,49.2742,4.8186
1978-05-04,65.36957168579102,130.73914,18.37053871154785,0.0,54.5822,38.7122
1978-05-05,14.876729011535645,29.753458,17.85973358154297,0.0,50.5856,9.9381
1978-05-06,0.0,0.0,20.0045223236084,0.0,47.5655,0.9275
1978-05-07,0.0,0.0,20.28120517730713,0.0,45.7571,0.9303
1978-05-08,0.1955604553222656,0.3911209,21.860907554626465,0.0,44.4812,0.9305
1978-05-09,4.541406631469727,9.082813,22.76686763763428,0.0,44.3671,1.3243
1978-05-10,7.043382167816162,14.086764,16.303194522857666,0.0,45.4819,2.0027
1978-05-11,9.018243789672852,18.036488,15.770360946655272,0.0,46.9571,2.465
1978-05-12,0.7497520446777344,1.4995041,17.42797088623047,0.0,45.6382,0.9249
1978-05-13,2.471893787384033,4.9437876,17.300413131713867,0.0,45.8002,1.7753
1978-05-14,18.09044313430786,36.180885,16.026212692260742,0.0,51.8274,8.1758
1978-05-15,2.977125644683838,5.9542513,19.017653465271,0.0,48.3129,0.9227
1978-05-16,2.2242250442504883,4.44845,19.76987934112549,0.0,47.3796,1.577
1978-05-17,6.310306787490845,12.620613,19.64147186279297,0.0,48.002,2.4193
1978-05-18,30.74333381652832,61.486668,20.59555530548096,0.0,53.0195,14.1771
1978-05-19,2.350749254226685,4.7014985,19.97626209259033,0.0,48.5325,0.9512
1978-05-20,4.1110981702804565,8.222197,18.89901733398437,0.0,47.9071,2.0361
1978-05-21,1.1976723670959473,2.3953447,19.734816551208496,0.0,46.4989,0.9329
1978-05-22,26.47132110595703,52.942642,14.73616075515747,0.0,52.7432,13.8679
1978-05-23,0.7201306819915771,1.4402614,16.55822467803955,0.0,48.3192,0.9358
1978-05-24,0.810938835144043,1.6218777,19.68564987182617,0.0,46.7681,1.1789
1978-05-25,2.4990214109420776,4.998043,20.14133071899414,0.0,46.0673,0.9417
1978-05-26,1.1177377700805664,2.2354755,22.025182723999023,0.0,45.1825,1.1691
1978-05-27,0.4170379638671875,0.8340759,23.707687377929688,0.0,44.0694,0.9474
1978-05-28,9.80071258544922,19.601425,24.256840705871586,0.0,47.2647,4.0252
1978-05-29,10.171868801116943,20.343739,23.48527240753174,0.0,49.4361,3.978
1978-05-30,13.472639560699465,26.945278,22.963398933410645,0.0,50.492,4.8965000000000005
1978-05-31,5.068016529083252,10.136033,22.269800186157227,0.0,48.2034,1.1863
1978-06-01,24.23917388916016,48.478348,20.145736694335938,0.0,52.2578,10.8433
1978-06-02,10.726638317108154,21.453278,20.35480690002441,0.0,50.2262,4.823
1978-06-03,0.2689836025238037,0.5379672,20.82376003265381,0.0,47.6475,0.9429
1978-06-04,0.3352468013763428,0.6704936,21.53361797332764,0.0,45.9867,0.9515
1978-06-05,0.0,0.0,23.18220996856689,0.0,44.4946,0.9434
1978-06-06,40.97300148010254,81.946,17.386845588684082,0.0,53.9714,21.0329
1978-06-07,90.77812957763672,181.55626,16.09668254852295,0.0,53.3477,75.1079
1978-06-08,14.7536039352417,29.507208,20.34520530700684,0.0,50.6571,8.7906
1978-06-09,2.0355827808380127,4.0711656,23.17809772491455,0.0,47.7723,0.9786
1978-06-10,0.5771324634552002,1.1542649,24.391112327575684,0.0,46.0198,0.999
1978-06-11,0.114574909210205,0.22914982,25.939746856689453,0.0,44.7514,0.9815
1978-06-12,0.8725731372833252,1.7451463,24.630146980285645,0.0,43.8781,1.0795
1978-06-13,4.251039743423462,8.502079,24.6450252532959,0.0,43.6298,0.9793
1978-06-14,17.761841773986816,35.52368,24.739416122436523,0.0,50.7408,8.1421
1978-06-15,7.840843200683594,15.681686,24.846303939819336,0.0,48.749,1.8293
1978-06-16,14.143950462341309,28.2879,24.115906715393063,0.0,50.7405,5.7563
1978-06-17,8.734186172485352,17.468372,24.77075958251953,0.0,48.8107,2.0183
1978-06-18,5.746701717376709,11.493403,24.773184776306152,0.0,47.4787,1.1446
1978-06-19,12.628132820129396,25.256266,24.795878410339355,0.0,50.338,6.0526
1978-06-20,17.869685173034668,35.739372,24.30081367492676,0.0,51.2497,7.4749
1978-06-21,16.83892250061035,33.677845,23.985508918762207,0.0,51.1844,7.9784
1978-06-22,43.93044853210449,87.8609,23.0473747253418,0.0,53.174,24.6892
1978-06-23,3.749500989913941,7.499002,24.17773151397705,0.0,48.478,1.0084
1978-06-24,0.7557713985443115,1.5115428,25.47464942932129,0.0,46.6629,1.2559
1978-06-25,2.323653221130371,4.6473064,25.707637786865234,0.0,45.6978,1.0175
1978-06-26,1.8334614038467407,3.6669228,25.97604751586914,0.0,45.2013,1.6387999999999998
1978-06-27,1.1845555305480957,2.369111,26.03533363342285,0.0,44.175,1.0148
1978-06-28,1.4847489595413208,2.969498,26.4603967666626,0.0,43.541,1.4454
1978-06-29,2.0279409885406494,4.055882,27.12052059173584,0.0,42.7246,1.0086
1978-06-30,0.3118405342102051,0.62368107,27.56798458099365,0.0,41.5244,1.0052
1978-07-01,0.0,0.0,27.924426078796387,0.0,40.228,1.0008
1978-07-02,0.0735189914703369,0.14703798,27.623135566711422,0.0,39.1031,0.9964
1978-07-03,0.6556136608123779,1.3112273,27.914864540100098,0.0,38.1029,0.9922
1978-07-04,0.8394773006439209,1.6789546,28.090773582458496,0.0,37.0535,1.026
1978-07-05,1.0323679447174072,2.064736,28.65583229064941,0.0,36.1704,0.9838
1978-07-06,1.3749032020568848,2.7498064,28.62573337554932,0.0,35.7902,1.3215
1978-07-07,0.0,0.0,28.046356201171875,0.0,34.7295,0.9746
1978-07-08,0.0833656787872314,0.16673136,28.10838413238525,0.0,34.3707,0.9701
1978-07-09,0.0,0.0,27.93243408203125,0.0,34.0692,0.9661
1978-07-10,0.0,0.0,28.298025131225582,0.0,33.7972,0.9628
1978-07-11,0.0,0.0,28.309629440307617,0.0,33.5742,0.9604
1978-07-12,9.03752875328064,18.075058,26.49422550201416,0.0,38.6726,2.7661
1978-07-13,0.8427213430404663,1.6854427,25.95413017272949,0.0,38.017,0.9565
1978-07-14,0.0,0.0,27.11025905609131,0.0,37.08,0.9546
1978-07-15,0.219135046005249,0.4382701,27.528265953063965,0.0,36.298,0.9526
1978-07-16,0.8778514862060547,1.755703,27.170772552490234,0.0,35.6549,0.9507
1978-07-17,3.437311887741089,6.874624,26.86784553527832,0.0,37.481,1.7836
1978-07-18,4.46824836730957,8.936497,26.249503135681152,0.0,37.5417,0.9816
1978-07-19,0.5574936866760254,1.1149874,27.4074182510376,0.0,36.864,0.9568
1978-07-20,5.774932146072388,11.549864,26.221614837646484,0.0,39.3813,2.0564
1978-07-21,4.57887601852417,9.157752,25.21774673461914,0.0,39.4272,1.1065
1978-07-22,2.1926815509796143,4.385363,26.230834007263184,0.0,39.1404,1.2872
1978-07-23,0.8440166711807251,1.6880333,26.7598524093628,0.0,38.4122,0.9503
1978-07-24,19.56215763092041,39.124313,26.52178192138672,0.0,49.0161,5.8847
1978-07-25,3.4683457612991333,6.9366913,26.41275405883789,0.0,46.0043,0.9346
1978-07-26,1.579010844230652,3.1580217,25.382380485534668,0.0,44.6158,1.2431
1978-07-27,1.0697336196899414,2.1394672,25.957979202270508,0.0,43.0052,0.9311
1978-07-28,2.395627975463867,4.791256,25.485013961791992,0.0,42.6079,1.454
1978-07-29,1.3275660276412964,2.655132,26.533392906188965,0.0,41.2416,0.9276
1978-07-30,3.2582101821899414,6.5164204,27.379347801208496,0.0,41.7949,1.6989
1978-07-31,3.795735716819763,7.5914717,28.15145206451416,0.0,41.0729,0.9241
1978-08-01,1.394090175628662,2.7881804,28.129141807556152,0.0,40.2043,1.1819
1978-08-02,0.7214244604110718,1.4428489,27.922971725463867,0.0,39.1063,0.9207
1978-08-03,13.754536628723145,27.509073,26.752683639526367,0.0,46.0513,4.077
1978-08-04,11.005382537841797,22.010765,25.43454647064209,0.0,47.9158,2.4544
1978-08-05,0.674882173538208,1.3497643,26.056282997131348,0.0,45.6015,0.9155
1978-08-06,8.565235614776611,17.13047,24.49848365783692,0.0,48.9349,3.3851
1978-08-07,0.7307722568511963,1.4615445,26.40559959411621,0.0,46.4952,0.9121
1978-08-08,1.7773573398590088,3.5547147,26.586990356445312,0.0,45.3314,1.2622
1978-08-09,4.233498334884644,8.466997,25.971450805664062,0.0,45.3645,1.1385
1978-08-10,1.5383931398391724,3.0767863,25.6857328414917,0.0,44.2956,0.9118
1978-08-11,0.824073314666748,1.6481466,25.19175243377685,0.0,42.8003,1.0056
1978-08-12,1.330176591873169,2.6603532,25.46218013763428,0.0,41.4381,0.9102
1978-08-13,21.98577117919922,43.971542,22.95916175842285,0.0,52.4955,7.8375
1978-08-14,8.3255615234375,16.651123,24.67366886138916,0.0,49.994,2.4407
1978-08-15,0.4207054376602173,0.8414109,25.89470100402832,0.0,47.3446,0.8988
1978-08-16,0.3630214929580688,0.726043,26.263049125671387,0.0,45.5453,0.8997999999999999
1978-08-17,9.331411838531494,18.662823,26.6604528427124,0.0,47.0267,2.0356
1978-08-18,5.803400754928589,11.606802,25.33691501617432,0.0,46.177,0.8967999999999999
1978-08-19,6.94350528717041,13.887011,24.87078762054444,0.0,47.7915,2.5806
1978-08-20,3.186062216758728,6.3721247,25.44567012786865,0.0,46.2888,0.8917
1978-08-21,10.816787242889404,21.633575,24.74758720397949,0.0,50.0688,4.4326
1978-08-22,12.351522445678713,24.703045,24.653223991394043,0.0,50.8302,3.998
1978-08-23,0.7134102582931519,1.4268205,24.90475082397461,0.0,47.7939,0.8882
1978-08-24,0.8263046741485596,1.6526093,25.95790958404541,0.0,46.0517,0.9442
1978-08-25,0.1395773887634277,0.27915478,25.115683555603027,0.0,44.6058,0.8866
1978-08-26,3.199488997459412,6.398978,24.11500072479248,0.0,45.295,1.955
1978-08-27,5.559276938438416,11.118554,25.177614212036133,0.0,45.5943,1.2839
1978-08-28,27.20204257965088,54.404083,24.02871322631836,0.0,53.0624,9.2414
1978-08-29,14.697681427001951,29.395363,23.94802665710449,0.0,51.1873,5.1456
1978-08-30,0.2211661338806152,0.44233227,23.89675807952881,0.0,47.6898,0.8842
1978-08-31,0.3760535717010498,0.75210714,24.83848571777344,0.0,45.9439,0.8849
1978-09-01,0.5784710645675659,1.1569421,25.911084175109863,0.0,44.8511,0.8854000000000001
1978-09-02,1.641429781913757,3.2828596,26.49753189086914,0.0,44.0619,1.125
1978-09-03,0.255132794380188,0.5102656,26.56151390075684,0.0,43.0388,0.8831
1978-09-04,1.3268967866897583,2.6537936,26.25755500793457,0.0,42.5373,1.1869
1978-09-05,2.703440308570862,5.4068804,25.64639472961425,0.0,41.8112,0.8807
1978-09-06,1.0759902000427246,2.1519804,24.669658660888672,0.0,41.3507,1.1545999999999998
1978-09-07,0.4319183826446533,0.86383677,26.10997009277344,0.0,40.3215,0.8779
1978-09-08,0.0410206317901611,0.08204126,26.209418296813965,0.0,38.9998,0.8765
1978-09-09,1.56091570854187,3.1218314,26.283767700195312,0.0,38.1035,0.8751
1978-09-10,24.687499046325684,49.375,23.96532249450684,0.0,50.8341,7.2616
1978-09-11,1.9816150665283203,3.9632301,21.661755561828613,0.0,47.9645,0.872
1978-09-12,0.2638309001922607,0.5276618,22.48358631134033,0.0,46.1431,0.8849
1978-09-13,0.7907503843307495,1.5815008,23.576632499694824,0.0,44.9152,0.8694
1978-09-14,0.1668492555618286,0.3336985,23.480299949646,0.0,43.3885,0.8681
1978-09-15,0.1209264993667602,0.241853,23.759236335754395,0.0,41.8435,0.8667
1978-09-16,0.3615118861198425,0.7230238,24.92500305175781,0.0,40.2587,0.8725999999999999
1978-09-17,0.0,0.0,25.74863624572754,0.0,38.5692,0.8638
1978-09-18,2.1476481556892395,4.295296,25.36483764648437,0.0,38.3608,1.2372
1978-09-19,6.184787273406982,12.369575,23.366623878479004,0.0,39.2138,1.2462
1978-09-20,0.475978136062622,0.9519563,23.83934593200684,0.0,38.454,0.8593
1978-09-21,1.0669159889221191,2.133832,24.177663803100582,0.0,38.1547,1.0394
1978-09-22,1.35575270652771,2.7115054,22.68671131134033,0.0,37.7583,0.8562
1978-09-23,0.0,0.0,23.007168769836422,0.0,37.0108,0.8546
1978-09-24,0.5906744003295898,1.1813488,23.42722225189209,0.0,36.5567,0.878
1978-09-25,1.7880330085754397,3.576066,23.828428268432617,0.0,36.2818,0.8515
1978-09-26,18.98421573638916,37.96843,22.69164752960205,0.0,48.7956,6.5479
1978-09-27,0.4184765815734863,0.83695316,23.425817489624023,0.0,46.11,0.8484
1978-09-28,2.686271369457245,5.372543,22.10242748260498,0.0,45.9651,1.5464
1978-09-29,1.7601731419563291,3.5203462,21.976600646972656,0.0,44.8063,0.8454
1978-09-30,0.4352453947067261,0.8704908,21.90074157714844,0.0,43.8722,0.8522
1978-10-01,0.144738495349884,0.289477,21.298470497131348,0.0,43.031,0.8534
1978-10-02,0.3544688820838928,0.70893776,22.121867179870605,0.0,41.8357,0.85
1978-10-03,0.0295193493366241,0.0590387,22.897647857666016,0.0,40.5881,0.8395
1978-10-04,0.9147579669952391,1.8295159,23.08791446685791,0.0,39.6697,0.9777
1978-10-05,0.9228276014328004,1.8456552,20.65293407440185,0.0,39.1252,0.8364
1978-10-06,0.640756368637085,1.2815127,18.92531681060791,0.0,38.3686,0.8753
1978-10-07,0.1102033853530883,0.22040677,18.02586936950684,0.0,37.8167,0.8334
1978-10-08,0.0799182057380676,0.15983641,19.39341163635254,0.0,37.2847,0.8329
1978-10-09,0.1757310628890991,0.35146213,19.811798095703125,0.0,36.7427,0.8303
1978-10-10,0.0,0.0,19.964102745056152,0.0,36.1192,0.8288
1978-10-11,0.0883554816246032,0.17671096,20.79628276824951,0.0,35.6928,0.8285
1978-10-12,0.027789294719696,0.05557859,20.81047821044922,0.0,35.2174,0.8257
1978-10-13,0.1447025537490844,0.2894051,19.91808605194092,0.0,34.8935,0.8258000000000001
1978-10-14,0.1735424995422363,0.347085,19.53543281555176,0.0,34.6547,0.8226
1978-10-15,1.5074894428253174,3.014979,19.01574993133545,0.0,35.3103,1.1046
1978-10-16,18.628003120422363,37.256004,15.830144882202148,0.0,46.7579,5.2713
1978-10-17,4.571087241172791,9.142175,16.18197250366211,0.0,47.0298,1.5819
1978-10-18,5.460608243942261,10.921217,17.163826942443848,0.0,48.0298,1.8722
1978-10-19,2.508516788482666,5.0170336,19.091123580932617,0.0,47.0716,0.932
1978-10-20,6.10468339920044,12.209367,19.47005844116211,0.0,48.4998,2.1097
1978-10-21,0.5765381455421448,1.1530763,18.38266372680664,0.0,46.9163,0.8121
1978-10-22,0.5847544074058533,1.1695088,17.72465419769287,0.0,45.7146,0.8841
1978-10-23,0.1467632055282592,0.2935264,17.823909759521484,0.0,44.4965,0.8092
1978-10-24,0.1149467229843139,0.22989345,19.021052360534668,0.0,43.4314,0.8092999999999999
1978-10-25,0.3873947858810425,0.7747896,20.22311115264893,0.0,42.4716,0.8064
1978-10-26,0.0,0.0,21.25641632080078,0.0,41.1886,0.8049
1978-10-27,0.0431281328201293,0.086256266,21.007266998291016,0.0,39.7265,0.8039999999999999
1978-10-28,0.4888877868652344,0.9777756,12.13796329498291,0.0,39.0904,0.802
1978-10-29,0.004107654094696,0.008215308,9.618173599243164,0.0,38.5455,0.8006
1978-10-30,0.0,0.0,8.738855838775635,0.0,37.9562,0.7991
1978-10-31,0.0,0.0,11.68240737915039,0.0,37.4605,0.7976
1978-11-01,0.0,0.0,13.087256908416748,0.0,36.9649,0.7962
1978-11-02,0.2680674791336059,0.53613496,12.94844913482666,0.0,36.5515,0.7967
1978-11-03,0.0375433266162872,0.07508665,12.183951377868652,0.0,36.1871,0.7932
1978-11-04,0.0105326771736145,0.021065354,12.065062522888184,0.0,35.792,0.7917
1978-11-05,0.0097892880439758,0.019578576,12.89069890975952,0.0,35.4567,0.7903
1978-11-06,0.1258601546287536,0.2517203,15.171086311340332,0.0,35.141,0.7888
1978-11-07,1.6835694909095764,3.3671389,16.00873851776123,0.0,35.9443,1.1185
1978-11-08,0.9242603778839112,1.8485208,17.454389572143555,0.0,35.7877,0.7858
1978-11-09,0.0,0.0,16.901498794555664,0.0,35.4595,0.7844
1978-11-10,0.0,0.0,17.41672992706299,0.0,35.1948,0.7829
1978-11-11,20.57542133331299,41.15084,16.49430274963379,0.0,49.1486,6.4978
1978-11-12,7.712100982666016,15.424202,16.37497329711914,0.0,49.9437,2.7162
1978-11-13,0.0056601166725158,0.011320233,15.625646591186523,0.0,47.4699,0.7785
1978-11-14,0.0,0.0,16.47299289703369,0.0,45.8917,0.7772
1978-11-15,0.001824140548706,0.003648281,15.327830791473389,0.0,44.8866,0.7758
1978-11-16,0.2158339023590088,0.4316678,16.94059944152832,0.0,44.034,0.7744
1978-11-17,1.275203824043274,2.5504076,16.810291290283203,0.0,43.8388,1.0205
1978-11-18,0.6052912771701813,1.2105825,17.801481246948242,0.0,43.0938,0.7716
1978-11-19,0.2743720263242721,0.5487441,15.562779426574709,0.0,42.5734,0.7781
1978-11-20,0.3478109240531921,0.69562185,13.126842498779297,0.0,42.1505,0.7688
1978-11-21,0.0102246105670928,0.020449221,12.38568115234375,0.0,41.4881,0.7675
1978-11-22,0.0142569541931152,0.028513908,13.136492252349854,0.0,40.8655,0.7661
1978-11-23,0.1321615576744079,0.26432312,13.2473726272583,0.0,40.2364,0.7658
1978-11-24,0.0462256371974945,0.092451274,13.526023864746094,0.0,39.6856,0.7633
1978-11-25,0.0,0.0,13.881083488464355,0.0,38.968,0.7619
1978-11-26,0.0,0.0,13.305506706237791,0.0,38.5955,0.7605
1978-11-27,0.0452433228492736,0.090486646,11.700018405914308,0.0,38.3317,0.7617
1978-11-28,0.1033554077148437,0.20671082,8.53959608078003,0.0,38.0248,0.7577
1978-11-29,0.0035302639007568,0.007060528,7.605700492858887,0.0,37.7219,0.7563
1978-11-30,0.0751900672912597,0.15038013,8.037822246551514,0.0,37.4546,0.7549
1978-12-01,0.0480894446372985,0.09617889,10.422073364257812,0.0,37.1814,0.7535999999999999
1978-12-02,0.0219653844833374,0.04393077,10.298531532287598,0.0,37.0315,0.7521
1978-12-03,0.0,0.0,11.670191287994385,0.0,36.7788,0.7507
1978-12-04,0.041105031967163,0.082210064,13.362067699432371,0.0,36.444,0.7493
1978-12-05,0.1221134066581726,0.24422681,12.384331703186035,0.0,36.1835,0.7486
1978-12-06,0.0,0.0,11.891332626342772,0.0,35.8933,0.7465
1978-12-07,0.0349587202072143,0.06991744,10.83659315109253,0.0,35.6102,0.7451
1978-12-08,0.0690774917602539,0.13815498,12.859469413757324,0.0,35.3477,0.7438
1978-12-09,0.1588916778564453,0.31778336,13.7662935256958,0.0,35.0844,0.7426999999999999
1978-12-10,1.3478521704673767,2.6957045,13.170658588409424,0.0,34.9835,0.7496
1978-12-11,0.0,0.0,7.455269575119018,0.0,34.7873,0.7396
1978-12-12,0.160987377166748,0.32197475,6.780314683914185,0.0,34.6406,0.7425999999999999
1978-12-13,0.0141034126281738,0.028206825,9.491384983062744,0.0,34.4419,0.7368
1978-12-14,0.0711384713649749,0.14227694,9.799927711486816,0.0,34.2468,0.7354
1978-12-15,0.1119693517684936,0.2239387,7.608007431030273,0.0,34.1068,0.7341
1978-12-16,0.0877388715744018,0.17547774,7.208319187164307,0.0,33.9687,0.7329
1978-12-17,0.1238611042499542,0.24772221,8.070690631866455,0.0,33.8404,0.7313
1978-12-18,0.01236492395401,0.024729848,9.96580410003662,0.0,33.6892,0.7299
1978-12-19,0.083425223827362,0.16685045,10.90928840637207,0.0,33.6354,0.7292000000000001
1978-12-20,0.0057946741580963,0.011589348,9.259941577911375,0.0,33.5881,0.7272
1978-12-21,0.106607437133789,0.21321487,6.87343168258667,0.0,33.5323,0.7259
1978-12-22,0.0139673352241516,0.02793467,6.412510871887207,0.0,33.4594,0.7245
1978-12-23,0.1137961745262146,0.22759235,5.202689170837402,0.0,33.3978,0.7262
1978-12-24,0.0257474780082702,0.051494956,6.031020402908325,0.0,33.3451,0.7236
1978-12-25,4.704213619232178,9.408427,9.417967319488524,0.0,36.6752,1.7986
1978-12-26,1.8244765996932983,3.6489532,12.111602783203123,0.0,37.0213,0.8384
1978-12-27,3.2839877605438232,6.5679755,13.933633804321287,0.0,37.59,0.9143
1978-12-28,0.0823718905448913,0.16474378,11.111829280853271,0.0,37.3812,0.7163
1978-12-29,0.0,0.0,10.21528148651123,0.0,37.1243,0.715
1978-12-30,0.0547088980674743,0.109417796,9.060466289520264,0.0,36.9159,0.7136
1978-12-31,5.717247009277344,11.434494,8.619994640350342,0.0,40.8226,2.0845
1979-01-01,0.1733479499816894,0.3466959,8.81415605545044,0.0,40.5684,0.7142
1979-01-02,0.1313359439373016,0.2626719,10.225461483001707,0.0,40.0983,0.7106
1979-01-03,1.5227410793304443,3.0454822,10.91180181503296,0.0,40.3087,0.8392000000000001
1979-01-04,0.2150068283081054,0.43001366,9.168792247772217,0.0,39.8878,0.707
1979-01-05,0.1133105754852294,0.22662115,6.141419172286987,0.0,39.5502,0.7056
1979-01-06,0.0232409834861755,0.046481967,8.48155927658081,0.0,39.1347,0.7043
1979-01-07,0.322732925415039,0.64546585,8.869360446929932,0.0,38.705,0.7098
1979-01-08,0.1711465120315551,0.34229302,7.442001104354858,0.0,38.4489,0.7016
1979-01-09,0.1605601012706756,0.3211202,10.514384746551514,0.0,38.1193,0.7008
1979-01-10,0.2444276511669159,0.4888553,13.57825517654419,0.0,37.7575,0.699
1979-01-11,0.0,0.0,12.721195220947266,0.0,37.3528,0.6977
1979-01-12,4.170838356018066,8.341677,10.19985294342041,0.0,39.945,1.6312
1979-01-13,0.3844170570373535,0.7688341,8.572742462158203,0.0,39.6107,0.6951
1979-01-14,5.407949447631836,10.815899,7.27353048324585,0.0,43.1672,2.05
1979-01-15,7.980596542358398,15.961193,3.418831706047058,0.0,47.2722,2.5543
1979-01-16,0.2427107095718383,0.48542142,5.047587394714356,0.0,46.1136,0.6912
1979-01-17,0.4766688346862793,0.95333767,9.409940242767334,0.0,45.2672,0.7436999999999999
1979-01-18,0.6303189396858215,1.2606379,9.552144050598145,0.0,44.5986,0.6886
1979-01-19,0.3448870182037353,0.68977404,6.115009069442749,0.0,44.2376,0.7102
1979-01-20,0.6101580560207367,1.2203162,7.434552431106567,0.0,43.9136,0.686
1979-01-21,1.879023253917694,3.7580466,6.8096208572387695,0.0,44.7381,1.1361
1979-01-22,3.449152708053589,6.8983054,5.954383373260498,0.0,46.0672,1.3767
1979-01-23,3.860591053962708,7.721182,8.393632888793945,0.0,46.8864,1.3059
1979-01-24,1.2033096551895142,2.4066193,10.925209045410156,0.0,46.0393,0.6809
1979-01-25,0.8407782912254333,1.6815566,12.146222114562988,0.0,45.406,0.8393999999999999
1979-01-26,0.0,0.0,10.928473949432371,0.0,44.3934,0.6783
1979-01-27,0.1182988286018371,0.23659766,13.803693771362305,0.0,43.4543,0.6774
1979-01-28,0.2692346572875976,0.5384693,14.181591510772703,0.0,42.5987,0.6758
1979-01-29,7.1409752368927,14.28195,13.46511936187744,0.0,46.613,2.6207
1979-01-30,5.948379278182983,11.896759,7.71675705909729,0.0,47.5907,1.5367000000000002
1979-01-31,23.36671543121338,46.73343,1.8956046104431152,0.4243,53.092,7.607299999999999
1979-02-01,1.0829410552978516,2.165882,0.8238058090209961,0.2669,48.8349,0.9979
1979-02-02,0.4145053625106811,0.8290107,2.5292656421661377,0.0239,47.7001,0.9928
1979-02-03,10.358994007110596,20.717987,4.739435195922852,0.0,50.7244,4.2962
1979-02-04,2.9590017795562744,5.9180036,6.708512306213379,0.0,48.7574,1.347
1979-02-05,2.925295472145081,5.8505907,8.646215438842773,0.0,47.6931,0.995
1979-02-06,0.9331158399581908,1.8662317,7.737380981445312,0.0,46.555,0.6667
1979-02-07,0.8115863800048828,1.6231728,9.62851619720459,0.0,45.915,0.8194
1979-02-08,1.514100193977356,3.0282004,13.157083988189695,0.0,45.3377,0.6655
1979-02-09,0.8384034633636475,1.6768069,14.293414115905762,0.0,44.8811,0.8477999999999999
1979-02-10,9.877902030944824,19.755804,12.242586612701416,0.0,48.7267,3.5911
1979-02-11,1.7333663702011108,3.4667327,13.68891429901123,0.0,47.3555,0.7143
1979-02-12,5.106120467185974,10.212241,13.451554775238035,0.0,48.2587,2.1271
1979-02-13,8.007400512695312,16.014801,13.284435272216797,0.0,49.8087,3.4513000000000003
1979-02-14,11.943513870239258,23.887028,12.750301837921144,0.0,50.7718,4.759600000000001
1979-02-15,3.192081570625305,6.384163,11.111802101135254,0.0,48.0906,0.6777
1979-02-16,0.0,0.0,7.580154895782471,0.0,46.6081,0.6631
1979-02-17,0.0,0.0,9.258927822113035,0.0,45.5201,0.6635
1979-02-18,0.0,0.0,11.151651382446287,0.0,44.6312,0.6635
1979-02-19,0.0,0.0,11.498713970184326,0.0,44.0098,0.6632
1979-02-20,0.0,0.0,14.702747344970703,0.0,43.2515,0.6627
1979-02-21,1.777119517326355,3.554239,17.834893226623535,0.0,43.4079,1.2064
1979-02-22,0.1026508808135986,0.20530176,20.988072395324707,0.0,42.6074,0.6612
1979-02-23,0.0,0.0,18.843316078186035,0.0,41.7975,0.6603
1979-02-24,0.2252216339111328,0.45044327,15.332562923431396,0.0,41.2596,0.6631
1979-02-25,3.198416590690613,6.3968334,11.410720348358154,0.0,41.4964,0.8666
1979-02-26,0.8724828958511353,1.7449658,9.43407106399536,0.0,41.2543,0.6784
1979-02-27,0.0,0.0,6.70853328704834,0.0,40.8642,0.6562
1979-02-28,0.0,0.0,7.470123291015625,0.0,40.4125,0.6551
1979-03-01,0.3885352611541748,0.7770705,7.223299741744995,0.0,40.0957,0.6787000000000001
1979-03-02,11.669139385223389,23.33828,5.502640247344971,0.0,46.6945,4.1717
1979-03-03,2.713069438934326,5.426139,7.486322164535522,0.0,46.254,0.8700000000000001
1979-03-04,0.3709235191345215,0.74184704,8.115362882614136,0.0,45.3547,0.6507
1979-03-05,4.329244136810303,8.658488,9.56062936782837,0.0,47.0031,2.0607
1979-03-06,2.5614206790924072,5.1228414,11.217196941375732,0.0,46.4296,0.7859999999999999
1979-03-07,13.852070808410645,27.704142,10.872384548187256,0.0,51.0654,5.1515
1979-03-08,6.051806211471558,12.103613,14.797086715698242,0.0,49.4357,2.0741
1979-03-09,20.265981674194336,40.531963,17.338590621948242,0.0,52.2627,8.315900000000001
1979-03-10,0.1099538803100586,0.21990776,19.70889472961425,0.0,48.0187,0.6472
1979-03-11,3.3009285926818848,6.601857,14.991508960723875,0.0,47.7857,1.9644
1979-03-12,21.16599464416504,42.33199,9.313271045684814,0.0,52.2975,9.6015
1979-03-13,40.950796127319336,81.901596,8.778675079345703,0.0,53.4766,23.0451
1979-03-14,19.6487684249878,39.29754,9.364964962005615,0.0,51.3882,11.9708
1979-03-15,2.209047079086304,4.418094,8.509648323059082,0.0,48.553,1.28
1979-03-16,26.139243125915527,52.27849,8.505070209503174,0.0,52.5501,14.7761
1979-03-17,17.0283465385437,34.056694,9.084999084472656,0.0,51.3241,9.9687
1979-03-18,21.675369262695312,43.35074,6.973292350769043,0.0,51.8912,12.9046
1979-03-19,41.43087768554688,82.861755,7.921684265136719,0.0,52.9771,28.3046
1979-03-20,14.192547798156738,28.385096,10.173035144805908,0.0,50.7401,8.489799999999999
1979-03-21,0.1350970268249511,0.27019405,12.26354694366455,0.0,47.8159,0.7603
1979-03-22,14.752862930297852,29.505726,9.741748809814451,0.0,50.9831,7.8905
1979-03-23,0.1489474773406982,0.29789495,12.429375648498535,0.0,47.9137,0.7708
1979-03-24,0.992762327194214,1.9855247,11.976378917694092,0.0,46.8301,1.1048
1979-03-25,12.79208755493164,25.584175,8.944477558135986,0.0,50.1149,5.561999999999999
1979-03-26,5.371118545532227,10.742237,11.044340133666992,0.0,49.0389,2.4484
1979-03-27,0.8396303653717041,1.6792607,12.592002391815186,0.0,47.3453,0.781
1979-03-28,0.1509864330291748,0.30197287,15.21075963973999,0.0,46.2072,0.8665
1979-03-29,0.0712819099426269,0.14256382,18.76162815093994,0.0,45.1825,0.784
1979-03-30,12.820961952209473,25.641924,19.72033977508545,0.0,49.9297,6.2862
1979-03-31,0.4445183277130127,0.88903666,21.96897983551025,0.0,47.35,0.7842
1979-04-01,17.16184902191162,34.3237,20.06692790985108,0.0,51.5068,8.2744
1979-04-02,44.76866340637207,89.53732,12.810030937194824,0.0,53.8261,24.339
1979-04-03,2.145207405090332,4.290415,9.589994430541992,0.0,48.6828,1.0052
1979-04-04,13.983374118804932,27.966747,9.155459880828856,0.0,50.6269,6.9443
1979-04-05,10.577935218811035,21.15587,9.519665718078612,0.0,50.4044,5.6564000000000005
1979-04-06,12.972571849822998,25.945145,11.451064109802246,0.0,50.8017,6.8773
1979-04-07,8.066244125366211,16.132488,15.653121948242188,0.0,49.4049,3.2503
1979-04-08,1.893044233322144,3.7860885,16.747912406921387,0.0,47.4141,0.8361
1979-04-09,2.972155332565308,5.9443107,14.344484806060793,0.0,47.3628,2.1392
1979-04-10,0.363804817199707,0.72760963,14.484066486358644,0.0,46.1667,0.8413
1979-04-11,0.3654029369354248,0.7308059,17.274060249328613,0.0,45.123,0.922
1979-04-12,0.0,0.0,19.707009315490723,0.0,43.9322,0.842
1979-04-13,0.3060181140899658,0.6120362,19.140565872192383,0.0,43.1073,0.8539
1979-04-14,0.0,0.0,17.39619731903076,0.0,42.1791,0.8406
1979-04-15,2.769320487976074,5.538641,16.150408267974854,0.0,42.9057,1.7163
1979-04-16,2.11134672164917,4.2226934,16.89866828918457,0.0,42.6016,0.8384
1979-04-17,12.712299823760986,25.424599,16.950572967529297,0.0,48.6263,5.3871
1979-04-18,10.537695407867432,21.07539,18.712759017944336,0.0,49.4666,3.0909
1979-04-19,1.51520037651062,3.0304008,18.520835876464844,0.0,47.4589,0.835
1979-04-20,2.23121976852417,4.4624395,19.01413631439209,0.0,46.8048,1.6
1979-04-21,0.3278350830078125,0.65567017,18.34233665466309,0.0,45.3641,0.8332
1979-04-22,0.4280390739440918,0.85607815,18.24396514892578,0.0,44.2083,0.8464
1979-04-23,0.3250093460083008,0.6500187,21.099574089050293,0.0,43.2213,0.831
1979-04-24,2.151965022087097,4.3039303,22.432899475097656,0.0,43.4597,1.5291
1979-04-25,18.259994506835938,36.51999,21.53828239440918,0.0,50.66,5.942
1979-04-26,1.886460781097412,3.7729216,19.5134801864624,0.0,47.6962,0.8273
1979-04-27,0.039250373840332,0.07850075,16.42522382736206,0.0,46.1479,0.8274
1979-04-28,0.3516426086425781,0.7032852,19.3726224899292,0.0,44.9827,0.8252
1979-04-29,0.2944879531860351,0.5889759,21.85958671569824,0.0,43.8659,0.8299000000000001
1979-04-30,5.518580079078674,11.03716,21.90914249420166,0.0,44.0039,1.0632
1979-05-01,61.62865447998047,123.25731,17.65018081665039,0.0,55.0561,25.6678
1979-05-02,10.925329685211182,21.850658,16.003592491149902,0.0,50.1877,4.5597
1979-05-03,24.46067237854004,48.921345,13.58136796951294,0.0,52.2713,12.9008
1979-05-04,5.3602354526519775,10.72047,16.586109161376953,0.0,48.8924,1.8257
1979-05-05,1.9951765537261963,3.990353,19.31901359558105,0.0,47.2008,0.8502
1979-05-06,1.952398657798767,3.9047973,21.397656440734863,0.0,46.423,1.5811000000000002
1979-05-07,2.348217606544494,4.696435,21.46612548828125,0.0,45.6632,0.8551
1979-05-08,0.5723123550415039,1.1446247,20.7379207611084,0.0,44.6189,0.9345
1979-05-09,13.6734938621521,27.346989,21.53446674346924,0.0,48.8305,4.7092
1979-05-10,7.660353183746338,15.320706,21.519119262695312,0.0,48.3998,2.0287
1979-05-11,33.84763145446777,67.69527,19.24873638153076,0.0,53.3886,17.105900000000002
1979-05-12,1.355109691619873,2.7102194,20.20599174499512,0.0,48.3729,0.8624
1979-05-13,1.5066351890563965,3.0132704,21.776328086853027,0.0,46.9197,1.3121
1979-05-14,24.82612991333008,49.65226,19.26933002471924,0.0,51.9507,10.1543
1979-05-15,3.754830956459045,7.5096617,16.377565383911133,0.0,48.7132,1.4911
1979-05-16,0.04056978225708,0.081139565,17.59425449371338,0.0,46.8121,0.8801
1979-05-17,0.9863202571868896,1.9726405,17.598158836364746,0.0,45.6954,1.0602
1979-05-18,0.0,0.0,18.30476474761963,0.0,44.4679,0.8827
1979-05-19,0.0280196666717529,0.056039333,19.20544147491455,0.0,43.3361,0.8824
1979-05-20,0.0392637252807617,0.07852745,19.05531311035156,0.0,42.2967,0.8816
1979-05-21,1.0629262924194336,2.1258526,21.299723625183105,0.0,41.5566,1.0922
1979-05-22,0.0,0.0,23.58217430114746,0.0,40.3597,0.8792
1979-05-23,0.9200608730316162,1.8401217,22.59945011138916,0.0,39.6449,1.0246
1979-05-24,0.0964202880859375,0.19284058,22.16577816009521,0.0,38.7748,0.8764
1979-05-25,0.2797684669494629,0.55953693,21.09376049041748,0.0,38.1712,0.8753
1979-05-26,8.860620021820068,17.721241,19.376076698303223,0.0,42.3461,3.0176
1979-05-27,95.81716918945312,191.63434,16.25964069366455,0.0,55.6979,47.358700000000006
1979-05-28,14.95862865447998,29.917257,16.406359672546387,0.0,50.5789,10.095
1979-05-29,7.4334001541137695,14.8668,17.409857749938965,0.0,49.4859,3.8382
1979-05-30,0.3693292140960693,0.7386584,19.69621467590332,0.0,47.2896,0.9096
1979-05-31,0.4417524337768554,0.88350487,21.29843616485596,0.0,45.6899,0.9175
1979-06-01,0.0,0.0,21.135541915893555,0.0,44.1406,0.913
1979-06-02,0.0948925018310546,0.189785,20.964136123657227,0.0,42.9264,0.9124
1979-06-03,0.1683461666107177,0.33669233,24.443283081054688,0.0,41.8347,0.9113
1979-06-04,0.3541750907897949,0.7083502,24.624874114990234,0.0,40.7985,0.9188
1979-06-05,2.80582332611084,5.6116467,22.855270385742188,0.0,40.4228,0.9086
1979-06-06,28.72245216369629,57.444904,22.00822734832764,0.0,52.8702,11.6203
1979-06-07,2.6404504776000977,5.280901,23.76985454559326,0.0,48.3803,0.9061
1979-06-08,0.1703302860260009,0.34066057,23.73566627502441,0.0,46.3558,0.9056
1979-06-09,0.1309287548065185,0.2618575,23.97123146057129,0.0,44.8788,0.9049
1979-06-10,2.404641270637512,4.8092823,21.948341369628903,0.0,45.5921,2.003
1979-06-11,58.361379623413086,116.72276,18.1809663772583,0.0,54.8809,28.1597
1979-06-12,3.0940635204315186,6.188127,18.773345947265625,0.0,49.0128,1.7726000000000002
1979-06-13,0.6280519962310791,1.256104,20.47617244720459,0.0,47.0553,0.9187
1979-06-14,0.0,0.0,21.14487743377685,0.0,45.5284,0.9203
1979-06-15,1.959455966949463,3.918912,23.00559902191162,0.0,44.584,0.9195
1979-06-16,0.4654059410095215,0.9308119,23.89262294769287,0.0,43.413,0.9447
1979-06-17,0.6353659629821777,1.2707319,23.864919662475582,0.0,42.5165,0.9153
1979-06-18,8.07399868965149,16.147997,23.58918285369873,0.0,45.9415,3.892
1979-06-19,3.4140963554382324,6.8281927,24.82719135284424,0.0,45.0628,0.9111
1979-06-20,35.35300064086914,70.706,22.13232612609864,0.0,53.7669,16.251
1979-06-21,0.9766440391540528,1.9532881,22.72540664672852,0.0,48.375,0.9106
1979-06-22,4.645327568054199,9.290655,24.40204906463623,0.0,48.2062,2.8183
1979-06-23,1.3711483478546145,2.7422967,25.37614822387696,0.0,46.4734,0.911
1979-06-24,0.0,0.0,25.620047569274902,0.0,45.0544,0.9099
1979-06-25,0.1430273056030273,0.2860546,26.053054809570312,0.0,43.8708,0.9089
1979-06-26,0.2404000759124755,0.48080015,26.55250644683838,0.0,42.8183,0.9078
1979-06-27,18.24275016784668,36.4855,26.14318561553955,0.0,49.9886,6.5909
1979-06-28,25.93228816986084,51.86458,24.82837581634521,0.0,52.5454,9.7512
1979-06-29,10.953439712524414,21.90688,24.58796215057373,0.0,50.0481,3.7371
1979-06-30,11.241411209106444,22.482822,24.89730739593506,0.0,49.8717,4.0779
1979-07-01,4.245579481124878,8.491159,25.71788692474365,0.0,47.7336,0.9253
1979-07-02,0.0974204540252685,0.19484091,26.863347053527832,0.0,45.9337,0.9127
1979-07-03,0.6556136608123779,1.3112273,28.188825607299805,0.0,44.6288,0.9225
1979-07-04,2.457395315170288,4.9147906,28.362205505371094,0.0,44.5349,1.6804
1979-07-05,1.1197230815887451,2.2394462,27.76024055480957,0.0,43.6337,0.9655
1979-07-06,0.5985312461853027,1.1970625,28.26814746856689,0.0,42.6097,0.9509
1979-07-07,0.0,0.0,28.525728225708008,0.0,41.3404,0.9042
1979-07-08,0.0833656787872314,0.16673136,28.861620903015137,0.0,40.1659,0.9028
1979-07-09,0.0,0.0,29.218722343444824,0.0,38.8239,0.9013
1979-07-10,0.1190391778945922,0.23807836,28.63825798034668,0.0,37.6896,0.8998
1979-07-11,0.0,0.0,28.91513156890869,0.0,36.6486,0.8982
1979-07-12,0.1464545726776123,0.29290915,28.393439292907715,0.0,35.5479,0.8965
1979-07-13,0.1152095794677734,0.23041916,28.64940929412841,0.0,34.6323,0.8949
1979-07-14,0.0,0.0,28.836469650268555,0.0,34.2039,0.8933
1979-07-15,0.0124796032905578,0.024959207,28.75848960876465,0.0,33.9543,0.8916
1979-07-16,0.3325568437576294,0.6651137,27.70185375213623,0.0,33.7319,0.89
1979-07-17,0.1250604391098022,0.25012088,27.821642875671387,0.0,33.5011,0.8883
1979-07-18,3.117187142372132,6.234374,27.70576000213623,0.0,33.7928,1.0437
1979-07-19,14.6680645942688,29.336128,26.76455020904541,0.0,39.5367,2.8708
1979-07-20,30.30545330047608,60.61091,25.40361595153809,0.0,52.7411,7.9417
1979-07-21,22.242371082305908,44.48474,25.650404930114743,0.0,52.4626,6.7407
1979-07-22,0.458590030670166,0.91718006,27.32355690002441,0.0,47.9745,0.8804
1979-07-23,0.880565345287323,1.7611307,27.098913192749023,0.0,46.3556,1.0946
1979-07-24,8.061975717544556,16.123951,25.887490272521973,0.0,46.8949,1.5901999999999998
1979-07-25,23.26414585113525,46.52829,22.92919540405273,0.0,52.4933,8.0002
1979-07-26,1.4825928211212158,2.9651856,23.855701446533203,0.0,48.1494,0.8766
1979-07-27,2.159732460975647,4.3194647,24.865514755249023,0.0,47.1375,1.5863999999999998
1979-07-28,2.445662260055542,4.8913245,26.191304206848145,0.0,45.9461,0.8761
1979-07-29,10.661107063293455,21.322214,26.04023838043213,0.0,49.2535,4.2546
1979-07-30,14.372577667236328,28.745155,25.953855514526367,0.0,50.4727,4.06
1979-07-31,0.3678381443023681,0.7356763,26.85977458953857,0.0,47.437,0.8744
1979-08-01,1.0395216941833496,2.0790434,25.72807884216309,0.0,46.0359,1.0968
1979-08-02,18.21470260620117,36.429405,25.858838081359863,0.0,50.5842,5.1529
1979-08-03,1.7058489322662354,3.4116979,25.942233085632324,0.0,47.6466,0.8729
1979-08-04,0.2009743452072143,0.4019487,25.89395999908448,0.0,45.8964,0.8724
1979-08-05,0.0,0.0,26.61839866638184,0.0,44.5573,0.8717
1979-08-06,0.372589111328125,0.7451782,26.8904390335083,0.0,43.3657,0.8707
1979-08-07,0.1213686466217041,0.2427373,28.197081565856934,0.0,42.2464,0.8696
1979-08-08,0.6212387084960938,1.2424774,27.162081718444824,0.0,41.0856,0.881
1979-08-09,2.6010398864746094,5.20208,26.027816772460938,0.0,40.2794,0.8669
1979-08-10,0.0,0.0,24.93850803375244,0.0,39.0717,0.8655
1979-08-11,0.4167039394378662,0.8334079,26.098454475402832,0.0,38.0715,0.864
1979-08-12,0.3626978397369385,0.7253957,26.95180988311768,0.0,37.1232,0.8625
1979-08-13,0.6873219013214111,1.3746438,27.47122573852539,0.0,36.2913,0.861
1979-08-14,1.4931261539459229,2.9862523,27.232266426086422,0.0,36.0699,1.102
1979-08-15,0.8248699903488159,1.64974,27.33496189117432,0.0,35.469,0.8579
1979-08-16,0.3507207632064819,0.7014415,28.049633979797363,0.0,34.8208,0.8583000000000001
1979-08-17,0.6439549922943115,1.28791,27.55020809173584,0.0,34.4179,0.8548
1979-08-18,9.340893507003784,18.681787,26.41468906402588,0.0,40.8565,3.3561
1979-08-19,4.255268692970276,8.510537,25.202411651611328,0.0,40.8849,0.9344
1979-08-20,30.82825469970703,61.65651,24.75520801544189,0.0,53.4002,9.0823
1979-08-21,23.87347316741944,47.74695,23.91903305053711,0.0,52.6577,7.9348
1979-08-22,12.849311351776125,25.698624,24.084178924560547,0.0,50.7117,4.1736
1979-08-23,9.716333389282228,19.432667,25.13259029388428,0.0,49.6779,2.9186
1979-08-24,2.399961471557617,4.799923,24.314775466918945,0.0,47.6205,0.8502
1979-08-25,0.2277116775512695,0.45542336,25.366555213928223,0.0,46.0841,0.8507
1979-08-26,0.0422673225402832,0.084534645,25.732985496521,0.0,44.8555,0.8506
1979-08-27,6.329852342605591,12.659704,26.08829498291016,0.0,47.0982,3.2986
1979-08-28,6.861440896987915,13.722881,25.16317081451416,0.0,46.4279,0.9503
1979-08-29,7.838600397109985,15.6772,24.89957904815674,0.0,47.5777,2.222
1979-08-30,2.30371356010437,4.607427,25.119118690490723,0.0,46.1521,0.8474
1979-08-31,0.4923872947692871,0.9847746,24.977279663085938,0.0,44.9251,0.8465
1979-09-01,0.1294944286346435,0.25898886,25.359375,0.0,43.9326,0.8469
1979-09-02,23.939030647277832,47.87806,23.466583251953125,0.0,52.6759,9.3993
1979-09-03,4.912285804748535,9.824572,23.42867851257324,0.0,48.6729,1.0794
1979-09-04,6.685589790344238,13.37118,24.49783706665039,0.0,48.9162,2.4699
1979-09-05,0.8178613185882568,1.6357226,25.499147415161133,0.0,46.9611,0.8429
1979-09-06,0.0439000129699707,0.087800026,25.992735862731934,0.0,45.4902,0.8425
1979-09-07,12.552894592285156,25.10579,24.63847923278809,0.0,49.5695,4.8759
1979-09-08,4.573430299758911,9.14686,24.850521087646484,0.0,47.6525,0.8478
1979-09-09,46.93706703186035,93.87413,22.282254219055176,0.0,54.3028,22.0804
1979-09-10,9.517273902893066,19.034548,21.377272605896,0.0,50.0096,4.157
1979-09-11,0.2302038669586181,0.46040773,23.03968620300293,0.0,47.4816,0.853
1979-09-12,0.1151340007781982,0.230268,23.92765522003174,0.0,45.9141,0.8562
1979-09-13,0.7687540054321289,1.537508,24.56771183013916,0.0,44.8102,0.8573
1979-09-14,0.1414796113967895,0.28295922,25.242233276367188,0.0,43.7127,0.8574
1979-09-15,0.1209264993667602,0.241853,25.50577163696289,0.0,42.7521,0.8568
1979-09-16,0.1107857227325439,0.22157145,24.49630451202393,0.0,41.7659,0.8559
1979-09-17,0.0,0.0,24.7537488937378,0.0,40.6841,0.8548
1979-09-18,0.4642687439918518,0.9285375,23.750786781311035,0.0,40.0275,0.8707
1979-09-19,0.126362919807434,0.25272584,23.605058670043945,0.0,39.3581,0.8522
1979-09-20,0.3300379514694214,0.6600759,24.627649307250977,0.0,38.4784,0.8528
1979-09-21,0.0,0.0,24.209296226501465,0.0,37.5283,0.8494
1979-09-22,0.0,0.0,24.910587310791016,0.0,36.4985,0.8479
1979-09-23,0.0,0.0,24.436039924621586,0.0,35.5369,0.8464
1979-09-24,9.7947518825531,19.589504,23.18572807312012,0.0,41.2929,3.6013
1979-09-25,16.316938877105713,32.633877,21.35190391540528,0.0,49.9203,5.7738000000000005
1979-09-26,0.6272776126861572,1.2545552,21.65381622314453,0.0,47.4029,0.8418
1979-09-27,0.2602721750736236,0.52054435,19.301583290100098,0.0,45.8951,0.8425
1979-09-28,0.0562554597854614,0.11251092,17.387178421020508,0.0,44.7195,0.8391
1979-09-29,0.1486310958862304,0.2972622,17.78102397918701,0.0,43.5438,0.8377
1979-09-30,0.4481093883514404,0.8962188,18.401588439941406,0.0,42.4551,0.8362
1979-10-01,0.1470780968666076,0.2941562,18.92831420898437,0.0,41.4078,0.8355
1979-10-02,0.1330002546310424,0.2660005,19.08948802947998,0.0,40.3371,0.8333
1979-10-03,0.0354977846145629,0.07099557,18.23145294189453,0.0,39.1639,0.8319
1979-10-04,0.9276220798492432,1.8552442,16.170538902282715,0.0,38.4142,0.8304
1979-10-05,0.2798981666564941,0.55979633,15.416198253631592,0.0,37.6453,0.8301
1979-10-06,0.3602763414382934,0.7205527,15.00283145904541,0.0,36.954,0.8274
1979-10-07,0.1093997955322265,0.21879959,15.127744674682615,0.0,36.4837,0.8261
1979-10-08,0.1038359105587005,0.20767182,15.375203132629396,0.0,36.0075,0.8243
1979-10-09,0.188595175743103,0.37719035,15.829343318939207,0.0,35.5599,0.8238
1979-10-10,0.0,0.0,16.655770301818848,0.0,35.0484,0.8213
1979-10-11,0.1123003959655761,0.22460079,16.913724899291992,0.0,34.6677,0.821
1979-10-12,0.0477963089942932,0.09559262,16.013501167297363,0.0,34.3715,0.8182
1979-10-13,0.1630934476852417,0.3261869,16.158968925476074,0.0,34.139,0.8183
1979-10-14,0.1977843046188354,0.3955686,16.998321533203125,0.0,33.9714,0.8152
1979-10-15,0.0837428569793701,0.16748571,18.34540843963623,0.0,33.8001,0.8136
1979-10-16,0.0220712423324584,0.044142485,18.7763090133667,0.0,33.6335,0.8121
1979-10-17,0.0033636093139648,0.0067272186,17.682583808898926,0.0,33.4657,0.8106
1979-10-18,0.0006707906723022,0.0013415813,16.893762588500977,0.0,33.3196,0.8091
1979-10-19,0.056681752204895,0.113363504,15.0574951171875,0.0,33.1741,0.8075
1979-10-20,0.0,0.0,15.661232948303224,0.0,33.0072,0.806
1979-10-21,0.0,0.0,15.18887710571289,0.0,32.8485,0.8045
1979-10-22,0.1796339750289917,0.35926795,13.11033535003662,0.0,32.7311,0.8044
1979-10-23,0.1650442481040954,0.3300885,13.583810806274414,0.0,32.6098,0.8015
1979-10-24,0.1365898847579956,0.27317977,14.84373378753662,0.0,32.4776,0.8012
1979-10-25,0.3561743497848511,0.7123487,15.70036554336548,0.0,32.3485,0.7985
1979-10-26,0.0,0.0,15.85322380065918,0.0,32.2118,0.797
1979-10-27,0.1046372652053833,0.20927453,18.152409553527832,0.0,32.0964,0.7971
1979-10-28,0.0869947671890258,0.17398953,17.22062873840332,0.0,31.9816,0.794
1979-10-29,0.004107654094696,0.008215308,17.350093841552734,0.0,31.8416,0.7925
1979-10-30,0.0071230046451091,0.014246009,16.02864646911621,0.0,31.6997,0.791
1979-10-31,0.0,0.0,15.178781986236572,0.0,31.5453,0.7895
1979-11-01,0.0,0.0,14.823768138885498,0.0,31.3951,0.788
1979-11-02,0.2239829301834106,0.44796586,14.992295265197754,0.0,31.311,0.7884
1979-11-03,1.9292829036712649,3.8585658,18.16915702819824,0.0,31.5832,0.8701
1979-11-04,0.2851336598396301,0.5702673,17.576924324035645,0.0,31.4976,0.7836
1979-11-05,2.830806970596313,5.661614,17.406938552856445,0.0,33.3266,1.3331
1979-11-06,0.1318902969360351,0.2637806,13.28700065612793,0.0,33.0275,0.7806
1979-11-07,0.1368045210838318,0.27360904,12.16461181640625,0.0,32.8103,0.7796
1979-11-08,0.5399470925331116,1.0798942,17.16022300720215,0.0,32.7007,0.7777
1979-11-09,2.0100451707839966,4.02009,19.80226230621338,0.0,33.7521,1.1381
1979-11-10,0.0,0.0,19.36800479888916,0.0,33.3469,0.7747
1979-11-11,0.0,0.0,17.582560539245605,0.0,32.9202,0.7733
1979-11-12,0.2519361078739166,0.5038722,14.398284912109377,0.0,32.7353,0.774
1979-11-13,0.1557297706604004,0.31145954,11.5565767288208,0.0,32.5574,0.7704
1979-11-14,0.0,0.0,7.530107259750366,0.0,32.3613,0.7689
1979-11-15,0.0,0.0,12.719629764556885,0.0,32.1409,0.7675
1979-11-16,0.0638856887817382,0.12777138,16.64470386505127,0.0,31.9277,0.766
1979-11-17,1.4460121989250183,2.8920245,15.082168579101562,0.0,32.1677,0.847
1979-11-18,0.6589971482753754,1.3179944,8.350165128707886,0.0,32.0988,0.7651
1979-11-19,0.1363260447978973,0.2726521,3.3846259117126465,0.0,32.0744,0.7764000000000001
1979-11-20,0.3588644862174988,0.717729,8.313270092010498,0.0,31.9729,0.7603
1979-11-21,0.2949364483356476,0.5898729,12.25843906402588,0.0,31.9316,0.7636000000000001
1979-11-22,4.369059801101685,8.738119,10.313111782073976,0.0,34.6737,1.5177
1979-11-23,3.058793067932129,6.117586,7.4757080078125,0.0,35.3252,0.9406
1979-11-24,0.0646164417266845,0.12923288,6.157327175140381,0.0,35.2424,0.7747
1979-11-25,0.2557602375745773,0.5115205,9.558181762695312,0.0,35.0185,0.7531
1979-11-26,0.0,0.0,6.692211866378784,0.0,34.8071,0.7517
1979-11-27,0.0409302711486816,0.08186054,9.788614749908447,0.0,34.6762,0.7512
1979-11-28,0.1088823080062866,0.21776462,8.535531520843506,0.0,34.4798,0.7489
1979-11-29,0.0035302639007568,0.007060528,4.3697569370269775,0.0,34.3586,0.7522000000000001
1979-11-30,0.0751900672912597,0.15038013,8.277632713317871,0.0,34.1568,0.7461
1979-12-01,0.0480894446372985,0.09617889,10.978318214416504,0.0,33.9494,0.7447
1979-12-02,0.0219653844833374,0.04393077,7.82981014251709,0.0,33.7882,0.7444999999999999
1979-12-03,0.0,0.0,9.42426586151123,0.0,33.601,0.7419
1979-12-04,0.0038139224052429,0.007627845,14.346612930297852,0.0,33.387,0.7405
1979-12-05,0.1403935551643371,0.2807871,14.897517681121826,0.0,33.1761,0.7391
1979-12-06,0.0,0.0,15.628467559814451,0.0,32.9718,0.7377
1979-12-07,0.0038872957229614,0.0077745914,15.222967624664308,0.0,32.7889,0.7363
1979-12-08,0.0863060653209686,0.17261213,13.074573040008543,0.0,32.6395,0.7349
1979-12-09,0.1060118973255157,0.2120238,13.379483222961426,0.0,32.4842,0.7342000000000001
1979-12-10,0.0453703999519348,0.0907408,13.941071033477783,0.0,32.35,0.7321
1979-12-11,0.0,0.0,12.176342010498049,0.0,32.2432,0.7308
1979-12-12,0.1356177330017089,0.27123547,10.672029972076416,0.0,32.1428,0.7299
1979-12-13,0.0094565153121948,0.01891303,6.842190980911255,0.0,32.065,0.7286
1979-12-14,0.0338982343673706,0.06779647,5.824279546737671,0.0,32.0017,0.7287
1979-12-15,0.1061184406280517,0.21223688,7.222275733947754,0.0,31.9257,0.727
1979-12-16,0.0365591943264007,0.07311839,8.7925705909729,0.0,31.8315,0.7239
1979-12-17,0.0563468784093856,0.11269376,11.050780773162842,0.0,31.7356,0.7225
1979-12-18,0.0,0.0,14.033720016479492,0.0,31.6325,0.7212
1979-12-19,2.3857176303863525,4.7714353,15.92478084564209,0.0,33.3225,1.1999
1979-12-20,2.509120225906372,5.0182405,14.917028903961182,0.0,33.3716,0.7369
1979-12-21,0.1217275857925415,0.24345517,16.336941719055176,0.0,33.0277,0.7171
1979-12-22,0.0962008833885192,0.19240177,13.96756362915039,0.0,32.7644,0.7162
1979-12-23,2.454377293586731,4.9087543,10.844298839569092,0.0,33.6571,0.9913
1979-12-24,0.0017544701695442,0.0035089403,7.372067451477051,0.0,33.4456,0.7131
1979-12-25,0.0211961269378662,0.042392254,6.051214218139648,0.0,33.2628,0.7119
1979-12-26,0.1356232166290283,0.27124643,6.6963090896606445,0.0,33.0779,0.7113
1979-12-27,0.0849262475967407,0.1698525,7.01273250579834,0.0,32.8968,0.7102999999999999
1979-12-28,0.0637487769126892,0.12749755,8.672394752502441,0.0,32.6566,0.7077
1979-12-29,0.0004797577857971,0.0009595156,10.424431800842283,0.0,32.3942,0.7064
1979-12-30,0.0787695050239563,0.15753901,10.58857488632202,0.0,32.1652,0.705
1979-12-31,0.0362113714218139,0.07242274,11.97615098953247,0.0,31.9566,0.7037
1980-01-01,0.0376284718513488,0.07525694,12.493448257446287,0.0,31.7788,0.7024
1980-01-02,0.1313359439373016,0.2626719,13.569437503814695,0.0,31.6103,0.702
1980-01-03,0.1721958816051483,0.34439176,13.484260559082031,0.0,31.4831,0.6997
1980-01-04,0.987878143787384,1.9757563,9.48004150390625,0.0,31.9518,0.849
1980-01-05,0.3654353618621826,0.7308707,6.038395881652832,0.0,31.8926,0.6971
1980-01-06,0.5403936803340912,1.0807874,7.3700621128082275,0.0,32.0372,0.7556999999999999
1980-01-07,0.2594473361968994,0.5188947,6.273662567138672,0.0,31.917,0.6945
1980-01-08,0.199394941329956,0.39878988,5.418372869491577,0.0,31.8231,0.6973
1980-01-09,0.0811048746109008,0.16220975,8.0640869140625,0.0,31.6551,0.6919
1980-01-10,0.2074352800846099,0.41487056,6.018901109695435,0.0,31.55,0.696
1980-01-11,0.0,0.0,7.970149755477905,0.0,31.3896,0.6893
1980-01-12,2.0528273582458496,4.1056547,9.07482385635376,0.0,32.6757,1.0522
1980-01-13,0.3844170570373535,0.7688341,7.319229125976562,0.0,32.5793,0.6867
1980-01-14,0.0,0.0,6.907343149185181,0.0,32.3549,0.6854
1980-01-15,0.0684832334518432,0.13696647,5.261740446090698,0.0,32.2064,0.6875
1980-01-16,2.204330444335937,4.408661,4.697672128677368,0.0,33.1396,0.9494
1980-01-17,3.958041429519653,7.916083,7.282797574996948,0.0,34.8381,1.1462
1980-01-18,0.0,0.0,6.256871223449707,0.0,34.6169,0.6802
1980-01-19,0.0,0.0,7.960335731506348,0.0,34.3599,0.6789
1980-01-20,0.1666189432144165,0.3332379,8.23458218574524,0.0,34.1431,0.6794
1980-01-21,0.262248158454895,0.5244963,7.124693393707275,0.0,34.0141,0.6764
1980-01-22,0.1376514434814453,0.2753029,6.238497734069824,0.0,33.8046,0.6763
1980-01-23,0.0521894693374633,0.10437894,6.238451957702637,0.0,33.6351,0.6777
1980-01-24,0.2837674021720886,0.5675348,10.417852401733398,0.0,33.3649,0.6726
1980-01-25,0.2559924125671386,0.5119848,11.99388313293457,0.0,33.0956,0.6858
1980-01-26,1.6337621212005615,3.2675242,13.669121265411375,0.0,33.2606,0.7864
1980-01-27,3.317976951599121,6.635954,14.307635307312012,0.0,34.5236,1.0715
1980-01-28,9.243276119232178,18.486553,13.009316444396973,0.0,40.4493,2.4112
1980-01-29,15.541437149047852,31.082874,10.885963916778564,0.0,49.1119,3.7984
1980-01-30,0.7599203586578369,1.5198407,3.4117772579193115,0.0,47.2857,0.6849000000000001
1980-01-31,0.1887851953506469,0.3775704,1.178180694580078,0.0,46.3702,0.6944999999999999
1980-02-01,1.3820486068725586,2.7640972,1.466881513595581,0.0,46.242,0.8686
1980-02-02,8.510318756103516,17.020638,2.5431668758392334,0.0531,49.9513,2.7667
1980-02-03,6.232974052429199,12.465948,3.395819664001465,0.0,50.2189,2.3341
1980-02-04,20.988990783691406,41.97798,3.336832284927368,0.9389,52.8096,6.7348
1980-02-05,0.0971490144729614,0.19429803,1.290776252746582,0.7667,48.6545,0.8264
1980-02-06,5.540920734405518,11.081841,1.4715023040771484,1.1099,49.3178,2.3124
1980-02-07,19.08246803283692,38.164936,2.1777803897857666,1.9041,52.4276,7.5881
1980-02-08,7.463844299316406,14.927689,1.2502193450927734,2.6469,50.2161,3.286
1980-02-09,3.0083260536193848,6.016652,1.7567362785339355,2.6606,48.8176,1.7627000000000002
1980-02-10,0.6611162424087524,1.3222325,3.529978036880493,2.3737,47.6374,0.9861
1980-02-11,0.5452377796173096,1.0904756,6.012242555618286,0.8736,47.2477,1.4831
1980-02-12,7.339487791061401,14.678976,5.525939226150513,0.0196,49.4332,4.3011
1980-02-13,2.2560596466064453,4.5121193,4.399415493011475,0.0,47.931,1.0629
1980-02-14,0.0,0.0,5.088053464889526,0.0,46.751,0.6578
1980-02-15,1.184332251548767,2.3686645,5.777692317962647,0.0,46.4169,1.0581
1980-02-16,0.0,0.0,6.580356359481812,0.0,45.6181,0.6595
1980-02-17,0.0,0.0,8.4316565990448,0.0,44.8523,0.6598
1980-02-18,1.0956881046295166,2.1913762,12.26906967163086,0.0,44.6059,0.9685
1980-02-19,0.0,0.0,13.626854419708252,0.0,43.8577,0.6595
1980-02-20,2.562488079071045,5.124976,12.168964862823486,0.0,44.6208,1.485
1980-02-21,6.145446300506592,12.290893,10.634142875671388,0.0,46.5185,2.2187
1980-02-22,2.5929315090179443,5.185863,9.29776096343994,0.0,46.3079,0.9755
1980-02-23,24.42460823059082,48.849216,8.266326665878296,0.0,52.7736,10.7889
1980-02-24,0.7895663976669312,1.5791328,11.281774997711182,0.0,48.3848,0.6582
1980-02-25,5.069211006164551,10.138422,12.326373100280762,0.0,48.828,2.9787
1980-02-26,5.308042526245117,10.616085,12.638020992279053,0.0,48.6214,2.2317
1980-02-27,16.082335472106934,32.164673,10.532733917236328,0.0,51.2384,7.2454
1980-02-28,0.0,0.0,8.21423625946045,0.0,47.991,0.6678
1980-02-29,16.70352268218994,33.407043,11.632542610168455,0.0,51.6623,9.3735
1980-03-01,33.40704536437988,66.81409,15.05084991455078,0.0,52.9598,19.0448
1980-03-02,2.373533248901367,4.7470665,11.52581787109375,0.0,48.5042,0.6903
1980-03-03,0.0,0.0,15.987309455871582,0.0,46.7021,0.6993
1980-03-04,33.784963607788086,67.56993,14.377232551574709,0.0,53.2942,18.4395
1980-03-05,7.586159706115723,15.172319,13.62146806716919,0.0,49.6058,3.2947
1980-03-06,35.23912048339844,70.47824,12.830345153808594,0.0,53.0079,20.4384
1980-03-07,26.7948637008667,53.58973,15.183645725250244,0.0,51.9804,16.733800000000002
1980-03-08,44.10348701477051,88.20697,14.989940166473389,0.0,52.8583,30.4043
1980-03-09,6.03009819984436,12.060196,14.89961576461792,0.0,49.1248,2.4021
1980-03-10,0.0832829475402832,0.1665659,12.648411750793455,0.0,47.2996,0.784
1980-03-11,0.6023118495941162,1.2046237,13.034379005432127,0.0,46.4243,1.0252
1980-03-12,3.3485223054885864,6.6970444,10.746116161346436,0.0,46.4883,1.4086
1980-03-13,0.6249544620513916,1.2499089,11.299509525299072,0.0,45.7193,0.7924
1980-03-14,0.8903932571411133,1.7807865,9.858270168304443,0.0,45.4318,1.0867
1980-03-15,0.4211251735687256,0.84225035,8.520826816558838,0.0,44.9571,0.7935
1980-03-16,2.793900728225708,5.5878015,10.416697978973389,0.0,45.6731,1.7391
1980-03-17,0.4710490703582763,0.94209814,16.083350658416748,0.0,44.8173,0.7933
1980-03-18,18.847387313842773,37.694775,17.291364669799805,0.0,51.6671,8.7205
1980-03-19,0.5164847373962402,1.0329695,14.95582628250122,0.0,48.1377,0.7927
1980-03-20,2.590531349182129,5.1810627,17.11640453338623,0.0,47.234,1.5021
1980-03-21,0.12154221534729,0.24308443,19.28318977355957,0.0,45.8832,0.7931
1980-03-22,3.696406602859497,7.392813,16.63304042816162,0.0,46.5967,2.1926
1980-03-23,0.0543437004089355,0.1086874,13.236910343170166,0.0,45.5842,0.7923
1980-03-24,0.2233064174652099,0.44661283,10.136537075042725,0.0,44.9282,0.8049999999999999
1980-03-25,1.2890610694885254,2.5781221,10.23025369644165,0.0,44.4865,0.7908
1980-03-26,8.95865535736084,17.91731,9.374884128570557,0.0,48.6914,4.326700000000001
1980-03-27,0.9292867183685304,1.8585734,9.595510959625244,0.0,47.2129,0.7892
1980-03-28,0.1672306060791015,0.3344612,14.241146087646484,0.0,45.9889,0.7917
1980-03-29,0.0436599254608154,0.08731985,18.18739414215088,0.0,44.9577,0.7877
1980-03-30,0.5691590309143066,1.1383181,16.62081527709961,0.0,44.3565,0.9097
1980-03-31,3.911750316619873,7.8235006,16.952978134155273,0.0,44.0512,0.7877000000000001
1980-04-01,21.53628826141357,43.07258,10.300155639648438,0.0,52.3194,9.2678
1980-04-02,0.0,0.0,11.837523460388184,0.0,48.0297,0.7841
1980-04-03,10.118462562561035,20.236925,10.236541748046877,0.0,50.2936,4.939900000000001
1980-04-04,0.0331876277923584,0.066375256,17.021056175231934,0.0,47.507,0.7838
1980-04-05,0.6492123603820801,1.2984247,22.0161714553833,0.0,45.9782,0.941
1980-04-06,1.0224027633666992,2.0448055,19.944843292236328,0.0,45.0574,0.7833
1980-04-07,0.0,0.0,18.098031044006348,0.0,43.9699,0.7827
1980-04-08,15.609819412231444,31.219639,17.05289363861084,0.0,50.8527,6.9208
1980-04-09,8.367423057556152,16.734846,17.637709617614746,0.0,49.6686,2.7247
1980-04-10,9.670703411102297,19.341408,13.289270401000977,0.0,50.1159,3.8593
1980-04-11,3.9356130361557007,7.8712263,16.9437198638916,0.0,48.0005,0.9151
1980-04-12,26.172722816467285,52.345444,17.614988327026367,0.0,52.7974,12.5615
1980-04-13,16.121073722839355,32.24215,16.685592651367188,0.0,50.9324,6.8073
1980-04-14,7.264747858047485,14.529495,10.308197975158691,0.0,49.3488,3.0487
1980-04-15,0.0805569887161254,0.16111398,12.008808135986328,0.0,47.1569,0.7995
1980-04-16,0.1058137416839599,0.21162748,13.867809772491457,0.0,45.7634,0.8036
1980-04-17,0.0250306129455566,0.050061226,15.669618606567385,0.0,44.5706,0.8035
1980-04-18,0.0,0.0,17.8804349899292,0.0,43.4618,0.8039
1980-04-19,1.5715103149414062,3.1430206,19.643917083740234,0.0,42.8108,0.8033
1980-04-20,53.34373664855957,106.68747,18.3425931930542,0.0,54.6368,25.5617
1980-04-21,15.204266548156738,30.408533,15.779369831085203,0.0,50.9362,8.237
1980-04-22,21.33339500427246,42.66679,15.908937931060793,0.0,51.5747,10.8046
1980-04-23,17.387255668640137,34.774513,16.433293342590332,0.0,51.1725,9.0007
1980-04-24,23.63408374786377,47.268166,10.518045902252195,0.0,51.9752,13.1766
1980-04-25,19.00321578979492,38.00643,9.596643447875977,0.0,51.6051,11.7509
1980-04-26,19.71790027618408,39.4358,10.72145175933838,0.0,51.6073,11.5643
1980-04-27,18.548394203186035,37.096786,15.901856422424316,0.0,51.3312,9.9971
1980-04-28,29.098970413208008,58.19794,16.37574291229248,0.0,52.3345,16.4007
1980-04-29,52.843528747558594,105.68706,16.903778076171875,0.0,52.8273,41.3405
1980-04-30,12.095982551574709,24.191965,18.72835636138916,0.0,50.1425,5.9212
1980-05-01,7.838985443115234,15.677971,16.17152976989746,0.0,49.2784,3.5787000000000004
1980-05-02,29.28321933746338,58.566437,13.997441291809082,0.0,52.635,15.6801
1980-05-03,5.60184383392334,11.203688,19.641433715820312,0.0,48.7447,1.5527
1980-05-04,15.305150985717772,30.610302,21.210426330566406,0.0,50.4107,6.3918
1980-05-05,19.54718780517578,39.094376,21.10442447662353,0.0,51.5453,9.6576
1980-05-06,3.192835569381714,6.385671,19.216094970703125,0.0,48.2,0.9786
1980-05-07,2.456415057182312,4.9128304,15.080708026885986,0.0,47.4704,1.9326
1980-05-08,24.89129543304444,49.782593,15.851064205169678,0.0,52.4278,12.4028
1980-05-09,1.9334282875061035,3.8668566,18.08895969390869,0.0,48.2418,0.9908
1980-05-10,0.1535799503326416,0.3071599,17.21045684814453,0.0,46.5849,0.9944
1980-05-11,1.300518274307251,2.6010365,18.540512084960938,0.0,45.5698,0.9955
1980-05-12,4.458534240722656,8.9170685,22.156765937805176,0.0,45.5086,1.5510000000000002
1980-05-13,4.113583326339722,8.227167,24.241016387939453,0.0,44.8504,0.9944
1980-05-14,2.4898993968963623,4.979799,24.965091705322266,0.0,44.7031,1.9056
1980-05-15,7.46987509727478,14.939751,22.639397621154785,0.0,45.7775,2.0005
1980-05-16,23.5262451171875,47.05249,17.668177604675293,0.0,52.3549,9.841
1980-05-17,0.1987695693969726,0.39753914,17.205516815185547,0.0,48.0277,0.9882
1980-05-18,0.0,0.0,18.203155517578125,0.0,46.1874,0.9868
1980-05-19,0.2063803672790527,0.41276073,21.14568519592285,0.0,44.9218,0.9845
1980-05-20,0.359173059463501,0.7183461,20.56465435028076,0.0,44.0303,0.9821
1980-05-21,1.0629262924194336,2.1258526,20.306490898132324,0.0,43.4902,1.1995
1980-05-22,0.0335748195648193,0.06714964,22.269312858581543,0.0,42.5129,0.9764
1980-05-23,1.5242713689804075,3.0485427,22.88218116760254,0.0,42.2471,1.34
1980-05-24,7.266396760940552,14.532793,23.16911220550537,0.0,44.2782,2.2342
1980-05-25,2.5905654430389404,5.181131,25.215903282165527,0.0,43.5327,0.9686
1980-05-26,16.173688888549805,32.347378,20.15249347686768,0.0,50.4828,6.7799
1980-05-27,0.3985867500305176,0.7971735,17.808667182922363,0.0,47.4991,0.9621
1980-05-28,0.1972036361694336,0.39440727,19.192116737365723,0.0,45.7666,0.9588
1980-05-29,0.0,0.0,21.30524253845215,0.0,44.3056,0.9549
1980-05-30,0.5440158843994141,1.0880318,23.30905246734619,0.0,43.1655,0.9552
1980-05-31,4.748857259750366,9.497715,24.25287914276123,0.0,42.746,0.9479
1980-06-01,4.899425506591797,9.798851,24.5645112991333,0.0,44.1128,2.1385
1980-06-02,1.3633301258087158,2.7266603,21.793081283569336,0.0,43.5225,0.942
1980-06-03,3.082728624343872,6.1654572,19.77750968933105,0.0,44.395,1.8078
1980-06-04,1.118910312652588,2.2378206,20.927846908569336,0.0,43.4877,0.9367
1980-06-05,3.187211513519287,6.374423,22.552291870117188,0.0,43.9129,1.7945
1980-06-06,4.101067781448364,8.202135,22.038911819458008,0.0,43.8253,1.0227
1980-06-07,10.57914113998413,21.158283,22.41945075988769,0.0,48.263,3.4854000000000003
1980-06-08,4.598617911338806,9.197236,24.52781581878662,0.0,47.0663,0.9679
1980-06-09,9.334958553314207,18.669918,24.98314476013184,0.0,49.2747,3.1152
1980-06-10,0.5757236480712891,1.1514473,26.30921840667725,0.0,46.8163,0.9265
1980-06-11,1.0297670364379885,2.059534,27.0171480178833,0.0,45.0664,1.0082
1980-06-12,4.007415056228638,8.01483,27.12391948699951,0.0,44.2154,0.9234
1980-06-13,13.776030540466309,27.552061,26.015725135803223,0.0,49.8712,5.2783
1980-06-14,0.1986570358276367,0.39731407,24.600871086120605,0.0,47.0735,0.9203
1980-06-15,1.946591854095459,3.8931837,26.918869018554688,0.0,45.9031,1.4128
1980-06-16,0.3895416259765625,0.77908325,27.387688636779785,0.0,44.0702,0.9175
1980-06-17,0.474647045135498,0.9492941,27.205527305603027,0.0,42.4187,1.0294
1980-06-18,2.0203423500061035,4.0406847,26.537468910217285,0.0,41.331,0.9146
1980-06-19,0.8558998107910156,1.7117996,27.47690963745117,0.0,39.707,1.0028
1980-06-20,1.7384991645812988,3.4769983,27.55161762237549,0.0,38.7752,0.9115
1980-06-21,6.6724255084991455,13.344851,26.508130073547363,0.0,42.2238,2.8539
1980-06-22,2.0060858726501465,4.0121717,26.36826515197754,0.0,40.9708,0.9082
1980-06-23,0.4539377689361572,0.90787554,27.20203971862793,0.0,39.1386,0.9085
1980-06-24,0.0,0.0,26.64455509185791,0.0,38.2413,0.905
1980-06-25,0.1098666191101074,0.21973324,26.65596866607666,0.0,37.3146,0.9033
1980-06-26,0.0785202980041503,0.1570406,28.156661987304688,0.0,36.4932,0.9017
1980-06-27,4.989398002624512,9.978796,27.093420028686523,0.0,38.9862,2.1439
1980-06-28,3.0884463787078857,6.1768928,24.52810478210449,0.0,38.8188,0.8985
1980-06-29,2.0279409885406494,4.055882,26.88973903656006,0.0,38.8833,1.1995
1980-06-30,2.359349489212036,4.718699,27.58041763305664,0.0,38.9479,1.0794
1980-07-01,3.635824799537658,7.2716494,27.91753387451172,0.0,39.8643,1.5698
1980-07-02,0.4242730140686035,0.848546,27.81666851043701,0.0,38.9644,0.894
1980-07-03,7.726375579833984,15.452751,27.610084533691406,0.0,41.5269,2.2374
1980-07-04,4.92070746421814,9.841415,27.06752872467041,0.0,40.8786,0.8883
1980-07-05,6.206181049346924,12.412362,27.10612773895264,0.0,42.5976,2.29
1980-07-06,12.387070655822754,24.774141,26.843924522399902,0.0,45.6483,2.561
1980-07-07,11.79666805267334,23.593336,24.929452896118164,0.0,48.3581,2.8414
1980-07-08,1.1568464040756226,2.3136928,27.16338157653809,0.0,46.1669,0.8818
1980-07-09,0.0,0.0,28.02025413513184,0.0,44.0146,0.8802
1980-07-10,0.0,0.0,27.12136173248291,0.0,42.239,0.8786
1980-07-11,0.9627338647842408,1.9254677,26.946974754333496,0.0,40.9731,1.069
1980-07-12,1.0749534368515017,2.1499069,26.016228675842285,0.0,40.3057,0.8754
1980-07-13,23.62948036193848,47.25896,24.591927528381348,0.0,52.1945,8.0918
1980-07-14,11.163859367370604,22.327719,24.53520393371582,0.0,50.689,3.3922
1980-07-15,0.0590206980705261,0.118041396,26.246027946472168,0.0,47.4792,0.8712
1980-07-16,0.6486564874649048,1.297313,28.038307189941406,0.0,45.7107,0.8876
1980-07-17,2.940338969230652,5.880678,27.53378963470459,0.0,44.4655,0.8691
1980-07-18,3.481540441513061,6.963081,26.68392944335937,0.0,44.6016,1.8316
1980-07-19,2.5954740047454834,5.190948,26.08686923980713,0.0,43.3263,0.8666
1980-07-20,4.22707462310791,8.454149,26.364715576171875,0.0,43.7581,2.0143
1980-07-21,0.0977218151092529,0.19544363,26.94148540496826,0.0,41.806,0.8639
1980-07-22,0.5368123054504395,1.0736246,27.88267135620117,0.0,39.8246,0.8736
1980-07-23,0.4298654794692993,0.85973096,28.298904418945312,0.0,38.6611,0.861
1980-07-24,2.798675060272217,5.59735,27.66998863220215,0.0,39.3499,1.5672
1980-07-25,0.2366054058074951,0.4732108,27.152823448181152,0.0,38.5067,0.858
1980-07-26,0.327399730682373,0.65479946,28.12717628479004,0.0,37.6285,0.8566
1980-07-27,0.2021304368972778,0.40426087,27.602272033691406,0.0,36.8204,0.8549
1980-07-28,2.664863109588623,5.329726,26.364237785339355,0.0,37.5652,1.4198
1980-07-29,2.089712262153625,4.1794243,25.586546897888184,0.0,37.1677,0.8517
1980-07-30,2.3308894634246826,4.661779,26.211338996887207,0.0,37.924,1.3933
1980-07-31,0.5525445938110352,1.1050892,26.55327415466309,0.0,37.2183,0.8486
1980-08-01,0.4028511047363281,0.8057022,27.55823802947998,0.0,36.3906,0.8472999999999999
1980-08-02,0.1622838973999023,0.3245678,27.68967056274414,0.0,35.6699,0.8454
1980-08-03,6.296255826950073,12.592512,26.31855201721192,0.0,39.2598,2.3146
1980-08-04,18.42455101013184,36.849102,23.69035053253174,0.0,48.09,4.8728
1980-08-05,14.008267402648926,28.016535,24.613099098205566,0.0,50.3273,3.4539
1980-08-06,21.065375328063965,42.130753,23.2494478225708,0.0,52.7273,7.4266
1980-08-07,8.557517766952515,17.115036,23.958474159240723,0.0,49.8497,2.4687
1980-08-08,17.790957927703857,35.581917,23.49082660675049,0.0,51.5406,6.0153
1980-08-09,6.040833950042725,12.081668,24.436795234680176,0.0,48.6582,1.307
1980-08-10,0.0,0.0,24.793421745300293,0.0,46.5211,0.8389
1980-08-11,13.46656894683838,26.933138,24.82359790802002,0.0,50.8973,6.4353
1980-08-12,5.783778429031372,11.567556,25.456074714660645,0.0,48.2597,0.9878
1980-08-13,1.7354639768600464,3.470928,25.97698879241944,0.0,46.7077,0.9237
1980-08-14,5.819032192230225,11.638064,25.67264747619629,0.0,47.2692,2.3877
1980-08-15,4.6959662437438965,9.3919325,24.90957355499268,0.0,46.5393,1.0855
1980-08-16,1.6616570949554443,3.3233142,25.77472972869873,0.0,45.5935,1.1861
1980-08-17,0.5322185754776001,1.0644372,27.23267650604248,0.0,44.398,0.849
1980-08-18,9.243401050567629,18.486801,26.650415420532227,0.0,47.3579,3.5127
1980-08-19,8.261120796203613,16.522242,25.93075180053711,0.0,47.8276,1.9467
1980-08-20,2.529816508293152,5.0596333,25.553937911987305,0.0,46.3063,0.8337
1980-08-21,5.441353797912598,10.882708,26.283024787902832,0.0,47.7815,2.8839
1980-08-22,1.868984937667847,3.7379699,25.62663745880127,0.0,46.2353,0.8316
1980-08-23,1.888344645500183,3.7766893,26.454598426818848,0.0,45.8109,1.4508
1980-08-24,0.95611310005188,1.9122262,27.07972526550293,0.0,44.6149,0.8294
1980-08-25,0.3948761224746704,0.78975224,26.86319923400879,0.0,43.3653,0.8282
1980-08-26,0.0422673225402832,0.084534645,27.00292587280273,0.0,42.0279,0.8269
1980-08-27,2.753086924552917,5.506174,26.23058605194092,0.0,42.2942,1.5847
1980-08-28,14.045466899871826,28.090935,24.4375581741333,0.0,48.2111,3.9856
1980-08-29,14.33073616027832,28.661472,25.21142101287841,0.0,50.824,4.2297
1980-08-30,7.172993421554565,14.345987,25.25060749053955,0.0,48.9176,1.6079
1980-08-31,18.55176067352295,37.103523,24.440743446350098,0.0,52.0143,6.713
1980-09-01,4.122634053230286,8.245268,24.74251937866211,0.0,48.4146,0.8778
1980-09-02,3.11003577709198,6.220072,25.399767875671387,0.0,46.9449,0.973
1980-09-03,6.999417304992676,13.998835,25.20342445373535,0.0,48.2419,2.9331
1980-09-04,0.1024913787841796,0.20498276,25.03749179840088,0.0,46.3671,0.8216
1980-09-05,0.6892197132110596,1.3784394,25.797568321228027,0.0,45.1634,0.9333
1980-09-06,0.0,0.0,26.435932159423828,0.0,44.0175,0.8202
1980-09-07,12.0588960647583,24.117792,25.585448265075684,0.0,49.7223,5.2774
1980-09-08,0.7248249650001526,1.4496499,24.05157852172852,0.0,47.3881,0.8183
1980-09-09,1.849259376525879,3.6985188,24.37600898742676,0.0,46.5487,1.308
1980-09-10,0.0,0.0,22.45688343048096,0.0,45.1052,0.8164
1980-09-11,0.1419463157653808,0.28389263,19.522799491882324,0.0,43.8045,0.8216
1980-09-12,0.0926084518432617,0.1852169,20.14820957183838,0.0,42.6067,0.8141
1980-09-13,0.7687540054321289,1.537508,20.74251937866211,0.0,41.4631,0.9079
1980-09-14,0.1414796113967895,0.28295922,20.27592372894287,0.0,40.1855,0.8116
1980-09-15,0.1209264993667602,0.241853,21.83204841613769,0.0,39.1781,0.8103
1980-09-16,0.0992000102996826,0.19840002,23.885053634643555,0.0,38.2583,0.8089
1980-09-17,0.0,0.0,23.961493492126465,0.0,37.2483,0.8075
1980-09-18,0.174783706665039,0.3495674,21.64933109283448,0.0,36.5337,0.806
1980-09-19,10.025568008422852,20.051136,21.906519889831543,0.0,42.6367,3.3448
1980-09-20,7.055395662784576,14.110791,23.78045558929444,0.0,44.4017,1.7829000000000002
1980-09-21,0.0993648767471313,0.19872975,24.31793975830078,0.0,42.8674,0.8017
1980-09-22,20.51130771636963,41.022614,22.81100368499756,0.0,51.4707,6.9448
1980-09-23,8.825029373168945,17.650059,20.08925724029541,0.0,50.337,2.9619
1980-09-24,4.216062068939209,8.432124,19.40049934387207,0.0,48.8551,1.5998
1980-09-25,1.8645780086517327,3.729156,19.821824073791504,0.0,47.3269,0.7976
1980-09-26,0.1909134984016418,0.381827,20.234742164611816,0.0,46.0475,0.797
1980-09-27,0.2602721750736236,0.52054435,19.12844467163086,0.0,44.9712,0.7964
1980-09-28,0.0379921197891235,0.07598424,18.953099250793457,0.0,43.9694,0.7955
1980-09-29,0.1470339298248291,0.29406786,19.777875900268555,0.0,42.9192,0.7945
1980-09-30,0.4352453947067261,0.8704908,19.01063823699951,0.0,41.8595,0.8005
1980-10-01,0.1331757307052612,0.26635146,17.704318046569824,0.0,40.9514,0.8019000000000001
1980-10-02,0.1274734437465667,0.2549469,18.33672142028809,0.0,39.8947,0.792
1980-10-03,0.0354977846145629,0.07099557,18.814509391784668,0.0,38.871,0.7897
1980-10-04,0.9147579669952391,1.8295159,20.316768646240234,0.0,38.3042,0.9134
1980-10-05,0.2615071535110473,0.5230143,21.4956283569336,0.0,37.5676,0.787
1980-10-06,0.3246567249298095,0.64931345,22.74815845489502,0.0,36.9743,0.7884
1980-10-07,0.0916078090667724,0.18321562,23.186118125915527,0.0,36.4867,0.7843
1980-10-08,4.264542579650879,8.529085,23.77601432800293,0.0,38.7059,1.8551
1980-10-09,0.1757310628890991,0.35146213,23.89037704467773,0.0,38.1208,0.7815
1980-10-10,0.0,0.0,23.52076530456543,0.0,37.4804,0.78
1980-10-11,1.0581108927726746,2.116222,24.12948226928711,0.0,37.8114,1.1162999999999998
1980-10-12,0.027789294719696,0.05557859,25.008570671081543,0.0,37.3024,0.7772
1980-10-13,0.1447025537490844,0.2894051,22.488179206848145,0.0,36.8848,0.7774
1980-10-14,0.1735424995422363,0.347085,19.55875968933105,0.0,36.4206,0.7743
1980-10-15,0.0258734226226806,0.051746845,18.921935081481934,0.0,35.9257,0.7729
1980-10-16,0.0,0.0,20.44670963287353,0.0,35.3934,0.7714
1980-10-17,7.067947626113892,14.135895,21.09351634979248,0.0,40.0589,2.5636
1980-10-18,20.45252513885498,40.905052,20.967151641845703,0.0,50.7616,6.086
1980-10-19,3.1644829511642456,6.328966,20.24850273132324,0.0,48.3847,1.0704
1980-10-20,1.7630800604820251,3.5261602,19.9670934677124,0.0,46.7567,0.7658
1980-10-21,0.0,0.0,18.88619899749756,0.0,45.164,0.7644
1980-10-22,8.29862928390503,16.59726,15.687261581420898,0.0,49.0031,3.3344
1980-10-23,19.17497539520264,38.349953,15.146808624267578,0.0,52.6939,7.3922
1980-10-24,16.843441009521484,33.686882,16.377327919006348,0.0,52.029,6.8367
1980-10-25,1.4605726599693298,2.9211454,15.659301280975342,0.0,48.2349,0.7617
1980-10-26,0.0,0.0,11.342710494995115,0.0,46.5998,0.7626
1980-10-27,0.0288385152816772,0.05767703,12.380661964416504,0.0,45.5373,0.7635000000000001
1980-10-28,0.0803155899047851,0.16063118,13.949551105499268,0.0,44.7114,0.7626
1980-10-29,0.081100583076477,0.16220117,17.16977596282959,0.0,43.9705,0.7626000000000001
1980-10-30,0.0507854595780372,0.10157092,17.738386154174805,0.0,43.3179,0.7613
1980-10-31,0.0,0.0,15.167659759521484,0.0,42.6618,0.7604
1980-11-01,0.0,0.0,14.631390571594238,0.0,42.0023,0.7594
1980-11-02,0.2239829301834106,0.44796586,13.634095668792725,0.0,41.4887,0.7612
1980-11-03,0.0072686076164245,0.014537215,11.711396217346191,0.0,41.0333,0.7572
1980-11-04,0.0027589499950408,0.0055179,12.825608253479004,0.0,40.5527,0.756
1980-11-05,0.0,0.0,14.383038520812988,0.0,40.0357,0.7548
1980-11-06,0.101044625043869,0.20208925,16.582670211791992,0.0,39.5123,0.7544
1980-11-07,0.118449330329895,0.23689866,18.113658905029297,0.0,38.9963,0.7523
1980-11-08,0.0517653226852417,0.103530645,14.537242889404297,0.0,38.4825,0.751
1980-11-09,0.0,0.0,12.588891983032228,0.0,37.84,0.7497
1980-11-10,0.0,0.0,13.787786960601808,0.0,37.2198,0.7483
1980-11-11,0.0,0.0,15.448495864868164,0.0,36.743,0.747
1980-11-12,0.0,0.0,15.859542846679688,0.0,36.1506,0.7457
1980-11-13,0.0056601166725158,0.011320233,14.746796131134031,0.0,35.6803,0.7443
1980-11-14,0.0,0.0,13.14904260635376,0.0,35.2934,0.743
1980-11-15,0.0,0.0,15.567906856536863,0.0,35.0844,0.7416
1980-11-16,0.0754485130310058,0.15089703,16.676453590393066,0.0,34.7954,0.7402
1980-11-17,1.2435047030448914,2.4870095,16.005903720855713,0.0,35.2063,0.9843
1980-11-18,0.6113967597484589,1.2227936,15.622127532958984,0.0,35.0476,0.7375
1980-11-19,0.1565272808074951,0.31305456,15.029462337493896,0.0,34.8695,0.7375999999999999
1980-11-20,32.09069061279297,64.18138,15.116435527801514,0.0,53.5053,10.1931
1980-11-21,0.0052340328693389,0.010468066,16.541166305541992,0.0,48.3605,0.7335
1980-11-22,0.1615382432937622,0.3230765,15.790284156799316,0.0,46.897,0.7343
1980-11-23,0.1321615576744079,0.26432312,14.7252779006958,0.0,45.9062,0.7312
1980-11-24,0.0590896308422088,0.11817926,13.604781150817873,0.0,45.1057,0.7303
1980-11-25,0.0,0.0,15.321818351745604,0.0,44.4391,0.729
1980-11-26,0.0,0.0,15.13013219833374,0.0,43.7759,0.7278
1980-11-27,23.06456661224365,46.129135,14.861440658569336,0.0,53.0234,8.6433
1980-11-28,0.1261566877365112,0.25231338,14.241512298583984,0.0,48.3789,0.7258
1980-11-29,0.0035302639007568,0.007060528,13.51554536819458,0.0,46.8623,0.7254
1980-11-30,0.0938355922698974,0.18767118,12.776483058929443,0.0,45.9193,0.7249
1980-12-01,0.0603901743888855,0.12078035,15.68083381652832,0.0,45.1626,0.7248
1980-12-02,3.186073064804077,6.372146,14.967809200286863,0.0,45.8231,1.4946000000000002
1980-12-03,0.0053032636642456,0.010606527,11.876708030700684,0.0,45.0927,0.7228
1980-12-04,0.0039888024330139,0.007977605,11.4617600440979,0.0,44.502,0.722
1980-12-05,0.1221134066581726,0.24422681,12.66035270690918,0.0,43.9883,0.721
1980-12-06,0.2694088518619537,0.5388177,13.227455615997314,0.0,43.6061,0.7343
1980-12-07,0.8436219990253448,1.6872439,12.838616847991943,0.0,43.4415,0.7235999999999999
1980-12-08,0.0752694308757782,0.15053886,13.051598072052002,0.0,43.0339,0.7181
1980-12-09,0.06461101770401,0.12922204,9.75774383544922,0.0,42.6112,0.7174999999999999
1980-12-10,0.0453703999519348,0.0907408,6.2555811405181885,0.0,42.2988,0.7221
1980-12-11,0.063598409295082,0.12719682,6.818006038665772,0.0,42.0303,0.7268
1980-12-12,0.424573540687561,0.8491471,7.363848447799683,0.0,41.7677,0.7137
1980-12-13,0.0,0.0,4.052166938781738,0.0,41.5148,0.7212000000000001
1980-12-14,0.0214858353137969,0.04297167,6.934376955032349,0.0,41.2319,0.7114
1980-12-15,4.368196487426758,8.736393,9.202750205993652,0.0,43.8768,2.0042
1980-12-16,0.324960321187973,0.64992064,10.201855182647703,0.0,43.63,0.709
1980-12-17,0.2066735476255417,0.4133471,10.994102001190186,0.0,43.3252,0.7117
1980-12-18,0.0787644684314727,0.15752894,11.727550506591797,0.0,43.0129,0.7066
1980-12-19,0.5917173326015472,1.1834347,10.040798664093018,0.0,42.9481,0.8087
1980-12-20,0.0,0.0,8.03162431716919,0.0,42.6077,0.7043
1980-12-21,0.093922734260559,0.18784547,8.605123519897461,0.0,42.2252,0.7031999999999999
1980-12-22,0.0139673352241516,0.02793467,6.9455626010894775,0.0,41.908,0.7019
1980-12-23,0.0644743740558624,0.12894875,4.218648433685303,0.0,41.6138,0.7149
1980-12-24,0.0017544701695442,0.0035089403,3.3911733627319336,0.0,41.3588,0.7091000000000001
1980-12-25,0.0156692266464233,0.031338453,6.107532501220703,0.0,41.0486,0.6999000000000001
1980-12-26,0.1554178595542907,0.31083572,8.712645053863525,0.0,40.7102,0.697
1980-12-27,0.1285949945449829,0.25719,7.43034553527832,0.0,40.5115,0.6988
1980-12-28,0.0577703118324279,0.11554062,4.807619571685791,0.0,40.239,0.712
1980-12-29,0.0,0.0,3.372009515762329,0.0,39.9665,0.7040000000000001
1980-12-30,0.0547088980674743,0.109417796,4.238824844360352,0.0,39.7037,0.7043
1980-12-31,0.0101951360702514,0.020390272,7.611487865447998,0.0,39.3927,0.6909
1981-01-01,0.5168211162090302,1.0336423,9.210207462310793,0.0,39.119,0.7431
1981-01-02,0.1255545318126678,0.25110906,5.170559883117676,0.0,38.8545,0.7087
1981-01-03,0.1475943922996521,0.29518878,3.032050848007202,0.0,38.7097,0.7113
1981-01-04,0.2021427154541015,0.40428543,4.778680801391602,0.0,38.5507,0.7097
1981-01-05,0.3006684780120849,0.60133696,7.907945394515991,0.0,38.3554,0.6847
1981-01-06,3.8155837059021,7.6311674,9.07646656036377,0.0,40.7575,1.6803
1981-01-07,14.855395793914797,29.710793,9.400440692901611,0.0,49.5681,4.9545
1981-01-08,0.3225729465484619,0.6451459,9.456145763397217,0.0,47.5307,0.681
1981-01-09,0.2885880321264267,0.5771761,10.289618968963625,0.0,46.4507,0.6925
1981-01-10,0.211709439754486,0.42341888,6.702080965042114,0.0,45.694,0.6787
1981-01-11,0.0,0.0,3.1842708587646484,0.0,45.0542,0.6775
1981-01-12,0.0361740589141845,0.07234812,2.7838563919067383,0.0,44.565,0.6891
1981-01-13,0.3844170570373535,0.7688341,3.875240683555603,0.0,44.2297,0.7274
1981-01-14,0.0,0.0,5.103038787841797,0.0,43.6099,0.6741
1981-01-15,0.0684832334518432,0.13696647,7.100252389907837,0.0,43.1012,0.6781
1981-01-16,0.2427107095718383,0.48542142,5.965234518051148,0.0,42.6708,0.6781
1981-01-17,0.4318717122077942,0.8637434,3.30886459350586,0.0,42.4834,0.7255999999999999
1981-01-18,0.0,0.0,4.564907550811768,0.0,41.9424,0.6696
1981-01-19,0.0,0.0,7.380617618560791,0.0,41.2985,0.6684
1981-01-20,0.08987557888031,0.17975116,9.196024417877195,0.0,40.726,0.6678000000000001
1981-01-21,0.176263689994812,0.35252738,10.672712326049805,0.0,40.1429,0.6661
1981-01-22,0.2931962013244629,0.5863924,9.486836910247805,0.0,39.8255,0.6774
1981-01-23,0.0521894693374633,0.10437894,10.92259645462036,0.0,39.3535,0.6637
1981-01-24,0.0976850986480712,0.1953702,13.271653652191162,0.0,38.5919,0.6626
1981-01-25,4.084980010986328,8.16996,9.07985782623291,0.0,40.0821,1.3697
1981-01-26,0.5702001452445984,1.1404003,6.496051788330078,0.0,39.9506,0.6601
1981-01-27,0.5408833026885986,1.0817666,4.6483314037323,0.0,40.062,0.7576
1981-01-28,0.1801261901855468,0.36025238,6.768275022506714,0.0,39.8513,0.6577
1981-01-29,7.028964281082153,14.057928,8.552029848098755,0.0,44.3221,2.6341
1981-01-30,7.112537622451782,14.225075,9.325334548950195,0.0,47.3618,2.3697
1981-01-31,0.3032439947128296,0.606488,11.144302368164062,0.0,46.1499,0.6542
1981-02-01,1.3364988565444946,2.6729977,9.513010025024414,0.0,45.9728,0.9803
1981-02-02,0.9117864370346068,1.8235729,8.832118034362793,0.0,45.3292,0.6519
1981-02-03,8.217159271240234,16.434319,6.805567264556885,0.0,49.2571,3.2099
1981-02-04,0.3082425594329834,0.6164851,7.012028217315674,0.0,47.3814,0.6497
1981-02-05,2.4092193841934204,4.8184385,8.022956609725952,0.0,47.4647,1.3605999999999998
1981-02-06,1.3479816317558289,2.6959634,9.039228439331056,0.0,46.5616,0.6537
1981-02-07,0.0,0.0,6.966454029083252,0.0,45.5693,0.6466
1981-02-08,1.385819435119629,2.7716389,7.921956777572632,0.0,45.5246,0.998
1981-02-09,0.2975051403045654,0.5950103,10.91958999633789,0.0,44.7449,0.6447
1981-02-10,0.6217620372772217,1.2435241,9.89880657196045,0.0,44.2278,0.7513
1981-02-11,0.4931401014328003,0.9862802,13.410926342010498,0.0,43.5973,0.6426
1981-02-12,1.6264933943748474,3.252987,14.457151412963867,0.0,43.6263,1.0727
1981-02-13,5.75033712387085,11.500674,16.38719940185547,0.0,44.4263,1.1324999999999998
1981-02-14,6.466897964477539,12.933796,15.864335060119627,0.0,45.7683,1.4927
1981-02-15,1.1238049268722534,2.2476099,15.748785495758057,0.0,44.7562,0.6384
1981-02-16,8.887828826904297,17.775658,14.564757347106934,0.0,48.6547,3.3754
1981-02-17,2.404526233673096,4.8090525,9.043365001678469,0.0,47.1647,0.6466999999999999
1981-02-18,4.0840054750442505,8.168011,9.246487617492676,0.0,47.8775,1.6227
1981-02-19,11.925006866455078,23.850014,10.137585163116457,0.0,51.2234,4.6232
1981-02-20,2.3389424085617065,4.677885,9.763141632080078,0.0,48.4069,0.8315
1981-02-21,2.4482970237731934,4.896594,9.007371425628662,0.0,47.6063,1.0078
1981-02-22,0.1849837303161621,0.36996746,12.798515796661375,0.0,46.3694,0.6332
1981-02-23,0.0,0.0,17.14579963684082,0.0,45.197,0.6328
1981-02-24,1.5683425664901731,3.1366851,10.652048587799072,0.0,45.1281,1.0496
1981-02-25,9.093195915222168,18.186392,4.294480323791504,0.0,48.6846,3.1592
1981-02-26,0.5784474611282349,1.1568949,2.4413208961486816,0.0,47.304,0.672
1981-02-27,5.113359689712524,10.226719,0.9811952114105223,0.1463,48.4575,2.1179
1981-02-28,12.773751735687256,25.547504,3.2852001190185547,0.3114,51.4365,5.5394000000000005
1981-03-01,2.513361930847168,5.026724,8.879863262176514,0.0,48.4988,0.9498
1981-03-02,2.0913548469543457,4.1827097,8.51558256149292,0.0,47.4656,0.9062
1981-03-03,0.30650794506073,0.6130159,12.51911687850952,0.0,46.2719,0.6307
1981-03-04,7.6260035037994385,15.252007,10.201114654541016,0.0,48.8922,3.4577
1981-03-05,0.4499721527099609,0.8999443,9.781434535980225,0.0,47.1164,0.6307
1981-03-06,6.413373947143555,12.826748,8.18649673461914,0.0,49.0305,3.1574
1981-03-07,0.2787871360778808,0.5575743,10.043456554412842,0.0,47.2077,0.6304
1981-03-08,3.849545836448669,7.699092,8.846170425415039,0.0,47.9051,2.0886
1981-03-09,0.7342047691345215,1.4684095,12.743513584136965,0.0,46.5782,0.6301
1981-03-10,0.3957631587982178,0.7915263,11.343266487121582,0.0,45.7241,0.6863
1981-03-11,11.299806594848633,22.599613,9.218587398529053,0.0,49.5758,4.1464
1981-03-12,11.381027221679688,22.762054,15.228309631347656,0.0,50.2495,3.7717
1981-03-13,0.4387083053588867,0.8774166,18.44174671173096,0.0,47.5291,0.6294
1981-03-14,16.24987506866455,32.49975,18.04666423797608,0.0,51.6134,7.728199999999999
1981-03-15,0.924086093902588,1.8481722,13.787351131439207,0.0,48.1209,0.6305
1981-03-16,0.9131410121917723,1.826282,11.217862129211426,0.0,47.0391,0.8806
1981-03-17,22.74692153930664,45.493843,10.893023014068604,0.0,52.4981,10.4906
1981-03-18,37.877235412597656,75.75447,13.30032444000244,0.0,53.2533,20.6934
1981-03-19,0.4998435974121094,0.9996872,15.71079683303833,0.0,48.358,0.6495
1981-03-20,16.501551628112793,33.003105,12.959352970123293,0.0,51.4692,9.6379
1981-03-21,0.1410527229309082,0.28210545,14.29370403289795,0.0,47.9598,0.6649
1981-03-22,6.83713960647583,13.674279,13.758225917816162,0.0,48.95,3.7418
1981-03-23,16.740756034851074,33.481514,13.574397087097168,0.0,51.503,8.2542
1981-03-24,0.4305727481842041,0.8611455,19.12561416625977,0.0,47.908,0.6772
1981-03-25,26.513352394104004,53.026703,16.54369068145752,0.0,52.571,13.8244
1981-03-26,0.0155891180038452,0.031178236,14.547558784484863,0.0,48.1186,0.687
1981-03-27,2.0545629262924194,4.109126,15.339940547943115,0.0,47.3449,1.6145999999999998
1981-03-28,0.1925680637359619,0.38513613,18.90817642211914,0.0,45.9936,0.6944
1981-03-29,14.412830352783203,28.82566,18.61221599578857,0.0,50.861,7.5007
1981-03-30,6.308985948562622,12.617971,17.185343742370605,0.0,49.1076,2.1452
1981-03-31,0.4441494941711426,0.888299,19.26348114013672,0.0,47.0907,0.6986
1981-04-01,0.7327818870544434,1.4655638,21.28931713104248,0.0,45.5972,0.719
1981-04-02,8.141242980957031,16.282486,18.29935359954834,0.0,45.8759,1.2844
1981-04-03,2.469475030899048,4.93895,15.899107933044434,0.0,45.2432,0.7005
1981-04-04,5.193950891494751,10.387901,20.82801914215088,0.0,46.4465,2.6019
1981-04-05,33.38577461242676,66.771545,20.52096366882324,0.0,53.1572,13.0867
1981-04-06,52.14824295043945,104.296486,17.60841655731201,0.0,53.7491,32.2336
1981-04-07,43.85781288146973,87.71562,13.35902214050293,0.0,51.9664,32.825199999999995
1981-04-08,49.70021629333496,99.40044,13.712207794189451,0.0,52.8019,36.7853
1981-04-09,8.804898738861084,17.609798,16.844901084899902,0.0,49.7763,4.4061
1981-04-10,9.742937088012695,19.485874,17.45969867706299,0.0,49.9004,4.7996
1981-04-11,13.504287719726562,27.008575,19.04611110687256,0.0,50.686,6.537100000000001
1981-04-12,11.6864333152771,23.372868,19.25323486328125,0.0,50.1916,5.047499999999999
1981-04-13,0.6635603904724121,1.3271208,18.875871658325195,0.0,47.6003,0.7942
1981-04-14,4.199192404747009,8.398385,14.93375825881958,0.0,47.9032,2.6489000000000003
1981-04-15,12.049753665924072,24.099506,15.648762702941896,0.0,50.2296,5.3513
1981-04-16,0.1181156635284423,0.23623133,19.32747173309326,0.0,47.4573,0.8023
1981-04-17,0.0250306129455566,0.050061226,20.054100036621094,0.0,45.8274,0.8038
1981-04-18,1.171710729598999,2.3434215,20.486456871032715,0.0,44.7689,0.8699
1981-04-19,4.702593803405762,9.405188,18.63616371154785,0.0,44.7433,1.0462
1981-04-20,2.374919414520264,4.749839,16.070591926574707,0.0,44.4618,0.9729
1981-04-21,0.3663539886474609,0.732708,13.970341205596924,0.0,43.9256,0.8095
1981-04-22,2.9962998628616333,5.9925995,15.20781660079956,0.0,43.8124,1.0031
1981-04-23,9.070711135864258,18.141422,16.3285493850708,0.0,47.8801,4.1104
1981-04-24,3.4468767642974854,6.8937535,20.0192928314209,0.0,46.7,0.8009
1981-04-25,3.8841261863708496,7.7682524,16.31653070449829,0.0,47.6619,2.5588
1981-04-26,2.102839231491089,4.2056785,13.973958015441896,0.0,46.6696,0.7992
1981-04-27,1.2932050228118896,2.58641,17.43391513824463,0.0,45.9678,1.1767
1981-04-28,19.25767517089844,38.51535,20.54325580596924,0.0,51.26,6.6283
1981-04-29,15.72712230682373,31.454245,20.663175582885746,0.0,51.4403,6.6582
1981-04-30,4.659080505371094,9.318161,20.19514942169189,0.0,48.4442,1.0712
1981-05-01,1.0168485641479492,2.0336971,22.34083652496338,0.0,46.6431,0.8013
1981-05-02,4.210724353790283,8.421449,22.89357852935791,0.0,46.6782,2.2867
1981-05-03,50.90592575073242,101.81185,13.595556259155272,0.0,54.1557,23.9051
1981-05-04,3.09329891204834,6.186598,13.797605514526367,0.0,48.5606,0.8117
1981-05-05,1.1502680778503418,2.3005362,14.696553707122805,0.0,46.991,1.077
1981-05-06,0.0,0.0,17.255398750305176,0.0,45.4084,0.8238
1981-05-07,0.0,0.0,19.90649127960205,0.0,43.938,0.8247
1981-05-08,0.1689958572387695,0.3379917,21.7100830078125,0.0,42.746,0.8246
1981-05-09,5.13893461227417,10.277869,23.290696144104004,0.0,42.694,1.181
1981-05-10,1.590806484222412,3.181613,23.03194999694824,0.0,42.1074,0.8228
1981-05-11,16.369176864624023,32.738354,22.32649612426757,0.0,49.12,6.5404
1981-05-12,29.17968368530273,58.359367,15.195350170135498,0.0,52.987,11.5497
1981-05-13,0.3695642948150635,0.7391286,17.505221366882324,0.0,48.1497,0.8219
1981-05-14,1.22991943359375,2.4598389,19.198864936828613,0.0,46.7788,1.208
1981-05-15,3.570882558822632,7.141765,19.10604476928711,0.0,46.8882,1.5338
1981-05-16,0.5842537879943848,1.1685076,20.144590377807617,0.0,45.5877,0.8244
1981-05-17,0.1859054565429687,0.3718109,18.52803325653076,0.0,44.2979,0.8241
1981-05-18,0.0,0.0,18.48621368408203,0.0,43.0042,0.8234
1981-05-19,0.0280196666717529,0.056039333,20.13313388824463,0.0,41.9479,0.8224
1981-05-20,6.124335765838623,12.248672,17.31578540802002,0.0,44.7035,2.805
1981-05-21,26.968338012695312,53.936676,15.706513404846191,0.0,53.231,11.4346
1981-05-22,4.667912244796753,9.335825,16.97548484802246,0.0,49.355,2.0553
1981-05-23,1.5232614278793335,3.0465229,20.092812538146973,0.0,47.2633,0.8211
1981-05-24,0.078460693359375,0.15692139,19.627002716064453,0.0,45.7055,0.8217
1981-05-25,0.1775617599487304,0.35512352,21.05591869354248,0.0,44.4681,0.8215
1981-05-26,11.748526573181152,23.497053,20.697673797607425,0.0,49.4129,5.3402
1981-05-27,18.75724124908448,37.51448,21.60161590576172,0.0,51.6106,6.9054
1981-05-28,0.4171981811523437,0.83439636,23.05722045898437,0.0,47.8425,0.8209
1981-05-29,2.9396392107009888,5.879278,20.46290683746338,0.0,47.4418,1.8827
1981-05-30,41.40701866149902,82.81404,18.61416721343994,0.0,53.8214,19.8985
1981-05-31,7.399772882461548,14.799545,18.78763103485108,0.0,49.946,4.3165
1981-06-01,31.968822479248047,63.937645,17.02008056640625,0.0,52.7993,18.6149
1981-06-02,5.803241491317749,11.606483,16.810544967651367,0.0,49.4301,3.2298
1981-06-03,1.0456141233444214,2.0912282,19.12201499938965,0.0,47.3617,0.862
1981-06-04,11.272859573364258,22.54572,19.47871494293213,0.0,50.1384,6.1763
1981-06-05,19.88572788238525,39.771454,18.49067783355713,0.0,51.8184,9.8626
1981-06-06,1.3095149993896484,2.61903,19.83516025543213,0.0,48.1859,0.8743
1981-06-07,0.2326188087463379,0.46523762,20.768213272094727,0.0,46.4176,0.8781
1981-06-08,0.0246410369873046,0.049282074,21.171942710876465,0.0,45.0645,0.8781
1981-06-09,0.1309287548065185,0.2618575,22.32170391082764,0.0,43.8982,0.8764
1981-06-10,0.4764149188995361,0.95282984,24.94540882110596,0.0,42.7752,0.8738
1981-06-11,36.491336822509766,72.98267,24.471866607666016,0.0,53.5602,15.4908
1981-06-12,59.52612495422363,119.052246,19.54090690612793,0.0,54.0885,34.4084
1981-06-13,2.657875061035156,5.31575,19.989556312561035,0.0,48.6793,1.0578
1981-06-14,8.547019958496094,17.09404,20.166677474975582,0.0,49.3858,4.3483
1981-06-15,3.622955799102783,7.2459116,23.08722496032715,0.0,47.4909,0.9066
1981-06-16,0.5913023948669434,1.1826048,24.999008178710938,0.0,45.8232,0.9492
1981-06-17,2.72857666015625,5.4571533,25.287559509277344,0.0,44.9511,0.9078
1981-06-18,2.421577453613281,4.843155,25.919150352478027,0.0,44.6221,1.6756
1981-06-19,0.8960232734680176,1.7920465,25.936229705810547,0.0,43.6145,0.9032
1981-06-20,3.039990901947021,6.079982,25.312971115112305,0.0,44.1685,1.9648
1981-06-21,0.3804082870483398,0.7608166,26.783361434936523,0.0,43.077,0.8969
1981-06-22,6.563525676727295,13.127051,25.749706268310547,0.0,46.1593,3.6084
1981-06-23,2.463301658630371,4.9266033,25.37397003173828,0.0,45.2206,0.8902
1981-06-24,0.0,0.0,26.31264972686768,0.0,43.9348,0.8876
1981-06-25,0.1387968063354492,0.2775936,26.04289436340332,0.0,42.7864,0.8846
1981-06-26,0.0785202980041503,0.1570406,26.66350555419922,0.0,41.6736,0.882
1981-06-27,0.2195401191711425,0.43908024,26.622915267944336,0.0,40.6281,0.8798
1981-06-28,1.0513086318969729,2.1026173,26.981080055236816,0.0,39.9275,1.0789
1981-06-29,6.685693264007568,13.371387,25.67424201965332,0.0,41.1606,1.4645
1981-06-30,1.394938826560974,2.7898777,24.95280265808105,0.0,40.6079,0.8748
1981-07-01,0.0,0.0,26.445207595825195,0.0,39.4369,0.8732
1981-07-02,0.0735189914703369,0.14703798,26.983299255371094,0.0,38.1949,0.8715
1981-07-03,1.0243784189224243,2.0487568,27.244643211364743,0.0,37.0493,0.8699
1981-07-04,0.998077392578125,1.9961548,27.19849681854248,0.0,36.1702,0.9422
1981-07-05,1.0323679447174072,2.064736,27.53282642364502,0.0,35.5924,0.8667
1981-07-06,2.294676661491394,4.5893536,27.06894493103028,0.0,36.1394,1.2933
1981-07-07,0.0,0.0,26.69889640808105,0.0,35.4702,0.8635
1981-07-08,0.9628552198410034,1.9257104,26.92304515838623,0.0,35.2673,1.0018
1981-07-09,0.4685238599777221,0.9370477,26.937301635742188,0.0,34.8516,0.8602
1981-07-10,4.304721593856812,8.609444,26.70514678955078,0.0,37.3428,1.8184
1981-07-11,8.38654375076294,16.773087,25.68721580505371,0.0,39.4841,1.6445
1981-07-12,2.1922699213027954,4.3845396,26.20771598815918,0.0,38.9931,0.8554
1981-07-13,6.996718883514404,13.993438,25.68495273590088,0.0,42.6452,2.5523
1981-07-14,4.992688894271851,9.985378,26.205634117126465,0.0,42.1253,0.8533999999999999
1981-07-15,0.0707360506057739,0.1414721,27.17168235778809,0.0,40.0622,0.8506
1981-07-16,6.392573833465576,12.785148,26.30980968475341,0.0,42.5849,2.3574
1981-07-17,1.154599666595459,2.3091993,26.36774063110352,0.0,40.9009,0.8474
1981-07-18,1.3927713632583618,2.7855427,26.38246250152588,0.0,39.9567,1.0789
1981-07-19,2.4131276607513428,4.8262553,24.932113647460938,0.0,39.4436,0.8442
1981-07-20,28.80091953277588,57.601837,23.447789192199707,0.0,53.66,9.706499999999998
1981-07-21,17.357600212097168,34.715202,24.370312690734863,0.0,51.8388,5.3196
1981-07-22,11.7110013961792,23.422003,25.150202751159668,0.0,50.3488,3.2508
1981-07-23,4.201792597770691,8.403585,23.882445335388184,0.0,48.5252,1.3990999999999998
1981-07-24,7.533056974411011,15.066114,24.484939575195312,0.0,48.8751,2.3997
1981-07-25,10.428837776184082,20.857676,24.45628833770752,0.0,49.4731,3.0129
1981-07-26,9.551177024841309,19.102354,24.1077184677124,0.0,49.3551,2.7477
1981-07-27,3.908902049064636,7.8178043,24.790727615356445,0.0,47.5512,0.8389
1981-07-28,9.926408290863035,19.852818,24.89681625366211,0.0,49.8571,4.716200000000001
1981-07-29,1.0262925624847412,2.0525851,25.7960844039917,0.0,47.2823,0.8385
1981-07-30,12.347949504852297,24.6959,24.28234004974365,0.0,50.5609,5.951700000000001
1981-07-31,10.093926429748535,20.187853,23.48771476745605,0.0,50.1777,3.7872
1981-08-01,2.6327658891677856,5.2655315,24.065089225769043,0.0,47.7967,0.8488
1981-08-02,2.1822338104248047,4.3644676,24.482483863830566,0.0,47.0333,1.6906
1981-08-03,0.7850892543792725,1.5701785,25.028813362121586,0.0,45.772,0.8392
1981-08-04,0.1605253219604492,0.32105064,26.47709274291992,0.0,44.4894,0.8388
1981-08-05,1.3114583492279053,2.6229167,26.80676651000977,0.0,43.5792,0.838
1981-08-06,2.65995991230011,5.3199196,27.07572364807129,0.0,43.6661,1.5741
1981-08-07,0.4407641887664795,0.8815284,27.8998384475708,0.0,42.6763,0.8359
1981-08-08,0.6339232921600342,1.2678466,28.71251010894776,0.0,41.607,0.8529
1981-08-09,0.6089307069778442,1.2178614,28.353988647460938,0.0,40.6645,0.8334
1981-08-10,0.0,0.0,28.24455070495605,0.0,39.4419,0.832
1981-08-11,0.4167039394378662,0.8334079,28.004572868347168,0.0,38.4564,0.8353
1981-08-12,16.654361724853516,33.308723,27.67100429534912,0.0,45.7977,4.332599999999999
1981-08-13,14.866656303405762,29.733313,26.19775581359864,0.0,49.6337,3.8276
1981-08-14,11.27417278289795,22.548346,25.39012908935547,0.0,49.9858,2.9876000000000005
1981-08-15,1.794485628604889,3.5889711,24.968798637390137,0.0,47.5703,0.8252
1981-08-16,0.4202494621276855,0.8404989,26.40056610107422,0.0,45.8735,0.8357
1981-08-17,0.8151354789733887,1.630271,27.02890586853028,0.0,44.6964,0.8232
1981-08-18,0.7137956619262695,1.4275913,27.24937152862549,0.0,43.5356,0.9266
1981-08-19,3.05394184589386,6.1078835,27.597420692443848,0.0,43.0058,0.8208
1981-08-20,2.6490068435668945,5.2980137,27.73439884185791,0.0,43.0757,1.509
1981-08-21,3.182650566101074,6.365301,27.73834991455078,0.0,42.1008,0.8182
1981-08-22,0.2372604608535766,0.47452092,27.8814001083374,0.0,40.6276,0.8169
1981-08-23,0.0846569538116455,0.16931391,28.326367378234863,0.0,39.2381,0.8155
1981-08-24,0.8204536437988281,1.6409073,28.438883781433105,0.0,38.2255,0.8591000000000001
1981-08-25,0.1673822402954101,0.33476448,29.014083862304688,0.0,37.2968,0.8126
1981-08-26,19.19522476196289,38.39045,26.95523262023925,0.0,48.8129,6.52
1981-08-27,22.607175827026367,45.21435,25.870619773864743,0.0,52.1531,5.9443
1981-08-28,3.265252113342285,6.530504,25.63541316986084,0.0,48.2731,0.8087
1981-08-29,0.2209361791610717,0.44187236,26.431686401367188,0.0,46.4021,0.8079
1981-08-30,2.5954949855804443,5.19099,27.02988624572754,0.0,45.4216,0.8071
1981-08-31,0.4534075260162353,0.90681505,27.07957935333252,0.0,44.0577,0.8062
1981-09-01,0.4095560312271118,0.81911206,27.25039863586425,0.0,42.8386,0.8260000000000001
1981-09-02,0.6601403951644897,1.3202808,26.844002723693848,0.0,41.4913,0.8439000000000001
1981-09-03,0.0976600646972656,0.19532013,25.45865821838379,0.0,40.0764,0.8028
1981-09-04,4.407412767410278,8.814825,24.763108253479004,0.0,41.3217,1.9124
1981-09-05,1.496751308441162,2.9935026,23.980319023132324,0.0,40.5013,0.8002
1981-09-06,0.0,0.0,23.681245803833008,0.0,39.4294,0.7988
1981-09-07,0.3613932132720947,0.7227864,24.37941265106201,0.0,38.5766,0.7975
1981-09-08,0.0348702669143676,0.069740534,24.97349739074707,0.0,37.8672,0.7961
1981-09-09,6.712974548339844,13.425949,26.1701774597168,0.0,39.9674,1.8804
1981-09-10,6.859173774719238,13.718348,24.80685806274414,0.0,41.3917,1.4579
1981-09-11,12.281137466430664,24.562275,24.22332096099853,0.0,46.3628,3.2496
1981-09-12,15.668495178222656,31.33699,23.820958137512207,0.0,50.7416,4.4616
1981-09-13,7.01577091217041,14.031542,21.386457443237305,0.0,49.528,2.1348
1981-09-14,1.82123863697052,3.6424773,19.16238594055176,0.0,47.669,0.8038
1981-09-15,0.2669661045074463,0.5339322,19.324767112731934,0.0,46.3544,0.7877
1981-09-16,0.0992000102996826,0.19840002,20.27023124694824,0.0,45.2772,0.787
1981-09-17,0.0,0.0,21.4339246749878,0.0,44.0704,0.7861
1981-09-18,0.085924744606018,0.17184949,21.583675384521484,0.0,42.9568,0.7851
1981-09-19,0.0130165815353393,0.026033163,22.381669998168945,0.0,41.6888,0.784
1981-09-20,0.3300379514694214,0.6600759,22.91660690307617,0.0,40.3301,0.7844000000000001
1981-09-21,5.32193398475647,10.6438675,22.14256858825684,0.0,41.9535,1.5672
1981-09-22,0.922318696975708,1.8446374,21.971553802490234,0.0,41.3823,0.7804
1981-09-23,8.224510192871094,16.44902,22.52710723876953,0.0,45.1394,2.9415
1981-09-24,3.995244026184082,7.990488,24.20044231414795,0.0,44.8849,0.9335
1981-09-25,7.768886804580688,15.537773,23.273317337036133,0.0,47.1076,2.2547
1981-09-26,0.0,0.0,23.87787628173828,0.0,45.101,0.7754
1981-09-27,2.7030166387557983,5.4060335,24.121976852416992,0.0,45.0723,1.5445
1981-09-28,1.2906793355941772,2.5813587,23.324519157409668,0.0,44.0642,0.7731
1981-09-29,0.6516242027282715,1.3032484,22.303595542907715,0.0,42.8627,0.8835000000000001
1981-09-30,0.4352453947067261,0.8704908,22.033350944519043,0.0,41.623,0.7707
1981-10-01,0.1460397243499755,0.29207945,22.12307929992676,0.0,40.3286,0.7702
1981-10-02,0.1274734437465667,0.2549469,23.923819541931152,0.0,39.3788,0.7681
1981-10-03,0.0295193493366241,0.0590387,23.264094352722168,0.0,38.6397,0.7668
1981-10-04,0.9209084510803224,1.8418169,22.297826766967773,0.0,38.027,0.7705
1981-10-05,0.2615071535110473,0.5230143,22.6517391204834,0.0,37.4636,0.7653
1981-10-06,0.7504532337188721,1.5009065,24.53117561340332,0.0,37.1878,0.8435
1981-10-07,2.0484514236450195,4.096903,24.47657585144043,0.0,37.0266,0.7887
1981-10-08,8.307124137878418,16.614248,23.64710235595703,0.0,41.9875,3.0071
1981-10-09,25.7302885055542,51.46058,13.336832046508787,0.0,52.4482,7.5361
1981-10-10,0.0,0.0,13.91684627532959,0.0,47.9491,0.7575
1981-10-11,2.70514178276062,5.4102836,14.067140102386476,0.0,47.8847,1.6141
1981-10-12,0.0522429645061492,0.10448593,18.751096725463867,0.0,46.4038,0.7556
1981-10-13,0.1447025537490844,0.2894051,19.01034641265869,0.0,45.1918,0.7567
1981-10-14,0.4144383072853088,0.8288766,18.840984344482425,0.0,44.2401,0.7537
1981-10-15,0.0258734226226806,0.051746845,18.959681510925293,0.0,43.1302,0.7527
1981-10-16,0.0,0.0,21.02923583984375,0.0,41.819,0.7516
1981-10-17,1.7133932709693909,3.4267864,22.51966953277588,0.0,41.3641,0.9371
1981-10-18,3.78774094581604,7.575482,22.254876136779785,0.0,41.817,1.0005
1981-10-19,3.7089123725891113,7.4178247,21.720335960388184,0.0,41.9052,0.8445
1981-10-20,0.0,0.0,21.31658172607422,0.0,40.7466,0.7468
1981-10-21,0.0,0.0,21.05171298980713,0.0,39.3849,0.7456
1981-10-22,0.3698965907096863,0.7397932,17.886061668395996,0.0,38.7949,0.7809999999999999
1981-10-23,2.1074694395065308,4.214939,10.21184253692627,0.0,38.662,0.7431
1981-10-24,0.1149467229843139,0.22989345,9.08321475982666,0.0,38.1386,0.7431
1981-10-25,0.3377835750579834,0.67556715,11.814428329467772,0.0,37.6735,0.7405
1981-10-26,0.0,0.0,14.221436023712158,0.0,37.1838,0.7392
1981-10-27,0.0288385152816772,0.05767703,15.51389503479004,0.0,36.7562,0.7384
1981-10-28,0.0803155899047851,0.16063118,17.25462055206299,0.0,36.3502,0.7366
1981-10-29,0.0716137886047363,0.14322758,15.17160701751709,0.0,36.141,0.7354999999999999
1981-10-30,0.0,0.0,17.26889419555664,0.0,35.697,0.7339
1981-10-31,0.4218106269836426,0.84362125,17.700814247131348,0.0,35.547,0.773
1981-11-01,2.525789439678192,5.051579,19.454411506652832,0.0,35.509,0.7454
1981-11-02,14.380488872528076,28.760979,15.2831711769104,0.0,44.8119,4.492
1981-11-03,5.11396598815918,10.227932,14.030781745910645,0.0,46.42,1.8382
1981-11-04,15.85046100616455,31.700922,13.433557987213137,0.0,52.0891,5.7648
1981-11-05,10.464531898498535,20.929064,17.055472373962402,0.0,50.641,3.2683
1981-11-06,4.040231466293335,8.080463,15.06072998046875,0.0,48.6353,1.2734
1981-11-07,4.437527179718018,8.875054,11.283275127410889,0.0,48.5223,1.786
1981-11-08,1.1405287384986875,2.2810574,8.116359233856201,0.0,47.1636,0.7246
1981-11-09,0.5865103006362915,1.1730206,6.322476387023926,0.0,46.398,0.8121999999999999
1981-11-10,0.0,0.0,7.200695276260376,0.0,45.5629,0.7238
1981-11-11,0.0,0.0,8.301971435546875,0.0,44.8091,0.7232
1981-11-12,0.0,0.0,12.156656265258787,0.0,44.1986,0.7224
1981-11-13,0.1891185045242309,0.378237,15.153226375579834,0.0,43.6305,0.7246
1981-11-14,0.0,0.0,14.397209167480469,0.0,43.0207,0.7207
1981-11-15,0.0,0.0,16.48879337310791,0.0,42.5104,0.7197
1981-11-16,5.247170686721802,10.494341,16.073485374450684,0.0,45.4561,2.3815
1981-11-17,1.3592808246612549,2.7185616,13.506882190704346,0.0,44.9632,0.7176
1981-11-18,0.6056153476238251,1.2112308,10.79308271408081,0.0,44.5274,0.8169000000000001
1981-11-19,0.1307992339134216,0.26159847,10.725260734558104,0.0,43.9639,0.7154
1981-11-20,0.3478109240531921,0.69562185,14.837985038757324,0.0,43.4658,0.7350000000000001
1981-11-21,0.0,0.0,16.66057586669922,0.0,43.015,0.7132
1981-11-22,0.0450087785720825,0.09001756,16.059658527374268,0.0,42.4713,0.712
1981-11-23,1.698919117450714,3.397838,16.294886589050293,0.0,42.5676,0.9287
1981-11-24,3.0501351356506348,6.1002703,16.157673358917236,0.0,43.4168,1.1641
1981-11-25,0.1762253791093826,0.35245076,16.152749061584473,0.0,43.0063,0.7085
1981-11-26,0.003503531217575,0.0070070624,15.21669578552246,0.0,42.6604,0.7073
1981-11-27,0.0,0.0,13.608747005462646,0.0,42.2611,0.7061
1981-11-28,0.1033554077148437,0.20671082,10.610127925872805,0.0,41.8401,0.7056
1981-11-29,0.0035302639007568,0.007060528,8.746911525726318,0.0,41.3877,0.7037
1981-11-30,0.0751900672912597,0.15038013,9.886192321777344,0.0,40.9341,0.7027
1981-12-01,0.0480894446372985,0.09617889,8.553661346435547,0.0,40.5187,0.7013
1981-12-02,0.0219653844833374,0.04393077,4.570345163345337,0.0,40.2467,0.7053999999999999
1981-12-03,0.0,0.0,3.791931390762329,0.0,39.9826,0.7088
1981-12-04,0.0038139224052429,0.007627845,6.902291774749756,0.0,39.593,0.6990999999999999
1981-12-05,0.1405645012855529,0.281129,10.56590175628662,0.0,39.1286,0.6963
1981-12-06,0.074516624212265,0.14903325,10.65573501586914,0.0,38.8145,0.6957000000000001
1981-12-07,0.0,0.0,6.38496208190918,0.0,38.5092,0.6938
1981-12-08,0.0246935188770294,0.049387038,5.17439341545105,0.0,38.2652,0.7008
1981-12-09,0.06461101770401,0.12922204,7.524196624755859,0.0,37.9762,0.6940000000000001
1981-12-10,0.0453703999519348,0.0907408,7.826345920562744,0.0,37.672,0.6901
1981-12-11,0.0,0.0,7.119892597198486,0.0,37.3052,0.6888
1981-12-12,0.1356177330017089,0.27123547,6.730293035507202,0.0,37.0231,0.6904
1981-12-13,0.0082525014877319,0.016505003,7.576122045516968,0.0,36.8057,0.6863
1981-12-14,0.0214858353137969,0.04297167,7.473222732543945,0.0,36.6272,0.6851
1981-12-15,0.0877276062965393,0.17545521,4.37256121635437,0.0,36.4929,0.6947
1981-12-16,0.0304088294506073,0.06081766,6.812830209732056,0.0,36.3233,0.6845
1981-12-17,4.498208045959473,8.996416,7.946506500244141,0.0,39.2872,1.8018
1981-12-18,2.5878565311431885,5.175713,7.827056884765625,0.0,40.1247,1.0249
1981-12-19,0.0772748589515686,0.15454972,5.745036840438843,0.0,39.88,0.6788
1981-12-20,0.0,0.0,3.0625576972961426,0.0,39.6308,0.6886
1981-12-21,0.093922734260559,0.18784547,4.180536031723023,0.0,39.3678,0.6872
1981-12-22,0.0139673352241516,0.02793467,5.655223369598389,0.0,39.0818,0.681
1981-12-23,0.0702558159828186,0.14051163,5.9572858810424805,0.0,38.7829,0.6796
1981-12-24,0.0017544701695442,0.0035089403,4.281476736068726,0.0,38.5258,0.6799999999999999
1981-12-25,0.0087836980819702,0.017567396,5.988104343414307,0.0,38.3192,0.6764
1981-12-26,0.1130067110061645,0.22601342,8.304737567901611,0.0,38.0187,0.67
1981-12-27,0.0669870376586914,0.13397408,9.68664026260376,0.0,37.7243,0.6699999999999999
1981-12-28,0.0577703118324279,0.11554062,13.439953327178957,0.0,37.3868,0.6676
1981-12-29,0.5879920125007629,1.175984,15.4188871383667,0.0,37.3769,0.7842
1981-12-30,0.1764180064201355,0.352836,10.957165718078612,0.0,37.1945,0.6651
1981-12-31,0.829021692276001,1.6580434,7.373447418212891,0.0,37.592,0.8428
1982-01-01,0.0376284718513488,0.07525694,6.425126314163208,0.0,37.4486,0.6656
1982-01-02,0.1255545318126678,0.25110906,7.9462666511535645,0.0,37.2632,0.6623
1982-01-03,0.170720100402832,0.3414402,11.871833801269531,0.0,37.0305,0.6601
1982-01-04,2.08714246749878,4.174285,9.884566307067873,0.0,38.1707,1.1153
1982-01-05,0.1971662044525146,0.3943324,8.801280498504639,0.0,38.0456,0.6577
1982-01-06,0.0,0.0,7.608771562576294,0.0,37.8727,0.6564
1982-01-07,0.2224456071853637,0.4448912,8.578006267547607,0.0,37.6613,0.6566
1982-01-08,0.1230908632278442,0.24618173,5.355768442153931,0.0,37.527,0.6761
1982-01-09,0.0868863016366958,0.1737726,5.775191783905029,0.0,37.3294,0.6584
1982-01-10,0.1835022270679474,0.36700445,6.3988847732543945,0.0,37.1616,0.6632
1982-01-11,0.0,0.0,9.139768600463867,0.0,36.8261,0.6503
1982-01-12,0.9842150807380676,1.9684302,11.359602451324465,0.0,37.2821,0.8586
1982-01-13,0.8321317434310913,1.6642635,11.091530323028564,0.0,37.2154,0.6479
1982-01-14,2.07024747133255,4.140495,8.631319999694824,0.0,38.4603,1.1146
1982-01-15,0.092179536819458,0.18435907,8.510327339172363,0.0,38.1802,0.6454
1982-01-16,0.2427107095718383,0.48542142,5.363085508346558,0.0,38.0054,0.6484
1982-01-17,0.4318717122077942,0.8637434,4.655422687530518,0.0,37.8875,0.659
1982-01-18,0.0,0.0,3.979648351669312,0.0,37.6831,0.6418
1982-01-19,0.0,0.0,2.531193494796753,0.0,37.488,0.6406
1982-01-20,0.08987557888031,0.17975116,6.544609308242798,0.0,37.2956,0.6412
1982-01-21,0.187718391418457,0.37543678,9.192978382110596,0.0,37.0318,0.6382
1982-01-22,1.62657231092453,3.2531447,12.809589862823486,0.0,37.7841,0.986
1982-01-23,0.0521894693374633,0.10437894,14.164827823638916,0.0,37.5241,0.6358
1982-01-24,0.0976850986480712,0.1953702,14.990275859832764,0.0,37.1605,0.6347
1982-01-25,0.2733562588691711,0.5467125,14.30422067642212,0.0,36.8399,0.6334
1982-01-26,0.0,0.0,11.065738677978516,0.0,36.6282,0.6322
1982-01-27,0.2668342590332031,0.5336685,9.067466735839844,0.0,36.5929,0.6523
1982-01-28,0.1796491146087646,0.35929823,7.482695817947388,0.0,36.5293,0.6298
1982-01-29,0.0322154760360717,0.06443095,5.428244352340698,0.0,36.4573,0.6289
1982-01-30,0.0,0.0,6.795819044113159,0.0,36.2939,0.6275
1982-01-31,0.1826348304748535,0.36526966,10.102631092071531,0.0,36.0268,0.628
1982-02-01,1.0700769424438477,2.140154,10.319312572479248,0.0,35.8191,0.6259
1982-02-02,0.4016413688659668,0.80328274,10.919873237609863,0.0,35.6784,0.6618
1982-02-03,0.4091423749923706,0.81828475,12.55243682861328,0.0,35.4217,0.6228
1982-02-04,2.690554618835449,5.381109,12.92946481704712,0.0,36.8389,1.1648
1982-02-05,0.843909502029419,1.687819,7.989672422409058,0.0,36.6598,0.6204
1982-02-06,5.771655559539795,11.543311,5.47444486618042,0.0,40.7423,1.9895
1982-02-07,8.720988273620605,17.441977,5.359984874725342,0.0,45.716,2.5148
1982-02-08,9.422076225280762,18.844152,7.246770858764648,0.0,49.7051,3.0003
1982-02-09,19.90273761749268,39.805473,7.298874139785767,0.0,52.7917,6.3945
1982-02-10,15.876129150390623,31.752258,7.164608240127564,0.0,52.1366,5.903300000000001
1982-02-11,17.5125093460083,35.025017,7.019847869873047,0.0,52.2131,7.3211
1982-02-12,1.7319055199623108,3.463811,6.933407306671143,0.0,48.4834,0.7082
1982-02-13,9.353553295135498,18.707108,5.480633735656738,0.0,50.1794,4.2734000000000005
1982-02-14,1.8370599746704104,3.67412,3.991544008255005,0.0,48.2553,1.0416
1982-02-15,1.4913663864135742,2.9827328,4.7447028160095215,0.0,47.1838,0.7548
1982-02-16,0.0,0.0,7.090740919113159,0.0,46.1797,0.6178
1982-02-17,0.0,0.0,7.732154369354248,0.0,45.285,0.6184
1982-02-18,0.5570851564407349,1.1141703,9.084577083587646,0.0,44.7465,0.6944
1982-02-19,0.0,0.0,14.237665176391602,0.0,43.9139,0.6185
1982-02-20,0.3581314086914062,0.7162628,15.799647331237791,0.0,43.1895,0.6255999999999999
1982-02-21,2.007352590560913,4.014705,14.465160369873049,0.0,42.8859,0.6176
1982-02-22,7.995591878890991,15.991184,9.977372646331789,0.0,46.857,3.5357
1982-02-23,7.190292596817017,14.380585,11.255178928375244,0.0,48.4201,2.5299
1982-02-24,0.2129209041595459,0.4258418,9.506738185882568,0.0,47.0024,0.6157
1982-02-25,1.195397973060608,2.390796,7.27180027961731,0.0,46.6248,0.9951
1982-02-26,4.824211835861206,9.648424,5.885261535644531,0.0,47.7653,2.0802
1982-02-27,6.932291746139526,13.864584,8.136168956756592,0.0,49.1376,2.947
1982-02-28,2.194076657295227,4.388153,10.581268787384031,0.0,47.5238,0.6468999999999999
1982-03-01,0.566398024559021,1.132796,10.459620475769045,0.0,46.4383,0.6324
1982-03-02,0.0329322814941406,0.06586456,8.683642864227295,0.0,45.6153,0.6143
1982-03-03,0.0,0.0,10.727763652801514,0.0,44.798,0.6141
1982-03-04,0.3767049312591553,0.75340986,16.915390014648438,0.0,43.9302,0.6389
1982-03-05,17.20030927658081,34.40062,17.528000831604004,0.0,49.8859,5.515
1982-03-06,22.31712245941162,44.634247,12.669514656066896,0.0,52.3444,9.2494
1982-03-07,32.72385597229004,65.44771,7.3051674365997314,0.0,53.0482,17.3935
1982-03-08,25.683554649353027,51.36711,6.202761888504028,0.0,52.1044,16.3884
1982-03-09,2.8211015462875366,5.6422033,7.736314296722412,0.0,48.7239,1.3725
1982-03-10,0.3708332777023315,0.74166656,10.767016410827637,0.0,47.1374,0.6522
1982-03-11,10.66979694366455,21.339594,13.01001501083374,0.0,50.0487,5.8014
1982-03-12,1.447645664215088,2.8952913,16.795957565307617,0.0,47.6541,0.6598
1982-03-13,28.093392372131348,56.186783,14.17050313949585,0.0,52.792,14.3271
1982-03-14,0.8837488889694214,1.7674978,15.80269479751587,0.0,48.2937,0.6685
1982-03-15,17.371800422668457,34.7436,15.412787437438965,0.0,51.5041,9.4368
1982-03-16,0.3010749816894531,0.60214996,14.573095798492432,0.0,48.0293,0.6797
1982-03-17,0.3784420490264892,0.7568841,18.08075714111328,0.0,46.5035,0.7569999999999999
1982-03-18,0.5107622146606445,1.0215244,16.091084003448486,0.0,45.5443,0.686
1982-03-19,0.6031904220581055,1.2063808,17.5171480178833,0.0,44.6664,0.7895
1982-03-20,0.710780143737793,1.4215603,17.53716278076172,0.0,43.906,0.6872
1982-03-21,0.1157605648040771,0.23152113,16.090452671051025,0.0,43.2656,0.6879000000000001
1982-03-22,4.37597393989563,8.751947,16.900917053222656,0.0,43.9297,1.4123
1982-03-23,0.0850460529327392,0.1700921,19.02589511871338,0.0,43.081,0.6859
1982-03-24,17.742895126342773,35.48579,15.53685426712036,0.0,50.7758,7.4943
1982-03-25,2.9257166385650635,5.8514333,9.099493026733398,0.0,48.1924,0.8155
1982-03-26,9.108457565307615,18.216915,7.920523881912231,0.0,49.9462,3.9486
1982-03-27,1.9715983867645264,3.9431968,9.100861072540283,0.0,48.0542,0.9438
1982-03-28,1.0235280990600586,2.0470562,9.284741401672363,0.0,46.9305,0.6846
1982-03-29,0.3938629627227783,0.7877259,9.855051040649414,0.0,46.1004,0.7250000000000001
1982-03-30,0.1513400077819824,0.30268002,14.87233304977417,0.0,45.1068,0.6857
1982-03-31,1.3247649669647217,2.64953,15.497692584991457,0.0,44.6979,0.9115
1982-04-01,10.412146091461182,20.824291,17.123147010803223,0.0,48.0318,3.7898
1982-04-02,0.0,0.0,20.2904691696167,0.0,46.1189,0.6841
1982-04-03,8.098349571228027,16.1967,18.058683395385746,0.0,48.72,3.8495
1982-04-04,16.833590507507324,33.667183,9.4699125289917,0.0,51.5961,6.6142
1982-04-05,0.6550636291503906,1.3101273,10.871312141418455,0.0,48.1395,0.6831
1982-04-06,1.1552820205688477,2.310564,12.370025634765623,0.0,46.9974,1.0118
1982-04-07,0.0480926036834716,0.09618521,13.669848442077637,0.0,45.7815,0.6842
1982-04-08,0.2486169338226318,0.49723387,13.96721649169922,0.0,44.7137,0.6872
1982-04-09,0.5456151962280273,1.0912304,13.58599328994751,0.0,43.954,0.6839
1982-04-10,0.0092098712921142,0.018419743,11.794389724731444,0.0,43.1309,0.6833
1982-04-11,0.2051301002502441,0.4102602,14.671426773071287,0.0,42.3048,0.6826
1982-04-12,0.0,0.0,18.92549514770508,0.0,41.2839,0.6817
1982-04-13,8.9483962059021,17.896793,17.72291088104248,0.0,45.7987,3.7053
1982-04-14,8.662616729736328,17.325233,15.883275508880615,0.0,47.2564,2.0361
1982-04-15,0.0805569887161254,0.16111398,15.152363777160645,0.0,45.749,0.6787
1982-04-16,0.1058137416839599,0.21162748,16.692066192626953,0.0,44.5178,0.6787
1982-04-17,1.546741008758545,3.093482,15.46936321258545,0.0,43.8185,0.6767
1982-04-18,0.0,0.0,15.465520858764648,0.0,43.003,0.6763
1982-04-19,0.3224475383758545,0.6448951,15.71005916595459,0.0,42.3695,0.6746
1982-04-20,2.1452736854553223,4.2905474,18.56000518798828,0.0,42.4173,1.0397
1982-04-21,4.174606323242188,8.349213,18.15623950958252,0.0,43.1061,1.1816
1982-04-22,22.09531307220459,44.190628,15.2329421043396,0.0,52.2615,7.4396
1982-04-23,4.883037567138672,9.766075,16.83635711669922,0.0,48.9461,1.2404
1982-04-24,3.882256031036377,7.764512,17.741947174072266,0.0,47.7193,0.9433
1982-04-25,21.889205932617188,43.77841,17.400147438049316,0.0,52.2796,7.9765
1982-04-26,0.1484324932098388,0.296865,19.95273303985596,0.0,47.9877,0.6699
1982-04-27,0.0331001281738281,0.06620026,20.447253227233887,0.0,46.1532,0.6716
1982-04-28,1.3918492794036863,2.7836986,19.639589309692383,0.0,45.1795,0.6707
1982-04-29,5.607563018798828,11.215126,16.259894371032715,0.0,47.2375,2.7133000000000003
1982-04-30,9.695307731628418,19.390615,16.334797859191895,0.0,49.3608,3.2567
1982-05-01,9.708407402038574,19.416815,18.650139808654785,0.0,49.9116,3.3625000000000003
1982-05-02,2.7135767936706543,5.4271536,18.90166187286377,0.0,47.6797,0.6701
1982-05-03,1.3804678916931152,2.7609358,18.65873432159424,0.0,46.411,1.0224
1982-05-04,0.4193587303161621,0.83871746,19.397055625915527,0.0,45.0819,0.6702
1982-05-05,1.6164536476135254,3.2329073,19.49605178833008,0.0,44.849,1.1002
1982-05-06,31.571632385253903,63.143265,19.202656745910645,0.0,53.2406,11.6065
1982-05-07,46.13795280456543,92.27591,17.01046848297119,0.0,53.874,24.7249
1982-05-08,0.8720803260803223,1.7441607,21.0094051361084,0.0,48.3108,0.6833
1982-05-09,0.8267807960510254,1.6535616,22.78439044952393,0.0,46.4849,0.8432000000000001
1982-05-10,48.73280715942383,97.465614,20.68626308441162,0.0,54.0343,26.4168
1982-05-11,5.019284009933472,10.0385685,21.32616233825684,0.0,49.1812,2.3181
1982-05-12,1.2841787338256836,2.5683575,23.779373168945312,0.0,47.0814,0.7198
1982-05-13,1.2912590503692627,2.582518,22.75550365447998,0.0,45.9339,1.1471
1982-05-14,16.222010135650635,32.44402,15.311902046203612,0.0,50.3611,6.2239
1982-05-15,0.9519293308258056,1.9038587,15.42734146118164,0.0,47.8172,0.7272
1982-05-16,0.0088138580322265,0.017627716,19.535353660583496,0.0,46.1806,0.7288
1982-05-17,0.1859054565429687,0.3718109,22.910244941711422,0.0,44.9134,0.7295
1982-05-18,5.450005531311035,10.900011,24.39935874938965,0.0,46.745,3.1450000000000005
1982-05-19,0.5718209743499756,1.143642,24.322195053100582,0.0,45.3414,0.7291
1982-05-20,0.0392637252807617,0.07852745,22.830958366394043,0.0,44.0166,0.7284
1982-05-21,1.0629262924194336,2.1258526,20.983997344970703,0.0,43.0223,0.7275
1982-05-22,0.0,0.0,20.354135513305664,0.0,41.7173,0.7266
1982-05-23,0.0761046409606933,0.15220928,21.42879009246826,0.0,40.5846,0.7255
1982-05-24,0.4597833156585693,0.91956663,22.46216011047364,0.0,39.6839,0.7243
1982-05-25,0.0428113937377929,0.08562279,23.638572692871094,0.0,38.6278,0.7231
1982-05-26,0.909254550933838,1.8185091,21.471169471740723,0.0,37.9611,0.7218
1982-05-27,2.532188415527344,5.064377,20.062498092651367,0.0,39.0214,1.3943
1982-05-28,6.850176811218262,13.700354,20.51695156097412,0.0,41.6398,1.922
1982-05-29,13.04576063156128,26.091522,21.407888412475582,0.0,47.7098,4.0307
1982-05-30,7.330144643783569,14.66029,23.277792930603027,0.0,48.1122,1.8358
1982-05-31,4.069764614105225,8.139529,24.389554977416992,0.0,46.5826,0.7156
1982-06-01,5.630842447280884,11.261684,24.37289524078369,0.0,48.001,2.6187
1982-06-02,11.418514728546144,22.837029,21.687593460083008,0.0,49.9468,3.172
1982-06-03,0.5730270147323608,1.146054,19.765454292297363,0.0,47.2934,0.7125
1982-06-04,0.3295736312866211,0.65914726,19.66077136993408,0.0,45.5888,0.716
1982-06-05,0.0,0.0,20.30954933166504,0.0,44.0407,0.7106
1982-06-06,4.133671522140503,8.2673435,18.50723934173584,0.0,45.4934,1.8774
1982-06-07,26.55864906311035,53.1173,18.179417610168457,0.0,53.2848,9.5895
1982-06-08,8.493148565292358,16.986298,19.90190887451172,0.0,50.2991,3.1409
1982-06-09,10.965364933013916,21.930729,20.43216228485108,0.0,50.5093,4.0926
1982-06-10,0.942058801651001,1.8841176,21.65480232238769,0.0,47.7004,0.7105
1982-06-11,4.412572860717773,8.825146,22.482308387756348,0.0,48.305,2.6152
1982-06-12,0.3527665138244629,0.705533,24.674501419067383,0.0,46.4226,0.7116
1982-06-13,48.85713958740234,97.71428,21.5897216796875,0.0,54.4797,24.1042
1982-06-14,16.70209789276123,33.404198,18.99303722381592,0.0,51.2785,8.5781
1982-06-15,80.90524673461914,161.81049,18.880249977111816,0.0,53.4997,63.4844
1982-06-16,18.745421409606934,37.490845,21.12589740753174,0.0,51.0433,11.1199
1982-06-17,22.44881629943848,44.897633,22.31503200531006,0.0,51.7762,12.3878
1982-06-18,37.3641300201416,74.72826,21.849249839782715,0.0,52.652,21.0246
1982-06-19,18.904839515686035,37.809677,23.493444442749023,0.0,51.0822,9.8585
1982-06-20,5.833699464797974,11.667398,24.83307838439941,0.0,48.3759,1.1794
1982-06-21,0.2018971443176269,0.4037943,25.95341968536377,0.0,46.4104,0.8138
1982-06-22,38.2391471862793,76.478294,22.596818923950195,0.0,53.679,22.0729
1982-06-23,6.349515438079834,12.699031,20.24902534484864,0.0,49.4527,2.9944
1982-06-24,1.7479617595672607,3.4959235,20.13959503173828,0.0,47.5979,0.8347
1982-06-25,0.1098666191101074,0.21973324,21.384708404541016,0.0,45.8774,0.8386
1982-06-26,0.0785202980041503,0.1570406,20.215998649597168,0.0,44.5308,0.8388
1982-06-27,0.2195401191711425,0.43908024,20.02477550506592,0.0,43.554,0.8572
1982-06-28,1.0513086318969729,2.1026173,21.09944438934326,0.0,43.075,0.8496
1982-06-29,2.21617078781128,4.4323416,22.462944984436035,0.0,43.4087,1.5318999999999998
1982-06-30,4.766077041625977,9.532154,22.73252487182617,0.0,43.8672,1.2775
1982-07-01,11.848628520965576,23.697258,20.838926315307617,0.0,48.897,4.8296
1982-07-02,0.9196059703826904,1.839212,20.678027153015137,0.0,47.206,0.833
1982-07-03,7.274512767791748,14.549026,21.45037078857422,0.0,48.8371,3.5514
1982-07-04,17.137117385864258,34.274235,21.202458381652832,0.0,51.5321,6.8614
1982-07-05,5.673174858093262,11.34635,23.17264938354492,0.0,49.0178,1.9042
1982-07-06,13.462249755859377,26.9245,23.79051685333252,0.0,50.3935,5.1743
1982-07-07,2.743213534355164,5.4864273,23.187634468078613,0.0,47.9744,0.8355
1982-07-08,0.2524628639221191,0.5049257,25.561598777771,0.0,46.2359,0.8369
1982-07-09,0.0,0.0,26.67184352874756,0.0,44.6551,0.8366
1982-07-10,0.0,0.0,26.920534133911133,0.0,43.2312,0.8358
1982-07-11,0.3885716199874878,0.77714324,27.614541053771973,0.0,42.0931,0.8348
1982-07-12,0.1464545726776123,0.29290915,28.161845207214355,0.0,41.0828,0.8336
1982-07-13,0.1152095794677734,0.23041916,27.52818775177002,0.0,40.02,0.8323
1982-07-14,0.0,0.0,27.49290561676025,0.0,38.7527,0.8309
1982-07-15,0.0124796032905578,0.024959207,28.086212158203125,0.0,37.6938,0.8295
1982-07-16,0.3452008366584778,0.6904017,28.075529098510746,0.0,36.6579,0.828
1982-07-17,0.1450183391571045,0.29003668,27.466044425964355,0.0,35.6083,0.8265
1982-07-18,2.2830272912979126,4.5660543,27.49073314666748,0.0,35.0805,0.8664999999999999
1982-07-19,0.8424054384231567,1.6848109,27.12468910217285,0.0,34.632,0.839
1982-07-20,0.8374221324920654,1.6748443,27.93479061126709,0.0,34.3647,0.8973
1982-07-21,0.0918707847595214,0.18374157,27.841197967529297,0.0,33.9886,0.8205
1982-07-22,0.4328620433807373,0.8657241,27.42575168609619,0.0,33.7539,0.819
1982-07-23,0.4298654794692993,0.85973096,27.12052631378174,0.0,33.5804,0.8198
1982-07-24,0.1880046129226684,0.37600923,28.13982963562012,0.0,33.3503,0.8159
1982-07-25,0.4343034029006958,0.8686068,27.5418119430542,0.0,33.1971,0.8219
1982-07-26,0.431936502456665,0.863873,27.823097229003903,0.0,32.969,0.8200999999999999
1982-07-27,0.4152078628540039,0.8304157,27.40127658843994,0.0,32.7779,0.8124
1982-07-28,1.37245774269104,2.7449155,27.65991401672364,0.0,32.9902,0.9546
1982-07-29,8.426251888275146,16.852505,25.39031887054444,0.0,37.04,2.0662000000000003
1982-07-30,26.63427925109864,53.26856,22.93288993835449,0.0,52.8647,8.0578
1982-07-31,23.315444946289062,46.63089,23.06169414520264,0.0,53.0835,8.2349
1982-08-01,5.148270130157471,10.29654,26.01311492919922,0.0,48.5787,0.8693
1982-08-02,1.0069453716278076,2.0138907,26.179553031921387,0.0,46.7738,0.8551
1982-08-03,1.0365371704101562,2.0730743,26.94490528106689,0.0,45.7315,0.9985
1982-08-04,1.0594432353973389,2.1188865,27.236947059631348,0.0,44.7756,0.8552
1982-08-05,4.08230996131897,8.164619,26.92382335662841,0.0,45.5359,1.8626
1982-08-06,4.663578748703003,9.327158,25.648022651672363,0.0,45.4618,1.0931
1982-08-07,0.5309257507324219,1.0618515,26.048483848571777,0.0,44.3161,0.8013
1982-08-08,0.6338827610015869,1.2677655,25.84172916412353,0.0,43.2671,0.8059
1982-08-09,0.6595743894577026,1.3191488,25.71201038360596,0.0,42.3147,0.8063
1982-08-10,0.0,0.0,26.107851028442383,0.0,40.9129,0.793
1982-08-11,2.155481338500977,4.3109627,26.26998233795166,0.0,40.6049,1.2859
1982-08-12,1.0303256511688232,2.0606513,26.7543306350708,0.0,39.3569,0.7902
1982-08-13,2.268572807312012,4.5371456,26.946197509765625,0.0,39.3603,1.4150999999999998
1982-08-14,2.8211435079574585,5.6422873,26.84811019897461,0.0,38.7417,0.7874
1982-08-15,0.416932463645935,0.8338649,26.358288764953613,0.0,37.8969,0.7886000000000001
1982-08-16,3.193148374557495,6.3862967,24.90269374847412,0.0,37.7889,0.7908
1982-08-17,2.4856603145599365,4.9713206,25.15721893310547,0.0,38.1262,1.0334
1982-08-18,10.523505210876465,21.04701,24.611151695251465,0.0,42.3271,2.5257
1982-08-19,4.330347061157227,8.660694,23.77161121368408,0.0,41.9108,0.7802
1982-08-20,6.5705156326293945,13.141031,24.59308242797852,0.0,44.3272,2.5948
1982-08-21,1.7312111854553225,3.4624224,25.44029712677002,0.0,42.8495,0.7773
1982-08-22,0.1573057174682617,0.31461143,26.210691452026367,0.0,40.9259,0.7759
1982-08-23,1.724705696105957,3.4494114,26.153132438659668,0.0,39.6924,0.7745
1982-08-24,8.912457942962646,17.824917,25.656042098999023,0.0,44.0332,3.1121000000000003
1982-08-25,3.305704355239868,6.6114087,25.896254539489743,0.0,43.0849,0.7716
1982-08-26,2.089679777622223,4.1793594,26.53886890411377,0.0,42.1549,1.178
1982-08-27,0.6173244714736938,1.234649,26.08362102508545,0.0,40.9003,0.7688
1982-08-28,8.199184894561768,16.398369,26.203259468078613,0.0,44.1918,2.9254
1982-08-29,7.492325067520142,14.98465,25.78169822692871,0.0,45.1554,1.5873
1982-08-30,16.778459548950195,33.55692,25.68006134033203,0.0,50.8602,4.7962
1982-08-31,7.067783355712891,14.135567,25.252674102783203,0.0,49.2296,1.7532
1982-09-01,0.7253645658493042,1.4507291,25.889598846435547,0.0,46.9898,0.7785
1982-09-02,0.3185961246490478,0.63719225,25.59263038635254,0.0,45.5682,0.9484
1982-09-03,0.2821711301803589,0.56434226,25.37797737121582,0.0,44.0053,0.7603
1982-09-04,0.9801244735717772,1.960249,25.34462833404541,0.0,42.8283,0.9263
1982-09-05,0.7020838260650635,1.4041677,25.248738288879395,0.0,41.5781,0.758
1982-09-06,0.0,0.0,25.38923168182373,0.0,40.0714,0.7568
1982-09-07,1.4851363897323608,2.9702728,25.56196880340576,0.0,38.9994,0.8033999999999999
1982-09-08,0.9266735315322876,1.8533471,25.92807674407959,0.0,38.2019,0.7542
1982-09-09,5.867153882980347,11.734308,25.42178249359131,0.0,41.6143,2.5502
1982-09-10,1.1489187479019165,2.2978375,23.038360595703125,0.0,41.0711,0.7516
1982-09-11,3.284351825714112,6.5687037,21.269132614135746,0.0,42.4618,1.7392
1982-09-12,1.4286625385284424,2.857325,20.2161808013916,0.0,42.1223,0.749
1982-09-13,8.953674554824829,17.907349,18.60917377471924,0.0,46.8219,3.2889
1982-09-14,39.85880470275879,79.717606,17.844407081604004,0.0,54.3641,15.3182
1982-09-15,1.430060863494873,2.8601217,20.603965759277344,0.0,48.5902,0.7478
1982-09-16,0.1648378372192382,0.32967567,23.0605525970459,0.0,46.7838,0.7499
1982-09-17,0.0,0.0,24.35525131225586,0.0,45.371,0.7506
1982-09-18,0.8589370250701904,1.717874,24.844223022460938,0.0,44.4928,0.9194
1982-09-19,0.6306252479553223,1.2612505,24.853260040283203,0.0,43.5556,0.7501
1982-09-20,4.16366970539093,8.327339,24.59952449798584,0.0,44.7947,2.0083
1982-09-21,8.136608123779297,16.273216,22.07864570617676,0.0,48.0056,2.9473000000000003
1982-09-22,0.0,0.0,21.343168258666992,0.0,46.4746,0.7475
1982-09-23,0.0105772018432617,0.021154404,21.750283241271973,0.0,45.2738,0.7467
1982-09-24,0.5906744003295898,1.1813488,20.781777381896973,0.0,44.2243,0.7457
1982-09-25,1.2182958126068115,2.4365916,19.930997848510746,0.0,43.4989,0.7447
1982-09-26,0.0,0.0,21.350610733032227,0.0,42.4614,0.7436
1982-09-27,0.2602721750736236,0.52054435,21.245490074157715,0.0,41.4326,0.7443000000000001
1982-09-28,0.0379921197891235,0.07598424,20.330838203430176,0.0,40.366,0.7413
1982-09-29,0.1357671022415161,0.2715342,21.46841335296631,0.0,39.1186,0.7401
1982-09-30,0.4352453947067261,0.8704908,23.877063751220703,0.0,38.0783,0.7388
1982-10-01,0.1331757307052612,0.26635146,25.156683921813965,0.0,37.1609,0.7381000000000001
1982-10-02,0.4253571629524231,0.8507143,25.42226791381836,0.0,36.5119,0.7362
1982-10-03,1.3545355200767517,2.7090712,25.0790958404541,0.0,36.7778,1.0427
1982-10-04,7.415390253067017,14.83078,24.43479347229004,0.0,38.8541,1.5453
1982-10-05,3.1061151027679443,6.21223,23.58839607238769,0.0,38.5919,0.7322
1982-10-06,1.09870445728302,2.197409,20.63804244995117,0.0,38.4177,0.8976999999999999
1982-10-07,0.0921711921691894,0.18434238,18.596216201782227,0.0,37.8455,0.7296
1982-10-08,0.0799182057380676,0.15983641,17.403535842895508,0.0,37.2952,0.7291
1982-10-09,0.2014590501785278,0.4029181,17.073206901550293,0.0,36.7881,0.7269
1982-10-10,0.0,0.0,17.50574779510498,0.0,36.2201,0.7255
1982-10-11,0.0883554816246032,0.17671096,18.29583644866944,0.0,35.7613,0.7254999999999999
1982-10-12,0.027789294719696,0.05557859,18.34650230407715,0.0,35.3848,0.7228
1982-10-13,0.1447025537490844,0.2894051,18.005370140075684,0.0,35.0549,0.7232000000000001
1982-10-14,0.1845961809158325,0.36919236,19.34965229034424,0.0,34.7395,0.7202
1982-10-15,0.0318517684936523,0.06370354,20.76722717285156,0.0,34.4508,0.7188
1982-10-16,0.0,0.0,20.194005012512207,0.0,34.2421,0.7175
1982-10-17,0.0,0.0,19.5235013961792,0.0,34.0531,0.7161
1982-10-18,0.0129715204238891,0.02594304,19.56074619293213,0.0,33.8972,0.7148
1982-10-19,0.0324400663375854,0.06488013,19.23118495941162,0.0,33.7231,0.7134
1982-10-20,0.0,0.0,17.23427104949951,0.0,33.5395,0.7121
1982-10-21,0.5981463193893433,1.1962926,15.891317367553713,0.0,33.6498,0.7733
1982-10-22,2.512645483016968,5.025291,19.046884536743164,0.0,33.606,0.7094
1982-10-23,1.3139713406562803,2.6279426,18.504176139831543,0.0,34.1971,0.9548
1982-10-24,13.316867351531982,26.633736,16.19627046585083,0.0,42.4833,3.5173
1982-10-25,22.689932823181152,45.379868,13.844117164611816,0.0,53.0357,7.2481
1982-10-26,16.080171585083008,32.160343,13.952502250671388,0.0,52.2539,5.8621
1982-10-27,29.078038215637207,58.156075,16.53854465484619,0.0,53.4115,11.948
1982-10-28,8.89296269416809,17.785925,19.11219596862793,0.0,50.2059,3.5559000000000003
1982-10-29,8.914982795715332,17.829966,21.29359436035156,0.0,49.9794,3.8263
1982-10-30,0.3027258738875389,0.60545176,21.64592838287353,0.0,47.5543,0.7084
1982-10-31,27.6921329498291,55.384266,20.53290271759033,0.0,52.9066,14.1198
1982-11-01,1.0579864382743835,2.115973,18.538650512695312,0.0,48.4812,0.7352
1982-11-02,0.2818191647529602,0.5636383,16.969515800476074,0.0,46.9802,0.7338
1982-11-03,0.0141542255878448,0.028308451,16.03799295425415,0.0,45.9155,0.7235
1982-11-04,0.077917456626892,0.15583491,17.606414794921875,0.0,45.113,0.7258
1982-11-05,12.666143894195557,25.332287,17.505123138427734,0.0,49.8475,5.7916
1982-11-06,0.1804808378219604,0.36096168,19.00678539276123,0.0,47.5664,0.7264
1982-11-07,2.822688937187195,5.645378,18.68982315063477,0.0,47.4025,1.7022
1982-11-08,5.643662452697754,11.287325,19.485990524291992,0.0,48.3048,2.5304
1982-11-09,0.7626396417617798,1.5252793,17.203916549682617,0.0,46.8663,0.7283
1982-11-10,0.0,0.0,10.374011039733888,0.0,45.8707,0.7287
1982-11-11,0.0,0.0,7.68822979927063,0.0,45.0634,0.7288
1982-11-12,0.0,0.0,11.8783597946167,0.0,44.3463,0.7286
1982-11-13,0.0056601166725158,0.011320233,15.714227676391602,0.0,43.7488,0.7282
1982-11-14,0.2521315813064575,0.50426316,18.1819715499878,0.0,43.2059,0.7278
1982-11-15,16.751017570495605,33.502037,17.250468254089355,0.0,50.6119,6.8746
1982-11-16,19.006266593933105,38.012535,14.882715702056885,0.0,52.1045,8.6218
1982-11-17,2.085860013961792,4.17172,15.43891716003418,0.0,48.5585,0.9895
1982-11-18,0.644992858171463,1.2899857,16.27224349975586,0.0,47.1654,0.7307
1982-11-19,0.1591657400131225,0.31833148,17.05123996734619,0.0,46.0821,0.7354
1982-11-20,0.7196072340011597,1.4392145,14.179951190948486,0.0,45.4162,0.7343999999999999
1982-11-21,0.0,0.0,15.020069599151611,0.0,44.7293,0.7346
1982-11-22,0.9807921946048735,1.9615843,16.40505027770996,0.0,44.4668,0.9407
1982-11-23,3.967478752136232,7.9349575,14.117576122283936,0.0,45.5166,1.7035
1982-11-24,0.1395976692438125,0.27919534,14.119726657867432,0.0,44.9863,0.7343
1982-11-25,0.0393469929695129,0.078693986,12.469462871551514,0.0,44.5091,0.735
1982-11-26,4.0832200050354,8.16644,13.46340274810791,0.0,46.1128,2.1405000000000003
1982-11-27,0.7645440101623535,1.529088,15.364076137542725,0.0,45.5852,0.7341
1982-11-28,21.42741203308105,42.854824,16.763729095458984,0.0,52.3741,9.8805
1982-11-29,17.41126537322998,34.822533,12.113160133361816,0.0,51.664,8.1539
1982-11-30,0.0751900672912597,0.15038013,8.324612617492676,0.0,48.1831,0.7372
1982-12-01,0.1034880578517913,0.20697612,8.125503540039062,0.0,46.8261,0.7434
1982-12-02,0.1495245695114135,0.29904914,10.642990589141846,0.0,45.9628,0.7439
1982-12-03,0.0170630812644958,0.034126163,11.660778045654297,0.0,45.2298,0.7453
1982-12-04,0.0478245615959167,0.09564912,12.994916439056396,0.0,44.5875,0.746
1982-12-05,12.137574195861816,24.275148,11.23653507232666,0.0,49.8292,5.9564
1982-12-06,1.1432154774665833,2.2864308,5.409157514572144,0.0,47.771,0.7464
1982-12-07,0.283134400844574,0.5662688,4.802103757858276,0.0,46.7518,0.7729
1982-12-08,1.411810666322708,2.8236213,7.733799457550049,0.0,46.2041,0.8551
1982-12-09,0.256399393081665,0.5127988,10.669291973114014,0.0,45.571,0.7477
1982-12-10,0.3829281777143478,0.7658564,12.652405261993408,0.0,45.0804,0.8024
1982-12-11,0.2624629586935043,0.52492595,10.566059589385986,0.0,44.6173,0.7478
1982-12-12,1.7272154688835144,3.454431,4.949864864349365,0.0,45.0861,1.3689
1982-12-13,0.0,0.0,2.1536340713500977,0.0,44.7976,0.853
1982-12-14,0.0214858353137969,0.04297167,2.591971635818481,0.0,44.4193,0.7619
1982-12-15,0.0877276062965393,0.17545521,4.09961462020874,0.0,44.068,0.7652
1982-12-16,0.0304088294506073,0.06081766,6.613778352737427,0.0,43.6702,0.7454
1982-12-17,0.037631943821907,0.07526389,4.339123249053955,0.0,43.3661,0.753
1982-12-18,0.0,0.0,2.6610798835754395,0.0,43.0532,0.7438
1982-12-19,0.0772748589515686,0.15454972,2.821382999420166,0.0,42.8357,0.7616
1982-12-20,0.0,0.0,4.050506114959717,0.0,42.6034,0.7534
1982-12-21,0.1127170324325561,0.22543406,7.5847861766815186,0.0,42.2879,0.741
1982-12-22,0.0139673352241516,0.02793467,5.128397703170776,0.0,42.0152,0.7492
1982-12-23,0.0702558159828186,0.14051163,5.915358304977417,0.0,41.7652,0.7512
1982-12-24,1.0597658455371857,2.1195316,9.075549602508543,0.0,41.8559,0.9539
1982-12-25,6.652347087860107,13.304694,9.73430347442627,0.0,44.5498,2.3773
1982-12-26,0.1841874122619629,0.36837482,4.913370609283447,0.0,44.1952,0.7356
1982-12-27,0.0669870376586914,0.13397408,2.064404010772705,0.0,43.9085,0.7651
1982-12-28,0.0577703118324279,0.11554062,3.0775091648101807,0.0,43.6045,0.7525999999999999
1982-12-29,0.0,0.0,4.287068843841553,0.0,43.2793,0.7442
1982-12-30,0.0547088980674743,0.109417796,8.249757289886475,0.0,42.9265,0.7343999999999999
1982-12-31,0.0101951360702514,0.020390272,12.210815906524658,0.0,42.5328,0.7298
1983-01-01,0.0437788367271423,0.08755767,12.485802173614502,0.0,42.1795,0.7286
1983-01-02,0.1255545318126678,0.25110906,10.723594665527344,0.0,41.9706,0.7274
1983-01-03,0.1815495491027832,0.3630991,9.19532299041748,0.0,41.7993,0.7314999999999999
1983-01-04,15.886260509490969,31.772522,7.60771894454956,0.0,50.2962,6.3099
1983-01-05,23.63860511779785,47.27721,8.884137153625488,0.0,52.9006,10.4415
1983-01-06,1.7446820139884949,3.4893641,10.716322898864746,0.0,48.8632,1.2656
1983-01-07,23.77229118347168,47.544582,11.59257698059082,0.0,52.5794,12.3777
1983-01-08,26.375905990600582,52.751812,7.029949426651001,0.0,52.3135,14.929
1983-01-09,3.774684190750122,7.5493684,3.898350238800049,0.0,49.1692,2.4618
1983-01-10,2.2039341926574707,4.4078684,3.255664110183716,0.0,48.0898,1.5933
1983-01-11,6.611371040344238,13.222742,3.975317358970642,0.0,49.1439,3.7013
1983-01-12,4.8980677127838135,9.796135,3.9803953170776367,0.0,48.9089,2.7325
1983-01-13,0.3844170570373535,0.7688341,4.358051300048828,0.0,47.3755,0.7667
1983-01-14,0.0,0.0,6.981343507766724,0.0,46.3566,0.7693
1983-01-15,0.3879708051681518,0.7759416,10.106493949890137,0.0,45.6386,0.8341000000000001
1983-01-16,0.2555745840072632,0.51114917,10.766789436340332,0.0,45.0601,0.7717
1983-01-17,3.2693225145339966,6.538645,11.973479747772217,0.0,46.1236,2.0336
1983-01-18,1.041588842868805,2.0831776,8.806124210357666,0.0,45.5288,0.7721
1983-01-19,0.0,0.0,6.030659437179565,0.0,45.0506,0.772
1983-01-20,0.08987557888031,0.17975116,3.874413013458252,0.0,44.6343,0.785
1983-01-21,0.176263689994812,0.35252738,3.819538712501526,0.0,44.3183,0.7786
1983-01-22,0.1376514434814453,0.2753029,3.539783477783203,0.0,44.0371,0.779
1983-01-23,0.0521894693374633,0.10437894,3.254954099655152,0.0,43.762,0.7983
1983-01-24,0.0976850986480712,0.1953702,5.485021114349365,0.0,43.4039,0.7767999999999999
1983-01-25,0.2215200662612915,0.44304013,4.008326053619385,0.0,43.1618,0.8117
1983-01-26,0.0,0.0,3.866113543510437,0.0,42.7775,0.768
1983-01-27,0.0506952404975891,0.10139048,6.011713743209839,0.0,42.4638,0.7786
1983-01-28,2.120911657810211,4.241823,7.681113004684448,0.0,42.8106,1.1352
1983-01-29,8.738144397735596,17.476288,12.543992042541504,0.0,46.606,3.3254
1983-01-30,1.2110267877578735,2.4220536,14.67820644378662,0.0,45.7685,0.764
1983-01-31,4.630180716514587,9.260362,10.94514226913452,0.0,47.293,2.3733
1983-02-01,15.00635814666748,30.012716,12.964223384857178,0.0,51.1823,5.9791
1983-02-02,10.488867282867432,20.977734,8.756669998168945,0.0,50.4491,4.2
1983-02-03,0.3569989204406738,0.71399784,5.802281856536865,0.0,47.9288,0.7617
1983-02-04,0.0667198896408081,0.13343978,6.947674512863159,0.0,46.6849,0.7633
1983-02-05,6.568243026733398,13.136486,7.1254496574401855,0.0,48.5567,3.3235
1983-02-06,2.961356282234192,5.9227123,10.088459491729736,0.0,47.6203,1.2013
1983-02-07,0.0,0.0,11.149985790252686,0.0,46.4883,0.7645
1983-02-08,1.385819435119629,2.7716389,11.102999210357666,0.0,46.2144,1.237
1983-02-09,0.280670166015625,0.56134033,10.445820808410645,0.0,45.4289,0.7651
1983-02-10,22.402539253234863,44.805077,8.635117053985596,0.0,52.5375,10.9798
1983-02-11,0.8746637105941772,1.7493274,9.436217784881592,0.0,48.4341,0.7663
1983-02-12,1.6264933943748474,3.252987,8.308140516281128,0.0,47.5214,1.4212
1983-02-13,1.1585394144058228,2.3170788,7.413997888565063,0.0,46.5223,0.7706
1983-02-14,0.0,0.0,7.127690076828003,0.0,45.796,0.7718
1983-02-15,5.983109951019287,11.96622,7.350102186203003,0.0,48.0191,3.3087
1983-02-16,5.443782091140747,10.887564,8.031940937042236,0.0,48.5947,2.609
1983-02-17,0.0,0.0,7.648447513580322,0.0,46.9936,0.7738
1983-02-18,0.0,0.0,8.000019550323486,0.0,45.9068,0.7743
1983-02-19,0.0317599773406982,0.063519955,9.11548948287964,0.0,45.2669,0.7745
1983-02-20,15.978107452392578,31.956215,7.54616379737854,0.0,51.2789,7.6847
1983-02-21,5.3934736251831055,10.786947,3.469721555709839,0.0,49.5298,2.7745
1983-02-22,4.3479533195495605,8.695907,5.070341110229492,0.0,48.7902,2.2706
1983-02-23,15.721627712249756,31.443256,7.909764289855957,0.0,51.4586,8.0799
1983-02-24,27.992027282714844,55.984055,8.392569541931152,0.0,52.6739,16.1467
1983-02-25,7.067656755447388,14.135313,6.595314025878906,0.0,49.8837,4.4688
1983-02-26,2.792733669281006,5.5854673,6.778309345245361,0.0,48.4327,1.817
1983-02-27,9.758213996887209,19.516428,7.245274066925049,0.0,50.0935,5.379099999999999
1983-02-28,3.832834482192993,7.665669,9.93314790725708,0.0,48.6454,1.9793
1983-03-01,9.427348136901855,18.854696,13.733336448669434,0.0,49.4025,3.8953
1983-03-02,1.480581820011139,2.9611635,14.567545413970947,0.0,47.4457,0.8236
1983-03-03,8.458120346069336,16.91624,13.174099445343018,0.0,49.4311,4.6636
1983-03-04,10.9876708984375,21.975342,8.719929218292236,0.0,50.179,4.7596
1983-03-05,0.0356274843215942,0.07125497,6.103184938430786,0.0,47.7671,0.8307
1983-03-06,0.1661838293075561,0.33236766,5.852206468582153,0.0,46.5427,0.8524999999999999
1983-03-07,0.4185957908630371,0.8371916,6.420297384262085,0.0,45.7255,0.8344
1983-03-08,1.871607542037964,3.743215,7.315840005874634,0.0,45.742,1.2876
1983-03-09,9.19273567199707,18.385471,9.767338752746582,0.0,48.4048,3.6929
1983-03-10,4.607972264289856,9.215944,10.218095302581789,0.0,48.4425,2.2881
1983-03-11,28.25680255889893,56.513603,8.924445629119873,0.0,53.0487,14.8731
1983-03-12,26.41234302520752,52.824684,11.658825874328612,0.0,52.218,15.0861
1983-03-13,0.7736732959747314,1.5473466,13.330653190612791,0.0,48.1995,0.8566
1983-03-14,0.4460742473602295,0.8921485,8.541388511657715,0.0,46.8466,0.9493
1983-03-15,42.06926727294922,84.138535,7.823662757873535,0.0,53.6925,22.8313
1983-03-16,4.05258321762085,8.105166,10.209561347961426,0.0,48.977,1.879
1983-03-17,0.3557488918304443,0.7114978,9.275903224945068,0.0,47.299,0.8888
1983-03-18,0.4923114776611328,0.98462296,8.199197769165039,0.0,46.1976,0.9099
1983-03-19,42.99185180664063,85.9837,7.662169218063354,0.0,53.8644,23.6683
1983-03-20,26.85947227478028,53.718945,10.58908987045288,0.0,51.9781,17.1732
1983-03-21,7.052557945251465,14.105116,16.429433822631836,0.0,49.2332,2.9314
1983-03-22,3.152512550354004,6.305025,18.84852409362793,0.0,47.5047,0.9374
1983-03-23,0.2391042709350586,0.47820854,21.12080955505371,0.0,46.0077,0.9402
1983-03-24,13.478186130523682,26.956371,14.508917331695557,0.0,49.9764,6.1038
1983-03-25,22.66675853729248,45.33352,10.85235357284546,0.0,52.3264,11.684500000000002
1983-03-26,0.78261399269104,1.565228,12.50179958343506,0.0,48.2596,0.9417
1983-03-27,17.341593742370605,34.68319,11.250059604644775,0.0,51.6159,9.8937
1983-03-28,9.57836627960205,19.156733,11.230502605438232,0.0,50.4156,5.6464
1983-03-29,1.594407081604004,3.1888142,11.28773069381714,0.0,48.107,1.1449
1983-03-30,1.42449688911438,2.8489938,11.140271186828612,0.0,47.0033,1.0067
1983-03-31,0.6722087860107422,1.3444176,11.364585876464844,0.0,46.1406,0.966
1983-04-01,0.0,0.0,11.700771808624268,0.0,44.9751,0.9664
1983-04-02,0.0,0.0,15.189062595367432,0.0,43.8829,0.9647
1983-04-03,0.3147873878479004,0.6295748,15.772669315338137,0.0,42.9869,0.9729
1983-04-04,0.7078197002410889,1.4156394,15.414120197296144,0.0,42.4119,0.9597
1983-04-05,2.127424955368042,4.25485,15.6885347366333,0.0,42.8858,1.6855
1983-04-06,6.641383647918701,13.282767,14.742218494415283,0.0,45.1238,2.4862
1983-04-07,4.82774543762207,9.655491,17.758342742919922,0.0,45.1831,1.2487
1983-04-08,9.184386730194092,18.368774,18.054543495178223,0.0,47.8785,3.2646
1983-04-09,9.80591869354248,19.611837,18.836227416992188,0.0,49.0144,3.0811
1983-04-10,27.59273052215576,55.185463,18.95621585845948,0.0,52.6979,11.1458
1983-04-11,35.68634033203125,71.37268,20.600440979003903,0.0,53.089,19.1248
1983-04-12,8.754371643066406,17.508743,20.94360637664795,0.0,49.3277,3.0144
1983-04-13,2.581316471099853,5.162633,21.87619972229004,0.0,47.2358,0.974
1983-04-14,34.49099159240723,68.98198,19.689030647277832,0.0,53.2935,19.7368
1983-04-15,9.517018556594849,19.034037,20.981194496154785,0.0,49.5342,3.4263
1983-04-16,47.82247924804688,95.64496,12.209269523620604,0.0,53.4578,28.1926
1983-04-17,3.888091802597046,7.7761836,11.324438095092772,0.0,49.1402,2.6201
1983-04-18,26.267234802246094,52.53447,14.226012229919434,0.0,52.2517,14.0875
1983-04-19,1.7803738117218018,3.5607476,18.93540477752685,0.0,48.2624,1.0339
1983-04-20,19.18079376220703,38.361588,16.98147201538086,0.0,51.6225,10.6012
1983-04-21,3.3516626358032227,6.7033253,18.61846351623535,0.0,48.2018,1.0444
1983-04-22,20.35372638702393,40.70745,17.3862886428833,0.0,51.9152,11.3844
1983-04-23,15.013190746307371,30.026382,16.959199905395508,0.0,51.0319,7.775600000000001
1983-04-24,0.9390931129455566,1.8781862,19.728391647338867,0.0,47.8624,1.0599
1983-04-25,0.0,0.0,22.47176074981689,0.0,46.0099,1.0623
1983-04-26,0.0968551635742187,0.19371033,23.937291145324707,0.0,44.6333,1.061
1983-04-27,0.0331001281738281,0.06620026,23.96440601348877,0.0,43.4565,1.0584
1983-04-28,0.3516426086425781,0.7032852,24.53231430053711,0.0,42.339,1.0755
1983-04-29,15.126699447631836,30.253399,15.770744323730469,0.0,47.2986,4.5782
1983-04-30,3.0662853717803955,6.1325707,12.122098922729492,0.0,46.9437,1.5391
1983-05-01,6.973114967346191,13.94623,15.49024534225464,0.0,48.15,2.8442
1983-05-02,10.934194564819336,21.86839,16.38994550704956,0.0,50.4051,5.0261
1983-05-03,1.3653178215026855,2.7306356,19.92096710205078,0.0,47.6747,1.0478
1983-05-04,0.4592342376708984,0.9184685,22.20556259155273,0.0,46.0213,1.0530000000000002
1983-05-05,2.801534652709961,5.6030693,22.678805351257324,0.0,45.3163,1.0437
1983-05-06,21.110897064208984,42.221794,21.11597442626953,0.0,51.7292,8.9015
1983-05-07,0.0,0.0,19.82125663757324,0.0,47.6843,1.0388
1983-05-08,0.2309658527374267,0.4619317,21.323448181152344,0.0,45.8821,1.0384
1983-05-09,15.58388900756836,31.167778,20.48998546600341,0.0,50.6922,6.2692
1983-05-10,10.031074047088625,20.06215,21.17711353302002,0.0,49.981,3.7092
1983-05-11,5.18097996711731,10.361959,21.190104484558105,0.0,48.6287,2.0216
1983-05-12,30.38716220855713,60.774323,21.932608604431152,0.0,52.9319,14.2154
1983-05-13,0.3695642948150635,0.7391286,23.409836769104004,0.0,48.0622,1.0376
1983-05-14,0.2711415290832519,0.54228306,21.31230926513672,0.0,46.3766,1.0491
1983-05-15,11.01410961151123,22.02822,20.17233371734619,0.0,48.7839,4.1862
1983-05-16,0.0,0.0,17.37164878845215,0.0,46.929,1.0406
1983-05-17,0.1859054565429687,0.3718109,16.987500190734863,0.0,45.5569,1.0395
1983-05-18,0.0,0.0,18.882064819335938,0.0,44.2209,1.037
1983-05-19,3.1280206441879272,6.2560415,20.782673835754395,0.0,44.7557,2.0871
1983-05-20,4.894350528717041,9.788701,21.44977760314941,0.0,45.0526,1.4516
1983-05-21,2.97103214263916,5.9420643,22.496203422546387,0.0,44.6339,1.0304
1983-05-22,2.4283125400543213,4.856625,23.12867259979248,0.0,44.9997,1.9563
1983-05-23,1.2355908155441284,2.4711816,24.693565368652344,0.0,44.1249,1.0334
1983-05-24,17.61215591430664,35.22431,23.41216468811035,0.0,51.3317,7.856899999999999
1983-05-25,6.272053480148315,12.544107,22.935747146606445,0.0,49.098,2.0711000000000004
1983-05-26,0.9211859703063964,1.842372,21.324965476989743,0.0,47.2393,1.0184
1983-05-27,0.7131977081298828,1.4263954,23.741527557373047,0.0,45.8892,1.1559
1983-05-28,0.987868070602417,1.9757361,25.383172035217285,0.0,44.789,1.0133
1983-05-29,14.751620292663574,29.50324,24.3289794921875,0.0,50.3361,6.3068
1983-05-30,18.88594913482666,37.771896,24.72105884552002,0.0,51.7706,7.2216
1983-05-31,26.82191753387451,53.643837,24.338093757629395,0.0,52.4476,11.448
1983-06-01,0.234163761138916,0.46832752,25.05703353881836,0.0,47.9958,1.0146
1983-06-02,0.8701467514038086,1.7402935,24.992351531982425,0.0,46.544,1.2029
1983-06-03,24.58942604064941,49.178852,24.40972328186035,0.0,51.9016,9.657
1983-06-04,0.3972277641296386,0.7944555,21.6140193939209,0.0,48.0041,1.0151
1983-06-05,0.0,0.0,22.1147689819336,0.0,46.0052,1.0151
1983-06-06,0.4924969673156738,0.98499393,23.447747230529785,0.0,44.6439,1.0379999999999998
1983-06-07,0.1798458099365234,0.35969162,22.693947792053223,0.0,43.5602,1.0102
1983-06-08,0.0246410369873046,0.049282074,24.15766143798828,0.0,42.4451,1.0069
1983-06-09,2.086716890335083,4.173434,25.570225715637207,0.0,42.3301,1.4677
1983-06-10,14.718824863433838,29.437649,25.21495532989502,0.0,47.6263,4.5655
1983-06-11,9.992878913879396,19.985758,25.23111915588379,0.0,48.6839,2.851
1983-06-12,0.0,0.0,25.68466663360596,0.0,46.3819,0.9972
1983-06-13,29.13585662841797,58.271713,22.39011573791504,0.0,53.1975,12.7538
1983-06-14,19.647696495056152,39.295395,20.983530044555664,0.0,51.8319,8.7555
1983-06-15,30.58711338043213,61.174225,22.17644023895264,0.0,52.7407,16.5143
1983-06-16,38.30239295959473,76.60478,22.16003799438477,0.0,52.7116,24.6005
1983-06-17,45.888689041137695,91.777374,22.26572132110596,0.0,52.5146,32.202
1983-06-18,19.4663314819336,38.932663,23.305794715881348,0.0,51.1635,10.6492
1983-06-19,24.62029838562012,49.240597,23.08807182312012,0.0,51.9278,13.5822
1983-06-20,4.036989688873291,8.073979,25.05038070678711,0.0,48.3093,1.0721
1983-06-21,8.864275455474854,17.72855,24.50995635986328,0.0,49.5132,5.5841
1983-06-22,3.720202445983887,7.440405,25.376163482666016,0.0,47.4623,1.0794
1983-06-23,3.9076240062713614,7.815248,26.348691940307617,0.0,47.3875,2.7835
1983-06-24,1.371392011642456,2.742784,26.73739624023437,0.0,45.9738,1.0779
1983-06-25,0.1098666191101074,0.21973324,26.86416721343994,0.0,44.5478,1.0754
1983-06-26,0.0785202980041503,0.1570406,27.05362129211425,0.0,43.3462,1.0719
1983-06-27,0.7346830368041992,1.4693661,26.97562789916992,0.0,42.5847,1.2736
1983-06-28,5.2003480195999146,10.400696,26.812561988830566,0.0,42.3766,1.0658
1983-06-29,2.2049567699432373,4.4099135,27.042036056518555,0.0,42.256,1.5933000000000002
1983-06-30,0.2992496490478515,0.5984993,27.3355016708374,0.0,41.3292,1.0586
1983-07-01,0.0,0.0,27.392157554626465,0.0,40.0827,1.0545
1983-07-02,7.038872003555298,14.077744,26.161911010742188,0.0,43.5512,3.2927
1983-07-03,2.045656442642212,4.091313,26.266626358032227,0.0,42.6925,1.0469
1983-07-04,0.8394773006439209,1.6789546,27.62118148803711,0.0,41.5221,1.0831
1983-07-05,1.0323679447174072,2.064736,27.341788291931152,0.0,40.6179,1.039
1983-07-06,0.4339916706085205,0.86798334,27.7781982421875,0.0,39.5349,1.0374
1983-07-07,0.0,0.0,27.26173114776612,0.0,38.4827,1.0308
1983-07-08,0.1230785846710205,0.24615717,27.83622932434082,0.0,37.2437,1.0265
1983-07-09,3.063396692276001,6.1267934,27.61369228363037,0.0,36.6181,1.0227
1983-07-10,0.0,0.0,27.3474063873291,0.0,35.5945,1.0187
1983-07-11,1.525991916656494,3.0519838,27.20897102355957,0.0,35.9016,1.3254
1983-07-12,7.286560535430908,14.573121,25.82971477508545,0.0,38.0734,1.8074
1983-07-13,12.619837760925291,25.239676,25.67179203033448,0.0,42.6978,2.8656
1983-07-14,1.227738857269287,2.4554777,26.485200881958008,0.0,41.1357,1.0066
1983-07-15,7.117849826812744,14.2357,26.566386222839355,0.0,43.4283,2.7514
1983-07-16,17.50768756866455,35.015373,26.039607048034668,0.0,49.5138,4.6218
1983-07-17,5.081869959831238,10.16374,25.215930938720703,0.0,47.3873,0.9978
1983-07-18,4.543130397796631,9.086261,25.793557167053223,0.0,47.0996,2.0165
1983-07-19,0.3633036613464355,0.7266073,26.83635711669922,0.0,44.9634,0.9911
1983-07-20,0.8374221324920654,1.6748443,28.01134204864502,0.0,43.0945,1.097
1983-07-21,0.0918707847595214,0.18374157,28.320103645324707,0.0,41.2906,0.9845
1983-07-22,0.4328620433807373,0.8657241,27.67831420898437,0.0,39.4519,0.9824
1983-07-23,0.58159339427948,1.1631868,27.990211486816406,0.0,38.2753,0.9797
1983-07-24,2.68042266368866,5.3608456,27.993693351745605,0.0,38.8877,1.5535
1983-07-25,15.126852989196776,30.253706,26.60383033752441,0.0,44.4069,3.372
1983-07-26,3.922890067100525,7.8457804,26.489540100097656,0.0,43.2394,0.9738
1983-07-27,3.9826819896698,7.965364,26.576040267944336,0.0,42.9935,1.7682
1983-07-28,1.4048113822937012,2.8096228,26.52705955505371,0.0,41.4624,0.9701
1983-07-29,0.8364124298095703,1.6728249,27.392423629760746,0.0,39.8105,1.0787
1983-07-30,0.1412506103515625,0.28250122,27.723811149597168,0.0,38.7491,0.9664
1983-07-31,0.0,0.0,28.109688758850098,0.0,37.7433,0.9645
1983-08-01,0.4312176704406738,0.86243534,28.43383884429932,0.0,36.8856,0.9636
1983-08-02,0.5146093368530273,1.0292187,28.006914138793945,0.0,36.177,0.9608
1983-08-03,0.2365709543228149,0.4731419,27.521398544311523,0.0,35.4726,0.9607
1983-08-04,0.1605253219604492,0.32105064,28.12427043914795,0.0,35.0666,0.9572
1983-08-05,0.0,0.0,27.713513374328613,0.0,34.796,0.9554
1983-08-06,0.3839356899261474,0.7678714,27.776853561401367,0.0,34.5675,0.9536
1983-08-07,9.735541820526125,19.471085,27.053614616394043,0.0,41.3786,3.4314
1983-08-08,0.7356562614440918,1.4713125,26.17419147491455,0.0,39.7627,0.9501
1983-08-09,1.820031762123108,3.6400635,27.154193878173828,0.0,39.2221,1.0765
1983-08-10,0.0,0.0,26.91550350189209,0.0,38.4,0.9465
1983-08-11,2.4357444047927856,4.8714886,26.485105514526367,0.0,39.151,1.4979
1983-08-12,0.3626978397369385,0.7253957,26.474181175231934,0.0,38.3965,0.9429
1983-08-13,0.5657327175140381,1.1314654,27.13316535949707,0.0,37.6294,0.9475
1983-08-14,0.3624293804168701,0.72485876,26.894332885742188,0.0,37.0042,0.9394
1983-08-15,0.9443302154541016,1.8886604,26.29605770111084,0.0,36.635,1.0606
1983-08-16,0.6582484245300293,1.3164968,26.63056755065918,0.0,36.0189,0.9358
1983-08-17,0.5322185754776001,1.0644372,26.5170316696167,0.0,35.4106,0.9608
1983-08-18,0.4555315971374511,0.9110632,26.35790538787841,0.0,35.0479,0.9323
1983-08-19,0.7141583561897278,1.4283167,26.97010326385498,0.0,35.0655,1.0056
1983-08-20,2.23262906074524,4.465258,26.61888027191162,0.0,34.7808,0.9288
1983-08-21,7.987364768981934,15.97473,25.726393699646,0.0,38.923,2.2655000000000003
1983-08-22,5.502505302429199,11.005011,26.28203773498535,0.0,38.8035,0.9321
1983-08-23,10.510709762573242,21.02142,26.276147842407227,0.0,44.1108,2.9566
1983-08-24,20.88088798522949,41.761776,24.1588830947876,0.0,52.4945,6.2869
1983-08-25,37.99860382080078,75.99721,21.99773406982422,0.0,54.2224,13.454
1983-08-26,1.99490749835968,3.989815,23.40046977996826,0.0,48.5249,0.9187
1983-08-27,0.0556116104125976,0.11122322,23.76321792602539,0.0,46.5262,0.9177
1983-08-28,0.5389959812164307,1.077992,24.12996482849121,0.0,45.2357,0.9166
1983-08-29,0.4860882759094238,0.97217655,24.112892150878903,0.0,44.0134,0.9242
1983-08-30,1.1181435585021973,2.236287,24.01121425628662,0.0,43.3018,0.9141
1983-08-31,0.4803943634033203,0.9607887,25.365225791931152,0.0,42.316,0.9136
1983-09-01,0.1595070362091064,0.31901407,26.1453275680542,0.0,41.5385,0.913
1983-09-02,5.127302408218384,10.254604,25.780882835388184,0.0,43.6578,2.5580000000000003
1983-09-03,16.82963991165161,33.65928,23.514448165893555,0.0,49.5236,4.5968
1983-09-04,12.545208930969238,25.090418,23.611496925354004,0.0,50.7797,4.1564
1983-09-05,0.694746732711792,1.3894935,24.29483985900879,0.0,47.663,0.9056
1983-09-06,0.0,0.0,24.989362716674805,0.0,45.9926,0.9046
1983-09-07,0.3306413888931274,0.6612828,25.044997215271,0.0,44.7461,0.9035
1983-09-08,0.0348702669143676,0.069740534,25.840331077575684,0.0,43.6071,0.9022
1983-09-09,1.659501075744629,3.3190022,25.934558868408203,0.0,43.2799,1.2739
1983-09-10,3.2041475772857666,6.408295,25.828999519348145,0.0,42.7994,0.8995
1983-09-11,6.199314832687378,12.39863,25.303407669067383,0.0,45.353,2.7393
1983-09-12,6.138538837432861,12.277078,25.3483362197876,0.0,45.5612,1.2467
1983-09-13,5.537777662277222,11.075556,25.554076194763184,0.0,45.5848,1.1708
1983-09-14,1.6765713691711426,3.3531427,25.14846420288086,0.0,44.5419,0.9286
1983-09-15,0.7929139733314514,1.585828,25.555805206298828,0.0,43.1494,0.9141
1983-09-16,0.0992000102996826,0.19840002,25.72526836395264,0.0,41.6357,0.8907
1983-09-17,0.3603143692016601,0.72062874,25.331701278686523,0.0,40.2142,0.89
1983-09-18,18.76893615722656,37.537872,24.092586517333984,0.0,49.8364,5.8347
1983-09-19,7.421300411224365,14.842601,23.95578670501709,0.0,49.7141,2.62
1983-09-20,1.2435845732688904,2.4871693,23.81710910797119,0.0,47.3843,0.8849
1983-09-21,0.0,0.0,24.025837898254395,0.0,45.4543,0.8837
1983-09-22,0.0,0.0,24.62079334259033,0.0,43.696,0.8825
1983-09-23,0.0,0.0,25.2007999420166,0.0,42.0388,0.8812
1983-09-24,7.965088367462158,15.930177,25.40106773376465,0.0,45.4784,3.2729
1983-09-25,8.561038970947266,17.122078,24.45053768157959,0.0,47.5165,2.3995
1983-09-26,0.0,0.0,23.845938682556152,0.0,45.1418,0.877
1983-09-27,0.2602721750736236,0.52054435,24.182887077331543,0.0,43.4338,0.8775000000000001
1983-09-28,0.0379921197891235,0.07598424,22.48908042907715,0.0,41.8821,0.8743
1983-09-29,0.1357671022415161,0.2715342,21.35236167907715,0.0,40.6253,0.8729
1983-09-30,5.808656692504883,11.617313,20.384007453918457,0.0,43.4184,2.3266
1983-10-01,0.9341953992843628,1.8683908,22.000622749328613,0.0,42.7094,0.8867
1983-10-02,0.1520749032497406,0.3041498,23.894097328186035,0.0,41.6116,0.8701
1983-10-03,1.5731092989444733,3.1462185,25.76039028167725,0.0,41.0018,0.8725999999999999
1983-10-04,0.9147579669952391,1.8295159,25.646443367004395,0.0,40.1111,0.9027
1983-10-05,0.2615071535110473,0.5230143,25.43004608154297,0.0,39.1282,0.8642
1983-10-06,0.3303300142288208,0.66066,25.39842414855957,0.0,38.3938,0.8654000000000001
1983-10-07,0.0988827943801879,0.19776559,25.579565048217773,0.0,37.6242,0.8611
1983-10-08,0.3574330806732178,0.71486616,21.05414867401123,0.0,37.192,0.867
1983-10-09,0.2265270948410034,0.4530542,20.6648063659668,0.0,36.6695,0.858
1983-10-10,0.0,0.0,18.693584442138672,0.0,36.0619,0.8565
1983-10-11,0.0883554816246032,0.17671096,18.06739044189453,0.0,35.5714,0.8561
1983-10-12,0.0907109379768371,0.18142188,18.2039794921875,0.0,35.3228,0.8533
1983-10-13,0.2821211814880371,0.56424236,21.603166580200195,0.0,35.0505,0.8571
1983-10-14,0.233119249343872,0.4662385,22.42057132720948,0.0,34.8413,0.8502
1983-10-15,0.0320237874984741,0.064047575,23.92165184020996,0.0,34.5497,0.8486
1983-10-16,0.0415378808975219,0.08307576,24.22001266479492,0.0,34.349,0.847
1983-10-17,0.653021514415741,1.306043,24.82202911376953,0.0,34.6226,0.9965
1983-10-18,0.2904799580574035,0.5809599,25.12249660491944,0.0,34.3012,0.8439
1983-10-19,0.0324400663375854,0.06488013,25.250056266784668,0.0,34.0363,0.8423
1983-10-20,3.604986965656281,7.209974,25.21284294128418,0.0,36.6803,1.7925
1983-10-21,1.0256816148757937,2.0513632,23.250645637512207,0.0,36.425,0.8391
1983-10-22,0.1880096197128296,0.37601924,22.932387351989743,0.0,35.9475,0.8392000000000001
1983-10-23,0.3305067420005798,0.6610135,19.34561824798584,0.0,35.6237,0.836
1983-10-24,0.1149467229843139,0.22989345,17.367121696472168,0.0,35.2968,0.8356
1983-10-25,0.3377835750579834,0.67556715,16.608736038208008,0.0,35.1024,0.8328
1983-10-26,0.993246614933014,1.9864932,16.721271514892578,0.0,35.4953,1.0093
1983-10-27,0.4230637550354004,0.8461275,16.564513206481934,0.0,35.3907,0.8297
1983-10-28,0.0803155899047851,0.16063118,17.996484756469727,0.0,35.0644,0.8283
1983-10-29,0.004107654094696,0.008215308,19.02982807159424,0.0,34.7881,0.8266
1983-10-30,0.0,0.0,19.17223644256592,0.0,34.4662,0.825
1983-10-31,0.0,0.0,17.31346607208252,0.0,34.1956,0.8235
1983-11-01,0.0,0.0,15.070807933807371,0.0,34.0025,0.8219
1983-11-02,0.2239829301834106,0.44796586,14.144872665405272,0.0,33.8708,0.8223
1983-11-03,0.0141542255878448,0.028308451,14.835795402526855,0.0,33.745,0.8189
1983-11-04,0.0,0.0,16.44697093963623,0.0,33.597,0.8173
1983-11-05,0.0,0.0,15.98079776763916,0.0,33.4593,0.8158
1983-11-06,0.0891128480434417,0.1782257,16.197656631469727,0.0,33.3304,0.8142
1983-11-07,0.0759600400924682,0.15192008,15.390172481536863,0.0,33.2117,0.8128
1983-11-08,0.0517653226852417,0.103530645,16.316676139831543,0.0,33.0932,0.8112
1983-11-09,0.0,0.0,18.63411426544189,0.0,32.9607,0.8096
1983-11-10,0.0,0.0,17.05985450744629,0.0,32.88,0.8081
1983-11-11,0.2904452979564667,0.5808906,15.743868827819824,0.0,32.9885,0.8495
1983-11-12,2.192582786083221,4.3851657,16.08770513534546,0.0,33.2934,0.8936000000000001
1983-11-13,0.0126808881759643,0.025361776,14.88546085357666,0.0,33.1224,0.8036
1983-11-14,0.0,0.0,13.093900203704834,0.0,32.9276,0.802
1983-11-15,0.0,0.0,14.092429637908936,0.0,32.7986,0.8005
1983-11-16,0.0638856887817382,0.12777138,11.419386386871338,0.0,32.6692,0.799
1983-11-17,1.2435047030448914,2.4870095,9.86464262008667,0.0,33.2976,1.0056
1983-11-18,0.5997644662857056,1.1995289,9.329381465911863,0.0,33.1437,0.796
1983-11-19,0.1307992339134216,0.26159847,9.782369136810305,0.0,32.9343,0.7955
1983-11-20,0.3478109240531921,0.69562185,10.787943840026855,0.0,32.7665,0.793
1983-11-21,0.0,0.0,11.30362033843994,0.0,32.593,0.7915
1983-11-22,0.0142569541931152,0.028513908,11.876504898071287,0.0,32.4574,0.79
1983-11-23,0.1321615576744079,0.26432312,10.992409706115724,0.0,32.3455,0.7895
1983-11-24,0.0462256371974945,0.092451274,9.490755558013916,0.0,32.2386,0.7871
1983-11-25,0.0,0.0,9.426937103271484,0.0,32.1287,0.7856
1983-11-26,0.0,0.0,8.599688529968262,0.0,32.0397,0.7841
1983-11-27,0.0,0.0,6.239664793014526,0.0,31.9603,0.7826
1983-11-28,0.1033554077148437,0.20671082,7.903741836547852,0.0,31.902,0.7834
1983-11-29,0.0035302639007568,0.007060528,9.904850482940674,0.0,31.8094,0.7797
1983-11-30,0.1009181141853332,0.20183623,8.994400024414062,0.0,31.7218,0.7787
1983-12-01,0.0480894446372985,0.09617889,6.639443397521973,0.0,31.6777,0.7810999999999999
1983-12-02,0.0219653844833374,0.04393077,5.9029927253723145,0.0,31.631,0.7795
1983-12-03,0.0,0.0,6.929865837097168,0.0,31.5651,0.7757000000000001
1983-12-04,0.0038139224052429,0.007627845,7.06568717956543,0.0,31.5021,0.774
1983-12-05,0.1221134066581726,0.24422681,7.560583114624023,0.0,31.4489,0.7742
1983-12-06,0.0,0.0,8.173895359039307,0.0,31.3539,0.7695
1983-12-07,0.0,0.0,8.336377620697021,0.0,31.2671,0.768
1983-12-08,0.0246935188770294,0.049387038,6.95770788192749,0.0,31.2142,0.7679999999999999
1983-12-09,0.06461101770401,0.12922204,7.085953235626221,0.0,31.1594,0.7678
1983-12-10,0.0453703999519348,0.0907408,7.944903135299683,0.0,31.0946,0.7648
1983-12-11,0.0,0.0,8.427107334136963,0.0,31.0019,0.7622
1983-12-12,0.1356177330017089,0.27123547,8.20214319229126,0.0,30.9333,0.7612
1983-12-13,0.0,0.0,8.412345886230469,0.0,30.8557,0.7594
1983-12-14,0.0214858353137969,0.04297167,8.852865219116211,0.0,30.7909,0.7579
1983-12-15,0.0877276062965393,0.17545521,10.510358810424805,0.0,30.7187,0.7565
1983-12-16,0.0550102889537811,0.11002058,11.05808401107788,0.0,30.6536,0.7554
1983-12-17,1.2835296392440796,2.5670593,8.676402568817139,0.0,31.0146,0.8527
1983-12-18,0.2042299807071685,0.40845996,6.897684574127197,0.0,30.9773,0.7522
1983-12-19,2.3628071546554565,4.7256145,6.28618597984314,0.0,32.5986,1.1906
1983-12-20,3.1432526111602783,6.286505,8.29314374923706,0.0,34.2286,1.1905
1983-12-21,0.3393576145172119,0.6787152,10.532025337219238,0.0,34.1337,0.748
1983-12-22,2.3677315711975098,4.735463,8.746946334838867,0.0,35.6272,1.1935
1983-12-23,0.5435289144515991,1.0870578,6.812058925628662,0.0,35.5755,0.7452
1983-12-24,0.0017544701695442,0.0035089403,5.397890329360962,0.0,35.4683,0.7442
1983-12-25,0.0087836980819702,0.017567396,4.871566534042358,0.0,35.3328,0.7434
1983-12-26,0.1130067110061645,0.22601342,4.842726707458496,0.0,35.2201,0.7454999999999999
1983-12-27,0.0669870376586914,0.13397408,6.579286098480225,0.0,35.1025,0.7396
1983-12-28,1.071045219898224,2.1420903,5.5591559410095215,0.0,35.6431,0.9155
1983-12-29,27.645496368408203,55.290993,0.1291666030883789,4.3532,50.4589,5.9753
1983-12-30,0.0547088980674743,0.109417796,-0.0800042152404785,4.3978,47.6146,0.7481000000000001
1983-12-31,0.0101951360702514,0.020390272,-0.010146141052246,4.2655,46.6599,0.774
1984-01-01,0.0376284718513488,0.07525694,0.5358972549438477,3.9951,46.2837,0.8756
1984-01-02,0.1255545318126678,0.25110906,3.4630253314971924,2.6982,47.071,1.3521999999999998
1984-01-03,0.1475943922996521,0.29518878,4.459646463394165,1.2263,47.3748,1.3149
1984-01-04,0.2021427154541015,0.40428543,3.5081114768981934,0.4137,46.7164,0.9571
1984-01-05,0.0282474756240844,0.05649495,3.832110047340393,0.1442,45.985,0.8248
1984-01-06,0.0,0.0,5.397876739501953,0.0,45.3277,0.7677
1984-01-07,0.2224456071853637,0.4448912,6.876580476760864,0.0,44.7113,0.7273000000000001
1984-01-08,0.1230908632278442,0.24618173,3.171198606491089,0.0,44.3563,0.764
1984-01-09,0.0811048746109008,0.16220975,2.6932647228240967,0.0,43.9884,0.7327
1984-01-10,0.1835022270679474,0.36700445,4.070370197296143,0.0,43.6277,0.7350000000000001
1984-01-11,0.0,0.0,5.28021502494812,0.0,43.1099,0.719
1984-01-12,0.0361740589141845,0.07234812,9.828574180603027,0.0,42.613,0.7176
1984-01-13,0.3844170570373535,0.7688341,7.075345039367676,0.0,42.2712,0.7287
1984-01-14,0.0,0.0,6.605757236480713,0.0,41.6948,0.7149
1984-01-15,0.0684832334518432,0.13696647,11.328324794769289,0.0,41.0083,0.714
1984-01-16,2.261857271194458,4.5237145,6.442492961883545,0.0,41.1849,0.8614
1984-01-17,0.7491373419761658,1.4982747,6.164655685424805,0.0,41.0582,0.7109
1984-01-18,0.563967764377594,1.1279355,9.633361339569092,0.0,40.904,0.8160000000000001
1984-01-19,1.7789859175682068,3.557972,5.628756284713745,0.0,40.7433,0.7082
1984-01-20,3.38553786277771,6.7710757,3.6482341289520255,0.0,42.9118,1.5024
1984-01-21,17.26036834716797,34.520737,1.6831486225128174,0.921,51.4476,4.9264
1984-01-22,0.1505153179168701,0.30103064,1.5312988758087158,0.7963,48.3281,0.7827000000000001
1984-01-23,0.1016222238540649,0.20324445,2.849351644515991,0.5813,47.2569,0.8100999999999999
1984-01-24,0.8347810506820679,1.6695621,3.423261880874634,0.127,47.1314,1.1166
1984-01-25,3.384171843528748,6.768344,2.223512887954712,0.0,47.908,1.6011000000000002
1984-01-26,0.61286461353302,1.2257292,2.415182590484619,0.0,46.918,0.7604
1984-01-27,1.810181558132172,3.6203632,2.8955023288726807,0.0,46.8037,1.0251
1984-01-28,1.2536969780921936,2.5073938,4.630771636962891,0.0,46.1278,0.7037
1984-01-29,0.0968919992446899,0.193784,6.3022661209106445,0.0,45.5453,0.695
1984-01-30,1.1274699866771698,2.25494,5.493858098983765,0.0,45.4949,0.9145
1984-01-31,5.159450769424439,10.318901,3.539257645606994,0.0,47.564,2.0104
1984-02-01,2.0773794651031494,4.154759,4.7670738697052,0.0,47.0491,0.9387
1984-02-02,12.971652507781982,25.943306,5.036967277526856,0.0,51.2934,4.659800000000001
1984-02-03,5.276207685470581,10.552416,3.338507056236267,0.0,49.7538,2.2258
1984-02-04,4.596441984176636,9.192884,4.121999025344849,0.0,49.2601,2.1056
1984-02-05,3.6288366317749023,7.2576733,5.288214921951294,0.0,48.539,1.5671
1984-02-06,2.783727049827576,5.5674543,3.3684206008911133,0.0189,47.872,1.2751
1984-02-07,0.0,0.0,1.6289987564086914,0.0,46.7481,0.725
1984-02-08,1.385819435119629,2.7716389,2.84166955947876,0.0,46.2937,0.911
1984-02-09,1.542268991470337,3.084538,2.8665504455566406,0.0,46.064,0.9526
1984-02-10,17.368332862854004,34.736664,4.298948049545288,0.0,51.8041,7.254799999999999
1984-02-11,1.818955481052399,3.6379108,6.858689546585083,0.0,48.5791,0.9907
1984-02-12,3.53986656665802,7.079733,8.082972526550293,0.0,48.1461,1.6478000000000002
1984-02-13,3.317710518836975,6.635421,7.747833728790283,0.0,47.8766,1.5867
1984-02-14,3.066253900527954,6.132508,6.627562522888184,0.0,47.531,1.3799
1984-02-15,1.142717719078064,2.2854354,7.644954442977905,0.0,46.5618,0.6827
1984-02-16,0.1340913772583007,0.26818275,8.954902172088623,0.0,45.7955,0.6861
1984-02-17,0.0,0.0,9.184634685516356,0.0,45.1376,0.6834
1984-02-18,0.0,0.0,6.825655221939087,0.0,44.5777,0.6833
1984-02-19,0.0,0.0,5.2850341796875,0.0,44.1872,0.6831
1984-02-20,0.7833266258239746,1.5666533,7.249029159545898,0.0,44.0821,0.8666
1984-02-21,2.017842173576355,4.0356846,11.787983894348145,0.0,43.7879,0.6825
1984-02-22,0.0965005159378051,0.19300103,15.519588947296144,0.0,43.128,0.6816
1984-02-23,0.6364221572875977,1.2728443,12.814578533172607,0.0,42.7036,0.6930999999999999
1984-02-24,0.2917028665542602,0.58340573,10.270936965942385,0.0,42.4162,0.7145
1984-02-25,0.9124010801315308,1.8248022,10.362929821014404,0.0,42.189,0.6921
1984-02-26,0.7972785234451294,1.594557,8.213929891586304,0.0,42.2394,0.8921
1984-02-27,1.8642544746398928,3.728509,5.7775795459747314,0.0,42.1931,0.7083
1984-02-28,8.573083400726318,17.146168,2.509373903274536,0.0,46.6772,3.5494000000000003
1984-02-29,4.480809211730957,8.961618,3.764867663383484,0.0,47.6879,2.0164
1984-03-01,0.3885352611541748,0.7770705,5.020361661911011,0.0,46.5715,0.7187
1984-03-02,0.0329322814941406,0.06586456,5.900267601013184,0.0,45.6978,0.6985
1984-03-03,0.0,0.0,8.319010734558105,0.0,44.814,0.6727
1984-03-04,0.3709235191345215,0.74184704,8.991941452026367,0.0,44.2146,0.6819
1984-03-05,0.0356274843215942,0.07125497,11.926478385925291,0.0,43.5407,0.6708
1984-03-06,15.344587326049805,30.689175,8.105838060379028,0.0,50.7902,6.413
1984-03-07,20.26598358154297,40.531967,7.619905471801758,0.0,52.4723,8.938500000000001
1984-03-08,1.6794307231903076,3.3588614,7.386169910430908,0.0,48.6955,1.0311
1984-03-09,4.518468379974365,9.036937,8.307390213012695,0.0,48.5583,2.18
1984-03-10,5.130679368972778,10.261358,9.5241060256958,0.0,48.4326,2.1025
1984-03-11,2.4421746730804443,4.8843493,8.384092807769775,0.0,47.5178,1.0839
1984-03-12,6.381861448287964,12.763723,10.573765754699709,0.0,48.2338,2.4168
1984-03-13,0.4872031211853027,0.97440624,16.296569347381592,0.0,46.6268,0.6773
1984-03-14,0.0218739509582519,0.043747902,18.46420955657959,0.0,45.3887,0.6781
1984-03-15,0.1407930850982666,0.28158617,19.51404094696045,0.0,44.2943,0.6782
1984-03-16,0.4305438995361328,0.8610878,16.195905685424805,0.0,43.6299,0.7367999999999999
1984-03-17,0.4327564239501953,0.86551285,14.280874252319336,0.0,43.1773,0.6774
1984-03-18,4.127363920211792,8.254728,17.208733558654785,0.0,44.5695,2.0544
1984-03-19,17.019959449768066,34.039917,17.009339332580566,0.0,50.1516,5.504899999999999
1984-03-20,15.814661026000977,31.629322,10.675421714782717,0.0,51.5618,6.5903
1984-03-21,1.0328638553619385,2.0657277,10.137972831726074,0.0,48.1816,0.676
1984-03-22,4.398552417755127,8.797105,7.139873504638672,0.0,48.4774,2.4911000000000003
1984-03-23,5.066354036331177,10.132708,10.588231563568115,0.0,48.2848,1.9279
1984-03-24,7.432688236236572,14.865376,13.304131507873535,0.0,48.9003,2.8228
1984-03-25,26.23230457305908,52.464607,10.248870849609377,0.0,52.6552,12.683
1984-03-26,2.340569496154785,4.681139,12.122668266296388,0.0,48.4492,0.6873
1984-03-27,2.5393972396850586,5.0787945,14.39521074295044,0.0,47.6317,1.7159
1984-03-28,4.998522758483887,9.9970455,11.4801344871521,0.0,47.5469,1.6601
1984-03-29,0.0103449821472167,0.020689964,12.645529747009276,0.0,46.3642,0.699
1984-03-30,1.366382360458374,2.7327647,17.133360862731934,0.0,45.8059,1.202
1984-03-31,11.686372756958008,23.372746,19.435546875,0.0,47.9487,3.0624
1984-04-01,51.96561050415039,103.93122,16.758763313293457,0.0,54.2537,28.0288
1984-04-02,0.0,0.0,16.349281787872314,0.0,48.3172,0.7154
1984-04-03,33.19898223876953,66.397964,17.781658172607422,0.0,52.9455,18.9945
1984-04-04,19.393081665039062,38.786163,17.403657913208008,0.0,51.3145,10.2476
1984-04-05,33.36808490753174,66.73617,17.045040130615234,0.0,52.5472,18.8477
1984-04-06,27.71079444885254,55.42159,10.654504776000977,0.0,52.0134,16.3651
1984-04-07,28.6643648147583,57.328728,10.030261039733888,0.0,52.2911,18.234
1984-04-08,36.77752113342285,73.55504,11.146065711975098,0.0,52.6336,24.7736
1984-04-09,4.4113287925720215,8.822658,14.772595405578612,0.0,48.847,1.7254999999999998
1984-04-10,13.383805751800535,26.767612,15.778800010681152,0.0,50.4402,6.3893
1984-04-11,0.7263495922088623,1.4526992,15.311150550842283,0.0,47.8806,0.8342
1984-04-12,7.309468746185303,14.6189375,14.589728355407717,0.0,49.1093,4.1887
1984-04-13,0.2577378749847412,0.51547575,15.016289234161375,0.0,47.0222,0.8411
1984-04-14,0.1381471157073974,0.27629423,14.884262084960938,0.0,45.8143,0.8457
1984-04-15,0.4606801271438598,0.92136025,17.821298599243164,0.0,44.7512,0.843
1984-04-16,0.1528117656707763,0.30562353,20.24884033203125,0.0,43.6238,0.845
1984-04-17,3.879228830337525,7.7584577,18.782804489135746,0.0,44.3393,1.6152
1984-04-18,11.69564437866211,23.391289,20.36119270324707,0.0,47.9918,3.8325
1984-04-19,14.342302322387695,28.684605,18.661754608154297,0.0,50.1443,4.4979000000000005
1984-04-20,14.31886339187622,28.637726,14.474019050598145,0.0,51.0329,5.8963
1984-04-21,6.189833164215088,12.379666,15.863201141357422,0.0,49.0989,2.2584
1984-04-22,1.1689801216125488,2.3379602,15.629488945007324,0.0,47.2669,0.8437
1984-04-23,0.3250093460083008,0.6500187,15.244423389434814,0.0,45.8041,0.8514999999999999
1984-04-24,4.527391195297241,9.054783,14.371560096740724,0.0,45.7058,1.2237
1984-04-25,2.511585593223572,5.0231714,16.471582412719727,0.0,45.0943,0.8457
1984-04-26,0.2955090999603271,0.5910182,18.582557678222656,0.0,44.02,0.8494
1984-04-27,37.765625,75.53125,15.045148849487305,0.0,53.7936,17.1943
1984-04-28,2.2015066146850586,4.403013,17.231834411621094,0.0,48.5074,0.8477
1984-04-29,0.9493300914764404,1.8986602,18.45249462127685,0.0,46.9738,1.1468
1984-04-30,0.0,0.0,20.32111358642578,0.0,45.5269,0.854
1984-05-01,0.261965274810791,0.52393055,21.11703395843506,0.0,44.321,0.8608
1984-05-02,10.089269161224363,20.17854,18.83290386199951,0.0,48.1703,4.215400000000001
1984-05-03,1.4024672508239746,2.8049345,19.423218727111816,0.0,46.7294,0.854
1984-05-04,21.46444320678711,42.928886,19.233763694763184,0.0,52.404,10.7014
1984-05-05,13.369630813598633,26.739262,15.722277641296388,0.0,50.941,6.038600000000001
1984-05-06,0.0,0.0,16.422064781188965,0.0,47.6887,0.8581
1984-05-07,1.0840137004852295,2.1680274,17.430298805236816,0.0,46.2935,1.1173
1984-05-08,0.1689958572387695,0.3379917,18.71528434753418,0.0,45.0098,0.8614
1984-05-09,0.8267807960510254,1.6535616,20.378646850585938,0.0,43.9166,0.9895
1984-05-10,0.0,0.0,21.8952112197876,0.0,42.5858,0.8606
1984-05-11,0.1716604232788086,0.34332085,23.506975173950195,0.0,41.4599,0.8624
1984-05-12,0.7311067581176758,1.4622135,24.153541564941406,0.0,40.5399,0.8584
1984-05-13,14.725470542907717,29.450941,22.98041820526123,0.0,48.5767,6.5266
1984-05-14,19.53616428375244,39.072327,21.04752445220948,0.0,52.082,7.309
1984-05-15,15.418275356292725,30.836552,21.42700862884521,0.0,51.4075,6.282500000000001
1984-05-16,17.807536125183105,35.615074,20.87934112548828,0.0,51.2382,6.7208
1984-05-17,17.249069690704346,34.49814,16.417922019958496,0.0,51.3158,7.7656
1984-05-18,21.94558048248291,43.89116,17.101983070373535,0.0,51.9469,11.5696
1984-05-19,0.1340358257293701,0.26807165,19.193727493286133,0.0,48.0037,0.875
1984-05-20,7.978501796722412,15.957004,15.048613548278809,0.0,49.2862,4.7844
1984-05-21,12.574707984924316,25.149416,15.357200622558594,0.0,50.2068,5.0558
1984-05-22,0.2206578254699707,0.44131565,19.19797420501709,0.0,47.5077,0.8866
1984-05-23,0.0645418167114257,0.12908363,20.756532669067383,0.0,45.9428,0.8887
1984-05-24,0.078460693359375,0.15692139,20.333544731140137,0.0,44.6882,0.8893
1984-05-25,0.0489618778228759,0.097923756,22.47487449645996,0.0,43.5615,0.8891
1984-05-26,6.304252862930298,12.608505,21.98127269744873,0.0,45.786,2.9211
1984-05-27,46.6180534362793,93.23611,19.558444023132324,0.0,54.2271,21.7499
1984-05-28,7.786476135253906,15.572952,22.448756217956543,0.0,49.3453,2.5942
1984-05-29,5.6216254234313965,11.243251,23.53198528289795,0.0,47.6163,0.9639
1984-05-30,16.339588165283203,32.679176,23.373284339904785,0.0,50.952,7.9559
1984-05-31,81.44043731689453,162.88087,21.78299140930176,0.0,53.8833,63.4508
1984-06-01,52.39191246032715,104.78383,22.448229789733887,0.0,51.8099,42.5542
1984-06-02,21.7200288772583,43.440056,22.37346267700196,0.0,51.4727,11.6328
1984-06-03,0.13759446144104,0.27518892,21.996931076049805,0.0,47.8301,0.9619
1984-06-04,0.3411364555358886,0.6822729,23.065614700317383,0.0,46.0049,0.9737
1984-06-05,0.0,0.0,25.006919860839844,0.0,44.4662,0.964
1984-06-06,2.6423356533050537,5.2846713,25.93898200988769,0.0,44.1915,1.6760000000000002
1984-06-07,4.087998867034912,8.175998,26.08179378509521,0.0,43.6968,0.9591
1984-06-08,0.2020533084869384,0.40410662,26.504393577575684,0.0,42.5891,1.0133
1984-06-09,0.3993682861328125,0.7987366,26.67936515808105,0.0,41.5228,0.9533
1984-06-10,19.115105628967285,38.23021,21.70842933654785,0.0,50.8189,8.4682
1984-06-11,23.75050449371338,47.501007,19.35290813446045,0.0,52.6096,9.9088
1984-06-12,17.551381587982178,35.102764,22.309245109558105,0.0,51.3105,7.1
1984-06-13,0.8607611656188965,1.7215223,25.43647003173828,0.0,47.7995,0.9524
1984-06-14,0.0,0.0,26.38598918914795,0.0,46.0102,0.9527
1984-06-15,23.61820888519287,47.23642,23.687339782714844,0.0,52.4232,11.4407
1984-06-16,1.7723650932312012,3.5447302,24.59908866882324,0.0,48.2311,0.9525
1984-06-17,7.0486249923706055,14.09725,24.38232612609864,0.0,49.223,4.3278
1984-06-18,8.451359748840332,16.90272,24.84108829498291,0.0,49.0162,2.9026
1984-06-19,2.306931972503662,4.613864,26.17732524871826,0.0,47.0801,0.9552
1984-06-20,7.294419050216675,14.588839,26.335265159606934,0.0,48.6212,4.1752
1984-06-21,1.4422690868377686,2.8845382,26.241917610168457,0.0,46.8907,0.953
1984-06-22,1.570326805114746,3.1406536,26.6308708190918,0.0,45.8879,1.4237
1984-06-23,8.131155252456665,16.26231,26.84116649627685,0.0,46.3366,1.691
1984-06-24,0.0254096984863281,0.050819397,26.2289400100708,0.0,45.0007,0.9494
1984-06-25,4.561355829238892,9.122711,24.83694553375244,0.0,45.7498,2.2484
1984-06-26,4.0542871952056885,8.108574,25.25959014892578,0.0,45.2326,0.9477
1984-06-27,3.84670889377594,7.6934175,26.44311714172364,0.0,46.1077,2.3099
1984-06-28,1.2016257047653198,2.4032514,26.854341506958008,0.0,44.9514,0.9444
1984-06-29,2.7554190158843994,5.510838,26.81074047088623,0.0,45.0763,1.8428
1984-06-30,0.3303776979446411,0.6607554,26.749755859375,0.0,43.9134,0.9414
1984-07-01,0.0,0.0,27.33542823791504,0.0,42.5428,0.9398
1984-07-02,0.1439557075500488,0.28791142,26.67427444458008,0.0,41.4856,0.9381
1984-07-03,2.3304600715637207,4.66092,26.173577308654785,0.0,40.6752,0.9365
1984-07-04,6.215273141860962,12.430546,23.14460563659668,0.0,43.8343,2.826
1984-07-05,2.1412320137023926,4.282464,24.447041511535645,0.0,43.1997,0.9331
1984-07-06,1.9285311698913568,3.8570623,26.59010028839112,0.0,43.3859,1.6115
1984-07-07,0.0,0.0,26.82501983642578,0.0,41.8701,0.9298
1984-07-08,1.3574254512786863,2.714851,26.51741313934326,0.0,40.9418,1.1945
1984-07-09,0.0,0.0,26.340118408203125,0.0,39.0522,0.9264
1984-07-10,0.0,0.0,26.950108528137207,0.0,37.507,0.9247
1984-07-11,0.0,0.0,27.37338256835937,0.0,36.7046,0.923
1984-07-12,0.1464545726776123,0.29290915,27.89362525939941,0.0,35.9494,0.9213
1984-07-13,0.1152095794677734,0.23041916,27.345548629760746,0.0,35.2775,0.9196
1984-07-14,0.0,0.0,27.4163122177124,0.0,34.7928,0.9179
1984-07-15,0.0124796032905578,0.024959207,28.10484504699707,0.0,34.5268,0.9162
1984-07-16,9.30505084991455,18.610102,27.767348289489743,0.0,40.4241,3.0553
1984-07-17,17.0789852142334,34.15797,25.86557960510254,0.0,47.8262,4.2044
1984-07-18,8.42451000213623,16.84902,24.69833469390869,0.0,48.2084,1.9462
1984-07-19,5.996454477310181,11.9929085,24.7500524520874,0.0,47.274,1.1089
1984-07-20,26.79136848449707,53.582737,24.04709243774414,0.0,53.2346,8.6781
1984-07-21,12.707149982452393,25.414299,23.94273567199707,0.0,50.7079,3.7313
1984-07-22,7.568733930587768,15.137468,24.782434463500977,0.0,48.7804,1.6446999999999998
1984-07-23,3.109851241111756,6.2197027,24.639476776123047,0.0,47.0508,0.9047
1984-07-24,6.459743976593018,12.919488,25.49211597442627,0.0,48.5189,3.3638000000000003
1984-07-25,0.31508469581604,0.6301694,26.55274772644043,0.0,46.5358,0.9033
1984-07-26,0.327399730682373,0.65479946,27.56167793273925,0.0,45.0751,0.9026
1984-07-27,0.2021304368972778,0.40426087,27.345609664916992,0.0,43.887,0.9012
1984-07-28,1.37245774269104,2.7449155,27.735255241394043,0.0,43.1711,1.155
1984-07-29,0.8743443489074707,1.7486887,27.890769958496094,0.0,42.2631,0.8986
1984-07-30,0.3274310827255249,0.65486217,27.70733070373535,0.0,41.1465,0.9381
1984-07-31,5.626233100891113,11.252466,26.11257839202881,0.0,41.3512,1.0317
1984-08-01,6.307435750961304,12.614872,26.50085735321045,0.0,42.2402,1.4532
1984-08-02,2.49084997177124,4.9817,26.404909133911133,0.0,41.528,0.8927
1984-08-03,1.3938117027282717,2.7876234,25.949689865112305,0.0,41.112,1.1974
1984-08-04,0.1862531900405883,0.37250638,26.28745555877685,0.0,39.9045,0.8897
1984-08-05,0.1976733207702636,0.39534664,26.78129005432129,0.0,38.4183,0.8881
1984-08-06,1.0801516771316528,2.1603034,26.83584880828857,0.0,37.4853,0.8865
1984-08-07,11.454874038696287,22.909748,25.286006927490234,0.0,44.3055,4.1074
1984-08-08,38.54493141174317,77.08986,23.27822780609131,0.0,54.2588,13.4032
1984-08-09,4.339995861053467,8.679992,25.37979888916016,0.0,48.6172,0.8887
1984-08-10,0.5116214752197266,1.023243,25.89119052886963,0.0,46.734,0.9213
1984-08-11,1.93213438987732,3.8642688,25.77358722686768,0.0,45.7479,1.1515
1984-08-12,0.3626978397369385,0.7253957,25.665377616882324,0.0,44.5362,0.8827
1984-08-13,0.4982390403747558,0.9964781,25.46768283843994,0.0,43.4964,0.8822
1984-08-14,0.4208883047103882,0.8417766,26.033063888549805,0.0,42.5213,0.8915000000000001
1984-08-15,0.679234504699707,1.358469,24.84654426574707,0.0,41.6941,0.9155
1984-08-16,0.6118583679199219,1.2237167,25.43934726715088,0.0,40.8196,0.9033
1984-08-17,0.7789552211761475,1.5579104,24.456637382507324,0.0,39.8929,0.9473
1984-08-18,1.3301546573638916,2.6603093,26.22221565246582,0.0,38.7907,0.9648
1984-08-19,0.3825522661209106,0.76510453,24.73892402648925,0.0,37.6168,0.8739
1984-08-20,1.4352941513061523,2.8705883,25.114803314208984,0.0,37.2103,0.9716
1984-08-21,0.7785773277282715,1.5571547,26.138087272644043,0.0,36.6327,0.9067
1984-08-22,1.117167592048645,2.2343352,26.92105770111084,0.0,36.3312,0.9485
1984-08-23,0.0846569538116455,0.16931391,26.47904109954834,0.0,35.6673,0.8678
1984-08-24,6.633504152297974,13.267008,26.339599609375,0.0,38.904,2.3032
1984-08-25,5.021016359329224,10.042032,26.05779266357422,0.0,38.7241,0.8651
1984-08-26,19.88514232635498,39.770287,24.468324661254883,0.0,48.7136,5.8643
1984-08-27,0.1849393844604492,0.36987877,24.88290882110596,0.0,45.8018,0.8614
1984-08-28,0.0,0.0,25.586122512817383,0.0,43.4655,0.8599
1984-08-29,0.3319884538650512,0.6639769,25.370997428894043,0.0,41.8497,0.8635
1984-08-30,2.699420690536499,5.3988414,24.98447036743164,0.0,41.5652,0.8596
1984-08-31,10.579890727996826,21.159782,23.306108474731445,0.0,47.4424,3.9545
1984-09-01,4.615433931350708,9.230867,24.429100036621094,0.0,47.0104,1.2766
1984-09-02,18.24968242645264,36.499367,23.97217845916748,0.0,51.896,5.6875
1984-09-03,9.603021621704102,19.206043,22.3858289718628,0.0,50.3676,3.13
1984-09-04,5.206956386566162,10.413913,22.2876033782959,0.0,48.7962,1.6417000000000002
1984-09-05,16.348401069641113,32.6968,23.75099277496338,0.0,51.6505,6.212199999999999
1984-09-06,4.471243381500244,8.942487,24.773082733154297,0.0,48.2387,0.8512
1984-09-07,0.3576533794403076,0.71530676,24.927477836608887,0.0,46.3095,0.8514
1984-09-08,0.0348702669143676,0.069740534,25.343308448791504,0.0,44.9172,0.8513
1984-09-09,1.56091570854187,3.1218314,25.007667541503903,0.0,44.3423,1.2137
1984-09-10,0.0,0.0,25.490044593811035,0.0,43.0939,0.8498
1984-09-11,13.47872257232666,26.957445,25.51137351989746,0.0,49.7798,5.6742
1984-09-12,19.97379493713379,39.94759,22.761950492858887,0.0,52.2154,7.0738
1984-09-13,33.23020935058594,66.46042,17.553643226623535,0.0,53.4653,15.3329
1984-09-14,1.2953813076019287,2.5907626,18.74337863922119,0.0,48.4933,0.8526
1984-09-15,2.306137204170227,4.612274,20.23997974395752,0.0,47.6193,1.7628
1984-09-16,9.085715770721436,18.171432,19.03724765777588,0.0,49.3811,3.955
1984-09-17,9.796352863311768,19.592705,19.83920383453369,0.0,49.9343,4.1646
1984-09-18,4.953462600708008,9.906925,20.196572303771973,0.0,48.7458,2.1315
1984-09-19,15.877917766571043,31.755836,19.068824768066406,0.0,51.2013,7.4253
1984-09-20,0.5259901285171509,1.0519803,21.626352310180664,0.0,47.9653,0.8666
1984-09-21,0.0,0.0,23.39396381378174,0.0,46.2982,0.8695
1984-09-22,0.0,0.0,23.643582344055176,0.0,44.8832,0.8707
1984-09-23,0.0,0.0,23.23951244354248,0.0,43.6711,0.8707
1984-09-24,0.603538990020752,1.207078,23.32359409332276,0.0,42.7878,0.914
1984-09-25,2.454756736755371,4.9095135,23.19114398956299,0.0,42.3506,0.8691
1984-09-26,1.8813083469867704,3.7626166,23.071069717407227,0.0,42.538,1.448
1984-09-27,0.639051616191864,1.2781032,22.33515357971192,0.0,42.2072,0.8669
1984-09-28,0.0379921197891235,0.07598424,24.417938232421875,0.0,41.4195,0.8656
1984-09-29,0.9045628905296326,1.8091258,24.039045333862305,0.0,40.75,0.8645999999999999
1984-09-30,0.4352453947067261,0.8704908,24.63966941833496,0.0,40.0486,0.8642
1984-10-01,0.1331757307052612,0.26635146,24.58910846710205,0.0,39.2655,0.8635
1984-10-02,0.1274734437465667,0.2549469,24.337940216064453,0.0,38.5581,0.8602
1984-10-03,0.0295193493366241,0.0590387,24.75425624847412,0.0,37.716,0.8585
1984-10-04,13.65599536895752,27.31199,19.88399314880371,0.0,45.6359,5.020300000000001
1984-10-05,2.753346860408783,5.506694,15.992871284484863,0.0,45.3595,1.1042
1984-10-06,9.331060647964478,18.66212,15.220773220062256,0.0,49.0104,3.5516
1984-10-07,6.655195713043213,13.310391,15.889484405517578,0.0,49.6893,2.8754
1984-10-08,0.9986397922039032,1.9972796,18.258742332458496,0.0,47.5725,0.8512
1984-10-09,0.4785224795341491,0.95704496,19.53714275360108,0.0,46.3514,0.8925
1984-10-10,0.5788651704788208,1.1577303,19.66258335113525,0.0,45.606,0.8489
1984-10-11,0.204052984714508,0.40810597,20.20570278167725,0.0,44.6842,0.8526
1984-10-12,0.0344684123992919,0.068936825,18.72675895690918,0.0,43.8595,0.8465
1984-10-13,0.1447025537490844,0.2894051,18.05467796325684,0.0,43.2267,0.8475999999999999
1984-10-14,0.1735424995422363,0.347085,19.49211597442627,0.0,42.753,0.8439
1984-10-15,0.0258734226226806,0.051746845,20.45419692993164,0.0,42.1836,0.8426
1984-10-16,1.1532867550849917,2.3065734,19.565821647644043,0.0,42.1533,1.0021
1984-10-17,14.590161323547363,29.180323,17.30254554748535,0.0,49.4274,4.9458
1984-10-18,14.53053379058838,29.061068,14.908403873443604,0.0,51.8022,5.8373
1984-10-19,0.1206567287445068,0.24131346,16.81138801574707,0.0,48.0749,0.8375
1984-10-20,0.0,0.0,15.800872325897217,0.0,46.425,0.8368
1984-10-21,0.0,0.0,12.681124687194824,0.0,45.3011,0.836
1984-10-22,0.1741071939468383,0.3482144,13.249519348144531,0.0,44.4557,0.8373999999999999
1984-10-23,0.1301534175872802,0.26030684,14.819183349609377,0.0,43.7082,0.8341
1984-10-24,0.1149467229843139,0.22989345,17.120357513427734,0.0,43.0789,0.8348
1984-10-25,0.631218433380127,1.2624369,18.451231002807617,0.0,42.5266,0.8317
1984-10-26,0.0192350149154663,0.03847003,16.968493461608887,0.0,41.981,0.8305
1984-10-27,4.081266283988953,8.162533,18.29710960388184,0.0,44.1108,2.1032
1984-10-28,0.4875519275665283,0.97510386,17.659841537475586,0.0,43.4608,0.8279
1984-10-29,0.0100860595703125,0.02017212,13.3930025100708,0.0,42.7039,0.8265
1984-10-30,0.0,0.0,12.602044105529783,0.0,41.8831,0.8251
1984-10-31,0.0,0.0,13.190135955810549,0.0,41.137,0.8237
1984-11-01,0.0,0.0,14.781395435333252,0.0,40.3389,0.8223
1984-11-02,0.2239829301834106,0.44796586,15.701005458831789,0.0,39.7377,0.8235
1984-11-03,0.0072686076164245,0.014537215,14.729840755462646,0.0,39.1885,0.8194
1984-11-04,0.0,0.0,14.637412548065186,0.0,38.5598,0.818
1984-11-05,0.0,0.0,15.11887264251709,0.0,38.1354,0.8165
1984-11-06,0.1137143373489379,0.22742867,18.37240600585937,0.0,37.6931,0.815
1984-11-07,0.0630960166454315,0.12619203,18.087270736694336,0.0,37.1323,0.8136
1984-11-08,0.0774933099746704,0.15498662,18.31226634979248,0.0,36.6543,0.8121
1984-11-09,0.0,0.0,18.63783836364746,0.0,36.1078,0.8106
1984-11-10,0.0,0.0,19.179893493652344,0.0,35.6287,0.8091
1984-11-11,0.0,0.0,20.60865974426269,0.0,35.1719,0.8076
1984-11-12,5.096180200576782,10.19236,20.340941429138184,0.0,38.3507,2.0418000000000003
1984-11-13,0.9442091882228852,1.8884184,19.63136482238769,0.0,38.2041,0.8046
1984-11-14,10.335261344909668,20.670523,18.53415584564209,0.0,45.0178,3.6325
1984-11-15,11.8672456741333,23.734491,17.21267795562744,0.0,49.2331,3.4396
1984-11-16,0.0638856887817382,0.12777138,16.279996871948242,0.0,46.9494,0.8002
1984-11-17,1.2435047030448914,2.4870095,15.50452756881714,0.0,46.1849,1.0917
1984-11-18,0.6352449059486389,1.2704898,14.492453575134276,0.0,45.147,0.7973
1984-11-19,0.1307992339134216,0.26159847,13.462910175323486,0.0,44.2077,0.7972
1984-11-20,0.3478109240531921,0.69562185,9.43682098388672,0.0,43.6742,0.7945
1984-11-21,0.0,0.0,10.67057991027832,0.0,43.0656,0.7931
1984-11-22,1.6084740161895752,3.216948,12.148804664611816,0.0,43.5715,1.2018
1984-11-23,0.1784175038337707,0.356835,13.600713729858398,0.0,42.9674,0.7903
1984-11-24,0.0462256371974945,0.092451274,13.29224157333374,0.0,42.2774,0.7889
1984-11-25,0.0,0.0,12.27800178527832,0.0,41.5555,0.7875
1984-11-26,0.0,0.0,12.41900110244751,0.0,40.8861,0.786
1984-11-27,0.0,0.0,12.08641004562378,0.0,40.2512,0.7846
1984-11-28,0.1033554077148437,0.20671082,11.501667022705078,0.0,39.7236,0.7838
1984-11-29,0.0035302639007568,0.007060528,12.364089488983154,0.0,39.1914,0.7818
1984-11-30,0.0751900672912597,0.15038013,12.57484483718872,0.0,38.7525,0.7805
1984-12-01,0.0480894446372985,0.09617889,10.69036102294922,0.0,38.3175,0.7789
1984-12-02,0.0219653844833374,0.04393077,8.300063133239746,0.0,37.9785,0.7775
1984-12-03,0.0056722164154052,0.011344433,11.616189002990724,0.0,37.7559,0.7761
1984-12-04,0.0351095795631408,0.07021916,14.593310832977297,0.0,37.4459,0.7746
1984-12-05,3.988861918449402,7.977724,12.118905067443848,0.0,39.6122,1.6404999999999998
1984-12-06,0.0899935364723205,0.17998707,10.547738552093506,0.0,39.3413,0.7718
1984-12-07,0.0,0.0,10.851936340332031,0.0,38.9601,0.7704
1984-12-08,0.0246935188770294,0.049387038,11.489851474761965,0.0,38.5194,0.7689
1984-12-09,0.06461101770401,0.12922204,12.512761116027832,0.0,38.2018,0.7677999999999999
1984-12-10,0.0672359466552734,0.1344719,13.09089708328247,0.0,37.9194,0.7661
1984-12-11,0.0,0.0,13.763301849365234,0.0,37.6139,0.7647
1984-12-12,0.1602192521095276,0.3204385,13.46367645263672,0.0,37.4595,0.7642
1984-12-13,0.1045445203781127,0.20908904,14.457347869873049,0.0,37.2298,0.7618
1984-12-14,0.0214858353137969,0.04297167,14.786932945251465,0.0,36.9186,0.7604
1984-12-15,0.0992904603481292,0.19858092,15.192849159240724,0.0,36.6478,0.759
1984-12-16,0.6969189047813416,1.3938378,13.272849082946776,0.0,36.7127,0.8617
1984-12-17,4.163383960723877,8.326768,10.453137874603271,0.0,38.503,1.4014
1984-12-18,1.8373001217842104,3.6746001,7.295468807220459,0.0,38.4852,0.764
1984-12-19,3.55717396736145,7.114348,5.068250417709351,0.0,40.4939,1.5071
1984-12-20,1.363331139087677,2.7266622,5.438395977020264,0.0,40.6379,0.8463
1984-12-21,6.762985229492188,13.52597,4.923247575759888,0.0,44.3429,2.2854
1984-12-22,1.0049569010734558,2.009914,2.7021946907043457,0.0042,44.0989,0.8299
1984-12-23,0.0644743740558624,0.12894875,2.509906530380249,0.0,43.7676,0.8201
1984-12-24,0.0017544701695442,0.0035089403,0.7914056777954102,0.0,43.3569,0.7594
1984-12-25,0.0087836980819702,0.017567396,1.0889954566955566,0.0,42.9817,0.7528
1984-12-26,0.1130067110061645,0.22601342,3.8588149547576895,0.0,42.6171,0.7581
1984-12-27,0.0669870376586914,0.13397408,6.133056402206421,0.0,42.2109,0.7454999999999999
1984-12-28,0.0577703118324279,0.11554062,4.421938419342041,0.0,41.9522,0.741
1984-12-29,0.0,0.0,0.7538554668426514,0.0,41.698,0.752
1984-12-30,0.0547088980674743,0.109417796,2.064673662185669,0.0,41.4331,0.7491
1984-12-31,0.0609272718429565,0.12185454,6.013058662414551,0.0,41.118,0.7367
1985-01-01,0.1571036577224731,0.31420732,8.746192932128906,0.0,40.8485,0.7364999999999999
1985-01-02,0.4795209616422653,0.95904195,12.63453197479248,0.0,40.4166,0.734
1985-01-03,0.1649386584758758,0.32987732,11.189121723175049,0.0,39.9173,0.7345
1985-01-04,1.6285768747329712,3.2571537,6.998779773712158,0.0,39.9406,0.7818999999999999
1985-01-05,0.4762990474700928,0.9525981,5.980625629425049,0.0,39.8441,0.7464
1985-01-06,2.625571250915528,5.2511425,7.124111175537109,0.0,41.2124,1.3192
1985-01-07,13.363292694091797,26.726585,7.180413246154785,0.0,49.2354,4.4544
1985-01-08,3.620414137840271,7.2408285,4.479040861129761,0.0,48.6534,1.5415
1985-01-09,3.6819275617599487,7.3638554,4.139985322952271,0.0,48.6598,1.6619000000000002
1985-01-10,2.004459857940674,4.0089197,3.615034580230713,0.0,47.8106,1.0902
1985-01-11,0.0,0.0,5.446484565734863,0.0,46.6036,0.7221
1985-01-12,0.7258667945861816,1.4517336,5.539194107055664,0.0,46.2297,0.8891
1985-01-13,0.4686068296432495,0.93721366,5.612238645553589,0.0,45.6244,0.7637
1985-01-14,0.0,0.0,3.1790499687194824,0.0,45.0231,0.7185
1985-01-15,0.0684832334518432,0.13696647,4.493809700012207,0.0,44.5808,0.7274
1985-01-16,0.7805116176605225,1.5610232,7.667508840560913,0.0,44.47,0.843
1985-01-17,8.847192287445068,17.694386,8.826597690582275,0.0,48.6861,3.1839
1985-01-18,3.273619055747986,6.5472383,9.512628555297852,0.0,47.9206,1.1669
1985-01-19,0.0,0.0,9.19348430633545,0.0,46.593,0.7126
1985-01-20,0.1394407153129577,0.27888143,8.107873678207397,0.0,45.7026,0.7132000000000001
1985-01-21,0.176263689994812,0.35252738,10.787240505218506,0.0,45.0268,0.7104
1985-01-22,0.1376514434814453,0.2753029,14.27418088912964,0.0,44.3833,0.7109000000000001
1985-01-23,0.0521894693374633,0.10437894,13.809618949890137,0.0,43.7418,0.7082
1985-01-24,2.7810438871383667,5.562088,10.52986478805542,0.0,44.9561,1.5518999999999998
1985-01-25,0.4013003706932068,0.80260074,8.227601051330566,0.0,44.4853,0.7059
1985-01-26,0.0,0.0,8.54789924621582,0.0,44.0025,0.7047
1985-01-27,0.0890426039695739,0.17808521,11.432912349700928,0.0,43.3746,0.7037
1985-01-28,0.1924269199371338,0.38485384,9.287662506103516,0.0,42.9679,0.7024
1985-01-29,3.88872230052948,7.777445,6.015844106674194,0.0,45.0931,1.8516
1985-01-30,0.0,0.0,5.288542985916138,0.0,44.5048,0.7
1985-01-31,0.1826348304748535,0.36526966,5.687808275222778,0.0,44.0162,0.7114
1985-02-01,1.1070636510849,2.2141273,9.275846004486084,0.0,43.8177,0.8093
1985-02-02,0.4016413688659668,0.80328274,8.862549304962158,0.0,43.2641,0.7032
1985-02-03,1.0429736971855164,2.0859475,7.843609809875488,0.0,43.106,0.8902000000000001
1985-02-04,0.1373333930969238,0.2746668,12.88486385345459,0.0,42.3813,0.6950999999999999
1985-02-05,2.442499041557312,4.8849983,12.880215167999268,0.0,43.0989,1.2832
1985-02-06,6.298539161682129,12.597078,15.394013404846191,0.0,45.0114,1.6531
1985-02-07,3.99752688407898,7.995054,15.063793182373049,0.0,46.0557,1.4083
1985-02-08,10.160239696502686,20.32048,14.741708755493164,0.0,50.0411,3.5968
1985-02-09,0.7313917875289917,1.4627836,13.18715763092041,0.0,47.6338,0.6881
1985-02-10,0.6159111261367798,1.2318223,10.130998611450195,0.0,46.548,0.7967000000000001
1985-02-11,10.155810356140137,20.31162,8.81147289276123,0.0,50.2403,3.7551
1985-02-12,2.1528007984161377,4.3056016,10.708305835723875,0.0,48.0762,0.8109000000000001
1985-02-13,1.1720454692840576,2.344091,10.670543670654297,0.0,46.8612,0.6868
1985-02-14,1.049565076828003,2.0991302,8.156390190124512,0.0,46.3359,0.9522
1985-02-15,32.511054039001465,65.02211,10.26410150527954,0.0,53.7875,13.378
1985-02-16,0.497867226600647,0.99573445,11.681312084197998,0.0,48.5352,0.684
1985-02-17,12.547637939453123,25.095276,7.572632551193237,0.0,51.1789,6.4044
1985-02-18,18.71206855773925,37.424137,7.779675483703613,0.0,51.9639,9.0709
1985-02-19,1.4548665285110474,2.909733,8.989284992218018,0.0,48.3255,0.6926
1985-02-20,23.83854579925537,47.677094,7.911462783813477,0.0,52.5002,12.9704
1985-02-21,6.334053039550781,12.668106,5.020949125289917,0.0,49.7406,3.566
1985-02-22,3.1397006511688232,6.2794013,2.5369277000427246,0.0,48.4938,1.8583
1985-02-23,0.0,0.0,3.057330369949341,0.0,47.1217,0.7166
1985-02-24,2.956990957260132,5.913982,4.066742658615112,0.0,47.4704,1.949
1985-02-25,28.34749317169189,56.694984,5.285658836364746,0.0,52.9202,14.6463
1985-02-26,20.531436920166016,41.062874,6.766329288482666,0.0,51.8139,12.1863
1985-02-27,3.4302927255630493,6.860585,7.737199783325195,0.0,48.9878,2.1233
1985-02-28,17.007288932800293,34.01458,9.278302669525146,0.0,51.247,8.545
1985-03-01,1.395387887954712,2.7907758,13.436792373657228,0.0,48.0603,0.7582
1985-03-02,15.751237869262695,31.502476,13.814620018005373,0.0,51.3331,8.8141
1985-03-03,44.22402191162109,88.448044,9.784255027770996,0.0,53.37,25.3053
1985-03-04,12.21365451812744,24.427309,8.129584789276123,0.0,50.5268,7.615
1985-03-05,5.299251317977905,10.598503,7.203931570053101,0.0,49.1236,2.8888
1985-03-06,0.1846346855163574,0.36926937,9.856071472167969,0.0,47.3123,0.8072
1985-03-07,0.3032100200653076,0.60642004,14.054977416992188,0.0,46.1332,0.8354999999999999
1985-03-08,0.4998457431793213,0.9996915,17.014543533325195,0.0,45.0932,0.8126
1985-03-09,4.900903940200806,9.801807,8.977124214172363,0.0,46.7868,2.8955
1985-03-10,5.507720947265625,11.015442,7.313213109970093,0.0,47.7118,2.3076
1985-03-11,8.885242462158203,17.770485,5.937410354614258,0.0,49.6489,4.1111
1985-03-12,16.91410255432129,33.828205,5.024415254592896,0.0,51.762,8.4674
1985-03-13,24.8968563079834,49.793713,5.923349380493164,0.0,52.4378,13.9379
1985-03-14,1.2771233320236206,2.5542467,6.264101266860962,0.0,48.5116,0.962
1985-03-15,0.3887815475463867,0.7775631,6.802933216094971,0.0,47.0847,0.8357
1985-03-16,0.2596645355224609,0.5193291,8.15166687965393,0.0,46.1035,0.8462000000000001
1985-03-17,0.3846559524536133,0.7693119,8.349873065948486,0.0,45.5294,0.8415
1985-03-18,0.599278450012207,1.1985569,8.893952369689941,0.0,45.0292,0.9304
1985-03-19,0.5246706008911133,1.0493412,9.644983291625977,0.0,44.5636,0.843
1985-03-20,1.1231310367584229,2.246262,9.022448062896729,0.0,44.5557,1.1557
1985-03-21,2.8474791049957275,5.694958,8.08327341079712,0.0,44.8964,1.2844
1985-03-22,14.375961303710938,28.751923,7.43686056137085,0.0,50.5632,6.5821000000000005
1985-03-23,0.1891524791717529,0.37830496,10.041547775268556,0.0,47.8189,0.8424
1985-03-24,0.2233064174652099,0.44661283,11.559460163116457,0.0,46.4105,0.8574
1985-03-25,6.3453755378723145,12.690751,13.76412296295166,0.0,47.7612,2.6121
1985-03-26,1.3056658506393433,2.6113317,15.46473789215088,0.0,46.6178,0.8425
1985-03-27,9.692378282546995,19.384756,17.84315586090088,0.0,49.5009,4.8324
1985-03-28,11.26528549194336,22.530571,16.821210861206055,0.0,50.1847,4.3088
1985-03-29,2.09890079498291,4.1978016,11.847382068634031,0.0,47.8214,0.8428
1985-03-30,3.652841567993164,7.305683,7.685535430908203,0.0,48.0906,2.4559
1985-03-31,0.8451488018035889,1.6902976,7.884934902191162,0.0,46.7437,0.8445
1985-04-01,5.170756340026856,10.341513,5.491734504699707,0.0,48.0719,2.9972000000000003
1985-04-02,0.0,0.0,9.607552528381348,0.0,46.5058,0.8452
1985-04-03,0.0,0.0,13.46864366531372,0.0,45.3093,0.845
1985-04-04,0.0,0.0,14.653594493865969,0.0,44.1217,0.8445
1985-04-05,5.785900115966797,11.5718,14.38653802871704,0.0,46.5801,3.1438
1985-04-06,37.422903060913086,74.84581,14.126134872436523,0.0,53.8499,17.5116
1985-04-07,0.5502598285675049,1.1005197,16.447494506835938,0.0,48.4122,0.8461
1985-04-08,0.2209162712097168,0.44183254,18.11573505401612,0.0,46.6,0.8536
1985-04-09,0.7067968845367432,1.4135938,18.019636154174805,0.0,45.5667,0.8524
1985-04-10,9.866987228393556,19.733974,18.55333137512207,0.0,49.1496,5.304399999999999
1985-04-11,0.2179946899414062,0.43598938,18.1639461517334,0.0,47.1169,0.8533
1985-04-12,4.310620546340942,8.621241,15.027516841888428,0.0,47.6345,2.5428
1985-04-13,2.227384328842163,4.4547687,13.776647090911863,0.0,46.6287,0.8531
1985-04-14,3.896592855453491,7.7931857,13.857409000396729,0.0,47.5633,2.4689
1985-04-15,6.342516899108887,12.685034,13.89747428894043,0.0,48.6299,2.8257000000000003
1985-04-16,1.2841546535491943,2.5683093,16.915674209594727,0.0,46.9307,0.8523
1985-04-17,0.0250306129455566,0.050061226,17.070411682128906,0.0,45.4984,0.852
1985-04-18,0.0,0.0,18.571986198425293,0.0,44.2941,0.8514
1985-04-19,0.6971549987792969,1.39431,17.95523452758789,0.0,43.6447,1.0056
1985-04-20,11.049797534942629,22.099594,16.480754852294922,0.0,48.0084,4.0318
1985-04-21,0.3218567371368408,0.6437135,19.448063850402832,0.0,46.3491,0.8484
1985-04-22,0.4280390739440918,0.85607815,20.32348155975341,0.0,45.0,0.8619
1985-04-23,1.1085654497146606,2.217131,19.42719841003418,0.0,44.0252,0.8461
1985-04-24,0.2436344623565673,0.48726892,19.83621406555176,0.0,42.8781,0.8503
1985-04-25,0.0,0.0,19.409552574157715,0.0,41.7686,0.8435
1985-04-26,1.7091693878173828,3.4183388,17.17380428314209,0.0,41.8133,1.2436
1985-04-27,5.492002010345459,10.984004,14.27664852142334,0.0,43.3335,1.6747
1985-04-28,0.3516426086425781,0.7032852,15.479367733001707,0.0,42.5237,0.8393
1985-04-29,0.1143913269042968,0.22878265,17.423608779907227,0.0,41.5048,0.8392999999999999
1985-04-30,0.0326745510101318,0.0653491,19.514710426330566,0.0,40.7063,0.8364
1985-05-01,6.840003728866577,13.680008,19.301005363464355,0.0,44.7256,2.9706
1985-05-02,1.7121977806091309,3.4243956,19.75094223022461,0.0,44.1343,0.8334
1985-05-03,3.489400148391724,6.9788003,20.4554443359375,0.0,45.2092,1.816
1985-05-04,1.3316164016723633,2.6632328,23.52404499053955,0.0,44.0069,0.8305
1985-05-05,0.2459139823913574,0.49182796,25.11605453491211,0.0,42.4209,0.8294999999999999
1985-05-06,7.265902519226074,14.531805,24.886613845825195,0.0,44.2218,2.0067
1985-05-07,2.9907236099243164,5.981447,23.107484817504883,0.0,43.5241,0.826
1985-05-08,5.243378639221191,10.486757,23.436193466186523,0.0,44.7939,2.1486
1985-05-09,17.422618865966797,34.845238,23.60469341278076,0.0,50.2307,4.6693
1985-05-10,4.687152862548828,9.374306,23.835283279418945,0.0,47.6499,0.8466
1985-05-11,0.183962345123291,0.3679247,25.150861740112305,0.0,45.5895,0.8204
1985-05-12,0.7311067581176758,1.4622135,26.28408908843994,0.0,44.1152,0.8601000000000001
1985-05-13,1.017693281173706,2.0353866,25.55245876312256,0.0,42.7877,0.9258
1985-05-14,6.695643663406372,13.391287,24.261096000671387,0.0,43.9258,1.8161
1985-05-15,7.8524580001831055,15.704916,23.777990341186523,0.0,44.5702,1.3804
1985-05-16,29.374895095825195,58.74979,21.97765636444092,0.0,53.2233,9.3542
1985-05-17,11.250908374786375,22.501816,22.1683931350708,0.0,50.5354,3.5323
1985-05-18,1.1290066242218018,2.2580132,24.13760280609131,0.0,47.6445,0.8136
1985-05-19,12.17579460144043,24.35159,24.22141456604004,0.0,50.6249,5.4029
1985-05-20,5.283550977706909,10.567102,22.72544384002685,0.0,48.1386,0.909
1985-05-21,1.9274439811706543,3.854888,20.82202434539795,0.0,46.8576,0.9075
1985-05-22,0.0,0.0,20.776734352111816,0.0,45.4827,0.814
1985-05-23,1.7047805786132812,3.4095612,20.217937469482425,0.0,45.4332,1.3305
1985-05-24,1.348521709442139,2.6970434,22.45005512237549,0.0,44.6152,0.8128
1985-05-25,0.0428113937377929,0.08562279,23.24379253387451,0.0,43.4603,0.8119
1985-05-26,5.560003757476807,11.1200075,21.45389747619629,0.0,45.6583,2.3515
1985-05-27,27.04632472991944,54.09265,22.01349449157715,0.0,53.0126,9.4433
1985-05-28,9.916293859481812,19.832588,21.5747184753418,0.0,50.2071,3.2681
1985-05-29,2.749827146530152,5.4996543,19.667271614074707,0.0,48.1328,1.052
1985-05-30,1.02614164352417,2.0522833,20.14518165588379,0.0,46.7805,0.8113
1985-05-31,3.0412404537200928,6.082481,20.255629539489743,0.0,47.0268,1.8384
1985-06-01,10.772112369537354,21.544224,19.37782192230225,0.0,49.9579,4.367900000000001
1985-06-02,2.018074512481689,4.036149,21.03746700286865,0.0,47.684,0.8114
1985-06-03,0.4805740118026733,0.961148,23.555768966674805,0.0,45.9846,0.8226
1985-06-04,6.4944493770599365,12.988899,22.490242958068848,0.0,46.9804,1.9615
1985-06-05,12.01980447769165,24.039608,21.5590181350708,0.0,50.0833,4.5268
1985-06-06,9.44805383682251,18.896107,22.789616584777832,0.0,49.3253,2.5725
1985-06-07,11.95959758758545,23.919195,22.93204402923584,0.0,50.0276,3.9732
1985-06-08,0.0246410369873046,0.049282074,22.37620639801025,0.0,47.2333,0.8114
1985-06-09,0.1309287548065185,0.2618575,23.397608757019043,0.0,45.5447,0.8117
1985-06-10,0.4702646732330322,0.94052935,24.12520408630371,0.0,44.331,0.8115
1985-06-11,0.2197518348693847,0.43950367,25.26097869873047,0.0,43.1966,0.8108
1985-06-12,31.409082412719727,62.818165,24.37085247039795,0.0,53.2592,12.088500000000002
1985-06-13,12.470041275024414,24.940083,21.03593349456787,0.0,50.5968,4.5592
1985-06-14,0.0,0.0,21.92104434967041,0.0,47.4402,0.8121
1985-06-15,1.946591854095459,3.8931837,20.144052505493164,0.0,46.5791,1.4609
1985-06-16,0.4208574295043945,0.84171486,22.15400791168213,0.0,45.3671,0.8135
1985-06-17,0.5968484878540039,1.193697,21.5587797164917,0.0,44.6629,0.9507
1985-06-18,2.62714958190918,5.254299,21.53256702423096,0.0,44.1692,0.8126
1985-06-19,0.75146484375,1.5029297,22.891231536865234,0.0,43.1559,0.8943
1985-06-20,1.720048427581787,3.4400969,24.31528377532959,0.0,42.3966,0.8109
1985-06-21,0.2018971443176269,0.4037943,26.322729110717773,0.0,41.1926,0.8098
1985-06-22,0.6608285903930664,1.3216572,27.478492736816406,0.0,40.1053,0.8086
1985-06-23,9.003876209259033,18.007751,26.11404323577881,0.0,45.0993,3.9447
1985-06-24,4.329233407974243,8.658466,24.582499504089355,0.0,44.5581,0.8059
1985-06-25,33.61573791503906,67.231476,23.25928783416748,0.0,53.8816,13.8067
1985-06-26,27.65068817138672,55.301376,23.5571928024292,0.0,52.9397,13.2843
1985-06-27,33.706722259521484,67.413445,23.011149406433105,0.0,52.7784,17.807
1985-06-28,1.5941455364227295,3.188291,25.25588893890381,0.0,48.189,0.8226
1985-06-29,2.0279409885406494,4.055882,26.17485618591309,0.0,46.8789,1.6191
1985-06-30,0.7017810344696045,1.4035621,26.19710350036621,0.0,45.4128,0.8314
1985-07-01,0.0,0.0,26.65657520294189,0.0,43.896,0.8318
1985-07-02,2.997406363487244,5.994813,26.21281623840332,0.0,44.2352,1.8611
1985-07-03,6.544577598571777,13.089155,26.11671161651612,0.0,44.8324,1.4279000000000002
1985-07-04,3.7815520763397217,7.563104,25.227002143859863,0.0,44.3679,0.8296
1985-07-05,1.836735486984253,3.673471,26.70606708526612,0.0,44.0164,1.405
1985-07-06,0.4339916706085205,0.86798334,26.97495746612549,0.0,42.8825,0.8276
1985-07-07,0.0,0.0,27.08346176147461,0.0,41.4311,0.8263
1985-07-08,3.197607040405273,6.395214,24.801410675048828,0.0,42.5361,1.8611
1985-07-09,0.4334864616394043,0.8669729,25.17004871368408,0.0,41.7684,0.8237
1985-07-10,0.0,0.0,26.57431983947754,0.0,40.3899,0.8223
1985-07-11,0.0,0.0,27.1987886428833,0.0,39.2214,0.8208
1985-07-12,0.1464545726776123,0.29290915,27.14614772796631,0.0,38.099,0.8194
1985-07-13,0.1152095794677734,0.23041916,27.40894889831543,0.0,36.9178,0.8179
1985-07-14,0.0,0.0,28.022826194763184,0.0,35.7406,0.8164
1985-07-15,0.0124796032905578,0.024959207,28.16413688659668,0.0,34.98,0.8149
1985-07-16,0.3325568437576294,0.6651137,28.0375394821167,0.0,34.5575,0.8134
1985-07-17,0.1250604391098022,0.25012088,27.94014263153076,0.0,34.2696,0.8119
1985-07-18,3.735231876373291,7.4704638,27.26692295074463,0.0,34.9737,1.1191
1985-07-19,22.028498649597168,44.057,25.10574436187744,0.0,46.8562,5.455
1985-07-20,12.023775100708008,24.04755,23.38180351257324,0.0,49.442,3.0367
1985-07-21,1.6290147304534912,3.2580295,24.599151611328125,0.0,46.8452,0.8058
1985-07-22,46.996681213378906,93.99336,21.88568687438965,0.0,54.7522,18.448
1985-07-23,2.973147749900818,5.9462957,23.90896892547608,0.0,48.6216,0.8051
1985-07-24,13.927149295806885,27.854298,23.547924041748047,0.0,51.448,7.530299999999999
1985-07-25,0.5818850994110107,1.1637702,24.895153999328613,0.0,47.8087,0.8084
1985-07-26,24.025918006896973,48.051834,23.60304450988769,0.0,52.6716,11.9602
1985-07-27,1.7290159463882446,3.458032,24.882089614868164,0.0,48.231,0.8117
1985-07-28,11.27930212020874,22.558605,24.91186809539795,0.0,50.3792,6.0972
1985-07-29,8.073838710784912,16.147678,25.40150260925293,0.0,48.7928,1.9275
1985-07-30,2.3579437732696533,4.7158875,25.220664978027344,0.0,46.9269,0.8166
1985-07-31,1.2704590559005735,2.540918,26.650264739990234,0.0,45.483,0.996
1985-08-01,15.500742435455322,31.001484,23.970343589782715,0.0,49.5685,4.941
1985-08-02,17.76475429534912,35.52951,24.690013885498047,0.0,51.1737,6.3337
1985-08-03,14.1467924118042,28.293585,24.285927772521973,0.0,50.3639,4.6881
1985-08-04,4.761452913284302,9.522905,25.17228031158448,0.0,48.1866,1.1381
1985-08-05,3.70890748500824,7.417815,25.154504776000977,0.0,46.7394,0.8694000000000001
1985-08-06,0.9849892854690552,1.9699786,26.03361797332764,0.0,45.4243,0.9866
1985-08-07,3.286566138267517,6.5731325,25.7550048828125,0.0,44.7773,0.8757
1985-08-08,5.019145488739014,10.038291,24.84220123291016,0.0,45.5332,2.3323
1985-08-09,10.624922752380373,21.249846,25.28252410888672,0.0,46.9397,2.291
1985-08-10,4.683755874633789,9.367512,25.48103904724121,0.0,46.559,1.1268
1985-08-11,9.654818534851074,19.309637,25.96433734893799,0.0,47.8879,2.5464
1985-08-12,1.7329412698745728,3.4658825,26.17608070373535,0.0,46.467,0.8206
1985-08-13,3.534336805343628,7.0686736,26.79089736938477,0.0,46.6065,2.0856
1985-08-14,7.045185327529907,14.09037,26.514304161071777,0.0,46.4725,1.2311
1985-08-15,15.981801509857178,31.963604,24.79029083251953,0.0,50.9152,6.1129
1985-08-16,1.381671905517578,2.7633438,25.32985019683838,0.0,47.7908,0.818
1985-08-17,1.870378255844116,3.7407565,26.62916851043701,0.0,46.5505,1.28
1985-08-18,0.6194372177124023,1.2388744,26.08365535736084,0.0,45.3005,0.8173
1985-08-19,7.36657452583313,14.733149,25.02092266082764,0.0,47.6831,3.5498000000000003
1985-08-20,7.515316247940063,15.030632,24.07500267028809,0.0,48.657,2.5843
1985-08-21,2.342425584793091,4.684851,24.90585803985596,0.0,47.0334,0.815
1985-08-22,6.0811448097229,12.16229,24.841541290283203,0.0,48.4298,3.2668
1985-08-23,6.265574216842651,12.531149,24.72492504119873,0.0,48.3973,2.0086
1985-08-24,26.1272029876709,52.254406,24.584431648254395,0.0,52.6563,10.5257
1985-08-25,4.290287017822266,8.580574,25.246644020080566,0.0,48.9075,1.5356
1985-08-26,1.2604851126670835,2.5209703,25.0226993560791,0.0,47.0605,0.8171
1985-08-27,0.0556116104125976,0.11122322,24.2530574798584,0.0,45.534,0.8178
1985-08-28,0.2826660871505737,0.5653322,24.84177875518799,0.0,44.3585,0.8171
1985-08-29,1.2315956354141235,2.4631913,25.2203311920166,0.0,43.7328,1.1378
1985-08-30,0.4867937564849853,0.9735875,24.922921180725098,0.0,42.7739,0.8155
1985-08-31,1.6239581108093262,3.2479162,25.04704570770264,0.0,42.26,1.1177
1985-09-01,5.312655925750732,10.625312,24.327880859375,0.0,42.0374,0.832
1985-09-02,5.7618677616119385,11.523735,23.30314350128174,0.0,44.7017,2.7894
1985-09-03,1.5553165674209597,3.1106331,23.829724311828613,0.0,43.9719,0.811
1985-09-04,1.0634844303131104,2.1269689,24.670297622680664,0.0,43.4589,1.0757
1985-09-05,11.99182415008545,23.983648,23.88959217071533,0.0,48.2794,3.9797
1985-09-06,2.2883514165878296,4.576703,24.076208114624023,0.0,46.9842,0.8077
1985-09-07,1.457801342010498,2.9156027,25.361639976501465,0.0,46.0011,1.0439
1985-09-08,0.0811216831207275,0.16224337,25.99530506134033,0.0,44.7627,0.805
1985-09-09,1.7509746551513672,3.5019493,26.210898399353027,0.0,44.2434,1.1103999999999998
1985-09-10,0.0,0.0,25.780829429626465,0.0,43.0299,0.8025
1985-09-11,22.98308277130127,45.966164,24.39373683929444,0.0,52.7083,9.0888
1985-09-12,1.849903345108032,3.6998067,21.639132499694824,0.0,48.333,0.8
1985-09-13,1.3047226667404177,2.6094453,23.62009620666504,0.0,46.8794,1.0934
1985-09-14,2.429046928882599,4.8580937,24.04471206665039,0.0,46.0992,0.7984
1985-09-15,0.1335704326629638,0.26714087,24.859603881835938,0.0,44.8927,0.7976
1985-09-16,0.2344288229942321,0.46885765,24.80030345916748,0.0,43.8528,0.7966
1985-09-17,45.28323936462402,90.56648,22.452948570251465,0.0,54.6613,20.1613
1985-09-18,3.068467915058136,6.1369357,25.11299514770508,0.0,48.5862,0.7979
1985-09-19,5.294129967689514,10.58826,25.163970947265625,0.0,48.6818,3.1311
1985-09-20,20.877516746521,41.755035,23.0531063079834,0.0,51.9259,8.5919
1985-09-21,13.504693508148192,27.009388,22.848835945129395,0.0,50.7755,5.7323
1985-09-22,12.932252883911133,25.864506,23.57947540283203,0.0,50.6671,5.963
1985-09-23,17.29212760925293,34.584255,22.83702087402344,0.0,51.2508,8.1442
1985-09-24,61.54901885986328,123.09804,20.32931900024414,0.0,53.523,43.3532
1985-09-25,6.513428926467896,13.026857,18.8936185836792,0.0,49.4884,3.6504
1985-09-26,0.0,0.0,20.56661701202393,0.0,47.2299,0.8546
1985-09-27,1.1577573120594025,2.3155146,20.16361427307129,0.0,46.5446,1.278
1985-09-28,16.454069137573242,32.90814,18.81455421447754,0.0,51.4042,8.4441
1985-09-29,10.03991413116455,20.079828,18.46877956390381,0.0,50.5474,5.520300000000001
1985-09-30,0.8716999888420105,1.7434,20.400848388671875,0.0,47.7618,0.8669
1985-10-01,0.1331757307052612,0.26635146,19.704998016357425,0.0,46.2109,0.8702
1985-10-02,0.1274734437465667,0.2549469,16.73966407775879,0.0,45.1441,0.8687
1985-10-03,0.0295193493366241,0.0590387,16.429213523864746,0.0,44.246,0.8674
1985-10-04,0.9341874122619628,1.8683748,18.15492248535156,0.0,43.8861,0.942
1985-10-05,0.2615071535110473,0.5230143,19.05558109283448,0.0,43.2502,0.8668
1985-10-06,0.3246567249298095,0.64931345,17.957529067993164,0.0,42.5139,0.8623
1985-10-07,0.0850886106491088,0.17017722,18.748291015625,0.0,41.8131,0.8603000000000001
1985-10-08,0.0799182057380676,0.15983641,20.7728967666626,0.0,41.0923,0.8569
1985-10-09,0.1872940063476562,0.374588,22.3309383392334,0.0,40.4956,0.856
1985-10-10,0.0,0.0,23.4401912689209,0.0,39.6558,0.851
1985-10-11,0.153348296880722,0.3066966,23.853891372680664,0.0,38.982,0.8504
1985-10-12,0.4337135255336761,0.86742705,24.20151901245117,0.0,38.4426,0.8448
1985-10-13,0.1631536483764648,0.3263073,23.91593074798584,0.0,37.7413,0.8448
1985-10-14,0.1735424995422363,0.347085,23.696796417236328,0.0,37.1151,0.8388
1985-10-15,0.0258734226226806,0.051746845,23.93621158599853,0.0,36.4535,0.8361
1985-10-16,0.0,0.0,23.740958213806152,0.0,35.6906,0.8337
1985-10-17,0.0344889760017395,0.06897795,22.65785026550293,0.0,35.1838,0.832
1985-10-18,0.2267621755599975,0.45352435,18.58480262756348,0.0,34.9654,0.8304
1985-10-19,0.0508911609649658,0.10178232,18.450488090515137,0.0,34.7513,0.8289
1985-10-20,0.01717209815979,0.034344196,17.796257972717285,0.0,34.6205,0.8274
1985-10-21,0.3829032182693481,0.76580644,17.779202461242676,0.0,34.5689,0.8539
1985-10-22,0.6062633395195007,1.2125267,18.69620132446289,0.0,34.4809,0.8243
1985-10-23,0.3083640336990356,0.61672807,19.406044006347656,0.0,34.3232,0.8268
1985-10-24,0.1210970878601074,0.24219418,20.56783103942871,0.0,34.1347,0.8212
1985-10-25,0.3439339399337768,0.6878679,20.52415561676025,0.0,33.9292,0.8293
1985-10-26,0.20347261428833,0.40694523,20.61021423339844,0.0,33.7332,0.8182
1985-10-27,0.1753046512603759,0.3506093,20.95061492919922,0.0,33.5899,0.8200999999999999
1985-10-28,0.0803155899047851,0.16063118,21.2776460647583,0.0,33.4392,0.8151
1985-10-29,0.0102580189704895,0.020516038,21.289270401000977,0.0,33.2847,0.8136
1985-10-30,0.0389703027904033,0.077940606,20.71022224426269,0.0,33.1766,0.8121
1985-10-31,0.1652762293815612,0.33055246,19.51898956298828,0.0,33.0682,0.8122
1985-11-01,0.0,0.0,16.55595111846924,0.0,32.9319,0.8091
1985-11-02,0.2239829301834106,0.44796586,14.000948429107666,0.0,32.8262,0.8095
1985-11-03,0.0183222293853759,0.03664446,13.330783367156982,0.0,32.7194,0.806
1985-11-04,0.0031529366970062,0.0063058734,13.923142910003662,0.0,32.6045,0.8045
1985-11-05,0.0,0.0,17.025139808654785,0.0,32.495,0.803
1985-11-06,0.0891128480434417,0.1782257,17.147274017333984,0.0,32.3861,0.8019
1985-11-07,0.0630960166454315,0.12619203,18.19475173950196,0.0,32.2845,0.8
1985-11-08,7.637205362319946,15.27441,16.564101219177246,0.0,37.5469,2.5012
1985-11-09,1.3489147424697876,2.6978295,13.734038352966309,0.0,37.5101,0.797
1985-11-10,0.0,0.0,12.651634216308594,0.0,37.1573,0.7955
1985-11-11,0.0,0.0,12.42513656616211,0.0,36.7975,0.794
1985-11-12,0.0,0.0,14.283135414123535,0.0,36.452,0.7925
1985-11-13,0.0056601166725158,0.011320233,12.539936065673828,0.0,36.241,0.791
1985-11-14,0.0,0.0,12.068276405334473,0.0,35.9392,0.7895
1985-11-15,0.0,0.0,12.821782112121582,0.0,35.658,0.788
1985-11-16,3.371813654899597,6.7436275,13.244078159332275,0.0,37.9362,1.5569
1985-11-17,1.2435047030448914,2.4870095,13.106681823730469,0.0,37.7837,0.7851
1985-11-18,0.6223809123039246,1.2447618,10.970574855804443,0.0,37.7676,0.8616999999999999
1985-11-19,0.1418528258800506,0.28370565,10.7750563621521,0.0,37.5012,0.7821
1985-11-20,0.3593738079071045,0.7187476,11.457303047180176,0.0,37.2887,0.7983
1985-11-21,0.3186210095882416,0.637242,14.505045413970947,0.0,37.1849,0.7792
1985-11-22,1.2062697410583496,2.4125395,17.10058307647705,0.0,37.671,0.9946
1985-11-23,0.2593855261802673,0.51877105,18.829487800598145,0.0,37.4388,0.7762
1985-11-24,1.042883038520813,2.085766,13.478999137878418,0.0,37.7228,0.9561
1985-11-25,0.0,0.0,10.55651330947876,0.0,37.414,0.7733
1985-11-26,0.0,0.0,11.106744289398192,0.0,37.1346,0.7718
1985-11-27,0.0,0.0,15.26530933380127,0.0,36.8372,0.7704
1985-11-28,4.460500478744507,8.921001,14.626044273376465,0.0,39.8952,1.8086
1985-11-29,8.603747844696045,17.207497,9.5282940864563,0.0,45.0254,2.6011
1985-11-30,2.0762203335762024,4.1524405,10.017277240753174,0.0,44.7338,0.8511
1985-12-01,0.0480894446372985,0.09617889,9.657531261444092,0.0,44.0088,0.7675
1985-12-02,0.0219653844833374,0.04393077,11.045376300811768,0.0,43.3179,0.7632
1985-12-03,0.0255573987960815,0.051114798,12.512632369995115,0.0,42.6105,0.7617
1985-12-04,0.0038139224052429,0.007627845,13.53009033203125,0.0,41.9104,0.7603
1985-12-05,1.558465600013733,3.1169312,14.056716442108154,0.0,42.2646,1.0657
1985-12-06,9.639107704162598,19.278215,15.050278663635254,0.0,47.1636,2.7375
1985-12-07,0.0,0.0,11.57078504562378,0.0,45.8754,0.756
1985-12-08,0.0246935188770294,0.049387038,9.399582386016846,0.0,45.0609,0.7546
1985-12-09,0.1322650611400604,0.26453012,9.467151165008543,0.0,44.535,0.7532
1985-12-10,3.176887631416321,6.353775,6.737481117248535,0.0,45.9682,1.5236
1985-12-11,7.577512264251709,15.155025,2.9016335010528564,0.0,49.2765,2.6597
1985-12-12,0.1356177330017089,0.27123547,2.4336233139038086,0.0,47.51,0.7691
1985-12-13,0.0,0.0,3.000793695449829,0.0,46.474,0.7616
1985-12-14,0.0214858353137969,0.04297167,6.312757968902588,0.0,45.6536,0.749
1985-12-15,0.0877276062965393,0.17545521,3.1121866703033447,0.0,45.106,0.7593
1985-12-16,0.0304088294506073,0.06081766,0.5283842086791992,0.0,44.6799,0.7594
1985-12-17,0.037631943821907,0.07526389,1.387943983078003,0.0,44.2855,0.7534
1985-12-18,0.0,0.0,4.1857781410217285,0.0,43.7693,0.7405
1985-12-19,0.0772748589515686,0.15454972,7.430347681045532,0.0,43.3374,0.7394
1985-12-20,0.0,0.0,6.002222061157227,0.0,42.9078,0.7439
1985-12-21,0.093922734260559,0.18784547,6.683627605438232,0.0,42.4722,0.7386
1985-12-22,0.0139673352241516,0.02793467,7.081029653549194,0.0,42.0255,0.735
1985-12-23,0.0644743740558624,0.12894875,4.723726511001587,0.0,41.6694,0.7442000000000001
1985-12-24,0.0017544701695442,0.0035089403,3.1668384075164795,0.0,41.3636,0.7395999999999999
1985-12-25,0.0087836980819702,0.017567396,4.89987587928772,0.0,41.0239,0.7369
1985-12-26,0.1130067110061645,0.22601342,10.169440269470217,0.0,40.6171,0.7295
1985-12-27,0.0669870376586914,0.13397408,11.42937469482422,0.0,40.0843,0.7293999999999999
1985-12-28,0.0577703118324279,0.11554062,11.344640254974363,0.0,39.5711,0.7267
1985-12-29,0.0,0.0,13.11771535873413,0.0,39.0562,0.7254
1985-12-30,0.9352352023124696,1.8704704,13.66799783706665,0.0,38.8515,0.834
1985-12-31,5.567342519760132,11.1346855,7.760735988616943,0.0,40.5457,1.3456
1986-01-01,0.5210306644439697,1.0420613,4.286498308181763,0.0,40.3085,0.7373000000000001
1986-01-02,0.1255545318126678,0.25110906,2.9424068927764893,0.0,40.0717,0.7432
1986-01-03,0.2987872660160064,0.59757453,5.207075595855713,0.0,39.8471,0.7234
1986-01-04,0.243263840675354,0.48652768,4.658711910247803,0.0,39.6001,0.7269
1986-01-05,0.0282474756240844,0.05649495,1.3875601291656494,0.0,39.4213,0.725
1986-01-06,0.0,0.0,1.030146598815918,0.0,39.2175,0.7178
1986-01-07,0.2224456071853637,0.4448912,2.554099798202514,0.0,39.032,0.7313999999999999
1986-01-08,0.1230908632278442,0.24618173,3.3679959774017334,0.0,38.8198,0.7277
1986-01-09,0.0811048746109008,0.16220975,4.200565814971924,0.0,38.6003,0.7203
1986-01-10,0.1835022270679474,0.36700445,5.159083843231201,0.0,38.3432,0.7228
1986-01-11,0.0,0.0,5.865785121917725,0.0,37.9513,0.7079
1986-01-12,0.0361740589141845,0.07234812,7.134071588516235,0.0,37.6352,0.7072
1986-01-13,0.3844170570373535,0.7688341,7.234496593475342,0.0,37.4218,0.7123
1986-01-14,0.0,0.0,8.489205360412598,0.0,37.172,0.7039
1986-01-15,0.1659324169158935,0.33186483,9.408157348632812,0.0,36.9362,0.7045
1986-01-16,0.2427107095718383,0.48542142,6.8326575756073,0.0,36.7587,0.7070000000000001
1986-01-17,0.4318717122077942,0.8637434,9.694037914276125,0.0,36.5301,0.6999
1986-01-18,1.416207134723663,2.8324142,13.455584049224854,0.0,37.1541,0.9863
1986-01-19,0.2368257045745849,0.4736514,11.090757369995115,0.0,37.0376,0.6973
1986-01-20,0.252104640007019,0.5042093,12.111061096191406,0.0,36.8395,0.7081
1986-01-21,0.5059324502944946,1.0118649,10.216986179351808,0.0,36.7527,0.6947
1986-01-22,3.701563835144043,7.4031277,6.831631183624268,0.0,39.2559,1.5505
1986-01-23,0.1677545309066772,0.33550906,6.034379720687866,0.0,38.9485,0.7016
1986-01-24,0.1750838756561279,0.35016775,7.027838230133057,0.0,38.6874,0.6907
1986-01-25,2.524322271347046,5.0486445,6.511261940002441,0.0,40.2313,1.2522
1986-01-26,0.1287828683853149,0.25756574,5.632040739059448,0.0,40.0041,0.6881
1986-01-27,0.0506952404975891,0.10139048,4.321693658828735,0.0,39.5816,0.6910999999999999
1986-01-28,0.1678254604339599,0.33565092,4.698573589324951,0.0,39.2782,0.6963
1986-01-29,0.0263646841049194,0.05272937,9.174194812774658,0.0,38.7466,0.6843
1986-01-30,0.0,0.0,11.30758571624756,0.0,38.2478,0.683
1986-01-31,0.2871413230895996,0.57428265,10.795884609222412,0.0,38.0419,0.6951999999999999
1986-02-01,3.0485562086105347,6.0971127,7.0958521366119385,0.0,39.0657,1.0346
1986-02-02,5.997132062911987,11.994265,6.642555236816406,0.0,42.6934,1.9604
1986-02-03,7.516546249389648,15.0330925,6.012347459793091,0.0,46.4849,2.3309
1986-02-04,2.535717964172364,5.071436,3.912647008895874,0.0,46.4046,1.056
1986-02-05,16.033134937286377,32.06627,5.294365882873535,0.0,52.1162,5.0881
1986-02-06,4.851665496826172,9.703331,4.65485143661499,0.0,49.7374,1.8449
1986-02-07,0.0,0.0,4.854712724685669,0.0,47.6749,0.6728
1986-02-08,1.385819435119629,2.7716389,4.06856894493103,0.0,46.9319,0.8639
1986-02-09,0.3060396909713745,0.6120794,5.233364820480347,0.0,46.113,0.6849999999999999
1986-02-10,0.6030471324920654,1.2060943,7.360836982727051,0.0,45.4233,0.6907
1986-02-11,0.4931401014328003,0.9862802,6.775355577468872,0.0,44.8677,0.6977
1986-02-12,1.6264933943748474,3.252987,7.7217488288879395,0.0,44.6078,0.7846
1986-02-13,1.1643904447555542,2.328781,10.53546905517578,0.0,44.1226,0.6656
1986-02-14,4.513693332672119,9.027387,12.722068309783936,0.0,46.3645,2.0122
1986-02-15,5.020920753479004,10.0418415,10.222060680389404,0.0,47.2471,1.4831
1986-02-16,6.898579835891724,13.797159,6.036553144454956,0.0,49.267,2.5557
1986-02-17,39.91440200805664,79.828804,7.770878314971924,0.0,54.2303,15.9304
1986-02-18,0.0,0.0,8.422815799713135,0.0,48.5707,0.6616
1986-02-19,0.0,0.0,7.890772342681885,0.0,47.0896,0.6636
1986-02-20,0.0,0.0,9.30125904083252,0.0,46.04,0.6647
1986-02-21,1.6967564821243286,3.393513,5.942989349365234,0.0,46.0693,1.2517
1986-02-22,0.0965005159378051,0.19300103,4.894828796386719,0.0,45.4383,0.7315
1986-02-23,0.0,0.0,6.740959167480469,0.0,44.823,0.6652
1986-02-24,0.2129209041595459,0.4258418,7.507766246795654,0.0,44.2307,0.6673
1986-02-25,0.7181177139282227,1.4362354,8.77760934829712,0.0,43.8126,0.6645
1986-02-26,0.7221479415893555,1.4442959,9.69755744934082,0.0,43.6228,0.8478000000000001
1986-02-27,6.822606563568115,13.645213,5.006991863250732,0.0,46.1872,2.4991000000000003
1986-02-28,0.0020780563354492,0.0041561127,1.5882916450500488,0.0,45.6546,0.6943
1986-03-01,0.9266659021377563,1.8533318,2.013293027877808,0.0047,45.2742,0.7337
1986-03-02,0.0329322814941406,0.06586456,2.142388343811035,0.0,44.8485,0.7291000000000001
1986-03-03,0.0,0.0,3.4106290340423584,0.0,44.2504,0.6604
1986-03-04,0.3709235191345215,0.74184704,5.566880464553833,0.0,43.8408,0.7025
1986-03-05,0.0356274843215942,0.07125497,7.395562648773193,0.0,43.3319,0.6744
1986-03-06,0.1661838293075561,0.33236766,8.589499950408936,0.0,42.8272,0.6674000000000001
1986-03-07,0.2417550086975097,0.48351002,9.542566776275637,0.0,42.3186,0.6633
1986-03-08,0.4304687976837158,0.8609376,10.687104225158691,0.0,41.7254,0.6559
1986-03-09,0.1717617511749267,0.3435235,13.521569728851318,0.0,41.0805,0.6561
1986-03-10,5.188722133636475,10.377444,13.056568145751951,0.0,42.8956,1.7306
1986-03-11,5.634688854217529,11.269378,13.630518436431885,0.0,43.6088,1.1318
1986-03-12,0.2814569473266601,0.5629139,14.5948166847229,0.0,42.8816,0.6516
1986-03-13,20.1551570892334,40.310314,14.699943542480469,0.0,52.0644,7.8829
1986-03-14,31.73844242095948,63.476883,17.704299926757812,0.0,53.4164,13.5208
1986-03-15,45.744646072387695,91.48929,16.55685043334961,0.0,53.5776,25.6307
1986-03-16,18.10091018676757,36.20182,14.157759189605711,0.0,51.1262,10.6644
1986-03-17,4.964081287384033,9.928163,10.676318645477297,0.0,48.9065,2.116
1986-03-18,29.85067653656006,59.701355,12.021524906158447,0.0,52.7254,16.3369
1986-03-19,1.0437636375427246,2.0875273,11.879944324493408,0.0,48.3438,0.7034
1986-03-20,34.54705619812012,69.09412,9.353360176086426,0.0,53.2228,21.2837
1986-03-21,35.021050453186035,70.0421,10.264381408691406,0.0,52.4606,23.3268
1986-03-22,12.716753959655762,25.433508,9.586578369140623,0.0,50.5476,7.1906
1986-03-23,0.0543437004089355,0.1086874,10.19212770462036,0.0,47.8032,0.7563
1986-03-24,0.5389175415039062,1.0778351,9.00928544998169,0.0,46.7222,0.9091
1986-03-25,6.10140585899353,12.202812,7.38579797744751,0.0,48.0977,2.9326000000000003
1986-03-26,6.927206993103027,13.854414,11.096918106079102,0.0,48.7683,2.9331
1986-03-27,15.593811511993408,31.187622,14.878366947174072,0.0,51.0489,6.8723
1986-03-28,14.382956504821776,28.765913,15.281709671020508,0.0,51.1613,7.4321
1986-03-29,0.0238833427429199,0.047766685,17.48978328704834,0.0,47.8517,0.7787
1986-03-30,61.23649597167969,122.47299,14.799595355987549,0.0,54.1719,37.3196
1986-03-31,0.917473554611206,1.8349471,11.511036396026611,0.0,48.5601,0.802
1986-04-01,1.1877210140228271,2.375442,9.99068546295166,0.0,47.3499,1.185
1986-04-02,0.0,0.0,12.534616947174072,0.0,46.0975,0.8175
1986-04-03,0.0,0.0,18.624775886535645,0.0,44.8009,0.8194
1986-04-04,0.0654270648956298,0.13085413,18.923046112060547,0.0,43.9763,0.8198
1986-04-05,0.684168815612793,1.3683376,18.336894989013672,0.0,43.2786,0.8197
1986-04-06,2.8268275260925293,5.653655,16.640329360961914,0.0,44.1057,1.8232
1986-04-07,0.3372437953948974,0.6744876,16.047866344451904,0.0,43.534,0.8183
1986-04-08,0.3299524784088135,0.65990496,18.3369197845459,0.0,42.6307,0.8212
1986-04-09,0.3305642604827881,0.6611285,21.11850643157959,0.0,41.7164,0.8163
1986-04-10,0.0092098712921142,0.018419743,22.27804183959961,0.0,40.7281,0.8151
1986-04-11,4.918129086494446,9.836258,19.718408584594727,0.0,42.3516,2.1625
1986-04-12,0.2819716930389404,0.5639434,16.75346565246582,0.0,41.5768,0.8124
1986-04-13,0.808459997177124,1.61692,18.01705646514893,0.0,41.0551,0.9818
1986-04-14,1.712500810623169,3.4250016,20.34950256347656,0.0,40.5171,0.8096
1986-04-15,14.781315803527832,29.562632,18.51952743530273,0.0,48.6644,5.7992
1986-04-16,9.1163969039917,18.232794,14.120164394378662,0.0,49.7047,3.0586
1986-04-17,13.541841983795166,27.083683,13.63170051574707,0.0,51.1768,4.8911
1986-04-18,12.674877166748049,25.349754,17.190383911132812,0.0,50.8905,4.6429
1986-04-19,42.4876708984375,84.97534,17.6434907913208,0.0,53.8492,20.7708
1986-04-20,34.49593544006348,68.99187,17.073735237121582,0.0,52.5817,21.2021
1986-04-21,21.02894401550293,42.057888,13.04989528656006,0.0,51.6238,13.2639
1986-04-22,0.8548905849456787,1.7097812,16.236818313598633,0.0,48.0481,0.8455
1986-04-23,0.3305361270904541,0.66107225,17.936715126037598,0.0,46.358,0.8591
1986-04-24,2.554147958755493,5.108296,18.845195770263672,0.0,45.6534,0.8544
1986-04-25,0.7599585056304932,1.519917,21.21679306030273,0.0,44.6922,0.9431
1986-04-26,4.825913429260254,9.651827,23.11440944671631,0.0,44.3834,0.8849
1986-04-27,3.3698590993881226,6.7397184,23.08488750457764,0.0,44.5517,1.7598
1986-04-28,31.96212482452393,63.924248,18.942051887512207,0.0,53.1549,13.2017
1986-04-29,6.42294454574585,12.845889,19.46346092224121,0.0,49.1781,1.9971
1986-04-30,0.0,0.0,20.83196258544922,0.0,46.9732,0.8592
1986-05-01,2.5885703563690186,5.1771407,22.246495246887207,0.0,46.5653,1.9098
1986-05-02,25.48497772216797,50.969955,19.85759735107422,0.0,52.5449,11.3749
1986-05-03,14.346161365509031,28.692322,18.970105171203613,0.0,50.8127,6.2769
1986-05-04,1.062067985534668,2.124136,18.480956077575684,0.0,47.963,0.8695
1986-05-05,0.2587780952453613,0.5175562,19.53085803985596,0.0,46.3681,0.8739
1986-05-06,5.119092226028442,10.238184,17.817557334899902,0.0,47.3422,2.5023
1986-05-07,0.0182714462280273,0.036542892,18.541579246521,0.0,46.0639,0.8737
1986-05-08,0.1689958572387695,0.3379917,20.29241180419922,0.0,44.776,0.8724999999999999
1986-05-09,0.8267807960510254,1.6535616,22.63224983215332,0.0,43.7436,0.87
1986-05-10,2.438464641571045,4.8769293,21.09735012054444,0.0,43.9074,1.6088
1986-05-11,3.686881303787232,7.3737626,22.06912422180176,0.0,43.7418,0.9039
1986-05-12,18.45697593688965,36.91395,19.705641746521,0.0,51.4365,7.9652
1986-05-13,7.313115119934082,14.62623,22.046289443969727,0.0,49.0649,1.9208
1986-05-14,3.732982873916626,7.4659657,22.623732566833496,0.0,47.4391,0.8791
1986-05-15,0.0,0.0,21.586901664733887,0.0,45.5487,0.8644
1986-05-16,0.0,0.0,20.754897117614743,0.0,44.0166,0.8638
1986-05-17,0.1859054565429687,0.3718109,19.83839988708496,0.0,42.8427,0.8628
1986-05-18,0.2452380657196045,0.49047613,23.436942100524902,0.0,41.9103,0.8617
1986-05-19,1.8806930780410769,3.7613862,25.155197143554688,0.0,41.8063,1.3114
1986-05-20,18.26659202575684,36.533184,23.17105007171631,0.0,49.244,5.6472
1986-05-21,62.45709609985352,124.91419,15.048632621765137,0.0,54.844,29.2409
1986-05-22,0.271242618560791,0.54248524,17.896409034729004,0.0,48.283,0.8672
1986-05-23,0.0645418167114257,0.12908363,18.11790657043457,0.0,46.34,0.8734
1986-05-24,0.078460693359375,0.15692139,21.76407241821289,0.0,44.993,0.8735
1986-05-25,0.0428113937377929,0.08562279,23.821298599243164,0.0,43.7609,0.8718
1986-05-26,0.909254550933838,1.8185091,24.66468334197998,0.0,42.8139,0.8693
1986-05-27,0.6710591316223145,1.3421183,25.31065273284912,0.0,41.9646,1.0295
1986-05-28,14.011829376220703,28.023659,24.895666122436523,0.0,46.5423,3.9322
1986-05-29,3.847074508666992,7.694149,23.89903736114502,0.0,45.8462,0.8872
1986-05-30,0.0884613990783691,0.1769228,23.897260665893555,0.0,44.5123,0.863
1986-05-31,0.4359011650085449,0.87180233,24.4685001373291,0.0,43.3349,0.8657
1986-06-01,9.006915092468262,18.01383,24.94465446472168,0.0,46.2855,3.1287000000000003
1986-06-02,11.09593677520752,22.191874,23.711867332458496,0.0,49.1644,3.5722
1986-06-03,4.733862400054932,9.467725,24.27592182159424,0.0,47.6813,1.0234
1986-06-04,21.411277770996094,42.822556,24.04599571228028,0.0,51.7116,6.9788
1986-06-05,16.258056640625,32.516113,21.671658515930176,0.0,51.6132,7.158799999999999
1986-06-06,18.09810400009156,36.19621,19.93364715576172,0.0,51.7637,9.0032
1986-06-07,1.8498992919921875,3.6997986,19.94710254669189,0.0,48.2986,0.8639
1986-06-08,0.0246410369873046,0.049282074,21.273481369018555,0.0,46.5547,0.8674
1986-06-09,0.1309287548065185,0.2618575,22.64077854156494,0.0,45.1726,0.8674
1986-06-10,0.4702646732330322,0.94052935,23.09454917907715,0.0,44.131,0.8698
1986-06-11,0.2518868446350097,0.5037737,22.77178001403809,0.0,43.2812,0.8644
1986-06-12,8.187050104141235,16.3741,22.50880622863769,0.0,46.8756,4.0073
1986-06-13,16.51350450515747,33.027008,24.85874462127685,0.0,51.1615,6.4327000000000005
1986-06-14,0.4878551959991455,0.9757104,25.998912811279297,0.0,47.7385,0.8622
1986-06-15,2.995497226715088,5.9909945,26.53373336791992,0.0,47.1289,1.9127
1986-06-16,1.823004484176636,3.646009,26.915651321411133,0.0,45.8153,0.8616
1986-06-17,13.014922142028809,26.029844,25.095046043396,0.0,50.4495,6.2464
1986-06-18,23.766179084777832,47.532356,23.433008193969727,0.0,52.3917,9.7756
1986-06-19,14.22138500213623,28.44277,24.198808670043945,0.0,50.6947,5.5601
1986-06-20,15.854835987091064,31.709671,25.096576690673828,0.0,50.7851,6.448300000000001
1986-06-21,0.3732280731201172,0.74645615,26.602410316467285,0.0,47.576,0.8712
1986-06-22,0.8527665138244629,1.705533,26.5305118560791,0.0,46.0263,1.0286
1986-06-23,1.554558277130127,3.1091166,27.154794692993164,0.0,44.7969,0.8709
1986-06-24,25.44991683959961,50.899834,25.482722282409668,0.0,52.2589,11.1348
1986-06-25,10.21463918685913,20.42928,24.08485698699951,0.0,50.2631,4.1766
1986-06-26,4.991321325302124,9.982643,23.832676887512207,0.0,48.5956,1.811
1986-06-27,2.7871400117874146,5.57428,25.08839511871338,0.0,47.0212,0.8726
1986-06-28,1.1069180965423584,2.2138362,26.054277420043945,0.0,45.7981,1.1869
1986-06-29,2.0279409885406494,4.055882,26.9475965499878,0.0,44.9142,0.8712
1986-06-30,0.497197151184082,0.9943943,27.282010078430176,0.0,43.7904,0.9299
1986-07-01,30.295390129089355,60.590782,26.38008975982666,0.0,53.0079,12.2011
1986-07-02,22.133602142333984,44.267204,24.60353946685791,0.0,52.0096,10.15
1986-07-03,25.21604633331299,50.43209,23.862712860107425,0.0,52.0635,13.0133
1986-07-04,16.88953685760498,33.779076,25.081249237060547,0.0,50.9429,8.3002
1986-07-05,5.504499435424805,11.008999,25.46503448486328,0.0,48.3788,1.3259
1986-07-06,0.4736475944519043,0.9472952,26.642077445983887,0.0,46.4534,0.9024
1986-07-07,3.5558611154556274,7.111722,26.329072952270508,0.0,46.5305,2.3633
1986-07-08,7.223921060562134,14.447842,26.489063262939453,0.0,46.7202,1.6428
1986-07-09,0.0,0.0,26.325538635253903,0.0,45.1306,0.9009
1986-07-10,0.0,0.0,26.713090896606445,0.0,44.047,0.8982
1986-07-11,2.6354079246521,5.270816,25.93158531188965,0.0,43.7898,1.1564
1986-07-12,8.393601894378662,16.787205,24.31177043914795,0.0,46.467,2.9211
1986-07-13,0.6078809499740601,1.2157619,26.075745582580566,0.0,45.2354,0.8926
1986-07-14,0.0,0.0,26.55154609680176,0.0,43.7548,0.8892
1986-07-15,0.0124796032905578,0.024959207,27.10070037841797,0.0,42.5333,0.8854
1986-07-16,0.3325568437576294,0.6651137,27.19938468933105,0.0,41.4398,0.8826
1986-07-17,4.293671369552612,8.587343,27.234352111816406,0.0,43.1495,2.4019
1986-07-18,7.7234787940979,15.446958,26.306775093078613,0.0,44.336,1.6486999999999998
1986-07-19,4.16787451505661,8.335749,26.285605430603027,0.0,43.8012,0.8778
1986-07-20,5.608485698699951,11.216971,25.820141792297363,0.0,45.4363,2.5084
1986-07-21,0.0918707847595214,0.18374157,26.50657558441162,0.0,44.0579,0.8748
1986-07-22,0.4328620433807373,0.8657241,26.97422409057617,0.0,42.7662,0.8741
1986-07-23,0.4298654794692993,0.85973096,27.34944534301757,0.0,41.7328,0.8718
1986-07-24,0.1880046129226684,0.37600923,27.726929664611816,0.0,40.484,0.8702
1986-07-25,0.222703218460083,0.44540644,27.1160306930542,0.0,38.9529,0.8686
1986-07-26,0.327399730682373,0.65479946,27.121479988098145,0.0,37.4228,0.8672
1986-07-27,0.8473197221755981,1.6946394,26.67898178100586,0.0,36.6576,0.8655
1986-07-28,1.8580830097198489,3.716166,27.07233715057373,0.0,36.9726,1.2598
1986-07-29,0.8487131595611572,1.6974263,27.231002807617188,0.0,36.3842,0.8622
1986-07-30,0.1412506103515625,0.28250122,27.250003814697266,0.0,35.652,0.8606
1986-07-31,0.6489560604095459,1.2979121,27.1698055267334,0.0,35.1082,0.859
1986-08-01,3.8112964630126953,7.622593,25.214396476745605,0.0,36.7661,1.5822
1986-08-02,4.982090950012207,9.964182,24.84715175628662,0.0,36.5905,0.8558
1986-08-03,0.2108429670333862,0.42168593,25.208696365356445,0.0,35.8493,0.855
1986-08-04,0.4987955093383789,0.997591,26.140640258789062,0.0,35.2526,0.8526
1986-08-05,7.821154117584228,15.642308,25.687057495117188,0.0,40.4758,2.8623
1986-08-06,16.738255500793457,33.47651,23.99860191345215,0.0,48.2031,4.3792
1986-08-07,0.7934620380401611,1.5869241,25.188645362854004,0.0,45.5361,0.8478
1986-08-08,1.450666427612305,2.9013329,26.051030158996586,0.0,43.6699,0.9877
1986-08-09,0.0,0.0,25.7274169921875,0.0,41.6135,0.8446
1986-08-10,0.0,0.0,27.079561233520508,0.0,39.6705,0.8431
1986-08-11,0.4966585636138916,0.9933171,27.636137008666992,0.0,38.783,0.8671
1986-08-12,12.296229362487791,24.592459,26.3163537979126,0.0,43.1181,2.5532
1986-08-13,0.9376389980316162,1.875278,26.31828117370605,0.0,41.3908,0.8383
1986-08-14,0.0844588279724121,0.16891766,27.34498786926269,0.0,39.5738,0.8368
1986-08-15,0.0172253847122192,0.03445077,26.838257789611816,0.0,38.636,0.8352
1986-08-16,0.3507207632064819,0.7014415,27.18937015533448,0.0,37.7942,0.8354
1986-08-17,0.5322185754776001,1.0644372,26.838266372680664,0.0,37.1019,0.8321
1986-08-18,0.4555315971374511,0.9110632,26.727473258972168,0.0,36.3717,0.8358
1986-08-19,0.2774823904037475,0.5549648,26.76800441741944,0.0,35.7558,0.8289
1986-08-20,1.4564591646194458,2.9129183,27.26783561706543,0.0,35.943,1.0749
1986-08-21,26.44505882263184,52.890118,24.415626525878903,0.0,49.7332,6.6124
1986-08-22,1.314760446548462,2.629521,24.66138458251953,0.0,46.5202,0.8243
1986-08-23,0.0846569538116455,0.16931391,23.881909370422363,0.0,44.2891,0.8227
1986-08-24,0.8204536437988281,1.6409073,22.856205940246586,0.0,42.6378,0.8212
1986-08-25,0.1395773887634277,0.27915478,25.295351028442383,0.0,40.987,0.8196
1986-08-26,0.0703505277633667,0.14070106,26.27387523651123,0.0,39.3085,0.8181
1986-08-27,0.0556116104125976,0.11122322,25.918477058410645,0.0,38.2104,0.8166
1986-08-28,0.0,0.0,25.77882671356201,0.0,37.4109,0.815
1986-08-29,2.584565758705139,5.1691313,25.5429744720459,0.0,38.393,1.3829
1986-08-30,3.558260202407837,7.1165204,25.69217300415039,0.0,38.1887,0.812
1986-08-31,0.2831184864044189,0.566237,25.928505897521973,0.0,37.4847,0.8105
1986-09-01,0.7636849880218506,1.52737,26.57202911376953,0.0,36.9876,0.8089
1986-09-02,7.206717491149902,14.413435,25.55690193176269,0.0,41.5954,2.6678
1986-09-03,0.3820174932479858,0.764035,25.27083206176757,0.0,40.0773,0.8059
1986-09-04,0.1401314735412597,0.28026295,24.715113639831543,0.0,39.2071,0.8044
1986-09-05,17.616186141967773,35.232372,25.50457668304444,0.0,47.371,4.4272
1986-09-06,3.970401883125305,7.9408035,25.04043197631836,0.0,45.853,0.8138
1986-09-07,0.7924824953079224,1.584965,26.023472785949707,0.0,44.171,0.8283999999999999
1986-09-08,1.0770041942596436,2.1540084,26.640743255615234,0.0,42.6259,0.8488
1986-09-09,1.56091570854187,3.1218314,27.181872367858887,0.0,41.4958,0.8836999999999999
1986-09-10,0.0,0.0,27.66646671295166,0.0,39.5741,0.7954
1986-09-11,5.82176685333252,11.643534,26.41779899597168,0.0,41.8966,2.1159
1986-09-12,14.552019596099854,29.104038,24.43630790710449,0.0,48.3291,3.8807
1986-09-13,1.0413552522659302,2.0827105,24.31489849090576,0.0,45.8119,0.7909
1986-09-14,17.251876831054688,34.503754,23.89873218536377,0.0,51.9032,6.0274
1986-09-15,0.3240807056427002,0.6481614,23.20677661895752,0.0,47.79,0.788
1986-09-16,0.634660542011261,1.2693211,22.46345806121826,0.0,46.1879,0.8152999999999999
1986-09-17,0.0,0.0,21.518823623657227,0.0,44.4154,0.7852
1986-09-18,0.085924744606018,0.17184949,20.84290885925293,0.0,42.7696,0.7838
1986-09-19,3.2132753133773804,6.426551,19.007452964782715,0.0,42.9636,1.2788
1986-09-20,7.627962827682495,15.255926,17.69715976715088,0.0,44.6068,1.6284
1986-09-21,0.0,0.0,18.078566551208496,0.0,42.888,0.7795
1986-09-22,0.0,0.0,18.311528205871586,0.0,41.1276,0.7781
1986-09-23,0.0,0.0,19.099339485168457,0.0,39.4579,0.7767
1986-09-24,0.5906744003295898,1.1813488,19.61360454559326,0.0,38.4721,0.8011
1986-09-25,1.2004680633544922,2.4009361,18.93228054046631,0.0,37.842,0.7738
1986-09-26,0.0,0.0,19.98637866973877,0.0,37.1195,0.7724
1986-09-27,0.2602721750736236,0.52054435,20.170876502990723,0.0,36.5083,0.7725
1986-09-28,0.0379921197891235,0.07598424,20.71669864654541,0.0,36.0201,0.7695
1986-09-29,0.1357671022415161,0.2715342,20.745376586914062,0.0,35.5107,0.7681
1986-09-30,0.4352453947067261,0.8704908,18.81795310974121,0.0,35.1466,0.7667
1986-10-01,0.1331757307052612,0.26635146,16.820602416992188,0.0,34.8097,0.7658
1986-10-02,0.1274734437465667,0.2549469,15.732587814331056,0.0,34.5332,0.7638
1986-10-03,0.0295193493366241,0.0590387,17.023648262023926,0.0,34.3278,0.7624
1986-10-04,0.9147579669952391,1.8295159,19.817851066589355,0.0,34.2226,0.7662
1986-10-05,0.3664785623550415,0.7329571,19.33854389190674,0.0,34.1255,0.7619999999999999
1986-10-06,0.458266019821167,0.91653204,19.126553535461422,0.0,34.0299,0.7675
1986-10-07,0.0793070793151855,0.15861416,19.103944778442383,0.0,33.8742,0.7569
1986-10-08,0.0799182057380676,0.15983641,19.76988315582276,0.0,33.7296,0.7552
1986-10-09,0.1757310628890991,0.35146213,19.82254695892334,0.0,33.5804,0.7548
1986-10-10,0.0829787254333496,0.16595745,19.60099506378174,0.0,33.4795,0.7524
1986-10-11,0.2381053268909454,0.47621065,18.64449977874756,0.0,33.3677,0.7545
1986-10-12,0.027789294719696,0.05557859,17.597180366516113,0.0,33.2221,0.7496
1986-10-13,0.1447025537490844,0.2894051,17.70451068878174,0.0,33.0842,0.7498
1986-10-14,0.1735424995422363,0.347085,17.69437885284424,0.0,32.923,0.7468
1986-10-15,0.0258734226226806,0.051746845,17.996797561645508,0.0,32.7595,0.7453
1986-10-16,0.0183624029159545,0.036724806,19.016611099243164,0.0,32.6154,0.7439
1986-10-17,0.8178652226924896,1.6357305,22.71304416656494,0.0,32.5744,0.7651
1986-10-18,2.196796357631684,4.393593,21.22694396972656,0.0,32.5557,0.7411
1986-10-19,0.4539400339126587,0.90788007,20.39440441131592,0.0,32.527,0.7585000000000001
1986-10-20,0.0060749650001525,0.01214993,19.851531982421875,0.0,32.4331,0.7384
1986-10-21,0.0,0.0,21.81504917144776,0.0,32.2539,0.737
1986-10-22,0.2491166591644287,0.49823332,19.686553955078125,0.0,32.1394,0.7384000000000001
1986-10-23,0.1942325234413147,0.38846505,17.944517135620117,0.0,32.0719,0.7342
1986-10-24,2.797038316726685,5.5940766,17.373616218566895,0.0,34.0662,1.3137
1986-10-25,1.302075207233429,2.6041503,19.44953346252441,0.0,33.9279,0.7314
1986-10-26,0.5148718357086182,1.0297437,21.39985084533692,0.0,33.52,0.744
1986-10-27,41.8570613861084,83.71413,16.62064838409424,0.0,54.7286,11.2135
1986-10-28,24.056029319763184,48.11206,16.45251750946045,0.0,53.1961,8.6334
1986-10-29,6.204772472381592,12.409545,13.729454040527344,0.0,49.656,2.0642
1986-10-30,0.0,0.0,10.574037551879885,0.0,47.403,0.7249
1986-10-31,0.0,0.0,11.35071849822998,0.0,46.1168,0.7239
1986-11-01,0.0,0.0,14.77924346923828,0.0,45.1069,0.7228
1986-11-02,0.2665459513664245,0.5330919,15.599658489227297,0.0,44.3514,0.727
1986-11-03,0.0072686076164245,0.014537215,15.561506271362305,0.0,43.6448,0.7206
1986-11-04,0.0,0.0,15.53996229171753,0.0,42.9545,0.7195
1986-11-05,0.0024247765541076,0.004849553,13.90760326385498,0.0,42.3542,0.7183
1986-11-06,0.1064571142196655,0.21291423,13.694246768951416,0.0,41.9029,0.7171
1986-11-07,4.598661422729492,9.197323,15.467658519744871,0.0,44.3587,2.1784
1986-11-08,10.491981506347656,20.983963,14.621744155883787,0.0,49.1785,3.9156
1986-11-09,0.0,0.0,13.220760822296144,0.0,47.2036,0.7135
1986-11-10,0.0,0.0,10.328550338745115,0.0,45.9927,0.7123
1986-11-11,0.0,0.0,13.024077415466309,0.0,45.0829,0.7112
1986-11-12,0.5487676709890366,1.0975354,15.77079439163208,0.0,44.6335,0.7945
1986-11-13,2.154438614845276,4.308877,18.003817558288574,0.0,44.4606,0.7594
1986-11-14,0.0,0.0,19.18578720092773,0.0,43.7884,0.7077
1986-11-15,20.49542236328125,40.990845,16.729607582092285,0.0,52.5659,8.2438
1986-11-16,50.22234344482422,100.44469,12.325957775115969,0.0,54.5225,24.5421
1986-11-17,1.4938859939575195,2.987772,12.982075214385986,0.0,48.7312,0.9047
1986-11-18,1.7489173412322998,3.4978347,13.786495685577393,0.0,47.6229,1.145
1986-11-19,1.6594275832176208,3.3188553,13.80124044418335,0.0,47.1264,1.2291
1986-11-20,0.5586854219436646,1.1173708,14.408066749572754,0.0,46.2515,0.7284
1986-11-21,0.0,0.0,14.107764720916748,0.0,45.4641,0.7301
1986-11-22,0.0964648723602294,0.19292974,15.733109951019289,0.0,44.8999,0.731
1986-11-23,0.3041974902153015,0.608395,16.12172508239746,0.0,44.515,0.7317
1986-11-24,0.1767145991325378,0.3534292,16.74562358856201,0.0,44.051,0.7343000000000001
1986-11-25,0.0174889415502548,0.034977883,14.452188968658447,0.0,43.6593,0.7321000000000001
1986-11-26,0.0251950025558471,0.050390005,11.648537158966064,0.0,43.3194,0.731
1986-11-27,0.0,0.0,9.728983879089355,0.0,43.0577,0.7305
1986-11-28,0.1941545009613037,0.388309,10.166423320770264,0.0,42.8168,0.7336
1986-11-29,0.0572468042373657,0.11449361,10.37931203842163,0.0,42.5892,0.7292
1986-11-30,0.0751900672912597,0.15038013,9.041547298431396,0.0,42.2893,0.7287
1986-12-01,0.0480894446372985,0.09617889,10.377949714660645,0.0,42.0063,0.7275
1986-12-02,0.6598618924617767,1.3197238,13.3658766746521,0.0,41.9299,0.8766
1986-12-03,0.7233061194419861,1.4466122,13.40191650390625,0.0,41.638,0.7256
1986-12-04,0.0038139224052429,0.007627845,8.24057674407959,0.0,41.2767,0.7246
1986-12-05,0.1221134066581726,0.24422681,7.986398220062256,0.0,40.9992,0.7275
1986-12-06,0.901784598827362,1.8035692,11.797742366790771,0.0,40.9905,0.8343
1986-12-07,0.6900121420621872,1.3800243,11.770673751831056,0.0,40.8283,0.7366
1986-12-08,0.0246935188770294,0.049387038,7.878403663635254,0.0,40.533,0.7201
1986-12-09,0.06461101770401,0.12922204,6.779857635498047,0.0,40.2747,0.7228
1986-12-10,0.0522560030221939,0.104512006,7.188300848007202,0.0,40.0134,0.7207
1986-12-11,0.0,0.0,7.35202956199646,0.0,39.6696,0.7166
1986-12-12,0.1356177330017089,0.27123547,9.017076969146729,0.0,39.3399,0.7161000000000001
1986-12-13,0.0,0.0,11.70211410522461,0.0,39.0262,0.7141
1986-12-14,0.0214858353137969,0.04297167,12.405033588409424,0.0,38.6311,0.7129
1986-12-15,0.0877276062965393,0.17545521,13.154458045959473,0.0,38.3354,0.7116
1986-12-16,0.0304088294506073,0.06081766,12.930638313293455,0.0,38.0682,0.7103
1986-12-17,0.2199320048093795,0.439864,13.464478969573976,0.0,37.8163,0.7091
1986-12-18,6.083151817321777,12.166304,9.201644897460938,0.0,41.2281,2.4431000000000003
1986-12-19,0.0772748589515686,0.15454972,4.634577035903931,0.0,41.0301,0.7178
1986-12-20,0.0,0.0,3.3020291328430176,0.0,40.848,0.7164
1986-12-21,0.093922734260559,0.18784547,7.1656107902526855,0.0,40.573,0.7039
1986-12-22,0.0139673352241516,0.02793467,5.814707279205322,0.0,40.3252,0.7043
1986-12-23,0.0644743740558624,0.12894875,7.871185779571533,0.0,40.0614,0.7039
1986-12-24,0.0017544701695442,0.0035089403,10.028365135192873,0.0,39.6913,0.7001
1986-12-25,0.0087836980819702,0.017567396,11.609344959259031,0.0,39.3288,0.6988
1986-12-26,0.1130067110061645,0.22601342,12.326974391937256,0.0,39.1058,0.6975
1986-12-27,0.0892202854156494,0.17844057,10.386680126190186,0.0,38.8689,0.6989000000000001
1986-12-28,0.0577703118324279,0.11554062,6.050410747528076,0.0,38.6467,0.7023999999999999
1986-12-29,0.0,0.0,6.418508052825928,0.0,38.4035,0.6954
1986-12-30,0.0547088980674743,0.109417796,8.737699508666992,0.0,38.1028,0.6924
1986-12-31,0.0101951360702514,0.020390272,12.624715328216553,0.0,37.767,0.6911
1987-01-01,0.0376284718513488,0.07525694,13.668753623962402,0.0,37.5473,0.6898
1987-01-02,0.1255545318126678,0.25110906,15.956816673278809,0.0,37.1622,0.6896
1987-01-03,1.0774520933628082,2.1549041,12.818151950836182,0.0,37.0695,0.6983
1987-01-04,0.920833170413971,1.8416663,10.49625301361084,0.0,37.2871,0.7873000000000001
1987-01-05,0.4608455896377563,0.9216912,9.248241424560549,0.0,37.11,0.6888
1987-01-06,0.0046300888061523,0.009260178,7.810970544815063,0.0,36.8527,0.6834
1987-01-07,0.2410910129547119,0.48218203,8.97251558303833,0.0,36.5609,0.6821
1987-01-08,0.1417363882064819,0.28347278,7.247447490692139,0.0,36.2572,0.6823999999999999
1987-01-09,0.0997503101825714,0.19950062,7.058609485626221,0.0,36.0468,0.6828
1987-01-10,0.1835022270679474,0.36700445,8.626224040985107,0.0,35.7917,0.6783
1987-01-11,0.1444385647773742,0.28887713,10.0063796043396,0.0,35.6473,0.6889000000000001
1987-01-12,0.0361740589141845,0.07234812,8.75011396408081,0.0,35.4474,0.6758
1987-01-13,0.3844170570373535,0.7688341,4.213314294815064,0.0,35.4377,0.7165
1987-01-14,0.0,0.0,6.19075608253479,0.0,35.182,0.6733
1987-01-15,0.0684832334518432,0.13696647,7.4927144050598145,0.0,34.95,0.6783
1987-01-16,0.2427107095718383,0.48542142,11.911019802093506,0.0,34.7106,0.6707
1987-01-17,0.602647066116333,1.2052941,12.149887561798096,0.0,34.8056,0.7615
1987-01-18,0.0,0.0,13.530235767364502,0.0,34.5855,0.6682
1987-01-19,3.4637757539749146,6.9275513,9.25726318359375,0.0,36.8424,1.471
1987-01-20,0.140451431274414,0.28090286,7.222442865371704,0.0,36.7065,0.6657
1987-01-21,0.176263689994812,0.35252738,10.318663597106934,0.0,36.5158,0.6658
1987-01-22,0.7642567455768585,1.5285134,12.973856449127195,0.0,36.3807,0.6632
1987-01-23,0.4101943969726562,0.8203888,12.662303447723389,0.0,36.2231,0.6951
1987-01-24,3.5422580242156982,7.084516,7.926310539245605,0.0,37.319,1.0381
1987-01-25,0.2215200662612915,0.44304013,5.857394218444824,0.0,37.2104,0.6595
1987-01-26,0.0,0.0,6.1873157024383545,0.0,36.9965,0.6582
1987-01-27,0.0506952404975891,0.10139048,4.254198908805847,0.0,36.8325,0.665
1987-01-28,0.1678254604339599,0.33565092,4.267275333404541,0.0,36.7085,0.671
1987-01-29,0.0263646841049194,0.05272937,7.06517505645752,0.0,36.5052,0.6636
1987-01-30,0.0319259762763977,0.06385195,9.951589584350586,0.0,36.2229,0.6533
1987-01-31,0.1887851953506469,0.3775704,9.271668910980225,0.0,35.9625,0.6544
1987-02-01,1.0700769424438477,2.140154,9.196417331695557,0.0,35.8189,0.6519
1987-02-02,0.4382015466690063,0.8764031,9.394062995910645,0.0,35.6865,0.6953999999999999
1987-02-03,0.3515828847885132,0.70316577,5.734684705734253,0.0,35.5875,0.6785
1987-02-04,0.0529485940933227,0.10589719,4.106014132499695,0.0,35.4786,0.6628
1987-02-05,0.0730392932891845,0.14607859,5.913551092147827,0.0,35.3425,0.6563
1987-02-06,0.8893551826477051,1.7787104,12.14931058883667,0.0,35.2558,0.6966
1987-02-07,0.0,0.0,12.97449541091919,0.0,34.9257,0.6435
1987-02-08,1.385819435119629,2.7716389,12.654041290283203,0.0,35.4581,0.8986
1987-02-09,0.280670166015625,0.56134033,14.451993465423584,0.0,35.124,0.6411
1987-02-10,0.6030471324920654,1.2060943,17.685768127441406,0.0,34.9681,0.7148
1987-02-11,0.4931401014328003,0.9862802,19.75813865661621,0.0,34.6238,0.6387
1987-02-12,6.024129867553711,12.04826,16.3995304107666,0.0,38.7321,1.9921
1987-02-13,4.572995185852051,9.14599,15.238954544067385,0.0,39.253,0.8232999999999999
1987-02-14,0.0,0.0,15.796875953674316,0.0,38.4111,0.6351
1987-02-15,1.255573034286499,2.511146,14.943395614624023,0.0,38.6212,0.8702000000000001
1987-02-16,0.1523547172546386,0.30470943,14.210620880126951,0.0,38.1419,0.6327
1987-02-17,0.0,0.0,15.758976936340332,0.0,37.5077,0.6315
1987-02-18,0.0,0.0,15.442088603973389,0.0,36.9619,0.6303
1987-02-19,0.0,0.0,11.768456935882568,0.0,36.6313,0.6291
1987-02-20,0.5238114595413208,1.0476229,9.08136510848999,0.0,36.5929,0.6803
1987-02-21,9.62044620513916,19.240892,7.473419904708862,0.0,42.4114,2.4793000000000003
1987-02-22,12.21013069152832,24.420261,6.673154354095459,0.0,49.0017,3.5317
1987-02-23,10.619040489196776,21.238081,7.628494739532471,0.0,50.8733,3.1373
1987-02-24,10.624091625213625,21.248184,10.35841178894043,0.0,50.8412,2.9637
1987-02-25,0.7304184436798096,1.4608369,8.439417123794556,0.0,48.0325,0.6221
1987-02-26,18.82263469696045,37.64527,6.537121295928955,0.0,52.6749,6.8935
1987-02-27,19.51944351196289,39.038887,5.73052716255188,0.0,52.4494,7.545100000000001
1987-02-28,0.0,0.0,3.927133083343506,0.0,48.2703,0.6192
1987-03-01,0.3885352611541748,0.7770705,8.868985176086426,0.0,46.7841,0.6503
1987-03-02,0.0329322814941406,0.06586456,9.23225164413452,0.0,45.722,0.6187
1987-03-03,0.0,0.0,11.007405757904053,0.0,44.7313,0.6183
1987-03-04,1.2556278705596924,2.5112557,13.417683124542236,0.0,44.6091,0.9227
1987-03-05,0.379679799079895,0.7593596,16.215145111083984,0.0,43.9224,0.617
1987-03-06,0.799347996711731,1.598696,16.447449684143066,0.0,43.4349,0.7874
1987-03-07,0.915513277053833,1.8310266,19.37674140930176,0.0,42.6926,0.6155
1987-03-08,0.4427692890167236,0.8855386,17.150790214538574,0.0,42.1,0.6756
1987-03-09,1.3968311548233032,2.7936623,19.399394989013672,0.0,41.418,0.6136
1987-03-10,6.717866182327271,13.435732,14.479395389556885,0.0,44.0618,2.3341000000000003
1987-03-11,1.9798309803009035,3.959662,11.12877607345581,0.0,43.8196,0.6185
1987-03-12,3.235324144363404,6.4706483,14.496257305145264,0.0,44.109,0.9515
1987-03-13,0.8337385654449463,1.6674771,19.453429222106934,0.0,43.28,0.6097
1987-03-14,7.458470582962036,14.916941,16.45360279083252,0.0,46.7432,2.9534
1987-03-15,28.76969051361084,57.539383,10.19260549545288,0.0,53.4163,10.6533
1987-03-16,25.99058532714844,51.98117,11.334827423095703,0.0,52.9221,12.0515
1987-03-17,0.7816593647003174,1.5633187,14.21395492553711,0.0,48.4263,0.6116
1987-03-18,0.7242312431335449,1.4484625,16.194706916809082,0.0,46.9237,0.7771
1987-03-19,10.264267921447754,20.528536,16.09823226928711,0.0,49.1624,3.8058
1987-03-20,12.315120220184326,24.630241,15.43838119506836,0.0,50.6674,5.4381
1987-03-21,2.7378904819488525,5.475781,15.302517890930176,0.0,48.2602,0.906
1987-03-22,11.067776679992676,22.135553,15.744549751281738,0.0,49.8886,4.4937000000000005
1987-03-23,37.05740737915039,74.114815,16.988394737243652,0.0,53.1985,18.6688
1987-03-24,8.25718879699707,16.514378,15.854900360107422,0.0,49.6441,3.5632
1987-03-25,26.33342266082764,52.666847,8.014488458633423,0.0,52.2403,13.7343
1987-03-26,1.239592671394348,2.4791853,6.116118907928467,0.0,48.3522,0.6631
1987-03-27,20.62871265411377,41.257423,7.2576892375946045,0.0,52.0407,11.7482
1987-03-28,6.683245658874512,13.366491,10.290101528167725,0.0,49.5846,3.2811
1987-03-29,0.3046464920043945,0.609293,13.91702938079834,0.0,47.4839,0.687
1987-03-30,0.2535696029663086,0.5071392,16.62674617767334,0.0,46.1426,0.7082
1987-03-31,16.67233371734619,33.344666,14.20531129837036,0.0,50.6367,6.7315000000000005
1987-04-01,0.522517204284668,1.0450344,12.559238910675049,0.0,47.7612,0.6955
1987-04-02,22.18209171295166,44.36418,10.033863067626951,0.0,52.3367,11.4939
1987-04-03,4.303727149963379,8.607454,11.788293838500977,0.0,48.7177,1.2254
1987-04-04,6.61470365524292,13.229407,11.78902530670166,0.0,48.7104,2.6561000000000003
1987-04-05,39.84173011779785,79.68346,13.603139877319336,0.0,53.4671,21.9824
1987-04-06,7.343448638916016,14.686897,18.50859832763672,0.0,49.4516,3.1552999999999995
1987-04-07,4.496157646179199,8.992315,19.713529586791992,0.0,47.8025,0.9874
1987-04-08,3.959025621414185,7.9180512,19.45812511444092,0.0,46.8122,0.7895
1987-04-09,0.4173963069915771,0.8347926,21.406764030456543,0.0,45.5322,0.7482
1987-04-10,0.0092098712921142,0.018419743,22.07293701171875,0.0,44.3066,0.7465
1987-04-11,17.106240272521973,34.21248,17.06367301940918,0.0,50.5418,7.4817
1987-04-12,26.653196334838867,53.306393,8.744036674499512,0.0,52.7747,12.7318
1987-04-13,13.648208141326904,27.296417,6.633345127105713,0.0,50.9703,7.2679
1987-04-14,7.031326055526733,14.062653,7.589510440826416,0.0,49.5688,3.5686
1987-04-15,0.0875777006149292,0.1751554,11.002763748168944,0.0,47.4564,0.7677
1987-04-16,0.1058137416839599,0.21162748,13.468222618103027,0.0,46.0162,0.7726
1987-04-17,0.0250306129455566,0.050061226,16.40726089477539,0.0,44.8558,0.773
1987-04-18,0.0,0.0,17.673949241638184,0.0,43.7259,0.7736999999999999
1987-04-19,0.3061916828155517,0.61238337,19.11899280548096,0.0,42.6887,0.7731
1987-04-20,2.1181936264038086,4.2363873,21.48595142364502,0.0,42.7173,1.4603
1987-04-21,3.2592344284057617,6.518469,22.6671838760376,0.0,42.3606,0.7714
1987-04-22,1.7490416765213013,3.4980834,21.110654830932617,0.0,42.0869,1.1145
1987-04-23,0.6337456703186035,1.2674913,22.414755821228027,0.0,41.3356,0.7693
1987-04-24,0.2378528118133545,0.47570562,23.71515846252441,0.0,40.3526,0.7735
1987-04-25,0.0,0.0,25.325146675109863,0.0,39.1177,0.7668
1987-04-26,5.41959285736084,10.839186,20.722681045532227,0.0,41.5054,2.3933
1987-04-27,0.2182414531707763,0.4364829,16.14287757873535,0.0,40.9544,0.7642
1987-04-28,0.363943338394165,0.7278867,18.0165376663208,0.0,40.2209,0.7841
1987-04-29,0.1143913269042968,0.22878265,19.5740966796875,0.0,39.4003,0.7615
1987-04-30,0.0,0.0,22.420281410217285,0.0,38.3713,0.7601
1987-05-01,0.2401089668273925,0.48021793,23.706684112548828,0.0,37.3864,0.7628
1987-05-02,7.266132593154907,14.532265,22.67608070373535,0.0,38.1532,1.1177
1987-05-03,6.641113758087158,13.2822275,18.07796287536621,0.0,40.7341,1.7956
1987-05-04,23.81721305847168,47.634426,11.322176456451416,0.0,51.6574,7.1524
1987-05-05,36.76234245300293,73.52469,11.378081321716309,0.0,54.031,14.9576
1987-05-06,15.196978569030762,30.393957,14.151117324829102,0.0,51.528,7.3067
1987-05-07,14.11326265335083,28.226524,15.950817108154297,0.0,51.317,7.4149
1987-05-08,7.54812216758728,15.096245,16.028544425964355,0.0,50.0768,4.3154
1987-05-09,8.320506572723389,16.641014,18.74190139770508,0.0,49.2373,2.962
1987-05-10,22.00260639190674,44.00521,20.08350944519043,0.0,51.8794,10.2836
1987-05-11,2.7348620891571045,5.469724,22.17381191253662,0.0,48.3009,0.7814
1987-05-12,7.634012460708618,15.268024,23.035738945007324,0.0,48.9073,4.2031
1987-05-13,16.748857498168945,33.497715,21.239641189575195,0.0,51.0715,7.0647
1987-05-14,2.913162469863892,5.826325,18.30265045166016,0.0,48.1554,0.7941999999999999
1987-05-15,0.4002361297607422,0.80047226,19.07232666015625,0.0,46.6021,0.7987
1987-05-16,25.887283325195312,51.774567,18.745997428894043,0.0,52.6309,12.9373
1987-05-17,4.170734643936157,8.341469,19.885805130004883,0.0,48.4724,0.8353
1987-05-18,0.0,0.0,18.78794574737549,0.0,46.3654,0.8092
1987-05-19,0.417729377746582,0.83545876,20.741015434265137,0.0,45.0875,0.8605
1987-05-20,25.07773494720459,50.15547,20.539559364318848,0.0,52.6389,11.7455
1987-05-21,4.658907413482666,9.317815,22.075215339660645,0.0,48.9258,1.6089
1987-05-22,5.182839512825012,10.365679,22.948246955871586,0.0,48.0325,1.6401
1987-05-23,1.4622658491134644,2.9245317,24.51526260375977,0.0,46.5091,0.8209
1987-05-24,1.3234548568725586,2.6469097,25.519831657409668,0.0,45.5644,1.2627000000000002
1987-05-25,3.147378444671631,6.294757,25.97053909301757,0.0,44.7842,0.8227
1987-05-26,1.6046733856201172,3.2093468,26.0004997253418,0.0,44.1322,1.2637
1987-05-27,16.2659912109375,32.531982,23.961132049560547,0.0,48.9859,4.8944
1987-05-28,59.09065818786621,118.18132,16.438525199890137,0.0,54.535,30.8874
1987-05-29,0.0,0.0,19.25668334960937,0.0,48.1984,0.8355
1987-05-30,0.0884613990783691,0.1769228,22.00379180908203,0.0,46.4841,0.8443
1987-05-31,1.3682608604431152,2.7365217,22.741310119628903,0.0,45.3546,0.8472
1987-06-01,6.693108558654785,13.386217,23.027069091796875,0.0,46.9723,2.8972
1987-06-02,7.994453430175781,15.988907,24.38412380218506,0.0,47.5379,2.096
1987-06-03,0.1504583358764648,0.30091667,23.435815811157227,0.0,45.8772,0.8489
1987-06-04,6.843116044998169,13.686232,24.75284481048584,0.0,47.3405,3.3206
1987-06-05,13.336645126342772,26.67329,23.78110408782959,0.0,49.9995,4.5301
1987-06-06,8.701630115509033,17.40326,23.481505393981934,0.0,49.3972,2.8393
1987-06-07,11.868913650512695,23.737827,23.07790279388428,0.0,49.5578,3.4132
1987-06-08,21.403199195861816,42.806396,16.425859451293945,0.0,52.1027,10.0944
1987-06-09,0.27716064453125,0.5543213,18.43961906433105,0.0,47.9421,0.8531
1987-06-10,0.4831287860870361,0.9662576,19.27868175506592,0.0,46.0692,0.8596999999999999
1987-06-11,0.0409102439880371,0.08182049,20.056017875671387,0.0,44.7566,0.8572
1987-06-12,0.0,0.0,22.29298973083496,0.0,43.311,0.8571
1987-06-13,0.501392126083374,1.0027843,25.51767635345459,0.0,42.2379,0.8616
1987-06-14,5.089410185813904,10.178821,26.98066997528076,0.0,42.0946,0.9142
1987-06-15,28.1433162689209,56.286633,21.307218551635746,0.0,53.0021,11.8226
1987-06-16,2.3593969345092773,4.718794,20.163963317871094,0.0,48.5094,0.854
1987-06-17,0.0625720024108886,0.125144,21.72709274291992,0.0,46.739,0.8545
1987-06-18,2.36477279663086,4.7295456,23.709851264953613,0.0,45.8661,1.1638
1987-06-19,3.9300596714019775,7.8601193,24.69375514984131,0.0,46.0441,1.609
1987-06-20,4.20879602432251,8.417592,26.183574676513672,0.0,45.5737,0.9017
1987-06-21,2.436927795410156,4.8738556,26.08038902282715,0.0,45.0453,1.0598
1987-06-22,4.645313501358032,9.290627,25.973896980285645,0.0,45.454,1.7673
1987-06-23,1.0459818840026855,2.0919638,25.924336433410645,0.0,44.5817,0.902
1987-06-24,11.457977294921877,22.915955,25.76038932800293,0.0,49.2053,4.9542
1987-06-25,1.864405632019043,3.7288113,24.7893295288086,0.0,47.1517,0.8492
1987-06-26,0.9332565069198608,1.866513,24.22075462341309,0.0,46.1587,1.1031
1987-06-27,9.30911374092102,18.618227,23.88741683959961,0.0,48.8592,3.4272
1987-06-28,7.001055717468262,14.002111,24.110231399536133,0.0,48.5515,1.9984
1987-06-29,7.558497428894043,15.116995,24.737468719482425,0.0,48.8343,2.4696
1987-06-30,26.899333000183105,53.798668,24.210315704345703,0.0,52.6326,10.7396
1987-07-01,18.20348072052002,36.40696,24.831205368041992,0.0,51.615,8.7954
1987-07-02,1.2721927165985107,2.5443854,26.51988410949707,0.0,47.9476,0.853
1987-07-03,0.8056912422180176,1.6113825,27.29729652404785,0.0,46.2853,1.0093
1987-07-04,0.8450043201446533,1.6900086,27.900856018066406,0.0,45.0176,0.8579
1987-07-05,1.0323679447174072,2.064736,27.89176750183105,0.0,44.0819,1.1336
1987-07-06,0.4339916706085205,0.86798334,28.073854446411133,0.0,42.9497,0.8571
1987-07-07,0.0,0.0,28.16834259033203,0.0,41.5674,0.8561
1987-07-08,0.0833656787872314,0.16673136,28.241877555847168,0.0,40.4542,0.855
1987-07-09,0.0,0.0,28.15448570251465,0.0,39.1979,0.8537
1987-07-10,0.0,0.0,28.183602333068848,0.0,37.8734,0.8523
1987-07-11,0.0,0.0,28.188819885253903,0.0,36.7446,0.8508
1987-07-12,1.5458898544311523,3.0917797,28.434325218200684,0.0,35.9362,0.89
1987-07-13,1.265934944152832,2.53187,28.10935115814209,0.0,35.1963,0.8478
1987-07-14,10.076704978942873,20.15341,25.99407768249512,0.0,41.4441,3.7236
1987-07-15,0.4272100925445556,0.8544202,26.865408897399902,0.0,40.3223,0.8447
1987-07-16,3.9502272605896,7.9004545,26.34941291809082,0.0,41.643,2.0749
1987-07-17,0.2013609409332275,0.40272188,27.11983871459961,0.0,39.8144,0.8416
1987-07-18,4.064380526542664,8.128761,26.95486831665039,0.0,40.996,1.8753
1987-07-19,0.6122596263885498,1.2245193,27.449508666992188,0.0,39.6368,0.8385
1987-07-20,0.8497228622436523,1.6994457,28.29487133026123,0.0,38.9246,0.9439
1987-07-21,0.8440524339675903,1.6881049,28.78021812438965,0.0,38.1968,0.8354
1987-07-22,36.71312522888184,73.426254,25.647156715393063,0.0,54.3179,12.4348
1987-07-23,14.826773643493652,29.653547,25.571696281433105,0.0,51.1863,4.3969000000000005
1987-07-24,19.93447208404541,39.868942,24.80496597290039,0.0,51.9434,6.9699
1987-07-25,42.69549560546875,85.39099,23.405957221984863,0.0,53.7819,20.5236
1987-07-26,25.940210342407227,51.88042,23.854022979736328,0.0,51.9111,12.8504
1987-07-27,5.772834777832031,11.54567,24.70962238311768,0.0,48.5617,1.2742
1987-07-28,5.715115308761597,11.430231,26.491907119750977,0.0,47.4518,1.2412
1987-07-29,23.86813735961914,47.736275,24.52905941009521,0.0,52.0268,10.9526
1987-07-30,0.5978028774261475,1.1956058,25.343260765075684,0.0,47.9849,0.8697
1987-07-31,8.04502820968628,16.090057,25.65738105773925,0.0,49.3024,4.7896
1987-08-01,0.4085245132446289,0.817049,26.823513984680176,0.0,46.9392,0.8832
1987-08-02,0.1622838973999023,0.3245678,27.204906463623047,0.0,45.3512,0.871
1987-08-03,0.2108429670333862,0.42168593,27.41472625732422,0.0,44.1393,0.8689
1987-08-04,0.1605253219604492,0.32105064,27.65486717224121,0.0,42.9499,0.8665
1987-08-05,0.0,0.0,27.75444793701172,0.0,41.866,0.8641
1987-08-06,0.372589111328125,0.7451782,28.474544525146484,0.0,40.7861,0.8621
1987-08-07,2.439279675483704,4.878559,27.8741512298584,0.0,40.1583,0.8607
1987-08-08,11.24594020843506,22.49188,23.749706268310547,0.0,46.0921,4.7187
1987-08-09,0.0,0.0,23.28972721099853,0.0,44.7308,0.8579
1987-08-10,2.765972137451172,5.5319443,22.238428115844727,0.0,45.2325,1.6208
1987-08-11,0.6284747123718262,1.2569494,23.61202716827393,0.0,44.2484,0.8551
1987-08-12,1.3302679061889648,2.6605358,24.53928565979004,0.0,43.6702,1.122
1987-08-13,0.8000099658966064,1.6000199,24.74057960510254,0.0,42.948,0.8523
1987-08-14,0.0880129337310791,0.17602587,25.85923767089844,0.0,41.8966,0.8508
1987-08-15,5.744636535644531,11.489273,26.34922695159912,0.0,42.5086,1.4321000000000002
1987-08-16,8.129352807998657,16.258705,25.8400297164917,0.0,44.6453,1.9727
1987-08-17,21.099489212036133,42.19898,24.53255081176757,0.0,51.8364,6.3832
1987-08-18,1.446699619293213,2.8933992,25.67109680175781,0.0,48.007,0.8451
1987-08-19,0.3591505289077759,0.71830106,26.71940422058105,0.0,46.151,0.8439
1987-08-20,0.7631213665008545,1.5262427,27.549887657165527,0.0,44.8769,0.8428
1987-08-21,0.7601261138916016,1.5202522,27.42246723175049,0.0,43.7283,0.911
1987-08-22,0.2439628839492797,0.48792577,27.588106155395508,0.0,42.5483,0.8403
1987-08-23,0.0846569538116455,0.16931391,27.26637363433838,0.0,41.1254,0.8389
1987-08-24,0.8204536437988281,1.6409073,27.492411613464355,0.0,39.8105,0.8375
1987-08-25,0.1395773887634277,0.27915478,26.97251033782959,0.0,38.3124,0.8361
1987-08-26,0.0422673225402832,0.084534645,27.357630729675293,0.0,37.2689,0.8346
1987-08-27,0.0556116104125976,0.11122322,27.19526672363281,0.0,36.4856,0.8331
1987-08-28,0.0,0.0,27.651196479797363,0.0,35.6451,0.8316
1987-08-29,0.1714478731155395,0.34289575,27.90947723388672,0.0,34.9891,0.8301
1987-08-30,6.131056547164917,12.262114,25.99646377563477,0.0,36.7447,1.5553
1987-08-31,6.476477146148682,12.952954,26.345748901367188,0.0,37.2824,1.0421
1987-09-01,9.8822340965271,19.76447,25.242480278015137,0.0,41.7042,2.5475
1987-09-02,0.868558406829834,1.7371168,26.04767799377441,0.0,40.7575,0.824
1987-09-03,0.251419186592102,0.5028384,26.219857215881348,0.0,39.4497,0.8225
1987-09-04,0.2508382797241211,0.50167656,26.67255687713623,0.0,38.6261,0.8209
1987-09-05,10.74735403060913,21.494709,25.571950912475582,0.0,44.6964,3.6336
1987-09-06,0.7986876964569092,1.5973754,23.342114448547363,0.0,43.3115,0.8179
1987-09-07,0.7500133514404297,1.5000267,23.457275390625,0.0,41.7909,0.8545
1987-09-08,0.0348702669143676,0.069740534,22.58920860290528,0.0,40.2477,0.8149
1987-09-09,3.1550443172454834,6.3100886,20.86134433746338,0.0,41.3614,1.5845
1987-09-10,29.23962879180908,58.479256,20.19649600982666,0.0,53.3706,9.0501
1987-09-11,45.198781967163086,90.39757,21.489041328430176,0.0,54.3396,18.208
1987-09-12,4.5236687660217285,9.047338,24.004772186279297,0.0,48.8969,1.2639
1987-09-13,6.690847635269165,13.381695,24.74245834350586,0.0,48.5559,2.2069
1987-09-14,0.5372185707092285,1.0744371,24.92233085632324,0.0,46.7036,0.8194
1987-09-15,0.1209264993667602,0.241853,22.940871238708496,0.0,45.31,0.82
1987-09-16,0.0992000102996826,0.19840002,22.356609344482425,0.0,44.2263,0.8198
1987-09-17,0.0,0.0,20.96574115753174,0.0,43.0508,0.8192
1987-09-18,0.085924744606018,0.17184949,20.56850910186768,0.0,42.137,0.8183
1987-09-19,0.0130165815353393,0.026033163,21.07682228088379,0.0,41.4136,0.8172
1987-09-20,0.8656537532806396,1.7313075,21.073474884033203,0.0,40.9452,0.9568
1987-09-21,8.657585144042969,17.31517,18.55460262298584,0.0,45.1076,3.1495
1987-09-22,1.1810521483421326,2.3621044,19.89597225189209,0.0,44.4955,0.8135
1987-09-23,0.0,0.0,21.15379524230957,0.0,43.4432,0.8123
1987-09-24,0.5906744003295898,1.1813488,21.692103385925293,0.0,42.5945,0.8453
1987-09-25,42.97236251831055,85.944725,19.72813320159912,0.0,54.3349,16.2974
1987-09-26,6.927589178085327,13.855179,17.281349182128906,0.0,49.9662,3.1203
1987-09-27,0.3115082383155823,0.6230165,17.527347564697266,0.0,47.6265,0.8124
1987-09-28,0.0379921197891235,0.07598424,18.55364418029785,0.0,46.1753,0.8137
1987-09-29,0.1357671022415161,0.2715342,20.029812812805176,0.0,45.0574,0.814
1987-09-30,0.4352453947067261,0.8704908,20.75391387939453,0.0,44.1283,0.8262999999999999
1987-10-01,0.1331757307052612,0.26635146,20.829794883728027,0.0,43.385,0.8285
1987-10-02,0.1274734437465667,0.2549469,20.70681953430176,0.0,42.5866,0.8137
1987-10-03,0.0415244102478027,0.08304882,21.369935035705566,0.0,41.8369,0.8113
1987-10-04,0.9147579669952391,1.8295159,21.045382499694824,0.0,41.3949,0.9852
1987-10-05,1.8309961557388303,3.6619923,21.14108085632324,0.0,41.0286,0.8089
1987-10-06,1.558256983757019,3.116514,22.68136310577393,0.0,40.7455,0.9995
1987-10-07,13.147619247436523,26.295238,21.971869468688965,0.0,47.0376,4.3588000000000005
1987-10-08,6.564051508903503,13.128103,20.23393821716309,0.0,48.4373,2.4622
1987-10-09,3.5051194429397583,7.0102386,20.92294788360596,0.0,47.7139,1.2724
1987-10-10,16.09688711166382,32.193775,20.471588134765625,0.0,51.806,6.726100000000001
1987-10-11,1.89055860042572,3.7811172,22.024417877197266,0.0,48.2353,0.8023
1987-10-12,0.7257810533046722,1.4515622,21.781672477722168,0.0,46.9786,0.9846
1987-10-13,0.1447025537490844,0.2894051,22.065295219421387,0.0,45.83,0.8019
1987-10-14,1.1970646977424622,2.3941293,22.47668743133545,0.0,45.2656,1.1039
1987-10-15,0.1122379899024963,0.22447598,21.659439086914062,0.0,44.5039,0.8006
1987-10-16,0.0,0.0,20.8205041885376,0.0,43.6898,0.7998
1987-10-17,0.0,0.0,20.649651527404785,0.0,42.8385,0.7988
1987-10-18,0.5952394008636475,1.1904788,19.93577480316162,0.0,42.2645,0.8734999999999999
1987-10-19,8.245330095291138,16.49066,15.747495651245115,0.0,45.8857,2.9323
1987-10-20,1.9005571007728577,3.801114,16.028746128082275,0.0,45.4492,0.8307
1987-10-21,0.0,0.0,18.99411964416504,0.0,44.6001,0.7941
1987-10-22,0.5174683332443237,1.0349367,16.381351470947266,0.0,44.1603,0.8798
1987-10-23,0.4792336225509643,0.95846725,16.116512298583984,0.0,43.7801,0.7917
1987-10-24,2.3771064281463623,4.754213,15.45371913909912,0.0,44.7553,1.5783
1987-10-25,29.639477729797363,59.278954,13.087048053741457,0.0,53.5295,11.9137
1987-10-26,6.2091064453125,12.418213,15.745337963104248,0.0,49.853,2.7779
1987-10-27,0.0288385152816772,0.05767703,17.652023315429688,0.0,47.6547,0.7899
1987-10-28,0.0922473669052124,0.18449473,19.70452785491944,0.0,46.3953,0.7910999999999999
1987-10-29,0.004107654094696,0.008215308,21.630151748657227,0.0,45.358,0.791
1987-10-30,0.0,0.0,22.087900161743164,0.0,44.3539,0.7907
1987-10-31,0.0,0.0,22.335554122924805,0.0,43.4801,0.7902
1987-11-01,0.0,0.0,22.72551345825196,0.0,42.6643,0.7893
1987-11-02,16.639456748962402,33.278915,18.786816596984863,0.0,51.3156,7.929
1987-11-03,10.7481210231781,21.496243,12.421191692352297,0.0,50.8447,4.6244000000000005
1987-11-04,1.1300343871116638,2.260069,12.90870189666748,0.0,48.0602,0.7876
1987-11-05,3.5537973642349243,7.1075945,12.390770435333252,0.0,48.1756,2.2408
1987-11-06,15.603092193603516,31.206184,11.10886001586914,0.0,51.5607,7.372999999999999
1987-11-07,0.1985491812229156,0.39709836,13.560096263885498,0.0,48.1727,0.7896
1987-11-08,0.0517653226852417,0.103530645,12.173203945159912,0.0,46.7478,0.7913
1987-11-09,0.0,0.0,13.227987289428713,0.0,45.7056,0.7923
1987-11-10,0.0,0.0,14.47222089767456,0.0,44.8406,0.7926
1987-11-11,0.0,0.0,17.620399475097656,0.0,44.0565,0.7924
1987-11-12,0.3290503621101379,0.6581007,18.974909782409668,0.0,43.4358,0.7951
1987-11-13,0.2528651356697082,0.5057303,17.83985424041748,0.0,42.9236,0.7912
1987-11-14,0.0,0.0,16.024335861206055,0.0,42.3451,0.7903
1987-11-15,0.0993261337280273,0.19865227,15.181543827056885,0.0,41.9843,0.7909
1987-11-16,0.1451945304870605,0.29038906,16.985068321228027,0.0,41.6736,0.7882
1987-11-17,6.439122438430786,12.878244,16.16850233078003,0.0,45.2418,3.0867
1987-11-18,1.1462763845920565,2.2925527,15.353639125823976,0.0,44.9677,0.8505
1987-11-19,1.2032403945922852,2.4064808,14.485435009002686,0.0,44.6565,0.7963
1987-11-20,0.3723867535591125,0.7447735,16.24048376083374,0.0,44.2183,0.7897
1987-11-21,10.853057384490969,21.706116,16.78760528564453,0.0,49.6145,5.0002
1987-11-22,11.265758514404297,22.531517,17.59409809112549,0.0,51.0555,5.1936
1987-11-23,0.9886134266853333,1.9772269,18.984769821166992,0.0,48.1178,0.7811
1987-11-24,0.2200589925050735,0.44011799,18.50301742553711,0.0,46.7839,0.7853
1987-11-25,0.0,0.0,19.111985206604004,0.0,45.7212,0.7809
1987-11-26,0.0,0.0,20.78925609588623,0.0,44.8264,0.7805
1987-11-27,0.0172845125198364,0.034569025,20.59952735900879,0.0,44.1202,0.7799
1987-11-28,43.56647872924805,87.13296,10.032771110534668,0.0,54.2259,20.4719
1987-11-29,19.641469955444336,39.28294,3.768502712249756,0.0,51.8336,11.1548
1987-11-30,3.860281229019165,7.7205625,3.926829099655152,0.0,49.0936,2.3575
1987-12-01,0.0480894446372985,0.09617889,5.292238712310791,0.0,47.4021,0.81
1987-12-02,0.0219653844833374,0.04393077,3.9468979835510254,0.0,46.4536,0.8103
1987-12-03,0.0363507866859436,0.07270157,6.183419227600098,0.0,45.7423,0.8075
1987-12-04,0.0361393392086029,0.07227868,8.502796649932861,0.0,45.1302,0.8088
1987-12-05,0.1221134066581726,0.24422681,7.247626543045044,0.0,44.6606,0.8094
1987-12-06,0.0,0.0,2.76224136352539,0.0,44.2716,0.8096
1987-12-07,0.0,0.0,2.355103015899658,0.0,43.9407,0.8208
1987-12-08,0.0246935188770294,0.049387038,4.025146007537842,0.0,43.6124,0.8216
1987-12-09,0.06461101770401,0.12922204,6.960400104522705,0.0,43.2483,0.8125
1987-12-10,0.0453703999519348,0.0907408,7.728615760803223,0.0,42.8636,0.808
1987-12-11,0.0,0.0,7.996782302856445,0.0,42.4565,0.8071
1987-12-12,0.1356177330017089,0.27123547,6.335744619369507,0.0,42.1753,0.807
1987-12-13,0.0,0.0,5.805111885070801,0.0,41.933,0.8175
1987-12-14,0.0283714234828948,0.056742847,6.8960394859313965,0.0,41.7219,0.8041
1987-12-15,0.1773439198732376,0.35468784,8.822603225708008,0.0,41.5408,0.8053
1987-12-16,0.0304088294506073,0.06081766,7.453725337982178,0.0,41.2659,0.8019
1987-12-17,0.037631943821907,0.07526389,4.3806586265563965,0.0,41.0632,0.8204
1987-12-18,0.0,0.0,5.193511724472046,0.0,40.7428,0.7995
1987-12-19,0.0772748589515686,0.15454972,8.391969680786133,0.0,40.4858,0.7986
1987-12-20,0.0,0.0,8.313044548034668,0.0,40.1961,0.7969
1987-12-21,0.1067867279052734,0.21357346,6.012964248657227,0.0,39.9513,0.7989999999999999
1987-12-22,0.0139673352241516,0.02793467,6.178444862365723,0.0,39.7263,0.7959
1987-12-23,0.0644743740558624,0.12894875,8.085755348205566,0.0,39.4387,0.7929
1987-12-24,0.0017544701695442,0.0035089403,8.870837211608887,0.0,39.1189,0.7916
1987-12-25,0.0087836980819702,0.017567396,10.610970497131348,0.0,38.772,0.7902
1987-12-26,0.1188576221466064,0.23771524,12.013859748840332,0.0,38.446,0.7896
1987-12-27,1.21951025724411,2.4390206,12.562045097351074,0.0,38.7328,1.0415
1987-12-28,1.97148996591568,3.9429798,15.780278205871582,0.0,38.797,0.8374
1987-12-29,0.1990867257118225,0.39817345,16.427398681640625,0.0,38.5172,0.7853
1987-12-30,0.3428207635879516,0.6856415,15.090231895446776,0.0,38.2578,0.81
1987-12-31,0.0163456201553344,0.03269124,11.21973752975464,0.0,38.0778,0.7818
1988-01-01,0.0376284718513488,0.07525694,12.31272268295288,0.0,37.7869,0.7804
1988-01-02,0.1563063561916351,0.3126127,12.48791790008545,0.0,37.561,0.7789
1988-01-03,0.1475943922996521,0.29518878,12.835071086883543,0.0,37.383,0.7794
1988-01-04,0.3170075416564941,0.6340151,12.07077980041504,0.0,37.1428,0.7782
1988-01-05,1.2692615389823914,2.5385232,9.01987886428833,0.0,37.6349,1.0757
1988-01-06,0.0,0.0,6.302408456802368,0.0,37.5199,0.7733
1988-01-07,0.2623375654220581,0.52467513,10.1211256980896,0.0,37.3375,0.7801
1988-01-08,0.1684160232543945,0.33683205,10.127722263336182,0.0,37.1832,0.7704
1988-01-09,0.0811048746109008,0.16220975,10.897377014160156,0.0,36.9116,0.7695
1988-01-10,0.1835022270679474,0.36700445,9.21615982055664,0.0,36.7303,0.7676
1988-01-11,0.0,0.0,8.150434017181396,0.0,36.5451,0.7661
1988-01-12,0.0734801888465881,0.14696038,8.059484958648682,0.0,36.394,0.7647
1988-01-13,0.3844170570373535,0.7688341,7.434636116027832,0.0,36.1779,0.7633
1988-01-14,0.0,0.0,10.270260334014893,0.0,35.8056,0.7619
1988-01-15,0.0684832334518432,0.13696647,11.502135753631592,0.0,35.4762,0.7608999999999999
1988-01-16,0.2550114393234253,0.5100229,11.446560859680176,0.0,35.3288,0.759
1988-01-17,0.8103412985801697,1.6206826,7.83653974533081,0.0,35.6448,0.9202
1988-01-18,0.0300329327583313,0.060065866,6.428086280822754,0.0,35.5897,0.7562
1988-01-19,0.0,0.0,7.18898606300354,0.0,35.4398,0.7548
1988-01-20,0.08987557888031,0.17975116,9.094202041625977,0.0,35.22,0.7538999999999999
1988-01-21,0.176263689994812,0.35252738,12.879426956176758,0.0,34.9377,0.752
1988-01-22,0.6184342801570892,1.2368686,13.019869327545166,0.0,34.965,0.8549
1988-01-23,0.5354959964752197,1.070992,8.418953895568848,0.0,34.8205,0.7492
1988-01-24,2.252506196498871,4.5050125,5.086561918258667,0.0,36.344,1.3149000000000002
1988-01-25,0.6829578280448914,1.3659157,7.300173759460449,0.0,36.2759,0.7464
1988-01-26,4.25173807144165,8.503476,7.608395099639893,0.0,39.1486,1.8548
1988-01-27,3.1089707612991333,6.2179413,7.788501739501953,0.0,40.4791,1.2794
1988-01-28,1.953498125076294,3.9069963,10.161762237548828,0.0,40.6581,0.8462
1988-01-29,2.8713786602020264,5.7427573,12.355313777923584,0.0,41.3893,1.0718
1988-01-30,6.123134136199951,12.246268,12.956855297088625,0.0,44.074,1.9244
1988-01-31,8.480040073394775,16.96008,8.930482864379883,0.0,47.5695,2.6481
1988-02-01,9.283775806427002,18.56755,8.496644973754883,0.0,50.3105,3.4168
1988-02-02,5.311222314834595,10.622444,9.407047748565674,0.0,49.4313,1.9808
1988-02-03,0.3777735233306885,0.75554705,7.863376140594482,0.0,47.5473,0.734
1988-02-04,0.0611649751663208,0.12232995,9.46463680267334,0.0,46.3989,0.7331
1988-02-05,0.0730392932891845,0.14607859,14.039340019226074,0.0,45.496,0.7315
1988-02-06,1.7932195663452148,3.5864391,12.55284309387207,0.0,45.671,1.2196
1988-02-07,4.614218473434448,9.228437,7.653553485870361,0.0,46.7372,1.5781999999999998
1988-02-08,5.754446744918823,11.508894,6.291601181030273,0.0,48.6758,2.4469000000000003
1988-02-09,7.698556900024414,15.397114,5.645948886871338,0.0,50.1624,3.2759
1988-02-10,3.24977445602417,6.499549,6.552330017089844,0.0,48.8739,1.6333000000000002
1988-02-11,3.194749593734741,6.389499,6.809610843658447,0.0,48.3883,1.6013000000000002
1988-02-12,1.7041082382202148,3.4082165,8.277769804000854,0.0,47.2704,0.8448
1988-02-13,1.6970874667167664,3.394175,10.527870178222656,0.0,46.4357,0.7278
1988-02-14,0.6768542528152466,1.3537085,9.873866081237791,0.0,45.8597,0.8297000000000001
1988-02-15,4.828947305679321,9.657894,6.8585524559021,0.0,47.3229,2.1157
1988-02-16,0.6998245716094971,1.3996491,6.439694881439209,0.0,46.4497,0.721
1988-02-17,2.220624268054962,4.4412484,3.916835069656372,0.0,46.7734,1.4275000000000002
1988-02-18,0.3602817058563232,0.7205634,3.1363320350646973,0.0,46.0993,0.7467
1988-02-19,1.925082325935364,3.8501647,2.864271402359009,0.0,46.1032,1.0813
1988-02-20,8.078303813934326,16.156609,5.296810626983643,0.0,48.6186,3.0863
1988-02-21,1.6967564821243286,3.393513,6.583339214324951,0.0,47.1798,0.7174
1988-02-22,0.0965005159378051,0.19300103,8.994803428649902,0.0,46.0868,0.7168
1988-02-23,0.0,0.0,13.95134449005127,0.0,45.0616,0.7161
1988-02-24,0.4098460674285888,0.81969213,11.574182987213137,0.0,44.4837,0.7443000000000001
1988-02-25,1.9821139574050903,3.964228,11.864275455474854,0.0,44.1834,0.7145
1988-02-26,8.134992122650146,16.269985,13.236912727355955,0.0,47.7817,3.5299
1988-02-27,14.062830924987791,28.125662,10.877581119537354,0.0,50.9871,5.1737
1988-02-28,13.83911943435669,27.678238,9.450692653656006,0.0,51.3765,5.9759
1988-02-29,29.257283210754395,58.514565,8.048497200012207,0.0,53.0215,14.9147
1988-03-01,44.67544746398926,89.35089,6.646301507949829,0.0,53.1564,30.0076
1988-03-02,13.919137477874756,27.838276,5.242981195449829,0.0,50.8114,9.0102
1988-03-03,8.02455472946167,16.04911,3.4842512607574463,0.0,49.9637,4.8033
1988-03-04,13.94760799407959,27.895216,4.197112798690796,0.0,50.9403,7.4655
1988-03-05,0.3056223392486572,0.6112447,6.610364198684692,0.0,48.0334,0.7707
1988-03-06,0.3034725189208984,0.60694504,6.4363884925842285,0.0,46.8259,0.794
1988-03-07,0.2417550086975097,0.48351002,7.069683074951172,0.0,45.9215,0.7788
1988-03-08,1.4499378204345703,2.8998756,6.776960372924805,0.0,45.811,1.2708
1988-03-09,0.0966029167175293,0.19320583,6.665560245513916,0.0,45.1355,0.8505
1988-03-10,0.0534852743148803,0.10697055,9.290541648864746,0.0,44.3688,0.7814
1988-03-11,0.1233828067779541,0.24676561,12.129895210266112,0.0,43.7353,0.8003
1988-03-12,0.2691562175750732,0.53831244,17.24644374847412,0.0,43.0417,0.7806
1988-03-13,0.4387083053588867,0.8774166,20.749372482299805,0.0,42.2841,0.8530000000000001
1988-03-14,0.0032210350036621,0.00644207,23.09205913543701,0.0,41.2972,0.7789
1988-03-15,9.542037963867188,19.084076,18.387534141540527,0.0,46.2415,4.4082
1988-03-16,29.737606048583984,59.475212,8.685028553009033,0.0,53.3387,12.1758
1988-03-17,36.52864265441895,73.05728,6.614284515380859,0.0,53.4548,19.7295
1988-03-18,28.09312057495117,56.18624,7.401497840881348,0.0,52.1867,17.8658
1988-03-19,23.68381118774414,47.367622,9.369300365447998,0.0,51.9231,15.0551
1988-03-20,1.628305435180664,3.2566109,11.450502395629885,0.0,48.3614,0.8234
1988-03-21,5.318883180618286,10.637766,12.299506664276125,0.0,48.3874,2.7507
1988-03-22,15.586565971374512,31.173132,9.448201656341553,0.0,51.2117,7.9594
1988-03-23,10.492228507995604,20.984457,8.58695125579834,0.0,50.5175,5.7535
1988-03-24,11.329037189483644,22.658073,9.259713649749756,0.0,50.493,5.943099999999999
1988-03-25,31.48404121398925,62.968082,10.981157779693604,0.0,52.8293,18.454
1988-03-26,0.4344654083251953,0.8689308,13.293100357055664,0.0,48.3367,0.8648
1988-03-27,0.5665199756622314,1.13304,12.69602108001709,0.0,47.009,1.0673
1988-03-28,11.228012084960938,22.456024,12.791123867034912,0.0,49.7933,5.3032
1988-03-29,15.91567850112915,31.831356,9.951312065124512,0.0,51.396,8.1889
1988-03-30,0.8036813735961914,1.6073627,9.956716537475586,0.0,48.2024,0.8834
1988-03-31,2.11885142326355,4.237703,10.566038608551024,0.0,47.5994,1.8239
1988-04-01,5.286933183670044,10.573866,10.631340026855469,0.0,48.0458,2.5017
1988-04-02,7.374779224395752,14.749558,11.5796537399292,0.0,49.2065,3.7121
1988-04-03,0.3736639022827148,0.7473278,12.47137975692749,0.0,47.3047,0.8932
1988-04-04,0.0,0.0,13.95893383026123,0.0,45.7377,0.8931
1988-04-05,19.65758228302002,39.315163,11.535078048706056,0.0,51.9575,9.872
1988-04-06,53.781288146972656,107.56258,13.620936870574951,0.0,53.9983,31.9071
1988-04-07,0.0,0.0,11.319590091705322,0.0,48.4343,0.9111
1988-04-08,0.202761173248291,0.40552235,11.30201816558838,0.0,46.6567,0.9223
1988-04-09,0.3305642604827881,0.6611285,12.531230926513672,0.0,45.4686,0.9217
1988-04-10,1.9861979484558103,3.972396,10.106542110443115,0.0,45.5362,1.6855
1988-04-11,6.566256046295166,13.132512,13.15711498260498,0.0,47.0189,2.5453
1988-04-12,31.076021194458008,62.152042,14.966601371765137,0.0,53.1431,14.6799
1988-04-13,0.5619173049926758,1.1238346,16.150323390960693,0.0,48.2582,0.9248
1988-04-14,0.0,0.0,16.037667751312256,0.0,46.3105,0.9274
1988-04-15,0.0805569887161254,0.16111398,16.43525218963623,0.0,45.081,0.9269
1988-04-16,4.313623785972595,8.627248,14.77578592300415,0.0,46.0935,2.3267
1988-04-17,11.919581413269045,23.839163,15.850131511688232,0.0,49.7496,5.0774
1988-04-18,0.0,0.0,17.068450927734375,0.0,47.2581,0.9241
1988-04-19,0.2933278083801269,0.5866556,16.81553840637207,0.0,45.8163,0.9355
1988-04-20,3.2608988285064697,6.5217977,18.891645431518555,0.0,45.3266,0.9233
1988-04-21,3.136253595352173,6.272507,19.314180374145508,0.0,45.079,1.3548
1988-04-22,26.453219413757324,52.90644,11.395297050476074,0.0,52.8151,11.4942
1988-04-23,0.3250093460083008,0.6500187,13.95149040222168,0.0,48.1534,0.9173
1988-04-24,0.2378528118133545,0.47570562,15.177409172058104,0.0,46.3362,0.9233
1988-04-25,0.0,0.0,17.64468765258789,0.0,44.8353,0.9144
1988-04-26,1.5877130031585691,3.175426,18.84371566772461,0.0,44.3348,1.3553
1988-04-27,18.90843963623047,37.81688,18.896340370178223,0.0,51.2275,7.4359
1988-04-28,18.01225185394287,36.024506,19.494150161743164,0.0,51.8586,8.1861
1988-04-29,0.1200647354125976,0.24012947,20.18826484680176,0.0,47.9685,0.9102
1988-04-30,0.0,0.0,21.21919536590576,0.0,46.1785,0.9132
1988-05-01,0.197056770324707,0.39411354,23.10690116882324,0.0,44.8367,0.9083
1988-05-02,0.0,0.0,24.4038200378418,0.0,43.3558,0.9054
1988-05-03,3.156440019607544,6.31288,25.59770774841309,0.0,43.3799,1.7146
1988-05-04,32.22495079040527,64.449905,21.822190284729004,0.0,53.3196,12.5472
1988-05-05,16.352604866027832,32.705208,21.18574333190918,0.0,51.4136,7.183199999999999
1988-05-06,0.74118971824646,1.4823794,22.75089263916016,0.0,47.8981,0.9019
1988-05-07,0.2878134250640869,0.57562685,25.37706470489502,0.0,46.0274,0.9029
1988-05-08,1.82758629322052,3.6551726,21.075572967529297,0.0,45.1092,0.9013
1988-05-09,7.913564682006836,15.827129,18.83106803894043,0.0,47.9168,3.962
1988-05-10,15.052554607391356,30.10511,18.75912475585937,0.0,51.2485,6.742800000000001
1988-05-11,22.96275329589844,45.925507,19.808931350708008,0.0,51.9795,9.6175
1988-05-12,17.067116737365723,34.13423,16.20843267440796,0.0,51.3768,8.8208
1988-05-13,16.904991149902344,33.809982,14.440753936767578,0.0,51.3381,9.3722
1988-05-14,15.42180347442627,30.843607,15.092634201049805,0.0,51.0731,8.446299999999999
1988-05-15,0.563040018081665,1.12608,18.74930095672608,0.0,47.9171,0.9319
1988-05-16,0.0,0.0,20.53403282165528,0.0,46.1408,0.9352
1988-05-17,0.1913213729858398,0.38264275,22.400615692138672,0.0,44.8568,0.9348
1988-05-18,6.807746648788452,13.615494,22.18958568572998,0.0,46.4958,2.8498
1988-05-19,11.230573177337646,22.461147,21.911986351013184,0.0,49.5206,4.5945
1988-05-20,5.83247709274292,11.664954,23.517550468444824,0.0,48.518,1.9623
1988-05-21,31.767473220825195,63.534946,22.796350479125977,0.0,53.0527,15.0012
1988-05-22,35.30180740356445,70.603615,20.70498847961425,0.0,52.8246,21.8756
1988-05-23,0.8893132209777832,1.7786264,18.72108459472656,0.0,48.3465,0.9563
1988-05-24,22.805482864379883,45.610966,17.213175773620605,0.0,52.2237,13.4291
1988-05-25,13.28723430633545,26.574469,19.30807209014893,0.0,50.7559,7.2049
1988-05-26,14.249244213104248,28.49849,19.64991569519043,0.0,51.0403,8.2408
1988-05-27,1.3273906707763672,2.6547813,21.293923377990723,0.0,47.9816,0.9902
1988-05-28,0.6638283729553223,1.3276567,21.60740566253662,0.0,46.5225,1.0739
1988-05-29,0.0010027885437011,0.002005577,22.214179039001465,0.0,45.3851,0.9946
1988-05-30,0.100762128829956,0.20152426,22.60950469970703,0.0,44.3821,0.9936
1988-05-31,0.5356278419494629,1.0712557,23.93292999267578,0.0,43.4528,0.9915
1988-06-01,0.5255012512207031,1.0510025,23.10444164276123,0.0,43.8954,1.8827
1988-06-02,0.1069216728210449,0.21384335,22.367159843444824,0.0,42.7213,0.9857
1988-06-03,0.13759446144104,0.27518892,21.80566596984864,0.0,41.5228,0.9818
1988-06-04,0.3295736312866211,0.65914726,22.616304397583008,0.0,40.4638,0.9777
1988-06-05,0.0,0.0,23.422718048095703,0.0,39.1161,0.9733
1988-06-06,0.5182247161865234,1.0364494,23.08446216583252,0.0,38.1956,0.992
1988-06-07,0.3670752048492431,0.7341504,25.66559886932373,0.0,37.3521,0.9651
1988-06-08,0.0246410369873046,0.049282074,26.06919860839844,0.0,36.302,0.9611
1988-06-09,0.1309287548065185,0.2618575,26.307031631469727,0.0,35.217,0.9568
1988-06-10,0.4702646732330322,0.94052935,26.78661346435547,0.0,34.5521,0.9536
1988-06-11,0.0468888282775878,0.09377766,27.737159729003903,0.0,34.195,0.9481
1988-06-12,1.9635303020477293,3.9270606,25.72934627532959,0.0,34.9144,1.2651
1988-06-13,11.82125186920166,23.642504,23.999390602111816,0.0,40.9452,3.1939
1988-06-14,5.6385884284973145,11.277177,24.36573314666748,0.0,42.3845,1.5983
1988-06-15,7.998285055160522,15.996571,25.65901756286621,0.0,43.5773,1.5726
1988-06-16,16.3419451713562,32.68389,24.68343544006348,0.0,49.924,4.5462
1988-06-17,9.43330979347229,18.86662,25.38658237457276,0.0,49.3152,2.1605
1988-06-18,17.2114839553833,34.422966,25.1696891784668,0.0,52.5413,7.3096
1988-06-19,3.1114368438720703,6.2228737,25.994547843933105,0.0,48.2036,0.9318
1988-06-20,8.260642528533936,16.521286,25.88362598419189,0.0,49.7613,3.983
1988-06-21,8.879312515258789,17.758625,24.20233154296875,0.0,49.2768,2.4358
1988-06-22,11.617489337921144,23.234978,23.867403030395508,0.0,50.3752,4.0835
1988-06-23,4.43465518951416,8.86931,24.03208541870117,0.0,48.049,1.0074
1988-06-24,11.227577686309814,22.455154,23.042705535888672,0.0,50.5671,5.0303
1988-06-25,37.78761672973633,75.57523,22.136096954345703,0.0,53.6527,18.5097
1988-06-26,2.4570850133895874,4.9141703,24.76830005645752,0.0,48.4531,0.9354
1988-06-27,5.814544200897217,11.629088,24.854223251342773,0.0,48.7987,3.9714
1988-06-28,1.2422587871551514,2.4845176,26.127354621887207,0.0,46.8383,0.9401
1988-06-29,2.777414917945862,5.5548296,26.33471298217773,0.0,46.4847,1.9972
1988-06-30,0.2992496490478515,0.5984993,27.195773124694824,0.0,45.1385,0.937
1988-07-01,0.0,0.0,27.5373649597168,0.0,43.6628,0.9341
1988-07-02,0.0735189914703369,0.14703798,27.79196548461914,0.0,42.4651,0.9309
1988-07-03,1.5440930128097534,3.088186,28.44553852081299,0.0,41.5703,0.9281
1988-07-04,1.032646894454956,2.0652938,27.87946605682373,0.0,40.6288,1.0396
1988-07-05,1.0791754722595217,2.158351,28.90911293029785,0.0,39.7348,0.924
1988-07-06,0.4632463455200195,0.9264927,29.2177095413208,0.0,38.6197,0.9278
1988-07-07,0.0,0.0,28.885321617126465,0.0,37.3308,0.9205
1988-07-08,0.1174051761627197,0.23481035,28.54063415527344,0.0,36.1753,0.9187
1988-07-09,0.0,0.0,28.82706546783448,0.0,34.8884,0.9169
1988-07-10,0.0,0.0,28.93472576141357,0.0,34.3235,0.9151
1988-07-11,1.2158104181289673,2.4316208,28.015652656555176,0.0,34.6588,1.1356
1988-07-12,1.569665789604187,3.1393316,27.43729877471924,0.0,34.2584,0.9117
1988-07-13,3.929285049438477,7.85857,27.76176071166992,0.0,36.8472,1.9402
1988-07-14,3.839566469192505,7.679133,28.063815116882324,0.0,36.5279,0.9083
1988-07-15,0.0124796032905578,0.024959207,28.97171974182129,0.0,35.759,0.9066
1988-07-16,0.3325568437576294,0.6651137,29.29603481292725,0.0,34.9984,0.9049
1988-07-17,2.671272039413452,5.342544,29.086042404174805,0.0,36.2698,1.562
1988-07-18,0.5706833600997925,1.1413667,29.2442274093628,0.0,35.5025,0.9015
1988-07-19,0.3595353364944458,0.7190707,28.61482620239257,0.0,34.8445,0.8998
1988-07-20,1.6772115230560305,3.354423,26.8856201171875,0.0,34.5148,0.8981
1988-07-21,0.4020446538925171,0.8040893,27.637595176696777,0.0,34.2399,0.8964
1988-07-22,0.5620198249816895,1.1240396,28.2756872177124,0.0,34.0495,0.8947
1988-07-23,0.4298654794692993,0.85973096,28.87212085723877,0.0,33.8401,0.8955
1988-07-24,0.1880046129226684,0.37600923,29.13552474975586,0.0,33.622,0.8914
1988-07-25,0.222703218460083,0.44540644,29.254931449890137,0.0,33.377,0.8897
1988-07-26,17.713513374328613,35.427025,25.39567279815674,0.0,43.1674,4.0818
1988-07-27,0.8104169368743896,1.6208339,25.216288566589355,0.0,41.7267,0.8863
1988-07-28,4.287108898162842,8.574218,24.31045627593994,0.0,42.8012,1.9341
1988-07-29,4.054745197296143,8.10949,23.66333103179932,0.0,42.9135,1.0889
1988-07-30,0.7426208257675171,1.4852417,26.01322650909424,0.0,41.3364,0.8813
1988-07-31,1.469735026359558,2.93947,26.6477918624878,0.0,40.2923,1.1031
1988-08-01,0.4028511047363281,0.8057022,26.89173412322998,0.0,39.0927,0.8836
1988-08-02,0.1622838973999023,0.3245678,27.391712188720703,0.0,38.2383,0.8764
1988-08-03,0.2415947914123535,0.48318958,28.321910858154297,0.0,37.5236,0.8747
1988-08-04,1.2534805536270142,2.506961,28.044925689697266,0.0,37.2569,1.0555
1988-08-05,4.748605012893677,9.49721,27.208864212036133,0.0,36.8326,0.8714
1988-08-06,2.006070733070373,4.012141,26.413966178894043,0.0,37.1379,1.2013
1988-08-07,7.402232885360718,14.804466,25.03079319000244,0.0,37.9679,1.1526
1988-08-08,4.700381278991699,9.400763,24.850857734680176,0.0,39.1429,1.2824
1988-08-09,0.6208651065826416,1.2417302,25.484278678894043,0.0,38.2414,0.8649
1988-08-10,1.570000410079956,3.1400008,25.929515838623047,0.0,38.4222,1.1572
1988-08-11,0.4293482303619385,0.85869646,26.25132942199707,0.0,37.7667,0.8616
1988-08-12,0.3626978397369385,0.7253957,26.667872428894043,0.0,36.9708,0.86
1988-08-13,1.031320571899414,2.0626411,27.270543098449707,0.0,36.4165,0.8584
1988-08-14,5.380740284919739,10.76148,26.628005981445312,0.0,40.5172,2.3116000000000003
1988-08-15,2.9352712631225586,5.8705425,26.124217987060547,0.0,39.7047,0.8551
1988-08-16,0.6689664125442505,1.3379328,26.356813430786133,0.0,38.8953,0.8799
1988-08-17,8.6318678855896,17.263737,26.0298433303833,0.0,41.2047,1.6456
1988-08-18,4.056565999984741,8.113132,25.85519504547119,0.0,40.7643,0.8503
1988-08-19,0.6740822792053223,1.3481646,26.79949951171875,0.0,39.4154,0.8557
1988-08-20,0.5776090621948242,1.1552181,27.21015739440918,0.0,38.5971,0.8477
1988-08-21,0.7601261138916016,1.5202522,27.44503498077393,0.0,37.9628,0.8914000000000001
1988-08-22,0.1573057174682617,0.31461143,28.430935859680176,0.0,37.1319,0.8439
1988-08-23,3.927119731903076,7.8542395,24.830320358276367,0.0,38.8087,1.5388000000000002
1988-08-24,7.941803216934204,15.883606,23.08397483825684,0.0,41.4149,1.7294
1988-08-25,9.670286178588867,19.340572,24.16318988800049,0.0,44.6911,2.1861
1988-08-26,0.0422673225402832,0.084534645,25.801925659179688,0.0,42.4949,0.8376
1988-08-27,2.440148890018463,4.8802977,25.09795188903809,0.0,42.1275,1.387
1988-08-28,7.765824317932129,15.531649,24.72201442718506,0.0,43.4618,1.4700000000000002
1988-08-29,14.339890003204346,28.67978,23.70087623596192,0.0,49.2227,3.6539
1988-08-30,12.099681854248049,24.199364,22.92123508453369,0.0,50.9164,3.3815
1988-08-31,6.820890188217163,13.641781,23.526238441467285,0.0,49.185,1.5991
1988-09-01,10.502157211303713,21.004314,24.14750576019287,0.0,49.9235,2.5707
1988-09-02,10.56507444381714,21.13015,24.81973934173584,0.0,49.8081,2.4238
1988-09-03,14.233935356140137,28.46787,24.903923988342285,0.0,51.1575,4.2322
1988-09-04,18.978854179382324,37.95771,24.035670280456543,0.0,51.9764,6.2992
1988-09-05,20.108033180236816,40.216064,23.88716506958008,0.0,52.0963,7.8391
1988-09-06,9.232798099517822,18.465595,24.086885452270508,0.0,50.306,4.1203
1988-09-07,1.1974688172340393,2.3949375,24.27424430847168,0.0,47.6559,0.8246
1988-09-08,0.4506362676620483,0.90127254,24.92016315460205,0.0,46.1247,0.8272999999999999
1988-09-09,1.626343011856079,3.252686,24.88418865203857,0.0,45.3726,0.8266
1988-09-10,0.2983498573303222,0.5966997,25.66123676300049,0.0,44.255,0.8285
1988-09-11,1.491487979888916,2.982976,26.06734848022461,0.0,43.4287,0.8261
1988-09-12,4.366849422454834,8.733699,25.22593212127685,0.0,44.9477,2.4988
1988-09-13,2.2544721364974976,4.5089445,24.274893760681152,0.0,44.4131,0.8243
1988-09-14,3.17590069770813,6.3518014,24.62324047088623,0.0,45.4931,2.1939
1988-09-15,0.5937741994857788,1.1875484,23.627631187438965,0.0,44.6,0.8221
1988-09-16,0.3381573557853699,0.6763147,21.9253511428833,0.0,44.1086,1.0889
1988-09-17,0.0,0.0,22.20560646057129,0.0,43.0889,0.8197
1988-09-18,0.085924744606018,0.17184949,23.15086841583252,0.0,42.1986,0.8184
1988-09-19,0.0130165815353393,0.026033163,24.436429977416992,0.0,41.2052,0.817
1988-09-20,0.3300379514694214,0.6600759,24.3915433883667,0.0,40.2368,0.8175
1988-09-21,6.074663162231445,12.149326,21.2434196472168,0.0,41.8632,1.646
1988-09-22,27.57153606414795,55.143074,19.22671413421631,0.0,53.3595,10.3376
1988-09-23,42.07834243774414,84.156685,21.557727813720703,0.0,54.1143,20.4265
1988-09-24,57.3552131652832,114.71043,21.0999059677124,0.0,53.2491,37.6945
1988-09-25,14.307669639587402,28.61534,18.484314918518063,0.0,50.5849,8.1191
1988-09-26,0.0,0.0,18.359272003173828,0.0,47.6269,0.8513
1988-09-27,0.2602721750736236,0.52054435,17.56324577331543,0.0,46.1566,0.8597999999999999
1988-09-28,0.0379921197891235,0.07598424,18.731306076049805,0.0,45.0885,0.8583
1988-09-29,0.1357671022415161,0.2715342,17.706127166748047,0.0,44.4173,0.8589
1988-09-30,0.8709489107131958,1.7418978,18.7652530670166,0.0,43.9663,0.8589
1988-10-01,0.584272027015686,1.168544,18.99986457824707,0.0,43.562,0.8986000000000001
1988-10-02,0.5843509882688522,1.168702,18.81794261932373,0.0,43.2883,0.9109
1988-10-03,0.0354977846145629,0.07099557,20.83788299560547,0.0,42.6243,0.8572
1988-10-04,0.9147579669952391,1.8295159,20.748984336853027,0.0,42.0661,0.9484
1988-10-05,0.2615071535110473,0.5230143,21.41871166229248,0.0,41.2964,0.8572
1988-10-06,0.4005205631256103,0.8010411,20.35794162750244,0.0,40.8123,0.8539
1988-10-07,0.0919511318206787,0.18390226,19.04216384887696,0.0,40.2048,0.8531000000000001
1988-10-08,0.0799182057380676,0.15983641,17.91087245941162,0.0,39.5102,0.8512
1988-10-09,0.1757310628890991,0.35146213,18.20752048492432,0.0,38.8566,0.8513000000000001
1988-10-10,0.0,0.0,18.513001441955566,0.0,38.1778,0.8483
1988-10-11,0.0883554816246032,0.17671096,21.157548904418945,0.0,37.7445,0.8487
1988-10-12,0.027789294719696,0.05557859,23.465256690979004,0.0,37.1056,0.8453
1988-10-13,4.662687301635742,9.325375,19.77500820159912,0.0,39.7439,2.2738
1988-10-14,0.1735424995422363,0.347085,17.85280704498291,0.0,39.2742,0.8422
1988-10-15,0.0258734226226806,0.051746845,17.99948024749756,0.0,38.6254,0.8407
1988-10-16,0.0,0.0,19.272357940673828,0.0,37.8591,0.8392
1988-10-17,0.0,0.0,20.50278282165528,0.0,37.0314,0.8376
1988-10-18,0.3194155693054199,0.63883114,19.39613246917725,0.0,36.6633,0.842
1988-10-19,0.1332708597183227,0.26654172,18.73151969909668,0.0,36.118,0.8345
1988-10-20,0.0,0.0,16.511393547058105,0.0,35.5112,0.833
1988-10-21,0.0,0.0,18.57896137237549,0.0,34.9966,0.8314
1988-10-22,0.1741071939468383,0.3482144,20.82572650909424,0.0,34.7683,0.8316
1988-10-23,0.1670556664466858,0.33411133,21.160808563232425,0.0,34.6481,0.8283
1988-10-24,0.1387021541595459,0.2774043,22.230259895324707,0.0,34.4521,0.8287
1988-10-25,0.9379553198814392,1.8759106,20.363920211791992,0.0,34.3857,0.8252
1988-10-26,0.0,0.0,19.302635192871094,0.0,34.27,0.8237
1988-10-27,1.9374512434005733,3.8749025,18.382296562194824,0.0,35.4816,1.2592
1988-10-28,28.79301929473877,57.586037,14.83329153060913,0.0,52.4452,8.7297
1988-10-29,0.1754509210586547,0.35090184,14.226268291473389,0.0,48.2475,0.8191
1988-10-30,0.0936462879180908,0.18729258,13.3729510307312,0.0,46.6824,0.8179
1988-10-31,0.0,0.0,14.649210929870604,0.0,45.4685,0.8162
1988-11-01,0.0,0.0,15.986706256866457,0.0,44.3871,0.8147
1988-11-02,0.2239829301834106,0.44796586,15.336206436157228,0.0,43.4226,0.8159000000000001
1988-11-03,0.0141542255878448,0.028308451,12.911969661712646,0.0,42.597,0.8118
1988-11-04,0.0,0.0,11.371647834777832,0.0,41.6959,0.8103
1988-11-05,0.0,0.0,10.955153942108154,0.0,40.937,0.8089
1988-11-06,0.0891128480434417,0.1782257,11.125925064086914,0.0,40.2391,0.8074
1988-11-07,0.088824063539505,0.17764813,11.52865505218506,0.0,39.4802,0.8061999999999999
1988-11-08,0.0646291971206665,0.1292584,12.598471641540527,0.0,38.7963,0.8045
1988-11-09,0.0,0.0,15.41449213027954,0.0,38.1214,0.803
1988-11-10,0.0,0.0,14.079734325408936,0.0,37.6991,0.8015
1988-11-11,0.0,0.0,11.704245567321776,0.0,37.3127,0.8
1988-11-12,0.0,0.0,9.06260585784912,0.0,36.9189,0.7985
1988-11-13,0.0056601166725158,0.011320233,10.375232219696043,0.0,36.5811,0.7971
1988-11-14,0.0,0.0,12.858232498168944,0.0,36.1981,0.7956
1988-11-15,0.0005925893783569,0.0011851788,13.54841947555542,0.0,35.937,0.7941
1988-11-16,5.070695161819458,10.14139,13.716033458709717,0.0,39.3585,2.0728
1988-11-17,11.219048500061035,22.438097,13.778454303741457,0.0,46.2541,3.6804
1988-11-18,0.5997644662857056,1.1995289,12.147145748138428,0.0,45.0444,0.7897
1988-11-19,0.1307992339134216,0.26159847,8.56580114364624,0.0,44.1285,0.7894
1988-11-20,0.3478109240531921,0.69562185,12.189300060272217,0.0,43.4508,0.7867
1988-11-21,0.0,0.0,13.659072875976562,0.0,42.6272,0.7853
1988-11-22,0.0142569541931152,0.028513908,14.852932453155518,0.0,41.8732,0.7839
1988-11-23,0.1321615576744079,0.26432312,15.241627216339111,0.0,41.2931,0.7837999999999999
1988-11-24,0.0462256371974945,0.092451274,11.324252605438232,0.0,40.7445,0.781
1988-11-25,0.0,0.0,9.202924728393556,0.0,40.1825,0.7795
1988-11-26,0.0,0.0,10.48447561264038,0.0,39.6697,0.7781
1988-11-27,0.0,0.0,6.368924617767334,0.0,39.2095,0.7766
1988-11-28,0.1033554077148437,0.20671082,5.144848823547363,0.0,38.9174,0.7878000000000001
1988-11-29,0.0035302639007568,0.007060528,5.225986480712891,0.0,38.6407,0.7832
1988-11-30,0.0751900672912597,0.15038013,7.92824912071228,0.0,38.3633,0.7723
1988-12-01,0.0480894446372985,0.09617889,9.35197925567627,0.0,38.1094,0.7709
1988-12-02,0.0219653844833374,0.04393077,6.994614601135254,0.0,37.8806,0.7718999999999999
1988-12-03,0.0,0.0,7.803891658782959,0.0,37.6529,0.7693
1988-12-04,0.0038139224052429,0.007627845,11.065059661865234,0.0,37.3707,0.7666
1988-12-05,0.1221134066581726,0.24422681,7.778187036514282,0.0,37.1491,0.7658
1988-12-06,0.0,0.0,6.283249855041504,0.0,36.9236,0.7637
1988-12-07,0.0,0.0,8.383500099182129,0.0,36.7289,0.7636
1988-12-08,0.0246935188770294,0.049387038,11.675737380981444,0.0,36.4609,0.7609
1988-12-09,0.5021161735057831,1.0042324,9.3900408744812,0.0,36.3383,0.7721
1988-12-10,0.0453703999519348,0.0907408,5.191117525100708,0.0,36.2612,0.7873
1988-12-11,0.0,0.0,4.537180662155151,0.0,36.0569,0.7566
1988-12-12,0.1356177330017089,0.27123547,4.5845627784729,0.0,35.9523,0.7669
1988-12-13,0.0,0.0,5.693113803863525,0.0,35.7952,0.76
1988-12-14,0.0214858353137969,0.04297167,7.076360702514648,0.0,35.6136,0.7554
1988-12-15,0.0877276062965393,0.17545521,8.601168155670166,0.0,35.3998,0.7509
1988-12-16,0.0304088294506073,0.06081766,6.160488128662109,0.0,35.2496,0.7517
1988-12-17,0.037631943821907,0.07526389,5.153583526611328,0.0,35.1296,0.7519
1988-12-18,0.0,0.0,5.823225498199463,0.0,34.9357,0.7467
1988-12-19,0.0772748589515686,0.15454972,7.909991502761841,0.0,34.7831,0.7474
1988-12-20,0.0,0.0,9.92967176437378,0.0,34.5719,0.7439
1988-12-21,0.093922734260559,0.18784547,10.988702774047852,0.0,34.366,0.7426
1988-12-22,0.0139673352241516,0.02793467,11.861083507537842,0.0,34.2298,0.7411
1988-12-23,0.0815640389919281,0.16312808,11.021451473236084,0.0,34.0724,0.7401
1988-12-24,0.0146184936165809,0.029236987,11.258058071136476,0.0,33.9184,0.7383
1988-12-25,0.0270470380783081,0.054094076,10.275193214416504,0.0,33.792,0.737
1988-12-26,0.1130067110061645,0.22601342,9.38890552520752,0.0,33.6892,0.7356
1988-12-27,0.0669870376586914,0.13397408,8.105284452438354,0.0,33.5883,0.7353
1988-12-28,0.0577703118324279,0.11554062,9.37474536895752,0.0,33.5097,0.7328
1988-12-29,0.0,0.0,10.990914344787598,0.0,33.4061,0.7314
1988-12-30,23.07331085205078,46.14662,9.498881816864014,0.0,49.5873,6.7252
1988-12-31,25.60705947875977,51.21412,9.12751054763794,0.0,53.4964,8.7578
1989-01-01,0.0954082012176513,0.1908164,8.8701753616333,0.0,48.5562,0.7319
1989-01-02,0.145210862159729,0.29042172,9.963609218597412,0.0,47.0485,0.7279
1989-01-03,0.1646840572357177,0.3293681,8.704079151153564,0.0,46.1075,0.725
1989-01-04,2.4265717267990112,4.8531437,8.895421504974365,0.0,46.703,1.4646
1989-01-05,3.684755802154541,7.3695116,10.080284118652344,0.0,47.4058,1.6197
1989-01-06,21.66487979888916,43.329758,10.866023063659668,0.0,52.7939,8.9404
1989-01-07,24.42296886444092,48.84594,12.763147830963137,0.0,52.7551,11.343
1989-01-08,27.60605812072754,55.212116,14.00725269317627,0.0,52.6586,15.1553
1989-01-09,0.3151192814111709,0.63023853,15.269258975982666,0.0,48.401,0.7354
1989-01-10,0.2019533216953277,0.40390664,15.060346126556396,0.0,46.8963,0.7507
1989-01-11,5.44844913482666,10.896898,12.716416358947754,0.0,47.7087,2.4049
1989-01-12,5.044721841812134,10.089443,7.314869403839111,0.0,47.9968,2.1719
1989-01-13,35.022146224975586,70.0443,3.691802501678467,0.0,53.3975,18.7695
1989-01-14,20.110727310180664,40.221455,0.9741737842559814,1.6897,51.3972,11.2506
1989-01-15,0.0684832334518432,0.13696647,2.225526094436645,1.2294,48.5245,1.3828
1989-01-16,3.883786201477051,7.7675724,3.0228567123413086,1.0851,48.5312,2.6615
1989-01-17,0.4861873388290405,0.9723747,6.931727170944214,0.0131,47.6551,1.5537999999999998
1989-01-18,0.0,0.0,11.932312488555908,0.0,46.3605,0.7971999999999999
1989-01-19,0.0,0.0,10.633489608764648,0.0,45.5474,0.7916
1989-01-20,0.1606853008270263,0.3213706,8.375441551208496,0.0,45.0471,0.7997
1989-01-21,0.1889486312866211,0.37789726,9.169154644012451,0.0,44.6208,0.793
1989-01-22,6.868480205535889,13.73696,6.74420952796936,0.0,47.6579,3.6302
1989-01-23,0.0521894693374633,0.10437894,5.387943744659424,0.0,46.5866,0.8410000000000001
1989-01-24,0.0976850986480712,0.1953702,5.213354110717773,0.0,45.8258,0.7969
1989-01-25,0.3675106167793274,0.73502123,7.44860315322876,0.0,45.242,0.7978
1989-01-26,0.0,0.0,8.174291372299194,0.0,44.6338,0.7923
1989-01-27,0.9152868688106536,1.8305738,7.48199200630188,0.0,44.6312,1.0901999999999998
1989-01-28,0.1678254604339599,0.33565092,4.893554449081421,0.0,44.27,0.809
1989-01-29,0.2757102251052856,0.55142045,4.841226577758789,0.0,43.962,0.7903
1989-01-30,6.014723777770996,12.029448,6.419195890426636,0.0,46.7753,3.0041
1989-01-31,1.6758938431739807,3.3517876,9.34449863433838,0.0,46.2102,0.8745999999999999
1989-02-01,1.6381944417953491,3.276389,7.806600093841553,0.0,45.8455,0.9245
1989-02-02,3.5051088333129883,7.0102177,5.860019445419312,0.0,46.6317,1.7458
1989-02-03,1.1828505396842957,2.3657012,4.035767793655396,0.0,46.079,0.8513
1989-02-04,0.0701347589492797,0.14026952,4.766981601715088,0.0,45.4862,0.7857
1989-02-05,0.0788207054138183,0.15764141,7.8741395473480225,0.0,44.9161,0.786
1989-02-06,1.0621200799942017,2.1242402,9.586832046508787,0.0,44.5597,0.7961
1989-02-07,6.845463514328003,13.6909275,10.70258617401123,0.0,47.242,3.0433
1989-02-08,9.159330368041992,18.31866,8.892399787902832,0.0,49.6755,3.9746
1989-02-09,9.029534816741943,18.05907,6.884724140167236,0.0,50.3639,4.3541
1989-02-10,0.6030471324920654,1.2060943,6.481431007385254,0.0,47.8787,0.7823
1989-02-11,0.4931401014328003,0.9862802,6.618981122970581,0.0,46.7929,0.9362
1989-02-12,1.6264933943748474,3.252987,5.222795009613037,0.0,46.3213,1.1038
1989-02-13,1.1585394144058228,2.3170788,5.689633131027222,0.0,45.876,1.021
1989-02-14,0.0,0.0,6.404448509216309,0.0,45.1786,0.7834
1989-02-15,3.928326368331909,7.8566527,10.288588523864746,0.0,46.591,2.3435
1989-02-16,9.26088523864746,18.52177,14.046576976776125,0.0,49.0837,3.7283
1989-02-17,0.0,0.0,15.745583057403564,0.0,47.0785,0.7824
1989-02-18,4.205998182296753,8.411997,12.63828420639038,0.0,47.941,2.51
1989-02-19,0.0,0.0,10.890563011169434,0.0,46.7036,0.7818
1989-02-20,0.0,0.0,14.595959663391112,0.0,45.6138,0.7815
1989-02-21,1.714838624000549,3.4296772,15.01126194000244,0.0,45.5565,1.363
1989-02-22,0.2781951427459717,0.5563903,10.57375717163086,0.0,44.9473,0.7802
1989-02-23,0.0,0.0,11.895987033843994,0.0,44.2335,0.7794
1989-02-24,0.2129209041595459,0.4258418,13.274600982666016,0.0,43.633,0.7817999999999999
1989-02-25,3.3402223587036133,6.6804447,8.619513511657715,0.0,43.7215,0.984
1989-02-26,0.5105463266372681,1.0210927,7.389707803726196,0.0,43.324,0.8088
1989-02-27,0.0,0.0,8.647347450256348,0.0,42.7261,0.7754
1989-02-28,0.0,0.0,12.20703411102295,0.0,42.0453,0.7742
1989-03-01,0.4000980854034424,0.8001962,15.745502471923828,0.0,41.5355,0.8026
1989-03-02,0.0387136936187744,0.07742739,17.21727752685547,0.0,40.9369,0.7718
1989-03-03,0.3191958665847778,0.63839173,18.11799907684326,0.0,40.4006,0.7938999999999999
1989-03-04,8.680213451385498,17.360428,8.359963417053223,0.0,43.0245,2.1828
1989-03-05,0.0537983179092407,0.107596636,7.033992052078247,0.0,42.6108,0.7679
1989-03-06,0.1661838293075561,0.33236766,6.006401300430298,0.0,42.2126,0.7712
1989-03-07,0.2417550086975097,0.48351002,6.707944393157959,0.0,41.8301,0.7652
1989-03-08,0.4304687976837158,0.8609376,5.787765741348267,0.0,41.5131,0.7857000000000001
1989-03-09,0.0966029167175293,0.19320583,6.591617584228516,0.0,41.1238,0.7746
1989-03-10,0.0534852743148803,0.10697055,8.779236316680908,0.0,40.6724,0.7648
1989-03-11,0.1233828067779541,0.24676561,12.68187665939331,0.0,40.1591,0.7598
1989-03-12,0.2691562175750732,0.53831244,16.8400821685791,0.0,39.4897,0.7633
1989-03-13,0.4387083053588867,0.8774166,18.408041954040527,0.0,38.8089,0.7571
1989-03-14,0.0032210350036621,0.00644207,19.112706184387207,0.0,38.1953,0.7557
1989-03-15,0.0376667976379394,0.075333595,17.75685691833496,0.0,37.6926,0.7543
1989-03-16,2.996647596359253,5.993295,15.852806091308594,0.0,38.9142,1.4361000000000002
1989-03-17,9.890051364898682,19.780102,12.37084436416626,0.0,44.2809,3.1078
1989-03-18,4.187034130096436,8.374068,12.60711145401001,0.0,45.0129,1.3253
1989-03-19,7.631290435791016,15.262581,14.61698579788208,0.0,47.6122,2.4556
1989-03-20,0.9516687393188475,1.9033375,14.4239501953125,0.0,46.2661,0.7474
1989-03-21,0.2337672710418701,0.46753454,13.007523536682127,0.0,45.2926,0.7532
1989-03-22,1.16935396194458,2.338708,11.910162925720217,0.0,44.578,0.7448
1989-03-23,28.400541305541992,56.801083,11.329265117645264,0.0,53.6209,10.9163
1989-03-24,0.2948381900787353,0.5896764,14.26508617401123,0.0,48.3863,0.7425
1989-03-25,19.6244535446167,39.24891,9.826414585113524,0.0,52.4617,8.906
1989-03-26,2.8423373699188232,5.6846747,9.6763277053833,0.0,48.6595,1.0377
1989-03-27,0.0690422058105468,0.13808441,11.190897941589355,0.0,46.9114,0.7442
1989-03-28,0.1441049575805664,0.28820992,11.612152099609377,0.0,45.7791,0.7474000000000001
1989-03-29,0.0103449821472167,0.020689964,9.691855430603027,0.0,44.9417,0.7448
1989-03-30,0.2080731391906738,0.41614628,14.103330612182615,0.0,44.1782,0.7473000000000001
1989-03-31,1.3381929397583008,2.6763859,16.06898021697998,0.0,43.7717,0.7439
1989-04-01,0.1705465316772461,0.34109306,17.809560775756836,0.0,43.0368,0.7441
1989-04-02,2.744682788848877,5.4893656,20.100356101989743,0.0,42.4195,0.7434
1989-04-03,25.14770221710205,50.295403,17.87460231781006,0.0,52.8272,10.3295
1989-04-04,5.414264440536499,10.828529,16.554668426513672,0.0,49.4768,2.0903
1989-04-05,2.7102484703063965,5.420497,14.81019115447998,0.0,47.988,1.1099
1989-04-06,10.74978256225586,21.499565,14.083045482635498,0.0,50.3978,4.8817
1989-04-07,0.8759171962738037,1.7518344,15.08210802078247,0.0,47.8994,0.7426
1989-04-08,3.1723289489746094,6.344658,15.182570457458496,0.0,47.8844,2.0515
1989-04-09,2.485393762588501,4.9707875,13.77115249633789,0.0,47.0747,0.9758
1989-04-10,0.0092098712921142,0.018419743,16.064352989196777,0.0,45.7231,0.7447
1989-04-11,0.2051301002502441,0.4102602,15.246930599212646,0.0,44.7028,0.7563000000000001
1989-04-12,0.2765514850616455,0.55310297,14.110735893249512,0.0,44.0341,0.7442
1989-04-13,16.607372283935547,33.214745,14.109324932098389,0.0,51.1031,7.3649
1989-04-14,1.3098878860473633,2.6197758,14.748412609100342,0.0,48.1663,0.7433
1989-04-15,0.145652174949646,0.29130435,14.586626052856444,0.0,46.564,0.7454
1989-04-16,0.1058137416839599,0.21162748,14.97960329055786,0.0,45.2548,0.7431
1989-04-17,7.659281730651855,15.318563,14.894620418548584,0.0,48.1193,3.734
1989-04-18,6.064346075057983,12.128693,18.299160957336422,0.0,47.9212,1.6035
1989-04-19,49.25250244140625,98.505005,19.25111198425293,0.0,54.2012,22.4293
1989-04-20,32.59619331359863,65.19238,19.81009006500244,0.0,52.4056,19.352500000000003
1989-04-21,8.531551361083984,17.063103,21.65835952758789,0.0,49.2812,2.8319
1989-04-22,2.3976023197174072,4.7952046,21.35612392425537,0.0,47.3772,0.7763
1989-04-23,29.86397647857666,59.72795,17.219109535217285,0.0,52.985,17.0381
1989-04-24,0.249199628829956,0.49839926,15.766957759857178,0.0,48.1478,0.7886
1989-04-25,0.0,0.0,13.06761121749878,0.0,46.5598,0.7948
1989-04-26,0.0968551635742187,0.19371033,16.7210054397583,0.0,45.3105,0.7969
1989-04-27,2.022233247756958,4.0444665,19.337918281555176,0.0,45.2183,1.5842999999999998
1989-04-28,1.122776985168457,2.245554,22.13442897796631,0.0,44.2733,0.7978
1989-04-29,11.157347202301024,22.314693,21.851866722106934,0.0,48.6665,5.207
1989-04-30,5.125941038131714,10.251883,20.49658966064453,0.0,47.3174,0.8881
1989-05-01,19.65628433227539,39.31257,18.81437587738037,0.0,51.8733,8.3078
1989-05-02,34.22761917114258,68.45524,16.76253318786621,0.0,53.2653,17.898
1989-05-03,1.7499418258666992,3.4998837,18.411391258239743,0.0,48.3892,0.8068
1989-05-04,3.1504149436950684,6.30083,18.399529457092285,0.0,47.7898,2.2647
1989-05-05,0.9021987915039062,1.8043976,20.35462856292725,0.0,46.2959,0.8175
1989-05-06,0.0,0.0,20.70980930328369,0.0,44.7292,0.8189
1989-05-07,0.0,0.0,20.62660789489746,0.0,43.3284,0.8189
1989-05-08,1.5960294008255005,3.1920588,19.4795446395874,0.0,43.2569,1.3087
1989-05-09,19.7697172164917,39.539436,19.97127246856689,0.0,51.4149,8.066
1989-05-10,0.2863509654998779,0.57270193,25.11350440979004,0.0,47.6501,0.8169
1989-05-11,11.574625015258787,23.14925,24.96943759918213,0.0,50.2203,5.5829
1989-05-12,11.312225818634031,22.62445,21.50984001159668,0.0,50.304,4.1044
1989-05-13,63.9858455657959,127.971695,19.61613750457764,0.0,54.4771,37.9004
1989-05-14,1.7846856117248535,3.5693712,18.298139572143555,0.0,48.4934,0.8363
1989-05-15,1.969588279724121,3.9391766,16.085325717926025,0.0,47.3974,1.6736
1989-05-16,22.1054801940918,44.21096,15.189264297485352,0.0,51.9929,10.6452
1989-05-17,38.37876129150391,76.75752,17.96431255340576,0.0,53.0659,22.4578
1989-05-18,41.95328712463379,83.90657,18.639479637146,0.0,52.4395,30.391900000000003
1989-05-19,0.0702605247497558,0.14052105,21.25562191009521,0.0,48.0986,0.8929
1989-05-20,5.978095293045044,11.95619,21.07025718688965,0.0,48.7403,3.7388
1989-05-21,8.150402069091797,16.300804,21.74138164520264,0.0,49.1096,3.3708
1989-05-22,2.181381583213806,4.3627634,22.868152618408203,0.0,47.3315,0.9062
1989-05-23,25.04849433898925,50.09699,21.3883695602417,0.0,52.5245,12.9279
1989-05-24,35.643415451049805,71.286835,19.70605659484864,0.0,52.8977,20.2299
1989-05-25,0.3327128887176513,0.6654258,20.4359130859375,0.0,48.1349,0.9264
1989-05-26,1.4007198810577393,2.8014398,20.0200777053833,0.0,46.7273,1.4241
1989-05-27,5.351861238479614,10.703722,18.42684936523437,0.0,47.0651,1.9429
1989-05-28,11.087603330612184,22.175207,20.908430099487305,0.0,48.9525,3.8768
1989-05-29,35.350345611572266,70.70069,19.26677703857422,0.0,53.2467,17.8034
1989-05-30,9.959954738616943,19.91991,17.88752269744873,0.0,50.0623,5.0344
1989-05-31,0.4996523857116699,0.9993048,19.84480571746826,0.0,47.4079,0.9547
1989-06-01,0.0,0.0,20.40626049041748,0.0,45.7224,0.9565
1989-06-02,1.6746628284454346,3.3493257,21.52289867401123,0.0,45.2372,1.5011
1989-06-03,0.4206622838973999,0.84132457,21.531444549560547,0.0,44.4217,0.954
1989-06-04,0.5285706520080566,1.0571413,24.13183307647705,0.0,43.3389,1.0071
1989-06-05,0.0160412788391113,0.032082558,25.103530883789062,0.0,42.3794,0.9486
1989-06-06,1.599743366241455,3.1994867,25.59011745452881,0.0,42.0702,1.4312
1989-06-07,0.1798458099365234,0.35969162,27.164100646972656,0.0,41.0463,0.9414
1989-06-08,0.0246410369873046,0.049282074,26.513611793518063,0.0,39.9676,0.9375
1989-06-09,0.1309287548065185,0.2618575,27.48007583618164,0.0,38.8605,0.9333
1989-06-10,8.254506587982178,16.509014,26.65848445892334,0.0,42.3934,3.249
1989-06-11,29.15703773498535,58.314075,24.337979316711422,0.0,53.1836,10.1834
1989-06-12,7.368366241455078,14.7367325,25.559295654296875,0.0,49.3441,1.9347
1989-06-13,0.501392126083374,1.0027843,27.050323486328125,0.0,46.9769,0.9248
1989-06-14,0.0,0.0,27.164281845092773,0.0,45.2953,0.9238
1989-06-15,1.946591854095459,3.8931837,27.51283264160156,0.0,44.2269,0.9619
1989-06-16,0.3895416259765625,0.77908325,27.682204246521,0.0,43.0698,0.9214
1989-06-17,0.166637897491455,0.3332758,26.99000358581543,0.0,41.9613,0.9216
1989-06-18,74.4870491027832,148.97409,22.52733612060547,0.0,55.4961,32.1323
1989-06-19,32.97673034667969,65.95346,17.736092567443848,0.0,52.3867,21.5893
1989-06-20,1.792776107788086,3.5855522,19.666200637817383,0.0,48.2876,0.94
1989-06-21,0.88226318359375,1.7645264,19.792211532592773,0.0,46.9004,1.1219
1989-06-22,38.148393630981445,76.29678,17.683175086975098,0.0,53.4899,20.4536
1989-06-23,1.249173879623413,2.4983478,20.20738315582276,0.0,48.3508,0.9596
1989-06-24,0.0,0.0,21.58693504333496,0.0,46.39,0.9655
1989-06-25,0.135594367980957,0.27118874,23.334556579589844,0.0,44.9658,0.9655
1989-06-26,0.0785202980041503,0.1570406,25.153542518615723,0.0,43.7626,0.9636
1989-06-27,0.370375394821167,0.7407508,25.982054710388184,0.0,42.7597,0.9609
1989-06-28,10.146454334259031,20.292908,24.964667320251465,0.0,47.4797,5.1002
1989-06-29,11.025276184082031,22.050552,24.118062019348145,0.0,49.3194,3.6252
1989-06-30,17.71476173400879,35.429523,22.685176849365234,0.0,51.8279,7.8205
1989-07-01,4.048936367034912,8.097873,24.689599990844727,0.0,48.3637,1.01
1989-07-02,3.387286424636841,6.774573,24.55554580688477,0.0,47.1636,1.2759
1989-07-03,5.137705087661743,10.27541,24.70055103302002,0.0,47.247,2.2406
1989-07-04,5.820653200149536,11.641306,25.07457160949707,0.0,47.5856,2.0888
1989-07-05,1.0323679447174072,2.064736,26.22170639038086,0.0,46.1256,0.9551
1989-07-06,0.4339916706085205,0.86798334,27.15724277496338,0.0,44.6461,0.9564
1989-07-07,0.0,0.0,27.02127170562744,0.0,43.3213,0.9492
1989-07-08,0.0833656787872314,0.16673136,27.43066024780273,0.0,42.1837,0.9454
1989-07-09,1.447624385356903,2.895249,27.32620334625244,0.0,41.392,0.9419
1989-07-10,0.0,0.0,27.24300765991211,0.0,40.0333,0.9387
1989-07-11,0.0,0.0,27.345778465271,0.0,39.0037,0.9363
1989-07-12,0.1464545726776123,0.29290915,27.869797706604004,0.0,38.0018,0.9346
1989-07-13,1.7467138767242432,3.4934278,27.919363021850582,0.0,37.9101,1.4182
1989-07-14,0.0,0.0,28.269017219543457,0.0,36.6016,0.9311
1989-07-15,0.0124796032905578,0.024959207,27.82783794403076,0.0,35.4648,0.9293
1989-07-16,0.3454208970069885,0.6908418,26.79590892791748,0.0,34.7283,0.9276
1989-07-17,0.1250604391098022,0.25012088,28.413827896118164,0.0,34.3621,0.9259
1989-07-18,0.8669977188110352,1.7339954,27.98679828643799,0.0,34.1561,0.9242
1989-07-19,0.3405025005340576,0.681005,27.87110614776612,0.0,33.9342,0.9224
1989-07-20,0.8374221324920654,1.6748443,28.398411750793457,0.0,33.7392,0.9207
1989-07-21,3.368909478187561,6.7378187,27.66066074371338,0.0,35.8487,1.7071
1989-07-22,18.35859656333924,36.717194,24.52412509918213,0.0,45.7831,4.6774
1989-07-23,1.028601050376892,2.057202,25.16324234008789,0.0,44.5454,0.9155
1989-07-24,0.4155962467193603,0.8311925,27.05656719207764,0.0,42.6477,0.9728
1989-07-25,0.3980722427368164,0.7961445,26.78994941711425,0.0,41.1603,0.9121
1989-07-26,4.471127033233643,8.942254,25.19591522216797,0.0,42.379,1.8973
1989-07-27,1.7019095420837402,3.403819,24.39646625518799,0.0,41.6072,0.9087
1989-07-28,1.37245774269104,2.7449155,24.112199783325195,0.0,40.5632,1.1128
1989-07-29,1.61811625957489,3.2362325,23.264504432678223,0.0,39.9302,0.9053
1989-07-30,2.7603472471237183,5.5206947,22.49170970916748,0.0,40.8738,1.5186
1989-07-31,16.28495979309082,32.56992,24.24423789978028,0.0,47.2793,3.8429
1989-08-01,4.945088028907776,9.890176,25.066340446472168,0.0,46.0868,0.9572
1989-08-02,4.833201408386231,9.666403,24.63624668121338,0.0,45.4462,1.1082
1989-08-03,0.2365709543228149,0.4731419,25.51706886291504,0.0,43.5003,0.897
1989-08-04,0.1605253219604492,0.32105064,24.562708854675293,0.0,41.8512,0.8952
1989-08-05,0.0,0.0,25.75483512878418,0.0,40.1147,0.8936
1989-08-06,0.5755511522293091,1.1511023,26.510890007019043,0.0,38.6521,0.9034
1989-08-07,2.343881845474243,4.6877637,26.369403839111328,0.0,38.6185,1.159
1989-08-08,6.056926727294922,12.113853,26.50066947937012,0.0,40.3652,1.6118
1989-08-09,0.0,0.0,27.174063682556152,0.0,38.6709,0.8869
1989-08-10,0.0,0.0,27.118627548217773,0.0,37.6639,0.8853
1989-08-11,0.4167039394378662,0.8334079,28.20111656188965,0.0,36.9033,0.8876000000000001
1989-08-12,0.3626978397369385,0.7253957,28.342409133911133,0.0,36.208,0.8819
1989-08-13,0.4982390403747558,0.9964781,29.218191146850582,0.0,35.4777,0.8843
1989-08-14,4.089269042015076,8.178538,28.35367012023925,0.0,35.2316,0.8786
1989-08-15,0.3549282550811767,0.7098565,26.41306972503662,0.0,34.7848,0.877
1989-08-16,13.893341541290283,27.786682,24.643284797668457,0.0,41.6045,3.2542
1989-08-17,5.305600643157959,10.611201,24.8156795501709,0.0,41.8218,1.1015
1989-08-18,1.822105407714844,3.6442108,24.178751945495605,0.0,40.748,0.872
1989-08-19,0.3774102926254272,0.7548206,25.78623962402344,0.0,39.3121,0.8704
1989-08-20,4.272370338439941,8.544741,25.67059230804444,0.0,38.9794,0.8887
1989-08-21,41.25063896179199,82.50128,23.96772575378418,0.0,54.5493,12.3925
1989-08-22,1.4158660173416138,2.831732,25.69477653503418,0.0,48.3695,0.8656
1989-08-23,2.618473172187805,5.236946,25.81136703491211,0.0,47.5729,1.6238
1989-08-24,10.421373844146729,20.842747,25.44055938720703,0.0,49.1387,2.6653
1989-08-25,1.8284233808517456,3.6568468,25.482887268066406,0.0,47.2602,0.8614
1989-08-26,0.8521142601966858,1.7042285,26.4707555770874,0.0,45.9375,1.0253
1989-08-27,2.8803690671920776,5.7607384,26.028778076171875,0.0,45.1747,0.8588
1989-08-28,0.8020107746124268,1.6040215,25.833669662475582,0.0,44.1756,0.9593
1989-08-29,0.6495201587677002,1.2990403,25.45939445495605,0.0,43.4509,0.8561
1989-08-30,0.1861088275909423,0.37221766,26.354147911071777,0.0,42.3637,0.8547
1989-08-31,2.691969156265259,5.3839383,27.17632007598877,0.0,41.3345,0.8565999999999999
1989-09-01,0.447546124458313,0.89509225,26.907958984375,0.0,40.0763,0.8819
1989-09-02,10.593181610107422,21.186363,25.33018684387207,0.0,44.8058,3.5216
1989-09-03,5.190300464630127,10.380601,23.276789665222168,0.0,45.234,1.3515
1989-09-04,7.7528235912323,15.505648,22.48365306854248,0.0,47.6105,2.4529
1989-09-05,3.5335066318511963,7.0670133,23.77512836456299,0.0,46.4543,0.8477
1989-09-06,4.860361814498901,9.720724,24.74951171875,0.0,47.3627,2.1525
1989-09-07,1.33670312166214,2.6734061,25.07630920410156,0.0,45.8587,0.8433
1989-09-08,0.2832624912261963,0.566525,26.09004306793213,0.0,44.1598,0.842
1989-09-09,1.7688164710998535,3.537633,25.61164283752441,0.0,43.0144,0.8406
1989-09-10,0.0,0.0,26.299595832824707,0.0,41.1926,0.8392
1989-09-11,0.1925225257873535,0.38504505,24.4038314819336,0.0,39.8701,0.8645
1989-09-12,1.0791770219802856,2.158354,24.398468017578125,0.0,39.2879,0.8364
1989-09-13,16.542330741882324,33.084663,20.059456825256348,0.0,48.8774,5.7668
1989-09-14,4.9588823318481445,9.917765,19.56364917755127,0.0,48.3285,1.6499
1989-09-15,6.764583110809326,13.529166,21.877302169799805,0.0,48.2412,1.6375000000000002
1989-09-16,1.483773410320282,2.967547,24.077527046203613,0.0,46.5215,0.8312
1989-09-17,2.9186246395111084,5.8372493,24.58847141265869,0.0,46.2413,1.5905
1989-09-18,3.407831609249115,6.8156633,24.11016082763672,0.0,45.6713,0.8468
1989-09-19,0.5629013776779175,1.1258028,24.29029369354248,0.0,44.3095,0.8385
1989-09-20,1.2296676635742188,2.4593353,21.522984504699707,0.0,43.7128,1.0306
1989-09-21,0.1445544958114624,0.289109,22.395363807678223,0.0,42.7698,0.8254
1989-09-22,0.0,0.0,22.646233558654785,0.0,41.5323,0.8253
1989-09-23,1.574013113975525,3.1480262,22.121559143066406,0.0,41.2807,0.9131
1989-09-24,3.096567392349243,6.193135,24.099245071411133,0.0,41.6559,1.4647
1989-09-25,1.3424899578094482,2.68498,24.74152660369873,0.0,40.7427,0.8823000000000001
1989-09-26,0.240400493144989,0.480801,25.53771686553955,0.0,39.456,0.8187
1989-09-27,2.941036731004715,5.8820734,25.95731544494629,0.0,39.0979,0.8954
1989-09-28,0.7295502424240112,1.4591005,25.223000526428223,0.0,38.3253,0.8406
1989-09-29,3.725096344947815,7.4501925,23.63962745666504,0.0,39.1471,1.3022
1989-09-30,1.2158647775650024,2.4317296,21.90366840362549,0.0,38.9312,0.9203
1989-10-01,0.7528722286224365,1.5057445,21.66518783569336,0.0,38.6119,0.8929
1989-10-02,0.5385021269321442,1.0770042,21.374711990356445,0.0,38.2211,0.8362
1989-10-03,0.0704407691955566,0.14088154,21.76120376586914,0.0,37.7744,0.8086
1989-10-04,0.9368653297424316,1.8737307,21.5971622467041,0.0,37.4375,0.8694000000000001
1989-10-05,0.2615071535110473,0.5230143,20.454200744628903,0.0,36.8844,0.8058
1989-10-06,0.3246567249298095,0.64931345,21.350564002990723,0.0,36.3871,0.8062
1989-10-07,0.0793070793151855,0.15861416,20.27019500732422,0.0,35.9264,0.8028
1989-10-08,0.0799182057380676,0.15983641,18.18814277648925,0.0,35.4922,0.8019000000000001
1989-10-09,0.1757310628890991,0.35146213,17.01340675354004,0.0,35.0962,0.7998999999999999
1989-10-10,0.0,0.0,18.463054656982425,0.0,34.6741,0.7982
1989-10-11,0.0883554816246032,0.17671096,19.490593910217285,0.0,34.4334,0.7978999999999999
1989-10-12,7.905636072158813,15.811272,17.57931423187256,0.0,38.582,2.2692
1989-10-13,28.968459129333496,57.93692,16.90348529815674,0.0,53.455,9.2836
1989-10-14,0.5964028835296631,1.1928058,19.55334854125977,0.0,48.2455,0.7923
1989-10-15,0.0258734226226806,0.051746845,21.281084060668945,0.0,46.5728,0.791
1989-10-16,8.618992328643799,17.237984,18.34261512756348,0.0,49.6675,3.4554
1989-10-17,2.304083466529846,4.6081667,14.827873229980469,0.0,47.7008,0.7885
1989-10-18,0.0006707906723022,0.0013415813,15.158416748046877,0.0,46.3081,0.7873
1989-10-19,0.0324400663375854,0.06488013,14.658867359161375,0.0,45.4613,0.7862
1989-10-20,0.0,0.0,14.261908531188965,0.0,44.5308,0.785
1989-10-21,0.0,0.0,15.650874137878418,0.0,43.584,0.7838
1989-10-22,0.1741071939468383,0.3482144,17.893181800842285,0.0,42.714,0.7843
1989-10-23,0.1301534175872802,0.26030684,18.23653030395508,0.0,41.8256,0.7813
1989-10-24,0.1149467229843139,0.22989345,18.035768508911133,0.0,40.958,0.7815
1989-10-25,0.3377835750579834,0.67556715,19.419743537902832,0.0,40.1498,0.7786
1989-10-26,0.0,0.0,20.37596702575684,0.0,39.1631,0.7773
1989-10-27,0.0595903396606445,0.11918068,21.599719047546387,0.0,38.4212,0.7771
1989-10-28,1.2719482779502869,2.5438967,21.248764038085938,0.0,38.1002,0.7746999999999999
1989-10-29,1.0036371648311615,2.0072744,19.41472244262696,0.0,38.0886,0.8265
1989-10-30,0.0,0.0,20.15455436706543,0.0,37.5625,0.7718
1989-10-31,0.182878315448761,0.36575663,20.165599822998047,0.0,37.1799,0.7828999999999999
1989-11-01,0.0,0.0,18.27319526672364,0.0,36.7358,0.7775
1989-11-02,0.2239829301834106,0.44796586,15.512300491333008,0.0,36.3394,0.7696
1989-11-03,0.0072686076164245,0.014537215,16.793058395385742,0.0,35.9806,0.7662
1989-11-04,0.0,0.0,18.629128456115723,0.0,35.5358,0.7648
1989-11-05,0.0,0.0,19.550660133361816,0.0,35.1678,0.7634
1989-11-06,0.1019768714904785,0.20395374,20.371909141540527,0.0,34.797,0.762
1989-11-07,0.0630960166454315,0.12619203,20.206175804138184,0.0,34.4837,0.7606
1989-11-08,0.1079577207565307,0.21591544,18.99327278137207,0.0,34.2137,0.7592
1989-11-09,0.0,0.0,15.347278594970703,0.0,34.0599,0.7578
1989-11-10,0.0,0.0,14.237585544586182,0.0,33.965,0.7564
1989-11-11,0.0,0.0,15.14363956451416,0.0,33.7939,0.7549
1989-11-12,0.7022184133529663,1.4044368,17.021008491516113,0.0,33.9037,0.8336999999999999
1989-11-13,0.9378418922424316,1.8756838,15.113818645477297,0.0,33.8357,0.7521
1989-11-14,1.8287140130996704,3.657428,12.12552261352539,0.0,35.2328,1.2344
1989-11-15,0.2005958557128906,0.4011917,11.156476974487305,0.0,35.1494,0.7493
1989-11-16,0.1120109558105468,0.22402191,12.29070806503296,0.0,35.0052,0.7487
1989-11-17,1.3056559562683103,2.611312,12.310787200927734,0.0,35.1981,0.8344
1989-11-18,0.5997644662857056,1.1995289,12.781269550323486,0.0,35.0521,0.7451
1989-11-19,0.1307992339134216,0.26159847,9.001440048217773,0.0,34.8336,0.7447
1989-11-20,0.3478109240531921,0.69562185,8.027931690216064,0.0,34.642,0.7423
1989-11-21,0.0,0.0,10.962351322174072,0.0,34.4447,0.7409
1989-11-22,2.8615118265151978,5.7230234,13.170364379882812,0.0,36.3361,1.3947
1989-11-23,30.53311061859131,61.066223,11.963035583496094,0.0,53.5429,9.390899999999998
1989-11-24,2.7728545665740967,5.545709,12.818224906921388,0.0,49.3788,1.4806
1989-11-25,0.0125636756420135,0.025127351,14.216585159301758,0.0,47.5019,0.7355
1989-11-26,0.0,0.0,14.054712772369385,0.0,46.2978,0.7342
1989-11-27,0.0,0.0,14.155313491821287,0.0,45.3502,0.733
1989-11-28,0.1033554077148437,0.20671082,8.827433109283447,0.0,44.7277,0.7324
1989-11-29,0.0035302639007568,0.007060528,4.588695049285889,0.0,44.2956,0.7504000000000001
1989-11-30,0.0751900672912597,0.15038013,5.160635232925415,0.0,43.8897,0.739
1989-12-01,0.0480894446372985,0.09617889,5.862137317657471,0.0,43.505,0.7342
1989-12-02,0.0219653844833374,0.04393077,6.651219129562378,0.0,43.1234,0.7297
1989-12-03,0.0,0.0,7.118638038635254,0.0,42.6895,0.7265
1989-12-04,0.0038139224052429,0.007627845,7.868869781494141,0.0,42.2516,0.7255999999999999
1989-12-05,0.1221134066581726,0.24422681,8.09679102897644,0.0,41.6778,0.7229
1989-12-06,0.0,0.0,8.666257858276367,0.0,41.0477,0.7216
1989-12-07,0.0036902725696563,0.007380545,9.258310317993164,0.0,40.5035,0.7203
1989-12-08,0.0562029778957366,0.112405956,9.617670059204102,0.0,39.9891,0.719
1989-12-09,0.06461101770401,0.12922204,8.04112434387207,0.0,39.5142,0.7181
1989-12-10,0.056424006819725,0.11284801,8.913726329803467,0.0,39.0174,0.7164
1989-12-11,0.0,0.0,11.0686993598938,0.0,38.3965,0.7151
1989-12-12,0.1466713547706604,0.2933427,12.242570400238035,0.0,37.9414,0.7145
1989-12-13,0.0,0.0,12.60718297958374,0.0,37.4965,0.7125
1989-12-14,0.0214858353137969,0.04297167,11.087712287902832,0.0,37.3024,0.7119000000000001
1989-12-15,0.093254417181015,0.18650883,9.000596046447754,0.0,37.0936,0.7099
1989-12-16,0.0304088294506073,0.06081766,8.009676456451416,0.0,36.8465,0.7086
1989-12-17,0.0562774091958999,0.11255482,8.17532467842102,0.0,36.5983,0.7073
1989-12-18,0.0,0.0,9.07535457611084,0.0,36.3105,0.706
1989-12-19,0.0772748589515686,0.15454972,10.854377269744871,0.0,36.0846,0.705
1989-12-20,0.0,0.0,12.981840133666992,0.0,35.8546,0.7034
1989-12-21,12.397179126739502,24.794357,11.728411674499512,0.0,44.5718,4.072
1989-12-22,0.3020555973052978,0.6041112,11.692485809326172,0.0,44.0078,0.7008
1989-12-23,5.0123209953308105,10.024642,9.093721866607666,0.0,46.533,2.0942
1989-12-24,0.052493616938591,0.104987234,7.254832029342651,0.0,45.7361,0.6982
1989-12-25,1.114721596240997,2.229443,8.702027320861816,0.0,45.645,0.9407
1989-12-26,10.28847885131836,20.576958,7.810542821884155,0.0,50.1839,3.5978000000000003
1989-12-27,0.0669870376586914,0.13397408,7.036081790924072,0.0,47.8631,0.6944
1989-12-28,3.249192595481873,6.4983854,7.944318056106567,0.0,48.1213,1.5562
1989-12-29,0.0895758271217346,0.17915165,6.667142868041992,0.0,46.9193,0.692
1989-12-30,0.0547088980674743,0.109417796,6.486105918884277,0.0,46.0264,0.6909
1989-12-31,0.0247175693511962,0.04943514,7.849258661270142,0.0,45.3854,0.6898
1990-01-01,3.652596116065979,7.305192,8.873501777648926,0.0,47.058,1.8368
1990-01-02,0.771239161491394,1.5424783,9.480062484741213,0.0,46.3121,0.6949
1990-01-03,0.1928119361400604,0.38562387,8.79515266418457,0.0,45.6827,0.6865
1990-01-04,0.2021427154541015,0.40428543,8.476715564727783,0.0,45.1305,0.6878
1990-01-05,0.1369762420654297,0.27395248,8.01674771308899,0.0,44.6408,0.6843
1990-01-06,0.0348970890045166,0.06979418,11.4002685546875,0.0,44.1324,0.6833
1990-01-07,0.2285959720611572,0.45719194,11.042037010192873,0.0,43.7133,0.6826
1990-01-08,0.1346538066864013,0.2693076,12.008313655853271,0.0,43.2673,0.6826
1990-01-09,0.1289747059345245,0.2579494,12.52013111114502,0.0,42.8333,0.6799
1990-01-10,5.956194162368774,11.912388,12.165310859680176,0.0,46.0001,2.3606
1990-01-11,3.569974780082702,7.13995,10.7611722946167,0.0,46.8563,1.4217
1990-01-12,0.9016339778900146,1.803268,11.859308242797852,0.0,46.0807,0.6765
1990-01-13,2.7926113605499268,5.5852227,9.38466739654541,0.0,46.9739,1.5313
1990-01-14,6.080723524093628,12.161448,9.712327480316162,0.0,48.7364,2.2844
1990-01-15,12.485124111175535,24.97025,9.402104377746582,0.0,50.9161,4.0649
1990-01-16,0.2427107095718383,0.48542142,5.496067047119141,0.0,48.0893,0.6725
1990-01-17,0.4318717122077942,0.8637434,7.49509072303772,0.0,46.8622,0.7286999999999999
1990-01-18,12.39686393737793,24.793728,8.699303150177002,0.0,50.8268,4.7855
1990-01-19,19.986621856689453,39.973244,8.429601669311523,0.0,52.4545,8.6446
1990-01-20,1.959463894367218,3.9189277,4.137661933898926,0.0,48.6677,0.9879
1990-01-21,2.9626431465148926,5.9252863,4.716360569000244,0.0,48.1224,1.5842
1990-01-22,12.884000301361084,25.768002,6.360027313232422,0.0,51.0232,6.1536
1990-01-23,6.323038101196289,12.646076,3.977084159851074,0.0,49.5875,2.8903
1990-01-24,0.0976850986480712,0.1953702,2.850768804550171,0.0,47.6764,0.7958999999999999
1990-01-25,0.2338207960128784,0.4676416,5.549405097961426,0.0,46.5857,0.6940999999999999
1990-01-26,0.0,0.0,8.503337860107422,0.0,45.8174,0.6829
1990-01-27,0.0506952404975891,0.10139048,10.462884902954102,0.0,45.1708,0.6837
1990-01-28,0.2047276496887207,0.4094553,13.021305084228516,0.0,44.5544,0.684
1990-01-29,0.0263646841049194,0.05272937,14.535609245300291,0.0,43.8809,0.6841
1990-01-30,2.678131103515625,5.356262,13.663899421691896,0.0,44.1854,1.1526999999999998
1990-01-31,12.637717723846436,25.275436,4.172274112701416,0.0,49.5178,5.319500000000001
1990-02-01,5.313625335693359,10.627251,1.3975229263305664,0.03,49.3929,2.756
1990-02-02,3.9045969247817993,7.8091936,3.3064574003219604,0.0,48.8381,2.1574
1990-02-03,6.377252578735352,12.754505,4.778979301452637,0.0,49.2865,3.04
1990-02-04,4.39821195602417,8.796424,4.14783239364624,0.0,48.7619,2.1823
1990-02-05,0.4905028343200683,0.98100567,5.6335742473602295,0.0,47.2897,0.6862
1990-02-06,0.964483380317688,1.9289668,9.105192184448242,0.0,46.5843,1.0061
1990-02-07,0.0,0.0,13.198379039764404,0.0,45.622,0.6885
1990-02-08,1.624691128730774,3.2493823,14.750730514526367,0.0,45.5724,1.2332
1990-02-09,0.2929708957672119,0.5859418,15.272511005401611,0.0,44.8367,0.6889
1990-02-10,0.6402668952941895,1.2805338,17.07689666748047,0.0,44.3022,0.8401
1990-02-11,2.1252700090408325,4.25054,14.353724479675291,0.0,43.967,0.6882
1990-02-12,1.639178216457367,3.2783566,11.74795627593994,0.0,44.2919,1.2402
1990-02-13,1.2703479528427124,2.540696,11.960702896118164,0.0,43.993,0.687
1990-02-14,0.1205348968505859,0.2410698,12.6995530128479,0.0,43.4739,0.6876
1990-02-15,4.797518014907837,9.595036,14.578250408172607,0.0,45.1579,1.9736
1990-02-16,2.3308703899383545,4.661741,13.336106300354004,0.0,44.9952,0.8097
1990-02-17,0.0,0.0,12.54344654083252,0.0,44.5313,0.6839
1990-02-18,8.255109310150146,16.51022,13.910244464874268,0.0,48.3758,3.9253
1990-02-19,0.0,0.0,15.936774253845217,0.0,46.6789,0.6822
1990-02-20,1.9933013916015625,3.9866028,13.282326221466064,0.0,46.6846,1.3492
1990-02-21,3.0729267597198486,6.1458535,14.60765266418457,0.0,46.5388,1.0659
1990-02-22,12.66756296157837,25.335125,14.611335754394531,0.0,50.6039,5.2195
1990-02-23,18.230408668518063,36.460815,10.89555597305298,0.0,51.7704,7.379799999999999
1990-02-24,4.9758501052856445,9.9517,7.475738286972046,0.0,49.3881,2.4008
1990-02-25,5.025734663009644,10.05147,4.193483114242554,0.0,48.939,2.5095
1990-02-26,3.694565415382385,7.3891306,3.1107518672943115,0.0,48.5411,2.1469
1990-02-27,17.38462543487549,34.76925,4.4262635707855225,0.0,51.7718,9.1794
1990-02-28,24.862289428710938,49.72458,6.186393976211548,0.0,52.3878,14.3554
1990-03-01,0.9926273822784424,1.9852548,7.247886896133423,0.0,48.4288,0.7062
1990-03-02,1.3234586715698242,2.6469173,6.905745029449463,0.0,47.5011,1.2677
1990-03-03,3.143237352371216,6.2864747,7.206713438034058,0.0,47.4604,1.6896
1990-03-04,4.872207164764404,9.744414,6.799613237380981,0.0,48.1774,2.5272
1990-03-05,0.1020699739456176,0.20413995,7.891794443130493,0.0,46.813,0.7238
1990-03-06,0.1661838293075561,0.33236766,7.843123912811279,0.0,45.7992,0.7272
1990-03-07,0.2417550086975097,0.48351002,8.3348069190979,0.0,44.9913,0.726
1990-03-08,0.4304687976837158,0.8609376,9.291183948516846,0.0,44.3465,0.7797
1990-03-09,0.0966029167175293,0.19320583,12.07892894744873,0.0,43.6594,0.726
1990-03-10,0.0534852743148803,0.10697055,13.32821559906006,0.0,42.9945,0.7263000000000001
1990-03-11,5.413034915924072,10.82607,14.26966667175293,0.0,45.0246,2.2924
1990-03-12,0.7239892482757568,1.4479785,14.641666412353516,0.0,44.4936,0.7241
1990-03-13,0.4387083053588867,0.8774166,14.55855941772461,0.0,43.8486,0.7967000000000001
1990-03-14,0.0634396076202392,0.12687922,16.959802627563477,0.0,43.1003,0.7223
1990-03-15,0.1169142723083496,0.23382854,17.260966300964355,0.0,42.4712,0.7226
1990-03-16,1.532397747039795,3.0647955,13.432459354400637,0.0,42.2047,0.7226999999999999
1990-03-17,0.5126504898071289,1.025301,13.998773097991943,0.0,41.8402,0.7868999999999999
1990-03-18,0.4923114776611328,0.98462296,14.494165420532228,0.0,41.4051,0.7213999999999999
1990-03-19,0.6033444404602051,1.2066889,14.468526363372805,0.0,40.9034,0.7714
1990-03-20,0.6850521564483643,1.3701043,14.988956451416016,0.0,40.3329,0.757
1990-03-21,0.1157605648040771,0.23152113,17.389681816101074,0.0,39.613,0.7152000000000001
1990-03-22,0.2385931015014648,0.4771862,18.69644927978516,0.0,38.8738,0.7131
1990-03-23,2.03903603553772,4.078072,19.645163536071777,0.0,38.8164,0.984
1990-03-24,5.131282329559326,10.262565,20.395463943481445,0.0,39.7169,1.3516
1990-03-25,5.089075326919556,10.17815,18.322614669799805,0.0,41.6131,1.6988
1990-03-26,1.4726752042770386,2.9453504,15.28491497039795,0.0,41.396,0.708
1990-03-27,0.0800955295562744,0.16019106,16.758139610290527,0.0,40.7948,0.708
1990-03-28,0.1680188179016113,0.33603764,19.6316556930542,0.0,40.0844,0.7055
1990-03-29,5.08265495300293,10.16531,17.50193214416504,0.0,42.6995,2.1475
1990-03-30,28.37924194335937,56.758484,13.223275184631348,0.0,53.4435,9.628
1990-03-31,4.578858613967896,9.157717,14.331992149353027,0.0,49.4798,1.7644
1990-04-01,6.953938007354736,13.907876,17.463903427124023,0.0,49.0254,2.0821
1990-04-02,11.30631971359253,22.61264,17.111604690551758,0.0,50.4597,4.0752
1990-04-03,26.7838191986084,53.56764,17.286096572875977,0.0,52.9499,12.0229
1990-04-04,0.169309377670288,0.33861876,14.261456489562988,0.0,48.2964,0.7039
1990-04-05,0.6492123603820801,1.2984247,11.915156841278076,0.0,46.8242,0.8796
1990-04-06,1.014993667602539,2.0299873,14.31428337097168,0.0,45.8155,0.7087
1990-04-07,2.1778547763824463,4.3557096,17.076184272766113,0.0,45.5349,1.2967
1990-04-08,2.878202676773072,5.7564054,15.355137348175049,0.0,45.0586,0.7095
1990-04-09,0.347144603729248,0.6942892,16.813533782958984,0.0,44.0502,0.7248
1990-04-10,10.493754863739014,20.98751,17.9256010055542,0.0,47.8772,3.7081
1990-04-11,34.43315887451172,68.86632,17.570191383361816,0.0,53.5396,15.7342
1990-04-12,0.443688154220581,0.8873763,17.007179260253906,0.0,48.3555,0.7123
1990-04-13,0.2577378749847412,0.51547575,14.414612770080566,0.0,46.5684,0.7248
1990-04-14,0.5621623992919922,1.1243248,14.394177913665771,0.0,45.5123,0.7189
1990-04-15,7.473454236984253,14.946909,13.759874820709229,0.0,48.215,3.7919
1990-04-16,32.773146629333496,65.546295,12.44907808303833,0.0,53.374,16.6856
1990-04-17,1.6148440837860107,3.2296882,11.457868576049805,0.0,48.6151,0.8375999999999999
1990-04-18,0.0,0.0,13.164231300354004,0.0,46.9699,0.7345
1990-04-19,17.8720703125,35.74414,13.788568019866943,0.0,51.6758,9.6614
1990-04-20,10.30890941619873,20.617819,16.603124618530273,0.0,50.1855,4.5488
1990-04-21,3.8503284454345694,7.700657,18.920604705810547,0.0,48.1122,1.0489
1990-04-22,11.106606006622314,22.213211,19.48333168029785,0.0,49.3573,4.0019
1990-04-23,7.326154708862305,14.652309,15.631791591644289,0.0,48.9424,2.6796
1990-04-24,8.073209285736084,16.14642,13.876238822937012,0.0,49.3094,3.4484000000000004
1990-04-25,22.400354385375977,44.80071,13.164830684661863,0.0,52.263,11.8305
1990-04-26,0.22113037109375,0.44226074,16.51211452484131,0.0,48.1339,0.7704
1990-04-27,0.5555980205535889,1.111196,19.68334674835205,0.0,46.422,0.8637999999999999
1990-04-28,0.4036753177642822,0.80735064,21.662692070007324,0.0,45.2106,0.7778
1990-04-29,0.1143913269042968,0.22878265,23.467583656311035,0.0,43.9931,0.7806
1990-04-30,0.3035519123077392,0.6071038,23.989347457885746,0.0,42.8986,0.7783
1990-05-01,0.197056770324707,0.39411354,23.702609062194824,0.0,41.8301,0.7817999999999999
1990-05-02,0.0,0.0,24.1824951171875,0.0,40.6181,0.7768
1990-05-03,14.558029651641846,29.116058,21.642024040222168,0.0,48.0543,6.1176
1990-05-04,10.687437057495115,21.374874,15.350420475006104,0.0,49.876,3.6835
1990-05-05,0.2598166465759277,0.5196333,15.764094829559326,0.0,47.2856,0.7736
1990-05-06,0.0,0.0,18.14026260375977,0.0,45.4802,0.7728
1990-05-07,0.0,0.0,20.72947120666504,0.0,43.9435,0.7719
1990-05-08,0.1689958572387695,0.3379917,21.972702980041504,0.0,42.7544,0.771
1990-05-09,0.8396453857421875,1.6792908,21.275575637817383,0.0,42.0708,0.7697
1990-05-10,0.0,0.0,22.277762413024902,0.0,40.8272,0.7685
1990-05-11,17.61706829071045,35.23414,20.558305740356445,0.0,50.3724,6.5427
1990-05-12,42.85861015319824,85.717224,19.27246189117432,0.0,54.3783,18.7987
1990-05-13,22.346120834350582,44.69224,20.61002254486084,0.0,51.9996,10.7157
1990-05-14,1.4138693809509275,2.8277388,21.781513214111328,0.0,48.0715,0.7767
1990-05-15,0.0107638835906982,0.021527767,22.0630521774292,0.0,46.2873,0.7808
1990-05-16,0.0,0.0,21.203754425048828,0.0,44.6986,0.7823
1990-05-17,4.135679960250855,8.27136,19.717485427856445,0.0,45.8972,2.3761
1990-05-18,11.457221508026125,22.914444,17.12234401702881,0.0,49.8409,4.9719
1990-05-19,5.964098691940308,11.928198,18.56885814666748,0.0,48.4108,1.5134
1990-05-20,0.0515644550323486,0.10312891,21.084980964660645,0.0,46.4401,0.7824
1990-05-21,1.0629262924194336,2.1258526,21.69917392730713,0.0,45.204,1.0172
1990-05-22,0.0,0.0,21.926539421081543,0.0,43.8117,0.7818
1990-05-23,1.6732743978500366,3.3465488,19.78761100769043,0.0,43.7213,1.2787000000000002
1990-05-24,10.230889320373535,20.461779,16.128257274627686,0.0,48.0414,3.8774
1990-05-25,1.4581358432769775,2.9162717,17.529621124267578,0.0,46.6273,0.779
1990-05-26,15.002707958221436,30.005417,15.413034915924072,0.0,51.5201,6.9211
1990-05-27,21.72807884216309,43.456158,16.866052627563477,0.0,52.3851,9.6782
1990-05-28,0.3480520248413086,0.69610405,19.48409938812256,0.0,48.2323,0.7799
1990-05-29,0.0,0.0,21.77376270294189,0.0,46.3237,0.7822
1990-05-30,0.0884613990783691,0.1769228,23.818567276000977,0.0,45.0543,0.7831
1990-05-31,12.504869937896729,25.009739,23.970443725585938,0.0,49.4881,5.59
1990-06-01,58.52819061279297,117.05638,20.020583152771,0.0,54.5411,33.2261
1990-06-02,1.7868375778198242,3.5736752,20.268441200256348,0.0,48.6026,0.7999
1990-06-03,6.595628023147583,13.191256,20.102548599243164,0.0,49.1674,4.1647
1990-06-04,4.995625019073486,9.99125,20.98842430114746,0.0,48.0576,1.5535
1990-06-05,0.0,0.0,22.18795108795166,0.0,46.0513,0.8194
1990-06-06,4.866649389266968,9.733299,22.0163803100586,0.0,46.9958,2.7944
1990-06-07,6.200049161911011,12.400099,21.77449512481689,0.0,47.3482,1.8487
1990-06-08,18.08406162261963,36.16812,22.398611068725582,0.0,51.5386,7.800400000000001
1990-06-09,0.2389752864837646,0.47795057,22.418063163757324,0.0,47.8681,0.8223
1990-06-10,0.4702646732330322,0.94052935,22.919289588928223,0.0,46.0619,0.8258
1990-06-11,4.179168701171875,8.358337,23.60960960388184,0.0,45.4748,0.8664999999999999
1990-06-12,26.704486846923828,53.408974,23.34165573120117,0.0,52.812,12.4621
1990-06-13,11.13036298751831,22.260727,23.423646926879883,0.0,50.3314,4.6115
1990-06-14,1.4750607013702393,2.9501214,26.753296852111816,0.0,47.5388,0.8304
1990-06-15,1.946591854095459,3.8931837,26.79882049560547,0.0,46.4535,1.521
1990-06-16,4.0938568115234375,8.187714,25.592761993408203,0.0,45.7774,0.8339
1990-06-17,3.632258415222168,7.264517,24.11362361907959,0.0,46.5886,2.325
1990-06-18,2.5772337913513184,5.1544676,25.01598644256592,0.0,45.6791,0.8342
1990-06-19,3.688851356506348,7.3777027,25.56186866760254,0.0,45.596,1.841
1990-06-20,2.737621784210205,5.4752436,26.502888679504395,0.0,44.8045,0.8331
1990-06-21,0.2018971443176269,0.4037943,26.86962604522705,0.0,43.5334,0.8322
1990-06-22,0.6608285903930664,1.3216572,26.688197135925293,0.0,42.6224,0.8311
1990-06-23,1.363887071609497,2.7277741,26.33427906036377,0.0,42.6421,1.3458
1990-06-24,0.7277383804321289,1.4554768,25.090600967407227,0.0,42.0594,0.8287
1990-06-25,7.345045328140259,14.69009,25.664512634277344,0.0,45.1082,3.1756
1990-06-26,0.1641604900360107,0.32832098,27.1701078414917,0.0,43.7934,0.826
1990-06-27,1.398982048034668,2.797964,28.036954879760746,0.0,43.5265,1.3808
1990-06-28,2.2476625442504883,4.495325,28.18557643890381,0.0,42.6854,0.8232
1990-06-29,2.336352586746216,4.672705,27.190673828125,0.0,42.8309,1.4344
1990-06-30,8.76981496810913,17.53963,23.793526649475098,0.0,46.2114,2.6656
1990-07-01,7.489596366882324,14.979193,25.254908561706543,0.0,47.4435,1.9836
1990-07-02,8.402371406555176,16.804743,25.52733612060547,0.0,48.2736,2.0425
1990-07-03,1.302740454673767,2.605481,26.44981861114502,0.0,46.5196,0.8162
1990-07-04,8.891215801239014,17.782433,26.85153293609619,0.0,49.2143,3.6572
1990-07-05,1.0703003406524658,2.1406007,28.365548133850098,0.0,46.9379,0.8136
1990-07-06,0.4339916706085205,0.86798334,28.163862228393555,0.0,45.1936,0.8149
1990-07-07,0.0,0.0,27.77734088897705,0.0,43.4186,0.8111
1990-07-08,0.0833656787872314,0.16673136,27.99429607391357,0.0,41.7354,0.8098
1990-07-09,0.0,0.0,28.36319351196289,0.0,39.6808,0.8084
1990-07-10,2.8443312644958496,5.6886625,27.96116065979004,0.0,39.9126,1.5527000000000002
1990-07-11,0.0,0.0,27.979620933532715,0.0,38.4451,0.8055
1990-07-12,0.1464545726776123,0.29290915,27.91058349609375,0.0,37.4853,0.8128000000000001
1990-07-13,0.9260973930358888,1.8521948,27.849573135375977,0.0,36.8395,0.8026
1990-07-14,3.129059314727783,6.2581186,26.258846282958984,0.0,37.9454,1.4928
1990-07-15,0.4684482216835022,0.93689644,26.280555725097656,0.0,37.2254,0.7997
1990-07-16,0.3452008366584778,0.6904017,27.72893524169922,0.0,36.4436,0.8052
1990-07-17,0.1250604391098022,0.25012088,28.02027130126953,0.0,35.7478,0.7967
1990-07-18,0.5706833600997925,1.1413667,28.0264196395874,0.0,35.2094,0.8141
1990-07-19,1.0436865091323853,2.087373,27.677803993225098,0.0,34.8223,0.7937
1990-07-20,8.165133953094482,16.330269,26.99007129669189,0.0,40.0792,2.7324
1990-07-21,0.0918707847595214,0.18374157,27.45819664001465,0.0,38.605,0.7907
1990-07-22,0.4328620433807373,0.8657241,26.924097061157227,0.0,37.7361,0.7899
1990-07-23,0.4298654794692993,0.85973096,27.13720798492432,0.0,37.0039,0.7878
1990-07-24,0.6104577779769897,1.2209156,27.949990272521973,0.0,36.2253,0.7863
1990-07-25,1.6912683248519895,3.3825366,27.38705921173096,0.0,35.8238,0.7848
1990-07-26,0.4624593257904053,0.92491865,27.9799919128418,0.0,35.3364,0.7974
1990-07-27,1.5705357789993286,3.1410716,26.50568008422852,0.0,35.0363,0.7819
1990-07-28,1.410961389541626,2.8219228,27.326125144958496,0.0,35.3849,0.9709
1990-07-29,1.2974116802215576,2.5948234,26.900662422180176,0.0,34.9702,0.7789
1990-07-30,1.93469762802124,3.8693953,25.19269371032715,0.0,35.9171,1.1566999999999998
1990-07-31,8.283396005630493,16.566792,24.044586181640625,0.0,39.2034,1.8472
1990-08-01,11.654752731323242,23.309505,24.92960834503174,0.0,45.0585,3.0183
1990-08-02,7.553444623947143,15.10689,24.906222343444824,0.0,47.3944,2.2835
1990-08-03,9.005817413330078,18.011635,24.0516996383667,0.0,49.9492,2.9288
1990-08-04,14.561573028564451,29.123146,25.36902904510498,0.0,50.8097,3.2414
1990-08-05,2.107967257499695,4.2159348,26.19293785095215,0.0,47.8595,0.7687
1990-08-06,0.3991353511810303,0.7982707,26.83860969543457,0.0,46.0593,0.7673
1990-08-07,0.1213686466217041,0.2427373,26.954792976379395,0.0,44.4834,0.7659
1990-08-08,0.696397066116333,1.3927941,27.410215377807617,0.0,42.8039,0.7985
1990-08-09,6.402588486671448,12.805177,26.72384738922119,0.0,43.3238,1.0538
1990-08-10,5.33075761795044,10.661515,24.55610084533692,0.0,43.1375,0.8213
1990-08-11,0.4666738510131836,0.9333477,26.875534057617188,0.0,41.5883,0.7656
1990-08-12,0.4372704029083252,0.8745408,27.49557304382324,0.0,39.8047,0.7608
1990-08-13,2.3028054237365723,4.605611,27.31144905090332,0.0,39.1908,0.907
1990-08-14,0.0844588279724121,0.16891766,27.31007671356201,0.0,37.9168,0.756
1990-08-15,0.0172253847122192,0.03445077,28.01303100585937,0.0,37.1695,0.7546
1990-08-16,0.3507207632064819,0.7014415,27.57869243621826,0.0,36.4283,0.754
1990-08-17,0.5322185754776001,1.0644372,27.73511981964112,0.0,35.7164,0.7633
1990-08-18,0.9677934646606444,1.9355869,27.528632164001465,0.0,35.4995,0.855
1990-08-19,3.439980626106262,6.879961,26.51900291442871,0.0,35.9811,0.9931
1990-08-20,67.94166946411133,135.88333,24.11875820159912,0.0,55.7499,24.0038
1990-08-21,63.18812942504883,126.37626,23.847386360168457,0.0,54.422,37.9263
1990-08-22,36.06738090515137,72.134766,22.98983097076416,0.0,51.9784,24.8267
1990-08-23,12.811319828033447,25.622639,21.67417621612549,0.0,50.5744,7.1466
1990-08-24,1.249976396560669,2.4999528,24.63003253936768,0.0,47.6451,0.7945
1990-08-25,0.5227019786834717,1.045404,25.332883834838867,0.0,46.0122,0.8387
1990-08-26,0.0422673225402832,0.084534645,26.262216567993164,0.0,44.6944,0.801
1990-08-27,0.0556116104125976,0.11122322,26.34107685089112,0.0,43.4577,0.8013
1990-08-28,0.0,0.0,26.155749320983887,0.0,42.2445,0.8009
1990-08-29,0.0741276741027832,0.14825535,24.014920234680176,0.0,41.3665,0.8001
1990-08-30,0.1861088275909423,0.37221766,24.660775184631348,0.0,40.3838,0.799
1990-08-31,1.554190158843994,3.1083803,25.54570579528809,0.0,40.1579,1.0594
1990-09-01,1.0037609338760376,2.0075219,24.26799297332764,0.0,39.7971,0.8138
1990-09-02,5.2568347454071045,10.51367,21.75267219543457,0.0,42.4717,2.5092
1990-09-03,4.849963665008545,9.699927,21.894110679626465,0.0,43.6903,1.5729000000000002
1990-09-04,1.416531324386597,2.8330626,24.053006172180176,0.0,43.0665,0.7928
1990-09-05,0.8859798908233643,1.7719598,24.664682388305664,0.0,42.4686,0.9711
1990-09-06,2.483219146728516,4.9664383,25.467344284057617,0.0,41.9215,0.7901
1990-09-07,4.656333684921265,9.312668,24.4789514541626,0.0,44.317,2.5415
1990-09-08,32.24968910217285,64.499374,23.431665420532227,0.0,53.7511,12.4028
1990-09-09,50.93525695800781,101.870514,22.64055728912353,0.0,54.3254,28.2001
1990-09-10,23.196365356445312,46.39273,23.35147380828857,0.0,51.5818,13.6546
1990-09-11,7.006876468658447,14.013753,23.24393367767334,0.0,49.7414,4.2049
1990-09-12,3.3051540851593018,6.610308,23.881983757019043,0.0,47.9174,1.0751
1990-09-13,2.9743740558624268,5.948748,25.136374473571777,0.0,46.559,0.8294
1990-09-14,18.906084060668945,37.81217,25.27164649963379,0.0,51.2288,8.8652
1990-09-15,2.116583108901977,4.233166,24.238102912902832,0.0,48.0012,0.834
1990-09-16,0.2151330709457397,0.43026614,24.54844570159912,0.0,46.2727,0.8359
1990-09-17,0.0,0.0,23.695237159729004,0.0,44.9725,0.8367
1990-09-18,0.085924744606018,0.17184949,21.552050590515137,0.0,44.1501,1.0025
1990-09-19,0.0130165815353393,0.026033163,21.328737258911133,0.0,43.2485,0.836
1990-09-20,1.968422293663025,3.9368446,21.27917957305908,0.0,43.6443,1.5346000000000002
1990-09-21,2.996286988258362,5.9925737,23.15169143676757,0.0,43.3938,0.8343
1990-09-22,0.7372881174087524,1.4745762,22.4110107421875,0.0,42.9441,0.9965
1990-09-23,1.1243329048156738,2.2486658,21.77931785583496,0.0,42.6734,0.8469
1990-09-24,9.048612356185911,18.097225,22.726752281188965,0.0,47.832,4.7087
1990-09-25,6.912635564804077,13.825272,20.09113597869873,0.0,49.4205,3.2619
1990-09-26,0.0,0.0,21.617302894592285,0.0,47.1459,0.8286
1990-09-27,0.6122161149978638,1.2244322,22.5515661239624,0.0,46.08,1.0173
1990-09-28,0.7789747714996338,1.5579495,23.022924423217773,0.0,45.1235,0.8266
1990-09-29,0.1357671022415161,0.2715342,23.468128204345703,0.0,44.2422,0.8255
1990-09-30,1.4601479172706604,2.9202957,23.57644748687744,0.0,43.6651,0.8244
1990-10-01,10.955809116363524,21.911617,20.9260892868042,0.0,48.4909,4.1779
1990-10-02,1.4905240535736084,2.981048,18.521267890930176,0.0,47.1564,0.8219
1990-10-03,0.087225466966629,0.17445093,19.66215133666992,0.0,46.0402,0.8208
1990-10-04,0.9209084510803224,1.8418169,20.906478881835938,0.0,45.3094,0.9119
1990-10-05,0.299095869064331,0.59819174,20.7512264251709,0.0,44.3845,0.8208
1990-10-06,0.3246567249298095,0.64931345,18.5021390914917,0.0,43.4858,0.8173
1990-10-07,0.0793070793151855,0.15861416,17.30596351623535,0.0,42.6893,0.8163999999999999
1990-10-08,0.0799182057380676,0.15983641,17.96703052520752,0.0,41.9371,0.8147
1990-10-09,0.1757310628890991,0.35146213,17.047797203063965,0.0,41.2491,0.8148
1990-10-10,0.0,0.0,16.673943519592285,0.0,40.5532,0.8119
1990-10-11,0.0883554816246032,0.17671096,17.498696327209473,0.0,39.923,0.8121
1990-10-12,0.027789294719696,0.05557859,18.834540367126465,0.0,39.2818,0.8091
1990-10-13,0.1447025537490844,0.2894051,19.090368270874023,0.0,38.6102,0.8097
1990-10-14,0.1735424995422363,0.347085,19.22915744781494,0.0,38.1097,0.8062
1990-10-15,0.0258734226226806,0.051746845,19.04744052886963,0.0,37.4007,0.8047
1990-10-16,0.0,0.0,17.0012788772583,0.0,36.6516,0.8033
1990-10-17,0.0,0.0,16.64052104949951,0.0,35.9513,0.8018
1990-10-18,0.0006707906723022,0.0013415813,17.46325397491455,0.0,35.3958,0.8003
1990-10-19,0.0447407960891723,0.08948159,18.351543426513672,0.0,35.0492,0.7988
1990-10-20,0.4090922176837921,0.81818444,19.30655860900879,0.0,34.7066,0.807
1990-10-21,0.5426109433174133,1.0852219,18.73677921295166,0.0,34.5681,0.7959
1990-10-22,3.936664342880249,7.8733287,19.70052433013916,0.0,37.0471,1.7371
1990-10-23,19.41986846923828,38.839737,18.758749961853027,0.0,49.6232,6.253500000000001
1990-10-24,9.128454685211182,18.256908,18.396052360534668,0.0,50.5745,3.2484
1990-10-25,0.4079381227493286,0.81587625,16.89139461517334,0.0,47.706,0.79
1990-10-26,0.0,0.0,13.06842851638794,0.0,46.1792,0.7887
1990-10-27,0.0288385152816772,0.05767703,13.160531997680664,0.0,44.9953,0.7878999999999999
1990-10-28,0.197239875793457,0.39447975,13.777621269226074,0.0,44.2474,0.7861
1990-10-29,0.1773861646652221,0.35477233,15.010655403137209,0.0,43.6152,0.7863
1990-10-30,0.0,0.0,16.253307819366455,0.0,42.656,0.7834
1990-10-31,0.0289653539657592,0.057930708,16.68418025970459,0.0,42.0929,0.7821
1990-11-01,0.0,0.0,17.675559043884277,0.0,41.3398,0.7807
1990-11-02,13.893343925476074,27.786688,17.64570903778076,0.0,49.3626,5.0971
1990-11-03,8.390923500061035,16.781847,18.19491195678711,0.0,49.7984,2.5738000000000003
1990-11-04,0.0,0.0,16.215755462646484,0.0,47.3353,0.7768
1990-11-05,0.0,0.0,16.04368257522583,0.0,46.0951,0.7757
1990-11-06,0.1059478819370269,0.21189576,16.397951126098633,0.0,45.0719,0.7746
1990-11-07,0.2484493553638458,0.4968987,16.195404052734375,0.0,44.3577,0.7764
1990-11-08,0.0926041603088378,0.18520832,19.811328887939453,0.0,43.5995,0.7722
1990-11-09,26.64990997314453,53.29982,15.632077693939207,0.0,53.343,9.8994
1990-11-10,0.0,0.0,11.562777519226074,0.0,48.3804,0.7704
1990-11-11,0.0,0.0,9.413063526153564,0.0,46.7897,0.7702
1990-11-12,0.0,0.0,10.956445693969728,0.0,45.7247,0.7698
1990-11-13,0.0056601166725158,0.011320233,12.671470165252686,0.0,44.9274,0.7693
1990-11-14,0.0,0.0,13.55984878540039,0.0,44.1754,0.7686
1990-11-15,0.0,0.0,14.062722206115724,0.0,43.616,0.7677
1990-11-16,0.1071326732635498,0.21426535,16.103397846221924,0.0,43.2815,0.7678
1990-11-17,2.08925861120224,4.1785173,17.457674026489258,0.0,43.5658,1.0516
1990-11-18,0.7110601365566254,1.4221203,18.374783515930176,0.0,43.2434,0.7647
1990-11-19,0.1307992339134216,0.26159847,19.7305326461792,0.0,42.7404,0.7649999999999999
1990-11-20,3.221059799194336,6.4421196,18.518349647521973,0.0,43.2101,1.1642
1990-11-21,1.7825610637664795,3.5651221,14.251418113708496,0.0,42.959,0.7613
1990-11-22,0.0142569541931152,0.028513908,11.746008396148682,0.0,42.4136,0.7601
1990-11-23,0.1321615576744079,0.26432312,11.089076042175291,0.0,41.9227,0.7589
1990-11-24,0.0777350962162017,0.15547019,12.332507133483888,0.0,41.4217,0.7583000000000001
1990-11-25,0.0,0.0,13.747950077056885,0.0,40.7994,0.7564
1990-11-26,0.0,0.0,15.443722248077393,0.0,40.2146,0.7552
1990-11-27,0.0,0.0,15.142287254333496,0.0,39.6555,0.7539
1990-11-28,0.1033554077148437,0.20671082,14.426083087921144,0.0,39.1599,0.7532000000000001
1990-11-29,0.0035302639007568,0.007060528,11.526991367340088,0.0,38.6809,0.7513
1990-11-30,0.0751900672912597,0.15038013,10.986961841583252,0.0,38.3067,0.7501
1990-12-01,0.0480894446372985,0.09617889,7.130952119827271,0.0,38.0851,0.7486
1990-12-02,0.0219653844833374,0.04393077,3.8252034187316895,0.0,37.8874,0.7553
1990-12-03,0.0,0.0,4.669327259063721,0.0,37.6579,0.7525
1990-12-04,0.0038139224052429,0.007627845,5.908954858779907,0.0,37.3934,0.7468
1990-12-05,0.1349775195121765,0.26995504,6.406580686569214,0.0,37.1634,0.7487999999999999
1990-12-06,0.0,0.0,7.321356058120727,0.0,36.8394,0.7419
1990-12-07,0.0,0.0,10.118001937866213,0.0,36.5959,0.7406
1990-12-08,0.0375575125217437,0.075115025,12.774056911468506,0.0,36.322,0.7393
1990-12-09,0.0703924298286438,0.14078486,12.77659273147583,0.0,36.0286,0.7384
1990-12-10,0.0522560030221939,0.104512006,12.44015645980835,0.0,35.7443,0.7366
1990-12-11,0.0,0.0,12.127155303955078,0.0,35.3983,0.7352
1990-12-12,0.1356177330017089,0.27123547,12.30804681777954,0.0,35.1904,0.7343
1990-12-13,0.3846847414970398,0.7693695,12.217370510101318,0.0,35.0166,0.7325
1990-12-14,1.010917246341705,2.0218344,13.095312118530272,0.0,35.5233,0.9488
1990-12-15,0.4259709566831589,0.85194194,11.55803632736206,0.0,35.4822,0.7298
1990-12-16,0.0427095592021942,0.08541912,12.319157600402832,0.0,35.3578,0.7285
1990-12-17,0.0557141155004501,0.11142823,13.22388792037964,0.0,35.1763,0.7271
1990-12-18,0.0183676183223724,0.036735237,11.574795722961426,0.0,35.0533,0.7258
1990-12-19,0.1504518389701843,0.30090368,11.286107063293455,0.0,34.9659,0.7244
1990-12-20,0.8910110294818878,1.782022,10.402134418487549,0.0,35.2604,0.8649
1990-12-21,0.093922734260559,0.18784547,7.194200038909912,0.0,35.1118,0.7217
1990-12-22,0.0255302190780639,0.05106044,7.634755849838257,0.0,34.9224,0.7203
1990-12-23,0.0644743740558624,0.12894875,6.004670858383179,0.0,34.7734,0.721
1990-12-24,0.0017544701695442,0.0035089403,7.495087385177612,0.0,34.6106,0.7177
1990-12-25,0.0268007516860961,0.053601503,9.736901760101318,0.0,34.4269,0.7163
1990-12-26,0.3932151198387146,0.78643024,11.056404113769531,0.0,34.3306,0.715
1990-12-27,0.0669870376586914,0.13397408,9.809060096740724,0.0,34.2238,0.7148
1990-12-28,0.1990279555320739,0.3980559,10.478790760040283,0.0,34.1315,0.7123
1990-12-29,7.873773574829102e-05,0.00015747547,12.039644241333008,0.0,34.0157,0.7111
1990-12-30,0.515146791934967,1.0302936,13.675003051757812,0.0,33.9369,0.7096
1990-12-31,5.234143495559692,10.4682865,15.40412712097168,0.0,36.9208,1.7119
1991-01-01,1.3630034029483795,2.7260067,12.640542984008787,0.0,36.878,0.7116
1991-01-02,0.2124207913875579,0.42484158,9.422570705413818,0.0,36.7889,0.716
1991-01-03,0.9709716439247132,1.9419433,8.323760986328125,0.0,36.8298,0.7268
1991-01-04,4.630459547042847,9.26092,6.76136326789856,0.0,39.8057,1.7498999999999998
1991-01-05,5.860468864440918,11.720938,5.067890882492065,0.0,43.1112,1.9758
1991-01-06,2.4077199697494507,4.81544,5.398467302322388,0.0,43.7529,1.0550000000000002
1991-01-07,1.71247535943985,3.4249506,8.0583655834198,0.0,43.6518,0.7697
1991-01-08,3.3226124048233032,6.6452246,7.30854868888855,0.0,44.93,1.3401999999999998
1991-01-09,0.0811048746109008,0.16220975,5.039555549621582,0.0,44.3218,0.7088
1991-01-10,2.5660531520843506,5.1321063,5.955579042434692,0.0,45.2306,1.2904
1991-01-11,5.309276103973389,10.618552,7.57139253616333,0.0,47.3552,1.8896
1991-01-12,0.0361740589141845,0.07234812,7.062479257583618,0.0,46.2023,0.6926
1991-01-13,0.3844170570373535,0.7688341,7.427741050720215,0.0,45.4709,0.7303000000000001
1991-01-14,7.832714557647705,15.665429,5.861498832702637,0.0,49.0127,2.761
1991-01-15,0.1559376716613769,0.31187534,6.09516453742981,0.0,47.2627,0.7047
1991-01-16,0.2427107095718383,0.48542142,6.622163772583008,0.0,46.2185,0.6875
1991-01-17,2.435598611831665,4.871197,8.399774551391602,0.0,46.8842,1.3749
1991-01-18,12.091980457305908,24.18396,7.160488843917847,0.0,51.1956,4.4116
1991-01-19,5.450313568115234,10.900627,8.97403335571289,0.0,49.7397,2.1517
1991-01-20,0.1452270746231079,0.29045415,10.979586124420166,0.0,47.6062,0.6828
1991-01-21,0.6288012266159058,1.2576025,12.719350337982178,0.0,46.5665,0.7805
1991-01-22,0.2584032416343689,0.5168065,12.095770359039308,0.0,45.8028,0.6809
1991-01-23,1.720687210559845,3.4413743,11.100204467773438,0.0,46.0451,1.1915
1991-01-24,1.0202919244766235,2.0405838,11.608846664428713,0.0,45.4489,0.679
1991-01-25,2.9127798080444336,5.8255596,9.49529266357422,0.0,46.5025,1.5977
1991-01-26,9.132152080535889,18.264305,7.677674770355225,0.0,49.8828,3.633
1991-01-27,0.2179035544395446,0.4358071,8.85008955001831,0.0,47.7331,0.6762
1991-01-28,0.191689133644104,0.38337827,10.18222713470459,0.0,46.5709,0.6779
1991-01-29,0.039008617401123,0.078017235,10.096842765808104,0.0,45.7575,0.6747
1991-01-30,0.0,0.0,11.357865333557127,0.0,45.0229,0.6739
1991-01-31,0.4193389415740967,0.8386779,9.382864952087402,0.0,44.5741,0.7254
1991-02-01,2.434821605682373,4.869643,6.076511383056641,0.0,44.9338,1.0265
1991-02-02,0.4016413688659668,0.80328274,5.92578125,0.0,44.5066,0.6713
1991-02-03,2.0328041911125183,4.0656085,5.469463109970093,0.0,45.2088,1.2721
1991-02-04,0.0777713060379028,0.15554261,7.227410316467285,0.0,44.7407,0.6694
1991-02-05,0.0730392932891845,0.14607859,9.491544723510742,0.0,44.1658,0.6692
1991-02-06,0.9580836296081544,1.9161673,11.024940967559814,0.0,43.718,0.6675
1991-02-07,0.0,0.0,13.208736419677734,0.0,43.0527,0.6665
1991-02-08,1.3981201648712158,2.7962403,13.620199203491213,0.0,43.3131,1.0291
1991-02-09,0.280670166015625,0.56134033,15.256805419921877,0.0,42.7185,0.6644
1991-02-10,0.823273777961731,1.6465476,16.921354293823242,0.0,42.4417,0.8522000000000001
1991-02-11,1.0997079610824585,2.199416,15.322566032409668,0.0,42.0862,0.6622
1991-02-12,2.179237484931946,4.3584747,13.707117557525637,0.0,43.0048,1.2497
1991-02-13,10.133939743041992,20.26788,13.23520803451538,0.0,47.9604,3.3068
1991-02-14,2.775201439857483,5.5504026,13.767691612243652,0.0,46.9582,0.7241000000000001
1991-02-15,5.255502939224243,10.511005,9.15349054336548,0.0,47.6178,1.5158
1991-02-16,0.0,0.0,8.841947555541992,0.0,46.37,0.6566
1991-02-17,0.0,0.0,9.792378425598145,0.0,45.6214,0.6556
1991-02-18,0.0,0.0,10.499227046966553,0.0,44.9317,0.6545
1991-02-19,3.151293992996216,6.302588,7.32052206993103,0.0,46.3369,1.6863
1991-02-20,0.0,0.0,6.492562770843506,0.0,45.5097,0.6524
1991-02-21,1.6967564821243286,3.393513,5.461858749389648,0.0,45.2261,0.7928
1991-02-22,0.0965005159378051,0.19300103,6.759495973587036,0.0,44.5761,0.6581
1991-02-23,0.0,0.0,5.425031661987305,0.0,43.9027,0.6493
1991-02-24,0.2129209041595459,0.4258418,6.503991365432739,0.0,43.3693,0.6548
1991-02-25,1.515089988708496,3.03018,8.301673889160156,0.0,43.4568,0.8828
1991-02-26,2.857203960418701,5.714408,9.012463092803957,0.0,44.2112,1.0909
1991-02-27,2.5580620765686035,5.116124,11.997856616973875,0.0,44.4326,0.8635
1991-02-28,0.0,0.0,16.240400314331055,0.0,43.4091,0.6438
1991-03-01,3.328305244445801,6.6566105,12.667136192321776,0.0,44.2913,1.4540000000000002
1991-03-02,17.343631744384766,34.687263,8.144008159637451,0.0,51.9458,6.1455
1991-03-03,18.9409408569336,37.88188,8.700725555419922,0.0,52.524,7.6144
1991-03-04,27.804277420043945,55.608555,12.371971607208252,0.0,53.0367,12.3468
1991-03-05,3.485752820968628,6.9715056,14.316040515899658,0.0,48.7678,1.0694
1991-03-06,0.2167638540267944,0.4335277,16.970996856689453,0.0,46.9645,0.6486
1991-03-07,0.2417550086975097,0.48351002,18.744760513305664,0.0,45.6743,0.6640999999999999
1991-03-08,0.4304687976837158,0.8609376,18.64887046813965,0.0,44.6628,0.6512
1991-03-09,1.1273562908172607,2.2547126,16.89188861846924,0.0,44.2381,0.9324
1991-03-10,0.2206755876541137,0.44135118,19.07461643218994,0.0,43.3944,0.651
1991-03-11,0.1366894245147705,0.27337885,17.45868682861328,0.0,42.6616,0.6721
1991-03-12,5.3138628005981445,10.627726,11.623111724853516,0.0,44.0167,1.5715
1991-03-13,0.6274852752685547,1.2549706,13.453620910644531,0.0,43.5064,0.649
1991-03-14,3.152806282043457,6.3056126,11.501612663269045,0.0,44.7779,1.7237999999999998
1991-03-15,1.8948032855987549,3.7896066,9.2237548828125,0.0,44.7449,0.8298
1991-03-16,0.3387207984924316,0.6774416,10.370673179626465,0.0,44.1995,0.6466
1991-03-17,1.127068281173706,2.2541366,10.550825595855711,0.0,44.1812,0.9853
1991-03-18,1.5743374824523926,3.148675,10.9352765083313,0.0,43.9463,0.6449
1991-03-19,0.4373788833618164,0.87475777,16.00692367553711,0.0,43.2079,0.6556
1991-03-20,2.862767219543457,5.7255344,19.65611934661865,0.0,43.4113,1.1593
1991-03-21,31.73143577575684,63.46287,17.5032320022583,0.0,53.6335,12.6171
1991-03-22,31.605027198791504,63.210052,13.623189449310305,0.0,53.1313,14.7446
1991-03-23,1.8328256607055664,3.6656513,12.399572849273682,0.0,48.5349,0.6493
1991-03-24,7.634405136108398,15.26881,14.183032989501951,0.0,49.3407,3.8569
1991-03-25,0.3301706314086914,0.66034126,18.011767387390137,0.0,47.2345,0.6589
1991-03-26,1.2142713069915771,2.4285426,18.941033363342285,0.0,46.3768,1.1334
1991-03-27,13.002365112304688,26.00473,16.78077507019043,0.0,49.9639,5.201
1991-03-28,37.38473320007324,74.76947,12.101652145385742,0.0,53.383,18.8949
1991-03-29,17.64751100540161,35.29502,10.763681411743164,0.0,51.3488,10.7512
1991-03-30,47.327070236206055,94.654144,10.003788471221924,0.0,53.139,32.0317
1991-03-31,21.734169006347656,43.468338,6.68738865852356,0.0,51.5025,13.7694
1991-04-01,0.0,0.0,7.250660181045532,0.0,47.9979,0.7255
1991-04-02,0.0,0.0,7.22881269454956,0.0,46.5945,0.7322
1991-04-03,0.0,0.0,8.420641422271729,0.0,45.5807,0.7353
1991-04-04,3.557069182395935,7.1141386,9.855877876281738,0.0,46.5094,2.1481
1991-04-05,1.2878928184509275,2.5757856,13.722785472869871,0.0,45.7119,0.7374
1991-04-06,18.49732208251953,36.994644,15.32329511642456,0.0,51.6627,8.8314
1991-04-07,0.0,0.0,15.87657880783081,0.0,47.81,0.7386
1991-04-08,0.202761173248291,0.40552235,18.66808605194092,0.0,46.1333,0.7415
1991-04-09,16.822372436523438,33.644745,19.74263095855713,0.0,51.0002,7.1219
1991-04-10,5.876988172531128,11.753977,23.0233154296875,0.0,48.4696,1.1737
1991-04-11,0.2051301002502441,0.4102602,24.024109840393063,0.0,46.5735,0.7417
1991-04-12,0.0,0.0,24.629265785217285,0.0,44.9828,0.7423
1991-04-13,4.883519411087036,9.767038,23.5618200302124,0.0,45.8013,2.2834
1991-04-14,0.7728314399719238,1.5456629,18.47096824645996,0.0,44.9001,0.7416
1991-04-15,0.6152328252792358,1.2304657,20.871490478515625,0.0,43.9187,0.843
1991-04-16,0.1463055610656738,0.29261112,22.55547523498535,0.0,42.9122,0.74
1991-04-17,0.059070348739624,0.1181407,24.8724308013916,0.0,41.7851,0.739
1991-04-18,23.39347267150879,46.786945,21.45366382598877,0.0,52.0855,9.1501
1991-04-19,10.466848373413086,20.933697,13.985004901885986,0.0,50.5264,3.7554
1991-04-20,2.7947793006896973,5.5895586,14.21669578552246,0.0,47.968,0.7369
1991-04-21,0.344982385635376,0.6899648,15.25886583328247,0.0,46.389,0.7423
1991-04-22,0.4338204860687256,0.867641,14.95865249633789,0.0,45.4992,0.7369
1991-04-23,0.3250093460083008,0.6500187,17.411429405212402,0.0,44.4171,0.7421000000000001
1991-04-24,0.2501533031463623,0.5003066,19.486534118652344,0.0,43.4647,0.7359
1991-04-25,0.0987968444824218,0.19759369,20.984225273132324,0.0,42.4813,0.7394999999999999
1991-04-26,13.500283241271973,27.000566,20.667648315429688,0.0,47.3805,3.8926
1991-04-27,10.446494579315186,20.89299,19.071993827819824,0.0,49.7556,3.553
1991-04-28,0.6925508975982666,1.3851018,20.80685138702393,0.0,47.4478,0.7323
1991-04-29,15.41687297821045,30.833746,19.97546672821045,0.0,51.5329,6.6119
1991-04-30,25.619433403015137,51.23887,18.23430633544922,0.0,52.6748,10.8542
1991-05-01,34.52316474914551,69.046326,15.641579627990724,0.0,53.0193,18.1403
1991-05-02,1.345543384552002,2.6910868,15.087092399597168,0.0,48.3094,0.7462
1991-05-03,1.482470989227295,2.964942,14.280837535858154,0.0,47.1147,1.2374999999999998
1991-05-04,10.203908443450928,20.407818,11.94627857208252,0.0,49.5839,4.7215
1991-05-05,1.3794381618499756,2.7588763,17.04714870452881,0.0,47.425,0.7594
1991-05-06,8.359031915664673,16.718063,20.35171127319336,0.0,49.4144,4.7739
1991-05-07,10.99998903274536,21.999977,19.17096519470215,0.0,50.0506,4.3152
1991-05-08,8.475511312484741,16.951023,16.232093811035156,0.0,49.7228,3.6592
1991-05-09,6.252004384994507,12.504009,15.356499195098875,0.0,49.2288,2.9742
1991-05-10,1.7439475059509275,3.487895,16.41843032836914,0.0,47.5808,0.8242
1991-05-11,1.0165491104125977,2.0330982,18.92483615875244,0.0,46.3192,0.7739
1991-05-12,7.61100959777832,15.222019,20.21911334991455,0.0,48.39,3.9441
1991-05-13,1.8274781703948968,3.6549563,19.49268245697021,0.0,47.0234,0.7761
1991-05-14,4.3460211753845215,8.692042,22.158348083496094,0.0,47.0259,2.1536
1991-05-15,0.2118313312530517,0.42366266,23.4415864944458,0.0,45.5894,0.7766
1991-05-16,0.0,0.0,22.33873462677002,0.0,44.1089,0.7761
1991-05-17,0.2116334438323974,0.4232669,22.242225646972656,0.0,42.8738,0.7753
1991-05-18,0.0,0.0,23.284454345703125,0.0,41.7263,0.7743
1991-05-19,1.1709551811218262,2.3419104,25.645875930786133,0.0,40.9305,0.943
1991-05-20,4.782455205917358,9.564911,24.74468040466309,0.0,40.7337,0.7761
1991-05-21,1.2868142127990725,2.5736284,26.16652011871338,0.0,40.0751,1.0127000000000002
1991-05-22,0.0,0.0,26.4271183013916,0.0,38.8665,0.7694
1991-05-23,0.6594622135162354,1.3189244,26.53135204315185,0.0,38.0049,0.8919
1991-05-24,0.078460693359375,0.15692139,26.94502639770508,0.0,36.9734,0.7667
1991-05-25,0.0428113937377929,0.08562279,27.88272762298584,0.0,35.8776,0.7653
1991-05-26,1.3958444595336914,2.791689,27.262455940246586,0.0,35.1293,0.7639
1991-05-27,24.440513610839844,48.881027,23.748419761657715,0.0,50.1903,7.950200000000001
1991-05-28,0.6929147243499756,1.3858294,23.21228313446045,0.0,46.814,0.7611
1991-05-29,4.100679278373718,8.201359,24.52142333984375,0.0,46.8316,1.9191
1991-05-30,0.8096828460693359,1.6193657,25.38965606689453,0.0,44.9306,0.7584
1991-05-31,0.4359011650085449,0.87180233,26.29505157470703,0.0,42.9654,0.7599
1991-06-01,0.0,0.0,26.88674736022949,0.0,40.8116,0.7558
1991-06-02,0.0889139175415039,0.17782784,27.20185089111328,0.0,38.8454,0.7544
1991-06-03,0.13759446144104,0.27518892,27.709272384643555,0.0,37.9172,0.7531
1991-06-04,0.4081959724426269,0.81639194,27.548768043518063,0.0,36.9747,0.7654000000000001
1991-06-05,9.898196935653688,19.796394,26.539764404296875,0.0,39.2023,1.6182
1991-06-06,23.452301025390625,46.904602,23.26382637023925,0.0,49.5683,5.8474
1991-06-07,0.8345739841461182,1.669148,23.303955078125,0.0,46.616,0.7476
1991-06-08,5.469503164291382,10.939007,24.66525363922119,0.0,47.8828,2.6186
1991-06-09,15.296936988830566,30.593874,23.59202671051025,0.0,51.282,4.5324
1991-06-10,0.6010091304779053,1.2020183,24.646050453186035,0.0,47.7738,0.744
1991-06-11,0.04669189453125,0.09338379,25.672133445739743,0.0,46.0081,0.7432
1991-06-12,0.0,0.0,26.09907817840576,0.0,44.4175,0.7423
1991-06-13,0.501392126083374,1.0027843,26.62563419342041,0.0,42.6872,0.7447999999999999
1991-06-14,0.0,0.0,27.17818260192871,0.0,41.0651,0.7402
1991-06-15,1.946591854095459,3.8931837,27.940804481506348,0.0,40.3309,1.184
1991-06-16,0.5167331695556641,1.0334663,27.89836025238037,0.0,38.9675,0.7378
1991-06-17,15.450270175933838,30.90054,27.619803428649902,0.0,47.5822,5.4107
1991-06-18,10.608971118927002,21.217941,26.21067905426025,0.0,49.9173,3.2761000000000005
1991-06-19,0.9438314437866212,1.8876629,26.675772666931152,0.0,47.043,0.7343
1991-06-20,45.11117172241211,90.22234,24.369251251220703,0.0,54.5511,19.1032
1991-06-21,14.169366359710692,28.338734,23.05657768249512,0.0,51.2761,6.5791
1991-06-22,16.03360414505005,32.067207,22.39598846435547,0.0,51.3993,7.3199
1991-06-23,0.7641324996948242,1.528265,23.29412174224853,0.0,47.8419,0.746
1991-06-24,0.0,0.0,22.7777795791626,0.0,46.0386,0.7484
1991-06-25,27.577198028564453,55.154396,19.96967506408692,0.0,53.2062,14.8743
1991-06-26,11.62142848968506,23.242857,20.25792121887207,0.0,50.6606,5.791399999999999
1991-06-27,10.421263217926024,20.842525,21.725897789001465,0.0,50.2055,5.05
1991-06-28,1.3336468935012815,2.6672938,24.853903770446777,0.0,47.5648,0.7662
1991-06-29,2.0279409885406494,4.055882,26.279826164245605,0.0,46.5259,1.5259
1991-06-30,0.2992496490478515,0.5984993,26.669893264770508,0.0,45.0829,0.7709
1991-07-01,0.0,0.0,26.861133575439453,0.0,43.6244,0.771
1991-07-02,0.0735189914703369,0.14703798,27.27695655822754,0.0,42.4213,0.7705
1991-07-03,1.1474992036819458,2.2949984,27.100112915039062,0.0,41.5372,0.7696
1991-07-04,1.3134167194366455,2.6268334,27.55747032165528,0.0,40.6786,0.9391
1991-07-05,1.0496039390563965,2.0992079,27.21928310394287,0.0,40.0071,0.7674
1991-07-06,0.4339916706085205,0.86798334,27.76294231414795,0.0,38.8625,0.769
1991-07-07,0.0,0.0,28.01296043395996,0.0,37.5736,0.765
1991-07-08,0.0833656787872314,0.16673136,28.020548820495605,0.0,36.3958,0.7636
1991-07-09,0.0,0.0,27.818095207214355,0.0,35.0029,0.7623
1991-07-10,0.0,0.0,27.264492988586422,0.0,34.3803,0.7609
1991-07-11,0.0125274658203125,0.025054932,28.28379344940185,0.0,34.0653,0.7595
1991-07-12,0.5346870422363281,1.0693741,27.9999942779541,0.0,33.8398,0.7581
1991-07-13,0.2213895320892334,0.44277906,27.885539054870605,0.0,33.6167,0.7567
1991-07-14,0.5735502243041992,1.1471004,27.83916473388672,0.0,33.4244,0.7553
1991-07-15,2.7664507627487183,5.532902,27.68117046356201,0.0,34.9441,1.3339
1991-07-16,1.4100694060325625,2.820139,28.060636520385746,0.0,34.4249,0.7525
1991-07-17,0.1375527381896972,0.27510548,28.237911224365234,0.0,33.6795,0.751
1991-07-18,0.5706833600997925,1.1413667,28.83690929412841,0.0,33.3131,0.7496
1991-07-19,2.7788764238357544,5.5577526,27.23158550262451,0.0,35.1419,1.3927
1991-07-20,0.926255464553833,1.8525109,26.501258850097656,0.0,34.7469,0.7468
1991-07-21,0.0918707847595214,0.18374157,27.240710258483887,0.0,34.0671,0.7454
1991-07-22,0.4606666564941406,0.9213333,27.754226684570312,0.0,33.4333,0.744
1991-07-23,0.4298654794692993,0.85973096,27.984118461608887,0.0,33.1981,0.7451
1991-07-24,0.1941549777984619,0.38830996,27.941097259521484,0.0,32.9905,0.7412
1991-07-25,0.4956532716751098,0.99130654,28.074966430664062,0.0,32.9483,0.7912
1991-07-26,2.9665639400482178,5.933128,28.73470687866211,0.0,32.7457,0.7384
1991-07-27,2.2722737789154053,4.5445476,27.53341007232666,0.0,33.9858,1.1735
1991-07-28,7.516289710998535,15.032579,27.10898399353028,0.0,34.4316,0.8686
1991-07-29,4.963271260261536,9.926542,27.08741474151612,0.0,34.8442,0.9253
1991-07-30,17.291378021240234,34.582756,26.307472229003903,0.0,45.966,4.6575
1991-07-31,8.572749376296997,17.145498,25.355223655700684,0.0,47.5352,1.7988
1991-08-01,2.060352802276612,4.1207056,26.87732219696045,0.0,45.727,0.7363
1991-08-02,1.2905067205429075,2.5810134,27.80815601348877,0.0,44.477,1.0637
1991-08-03,1.9158879518508911,3.831776,28.304664611816406,0.0,43.3139,0.7274
1991-08-04,2.228597402572632,4.457195,28.15795135498047,0.0,42.4924,1.1884
1991-08-05,3.445412278175354,6.8908243,27.768524169921875,0.0,41.2813,0.7246
1991-08-06,5.6064512729644775,11.212902,27.11159896850586,0.0,43.1085,2.0392
1991-08-07,0.1565065383911132,0.31301308,27.12179660797119,0.0,41.2779,0.7219
1991-08-08,8.756104707717896,17.512209,24.24759006500244,0.0,45.5107,2.8922
1991-08-09,0.93333899974823,1.866678,26.15016460418701,0.0,43.3447,0.7192
1991-08-10,3.056351900100708,6.112704,25.358845710754395,0.0,42.677,1.1913
1991-08-11,37.24293327331543,74.48587,22.813634872436523,0.0,54.318,11.0992
1991-08-12,0.8905916213989258,1.7811832,23.41988945007324,0.0,48.4246,0.7152
1991-08-13,0.4982390403747558,0.9964781,26.07641315460205,0.0,46.4479,0.7197
1991-08-14,0.0844588279724121,0.16891766,26.91099262237549,0.0,45.0269,0.7127
1991-08-15,0.0172253847122192,0.03445077,26.76965618133545,0.0,43.7941,0.7114
1991-08-16,2.180633664131165,4.361267,26.51675796508789,0.0,43.5228,1.1402
1991-08-17,1.531719207763672,3.0634384,25.690922737121586,0.0,42.4017,0.7089
1991-08-18,0.5564351081848145,1.1128702,25.47601318359375,0.0,41.0592,0.7492
1991-08-19,14.362732410430908,28.725464,24.721877098083496,0.0,48.0431,3.9697
1991-08-20,0.5833902359008789,1.1667805,26.36354637145996,0.0,45.762,0.705
1991-08-21,0.8111858367919922,1.6223717,26.57277202606201,0.0,43.9572,0.7845
1991-08-22,0.1573057174682617,0.31461143,25.61906337738037,0.0,42.3025,0.7025
1991-08-23,0.0846569538116455,0.16931391,25.15756893157959,0.0,40.5608,0.7012
1991-08-24,0.8333179950714111,1.666636,25.120338439941406,0.0,39.1845,0.7
1991-08-25,0.3794418573379516,0.7588837,25.87492752075196,0.0,38.1419,0.7111999999999999
1991-08-26,3.18850040435791,6.377001,26.0478515625,0.0,37.8654,0.6974
1991-08-27,0.1385138034820556,0.2770276,26.244669914245605,0.0,37.1304,0.6961
1991-08-28,0.1904985904693603,0.38099718,25.4505558013916,0.0,36.5321,0.6948
1991-08-29,0.0741276741027832,0.14825535,25.176215171813965,0.0,35.8554,0.6935
1991-08-30,0.1861088275909423,0.37221766,25.65584182739257,0.0,35.2218,0.6922
1991-08-31,0.2653470039367676,0.530694,26.776138305664062,0.0,34.754,0.6909
1991-09-01,2.263006687164306,4.5260134,27.650866508483887,0.0,34.5985,0.6897
1991-09-02,0.9323643445968628,1.8647287,27.464438438415527,0.0,34.8179,0.8451
1991-09-03,1.0633244514465332,2.126649,27.406055450439453,0.0,34.3933,0.6871
1991-09-04,0.1216804981231689,0.243361,27.56958198547364,0.0,34.1551,0.6858
1991-09-05,18.56279468536377,37.125587,25.31360149383545,0.0,46.0189,5.0437
1991-09-06,31.23292064666748,62.465843,23.225643157958984,0.0,53.92,10.1909
1991-09-07,7.935797452926636,15.871595,23.68429470062256,0.0,50.46,2.9725
1991-09-08,1.2045851945877075,2.4091704,26.273611068725582,0.0,47.6123,0.6812
1991-09-09,1.56091570854187,3.1218314,26.22362327575684,0.0,46.5425,1.0748
1991-09-10,0.0,0.0,26.96640014648437,0.0,45.0878,0.6797
1991-09-11,0.1419463157653808,0.28389263,27.39627361297608,0.0,43.9701,0.6857
1991-09-12,6.794181346893311,13.588363,25.985350608825684,0.0,43.9984,0.8332999999999999
1991-09-13,0.9186458587646484,1.8372917,22.96624183654785,0.0,43.6196,0.7404
1991-09-14,0.1414796113967895,0.28295922,22.37890243530273,0.0,42.6853,0.6761
1991-09-15,0.1209264993667602,0.241853,20.54306697845459,0.0,41.7293,0.6749
1991-09-16,1.257800281047821,2.5156007,20.389667510986328,0.0,41.5881,0.9105
1991-09-17,0.157612919807434,0.31522584,23.00735855102539,0.0,40.8109,0.6727
1991-09-18,0.9443487524986268,1.8886975,24.907421112060547,0.0,39.9655,0.8010999999999999
1991-09-19,0.0130165815353393,0.026033163,24.04039669036865,0.0,38.513,0.6704
1991-09-20,0.3300379514694214,0.6600759,22.05928325653076,0.0,37.4231,0.6706
1991-09-21,0.0,0.0,20.46714687347412,0.0,36.4891,0.668
1991-09-22,0.0,0.0,21.075788497924805,0.0,35.7499,0.6668
1991-09-23,0.0143752098083496,0.02875042,22.54793071746826,0.0,35.3206,0.6656
1991-09-24,2.595268964767456,5.190538,22.89815902709961,0.0,36.4206,1.1728999999999998
1991-09-25,1.218919038772583,2.437838,24.53225040435791,0.0,36.0062,0.6632
1991-09-26,0.0740339756011962,0.14806795,24.18771743774414,0.0,35.3642,0.6619
1991-09-27,0.2664225399494171,0.5328451,22.133021354675293,0.0,35.0494,0.6607
1991-09-28,0.1623075604438781,0.32461512,20.305683135986328,0.0,34.7594,0.6599999999999999
1991-09-29,21.87458038330078,43.74916,16.731101036071777,0.0,48.5325,6.3127
1991-09-30,1.739862620830536,3.4797254,19.027936935424805,0.0,46.4951,0.657
1991-10-01,1.184605598449707,2.3692112,20.66365337371826,0.0,45.7165,0.9155
1991-10-02,1.567284107208252,3.1345682,22.54625701904297,0.0,45.0078,0.6546
1991-10-03,0.1788311898708343,0.35766238,23.67368698120117,0.0,43.526,0.6544
1991-10-04,52.121219635009766,104.24244,20.37398624420166,0.0,54.9731,18.8049
1991-10-05,2.820565104484558,5.6411304,18.49814319610596,0.0,48.878,0.9615
1991-10-06,0.7170100212097168,1.43402,19.074767112731934,0.0,47.1767,0.6553
1991-10-07,0.1950832605361938,0.39016652,18.400882720947266,0.0,45.8596,0.6589
1991-10-08,0.0927822887897491,0.18556458,16.53016948699951,0.0,44.8544,0.6566
1991-10-09,0.1757310628890991,0.35146213,16.021099090576172,0.0,43.9721,0.6581
1991-10-10,0.0,0.0,16.484130859375,0.0,43.0649,0.6559
1991-10-11,0.0952410697937011,0.19048214,17.389588356018066,0.0,42.2862,0.6574
1991-10-12,0.0337677597999572,0.06753552,18.400917053222656,0.0,41.6064,0.6545
1991-10-13,3.831042528152466,7.662085,19.04454803466797,0.0,43.4322,1.8171
1991-10-14,22.60732650756836,45.214653,16.402321815490723,0.0,52.6033,8.4715
1991-10-15,15.539930820465088,31.07986,15.434110164642334,0.0,51.8378,6.7359
1991-10-16,20.083382606506348,40.166763,16.873269081115723,0.0,52.2465,9.7517
1991-10-17,0.2392120361328125,0.47842407,18.84418678283692,0.0,48.2295,0.6576
1991-10-18,0.0006707906723022,0.0013415813,18.44252014160156,0.0,46.6258,0.6609
1991-10-19,0.0324400663375854,0.06488013,18.20965003967285,0.0,45.5132,0.6626
1991-10-20,0.0,0.0,16.617793083190918,0.0,44.5244,0.6632
1991-10-21,0.1111179888248443,0.22223598,15.355398178100586,0.0,43.8845,0.665
1991-10-22,0.2232428789138794,0.44648576,16.651552200317383,0.0,43.4153,0.6631
1991-10-23,0.1301534175872802,0.26030684,17.386414527893066,0.0,42.9284,0.6636
1991-10-24,0.1149467229843139,0.22989345,16.5667667388916,0.0,42.5051,0.662
1991-10-25,0.3504685163497925,0.70093703,15.842165470123293,0.0,41.9044,0.6767
1991-10-26,0.0,0.0,15.078528881072998,0.0,41.2985,0.6605
1991-10-27,0.0348169803619384,0.06963396,15.407934665679932,0.0,40.6312,0.6605
1991-10-28,0.0803155899047851,0.16063118,14.00386667251587,0.0,40.2014,0.6586
1991-10-29,1.1658191084861755,2.3316383,13.304528713226318,0.0,40.5016,0.9543
1991-10-30,1.4181771278381348,2.8363543,13.97538423538208,0.0,40.3551,0.6566
1991-10-31,0.0,0.0,13.945780277252195,0.0,39.7484,0.6555
1991-11-01,0.0,0.0,12.572634220123293,0.0,39.2204,0.6544
1991-11-02,0.2239829301834106,0.44796586,14.354389667510986,0.0,38.7761,0.6563
1991-11-03,0.0072686076164245,0.014537215,12.612310409545898,0.0,38.2854,0.6522
1991-11-04,0.0,0.0,12.789595127105711,0.0,37.7045,0.6511
1991-11-05,0.0,0.0,15.222015857696531,0.0,37.3181,0.6499
1991-11-06,0.0891128480434417,0.1782257,17.323315620422363,0.0,36.9064,0.6488
1991-11-07,0.640758603811264,1.2815173,17.401079177856445,0.0,36.7876,0.7322
1991-11-08,0.1721377372741699,0.34427547,17.308435440063477,0.0,36.4488,0.6464
1991-11-09,0.0,0.0,16.069390296936035,0.0,35.9356,0.6453
1991-11-10,0.0,0.0,13.76788854598999,0.0,35.6112,0.6441
1991-11-11,0.0,0.0,10.864946842193604,0.0,35.2371,0.6429
1991-11-12,0.0,0.0,9.384766101837158,0.0,34.8846,0.6417
1991-11-13,0.0056601166725158,0.011320233,10.61933946609497,0.0,34.5876,0.6405
1991-11-14,0.0,0.0,10.803475379943848,0.0,34.3172,0.6394
1991-11-15,0.0,0.0,9.532854080200195,0.0,34.1068,0.6382
1991-11-16,0.0638856887817382,0.12777138,10.099339485168455,0.0,33.9433,0.637
1991-11-17,1.2435047030448914,2.4870095,10.7779541015625,0.0,33.9954,0.6927
1991-11-18,0.6254924535751343,1.2509849,10.64441442489624,0.0,33.8925,0.6439
1991-11-19,0.1307992339134216,0.26159847,10.97325038909912,0.0,33.7265,0.6334
1991-11-20,0.3478109240531921,0.69562185,11.808897972106934,0.0,33.6287,0.6371
1991-11-21,0.0,0.0,11.972230911254885,0.0,33.495,0.6311
1991-11-22,0.0142569541931152,0.028513908,15.159202575683594,0.0,33.3717,0.6299
1991-11-23,0.2986688613891601,0.5973377,16.097923278808594,0.0,33.2693,0.6314000000000001
1991-11-24,2.926549196243286,5.8530984,15.03275728225708,0.0,34.0943,0.9158
1991-11-25,3.500601530075073,7.001203,10.664304733276367,0.0,35.5503,1.1183999999999998
1991-11-26,0.1100293695926666,0.22005874,10.437878131866457,0.0,35.505,0.6252
1991-11-27,2.7560917139053345,5.512183,12.03119421005249,0.0,37.3875,1.2957
1991-11-28,3.465813398361206,6.931627,11.830094814300535,0.0,39.0542,1.2246
1991-11-29,3.297240614891052,6.5944815,10.964874267578123,0.0,41.0822,1.3898
1991-11-30,0.4476436674594879,0.89528733,11.684741020202637,0.0,40.9608,0.6209
1991-12-01,0.4313996285200119,0.8627993,12.893270015716553,0.0,40.7322,0.6402
1991-12-02,0.0219653844833374,0.04393077,12.18622350692749,0.0,40.394,0.6182
1991-12-03,0.080500304698944,0.16100061,12.375105381011965,0.0,39.9704,0.617
1991-12-04,0.0038139224052429,0.007627845,11.424705982208252,0.0,39.5114,0.6159
1991-12-05,0.1673463582992553,0.33469272,11.880825519561768,0.0,39.102,0.6153000000000001
1991-12-06,0.0469874888658523,0.09397498,13.17237424850464,0.0,38.7104,0.6136
1991-12-07,0.0036902725696563,0.007380545,13.620309352874756,0.0,38.3946,0.6124
1991-12-08,0.067765861749649,0.13553172,13.291715145111084,0.0,38.0513,0.6114999999999999
1991-12-09,0.06461101770401,0.12922204,10.712890625,0.0,37.763,0.6102
1991-12-10,0.0453703999519348,0.0907408,11.360436916351318,0.0,37.5036,0.609
1991-12-11,0.114609807729721,0.22921962,12.771347045898438,0.0,37.2857,0.6134000000000001
1991-12-12,0.7150405049324036,1.430081,9.260897636413574,0.0,37.1974,0.6128
1991-12-13,0.1062719225883483,0.21254385,8.202983140945435,0.0,37.0723,0.6061
1991-12-14,0.0214858353137969,0.04297167,8.553439140319824,0.0,36.8813,0.6044
1991-12-15,0.0935090184211731,0.18701804,8.204796314239502,0.0,36.6342,0.6033999999999999
1991-12-16,0.0522383749485015,0.10447675,9.960290431976318,0.0,36.3833,0.6023
1991-12-17,0.0749228447675705,0.14984569,10.812990665435793,0.0,36.1018,0.6011
1991-12-18,0.0,0.0,10.802324771881104,0.0,35.8159,0.5999
1991-12-19,0.0772748589515686,0.15454972,9.933695316314695,0.0,35.669,0.599
1991-12-20,0.0,0.0,10.885379791259766,0.0,35.5215,0.5976
1991-12-21,0.093922734260559,0.18784547,11.349981307983398,0.0,35.337,0.5966
1991-12-22,0.0139673352241516,0.02793467,12.491106510162354,0.0,35.1337,0.5954
1991-12-23,0.0644743740558624,0.12894875,14.054935932159424,0.0,34.9344,0.5945
1991-12-24,0.0017544701695442,0.0035089403,15.020343780517578,0.0,34.689,0.5932
1991-12-25,0.1449474096298217,0.28989482,13.62750244140625,0.0,34.475,0.5933999999999999
1991-12-26,0.3743126988410949,0.7486254,10.231456756591797,0.0,34.392,0.5909
1991-12-27,15.798460006713867,31.59692,6.3672776222229,0.0,45.9579,4.6553
1991-12-28,15.070043087005615,30.140087,-1.4562606811523438,7.703,48.014,2.0807
1991-12-29,0.0,0.0,-2.4634575843811035,7.6134,46.7371,0.6183
1991-12-30,0.4540049433708191,0.9080099,1.0225815773010254,7.4645,46.2857,0.7193
1991-12-31,5.37334942817688,10.746698,4.552554368972778,4.1317,51.0216,3.938
1992-01-01,3.69908595085144,7.398172,7.708317995071411,0.0,50.6205,2.9188
1992-01-02,0.3910068273544311,0.78201365,9.381431579589844,0.0,47.994,0.5833
1992-01-03,11.824227333068848,23.648455,9.23007869720459,0.0,51.3192,4.6311
1992-01-04,5.015158891677856,10.030317,8.498079299926758,0.0,49.7589,2.206
1992-01-05,27.661593437194824,55.32319,9.003913879394531,0.0,53.3085,12.0735
1992-01-06,0.2146034836769104,0.42920697,10.311127662658691,0.0,48.509,0.582
1992-01-07,0.3781123161315918,0.75622463,9.133204460144045,0.0,47.1557,0.6679
1992-01-08,6.089196443557739,12.178392,7.75698184967041,0.0,48.3962,2.6442
1992-01-09,0.0811048746109008,0.16220975,6.34944224357605,0.0,47.0003,0.587
1992-01-10,0.1835022270679474,0.36700445,6.692185401916504,0.0,46.0974,0.5912999999999999
1992-01-11,0.0,0.0,7.940590381622314,0.0,45.3857,0.5885
1992-01-12,0.0361740589141845,0.07234812,9.12776231765747,0.0,44.7439,0.5888
1992-01-13,2.0142101049423218,4.0284204,8.169221639633179,0.0,44.9393,1.0372
1992-01-14,0.0,0.0,3.273616433143616,0.0,44.5112,0.5887
1992-01-15,0.0684832334518432,0.13696647,1.3496038913726809,0.0,44.1715,0.6062000000000001
1992-01-16,0.2427107095718383,0.48542142,2.4165706634521484,0.0,43.9016,0.6303
1992-01-17,0.4318717122077942,0.8637434,3.0914011001586914,0.0,43.7021,0.6648000000000001
1992-01-18,0.0,0.0,3.640868425369263,0.0,43.3124,0.5873
1992-01-19,0.0,0.0,5.123340129852295,0.0,42.9306,0.5867
1992-01-20,0.3644278049468994,0.7288556,6.679141998291016,0.0,42.7604,0.6209
1992-01-21,0.176263689994812,0.35252738,5.886420726776123,0.0,42.4797,0.6017
1992-01-22,0.1376514434814453,0.2753029,5.953273773193359,0.0,42.1967,0.597
1992-01-23,0.0521894693374633,0.10437894,5.032936811447144,0.0,41.9095,0.5859
1992-01-24,0.1034665703773498,0.20693314,6.790935516357422,0.0,41.6098,0.5858
1992-01-25,0.2215200662612915,0.44304013,8.646356582641602,0.0,41.3063,0.5823
1992-01-26,0.0,0.0,9.70971155166626,0.0,40.883,0.5814
1992-01-27,0.0506952404975891,0.10139048,9.192305088043211,0.0,40.4954,0.5805
1992-01-28,0.1678254604339599,0.33565092,9.819252490997314,0.0,40.092,0.5796
1992-01-29,0.0263646841049194,0.05272937,13.092424392700195,0.0,39.5909,0.5787
1992-01-30,0.0,0.0,14.931207656860352,0.0,38.9803,0.5777
1992-01-31,10.585938453674316,21.171877,9.098777770996094,0.0,45.3234,4.0589
1992-02-01,1.0700769424438477,2.140154,5.207376480102539,0.0,44.9128,0.6563
1992-02-02,0.4074227809906006,0.81484556,8.074049472808838,0.0,44.4115,0.5747
1992-02-03,3.402688860893249,6.805378,11.25138521194458,0.0,45.6431,1.5877
1992-02-04,7.018813610076904,14.037627,8.64664363861084,0.0,47.331,1.9068
1992-02-05,7.745174407958984,15.490349,6.486746311187744,0.0,49.5751,3.0191
1992-02-06,2.232921957969665,4.465844,8.216020345687866,0.0,47.8451,0.7148
1992-02-07,35.447431564331055,70.89487,6.170905113220215,0.0,53.8229,15.228
1992-02-08,3.338333368301392,6.6766667,6.89933443069458,0.0,49.1792,1.6088999999999998
1992-02-09,26.09248447418213,52.184967,6.442428112030029,0.0,52.6972,14.0305
1992-02-10,12.472192764282228,24.944386,6.808993339538574,0.0,50.8603,7.2983
1992-02-11,14.039568901062012,28.079138,6.806631565093994,0.0,51.0647,8.0312
1992-02-12,3.539108633995056,7.0782175,7.767040491104126,0.0,48.9186,2.0013
1992-02-13,2.531407713890076,5.0628157,8.242722988128662,0.0,47.7704,1.1164
1992-02-14,6.705979347229004,13.411959,8.185913801193237,0.0,48.6329,2.9218
1992-02-15,18.735599517822266,37.4712,8.263081550598145,0.0,51.7501,9.2273
1992-02-16,0.0826224088668823,0.16524482,7.071911811828613,0.0,48.2662,0.6258
1992-02-17,0.0,0.0,6.119720697402954,0.0,46.8958,0.6309
1992-02-18,7.94793176651001,15.895864,8.879327297210693,0.0,49.2201,4.2817
1992-02-19,35.88040542602539,71.76081,7.176588296890259,0.0,53.3269,19.0318
1992-02-20,8.457066059112549,16.914131,5.047516345977783,0.0,50.0029,4.7067
1992-02-21,1.702906847000122,3.4058137,5.68506121635437,0.0,47.8615,0.6794
1992-02-22,0.2519146203994751,0.50382924,6.957551717758179,0.0,46.7089,0.6655
1992-02-23,0.0,0.0,7.825677394866943,0.0,45.7531,0.6687
1992-02-24,0.2129209041595459,0.4258418,6.1491875648498535,0.0,45.0667,0.6815
1992-02-25,0.7181177139282227,1.4362354,7.278700113296509,0.0,44.5999,0.7448
1992-02-26,0.5105463266372681,1.0210927,10.153547763824465,0.0,44.0233,0.6717
1992-02-27,0.0,0.0,13.341557502746582,0.0,43.2423,0.6717
1992-02-28,0.0,0.0,15.387754440307615,0.0,42.5838,0.6713
1992-02-29,11.268234252929688,22.536469,15.67795467376709,0.0,48.203,5.0587
1992-03-01,22.53646850585937,45.072937,15.968154430389404,0.0,52.4768,9.5216
1992-03-02,19.56409740447998,39.128197,16.653218269348145,0.0,51.9015,9.2621
1992-03-03,32.7374210357666,65.47484,13.573197364807127,0.0,52.7599,18.2087
1992-03-04,29.35824584960937,58.71649,11.393080234527588,0.0,52.2321,18.8828
1992-03-05,15.4801025390625,30.960205,7.273336887359619,0.0,50.9755,8.890600000000001
1992-03-06,0.1916917562484741,0.3833835,6.733041286468506,0.0,48.08,0.722
1992-03-07,0.816807746887207,1.6336155,7.142439603805542,0.0,47.0366,0.9852
1992-03-08,2.513148069381714,5.026296,7.267021417617798,0.0,47.0059,1.4841
1992-03-09,0.5660486221313477,1.1320972,9.424892902374268,0.0,46.1978,0.7344
1992-03-10,0.8614129424095154,1.7228259,10.676650047302246,0.0,45.8161,1.0355
1992-03-11,0.8258814811706543,1.651763,11.706664085388184,0.0,45.2974,0.7368
1992-03-12,15.389447212219238,30.778894,12.012622833251951,0.0,51.1468,7.7103
1992-03-13,22.052839279174805,44.10568,15.636594295501707,0.0,52.1738,10.5277
1992-03-14,0.4097054004669189,0.8194108,18.592485427856445,0.0,48.0868,0.7438
1992-03-15,0.1024508476257324,0.2049017,20.37265396118164,0.0,46.3764,0.7484
1992-03-16,2.530202388763428,5.060405,20.23893642425537,0.0,45.5578,0.9215
1992-03-17,19.56742572784424,39.13485,10.259758949279783,0.0,51.3794,8.1944
1992-03-18,8.149884462356567,16.299768,8.458254337310791,0.0,50.1035,4.0434
1992-03-19,7.024865388870239,14.04973,10.191203594207764,0.0,49.4273,3.1998999999999995
1992-03-20,8.057887554168701,16.115776,12.826555252075195,0.0,49.3164,3.2881
1992-03-21,1.0340633392333984,2.0681267,11.432642936706545,0.0,47.4089,0.7639
1992-03-22,16.78387451171875,33.56775,8.655028820037842,0.0,51.534,8.7933
1992-03-23,12.030037879943848,24.060076,10.164660453796388,0.0,50.8984,6.5905
1992-03-24,19.034332275390625,38.068665,10.528371810913086,0.0,51.78,10.7987
1992-03-25,24.976045608520508,49.95209,11.287927627563477,0.0,52.1753,14.8899
1992-03-26,42.17648315429688,84.35297,10.708763122558594,0.0,52.8594,28.0921
1992-03-27,17.847485542297363,35.69497,8.657187461853027,0.0,51.2666,11.518
1992-03-28,28.968085289001465,57.936172,9.163873672485352,0.0,52.4397,18.081
1992-03-29,5.0114946365356445,10.022989,10.792402267456056,0.0,49.0759,2.3471
1992-03-30,13.551907539367676,27.103815,10.804955959320068,0.0,50.7626,7.2218
1992-03-31,27.44241523742676,54.88483,12.036678791046144,0.0,52.4706,15.4486
1992-04-01,7.378502368927002,14.757005,14.396429538726808,0.0,49.6691,3.9809
1992-04-02,1.720745086669922,3.4414902,13.722377300262451,0.0,47.7197,0.8896
1992-04-03,4.444236993789673,8.8884735,12.60692834854126,0.0,47.9685,2.5915
1992-04-04,0.0,0.0,16.283703804016113,0.0,46.2702,0.8958
1992-04-05,0.6492123603820801,1.2984247,16.16899824142456,0.0,45.3972,1.0602
1992-04-06,9.866252899169922,19.732506,17.01716899871826,0.0,47.884,3.4119
1992-04-07,0.7096378803253174,1.4192758,17.847729682922363,0.0,46.4536,0.8941
1992-04-08,0.5428760051727295,1.085752,16.921530723571777,0.0,45.4297,0.9585
1992-04-09,11.759812355041504,23.519625,18.779197692871094,0.0,48.6756,4.0268
1992-04-10,11.1411395072937,22.28228,17.869088172912598,0.0,49.942,4.1403
1992-04-11,12.458911895751951,24.917824,14.48224687576294,0.0,50.6964,5.4274
1992-04-12,0.0,0.0,14.127992630004885,0.0,47.6585,0.8917
1992-04-13,0.6897628307342529,1.3795257,15.56472873687744,0.0,46.3722,1.089
1992-04-14,0.0,0.0,15.354771614074709,0.0,45.0505,0.8899
1992-04-15,0.0805569887161254,0.16111398,16.37263011932373,0.0,43.9738,0.8878
1992-04-16,0.1058137416839599,0.21162748,16.542949676513672,0.0,42.9896,0.8854
1992-04-17,0.0250306129455566,0.050061226,18.38676929473877,0.0,41.9764,0.8828
1992-04-18,7.080056428909302,14.160112,20.041444778442383,0.0,45.1136,3.2362
1992-04-19,16.803449153900146,33.6069,18.44434261322021,0.0,50.94,6.2523
1992-04-20,2.1181936264038086,4.2363873,19.91039085388184,0.0,47.888,0.8774
1992-04-21,36.72904968261719,73.4581,19.88410186767578,0.0,53.7224,17.8029
1992-04-22,12.82055950164795,25.641119,18.45073890686035,0.0,50.7044,5.9118
1992-04-23,0.3311598300933838,0.66231966,20.12964630126953,0.0,47.6232,0.8838
1992-04-24,15.06944751739502,30.138895,18.984451293945312,0.0,51.1341,8.1876
1992-04-25,3.486074686050415,6.9721494,19.03667449951172,0.0,48.6384,1.5939
1992-04-26,26.387598037719727,52.775196,20.177857398986816,0.0,52.5118,13.2885
1992-04-27,31.5339879989624,63.067978,21.09735012054444,0.0,52.4199,17.2166
1992-04-28,6.820622205734253,13.641245,22.75448608398437,0.0,49.0206,2.2728
1992-04-29,6.339255094528198,12.678511,23.592260360717773,0.0,47.6819,1.2755999999999998
1992-04-30,1.932088017463684,3.864176,21.62517070770264,0.0,46.4517,1.0887
1992-05-01,12.179205417633057,24.35841,21.134201049804688,0.0,49.8332,6.0801
1992-05-02,39.48719024658203,78.97438,19.83029079437256,0.0,53.4195,19.997
1992-05-03,3.589665651321411,7.1793313,19.424650192260746,0.0,48.6446,1.1238
1992-05-04,1.1254777908325195,2.2509556,21.244178771972656,0.0,46.8891,0.9618
1992-05-05,0.2459139823913574,0.49182796,23.37579917907715,0.0,45.4261,0.9509
1992-05-06,0.0,0.0,24.806160926818848,0.0,44.0152,0.9485
1992-05-07,2.5788018703460693,5.1576037,23.53501892089844,0.0,44.3889,1.885
1992-05-08,14.500152587890623,29.000305,22.46080780029297,0.0,48.1926,4.1722
1992-05-09,49.46379089355469,98.92758,19.25815773010254,0.0,54.016,21.9408
1992-05-10,0.6169795989990234,1.2339592,16.676422119140625,0.0,48.4045,0.9511
1992-05-11,0.1716604232788086,0.34332085,18.45644187927246,0.0,46.4734,0.9607
1992-05-12,0.7439703941345215,1.4879408,20.53712558746338,0.0,45.2068,0.9572
1992-05-13,5.235630512237549,10.471261,22.52096366882324,0.0,46.202,2.7853
1992-05-14,10.294297695159912,20.588596,20.970304489135746,0.0,48.6116,3.705
1992-05-15,29.45947360992432,58.918945,21.253315925598145,0.0,52.7417,12.3823
1992-05-16,7.494557619094849,14.989115,21.87401390075684,0.0,49.2327,2.4198
1992-05-17,29.168933868408203,58.337868,20.00216579437256,0.0,52.636,15.2998
1992-05-18,5.080498218536377,10.160996,17.397780418395996,0.0,49.0863,2.3582
1992-05-19,0.9027032852172852,1.8054066,16.578118324279785,0.0,47.3578,0.9814
1992-05-20,0.1596937179565429,0.31938744,18.59217929840088,0.0,45.8911,0.9877
1992-05-21,13.64857530593872,27.29715,16.4225492477417,0.0,50.2042,6.4061
1992-05-22,5.33507239818573,10.670145,17.8940486907959,0.0,48.5556,1.8596
1992-05-23,0.181398868560791,0.36279774,20.77674961090088,0.0,46.6083,0.9863
1992-05-24,0.1420753002166748,0.2841506,21.74025630950928,0.0,45.1217,0.9847
1992-05-25,1.575746774673462,3.1514935,19.86604690551757,0.0,44.4832,1.0113
1992-05-26,3.9819016456604,7.9638033,18.718335151672363,0.0,45.4536,1.9202
1992-05-27,0.421457290649414,0.8429146,20.628846168518063,0.0,44.4199,0.9799
1992-05-28,0.1972036361694336,0.39440727,21.033966064453125,0.0,43.2626,0.9768
1992-05-29,0.2389061450958252,0.4778123,19.7964391708374,0.0,42.4103,0.9735
1992-05-30,29.51588726043701,59.031776,18.07369041442871,0.0,53.47,13.3237
1992-05-31,2.104241847991944,4.2084837,19.2544174194336,0.0,48.5185,0.9697
1992-06-01,0.0,0.0,21.23134994506836,0.0,46.5806,0.969
1992-06-02,0.0950644016265869,0.1901288,22.45316696166992,0.0,45.1071,0.9668
1992-06-03,0.13759446144104,0.27518892,24.2559118270874,0.0,43.8776,0.9638
1992-06-04,13.73277187347412,27.465544,23.131978034973145,0.0,49.9958,6.4578
1992-06-05,4.423536539077759,8.847073,24.19968891143799,0.0,47.8341,0.9738
1992-06-06,15.797526359558104,31.595053,24.30086326599121,0.0,50.9088,6.1607
1992-06-07,18.61409568786621,37.22819,21.3864974975586,0.0,51.8558,8.2256
1992-06-08,7.133836507797241,14.2676735,19.65392303466797,0.0,49.291,2.5433
1992-06-09,0.1309287548065185,0.2618575,21.64089870452881,0.0,47.0113,0.9599
1992-06-10,0.4702646732330322,0.94052935,23.728132247924805,0.0,45.465,0.9611
1992-06-11,0.0468888282775878,0.09377766,24.823464393615723,0.0,44.1831,0.9567
1992-06-12,7.767745018005371,15.53549,24.25992012023925,0.0,47.2823,4.1375
1992-06-13,12.722570419311523,25.44514,24.30069923400879,0.0,49.3631,3.7873
1992-06-14,5.8810625076293945,11.762125,24.23906135559082,0.0,47.8296,1.2104
1992-06-15,19.0140347480774,38.02807,23.92265892028809,0.0,51.592,7.7393
1992-06-16,29.364913940429688,58.729828,23.53578472137451,0.0,52.821,14.5049
1992-06-17,42.85344123840332,85.70688,22.694805145263672,0.0,53.0061,26.4545
1992-06-18,11.319708824157717,22.639418,22.035964965820312,0.0,50.0041,5.4744
1992-06-19,9.55263614654541,19.105272,19.60472869873047,0.0,49.5724,4.208
1992-06-20,9.97690200805664,19.953804,19.047755241394043,0.0,50.1352,5.3755
1992-06-21,0.2916879653930664,0.58337593,23.04595184326172,0.0,47.4285,1.0009
1992-06-22,1.1836867332458496,2.3673735,25.25338554382324,0.0,46.0623,1.2602
1992-06-23,17.632302284240723,35.264603,22.9553451538086,0.0,51.1354,7.776400000000001
1992-06-24,9.800189018249512,19.600378,21.452195167541504,0.0,50.4421,5.154
1992-06-25,0.68094801902771,1.361896,23.046329498291016,0.0,47.7435,1.0054
1992-06-26,1.7804956436157229,3.5609913,24.964555740356445,0.0,46.5555,1.6055
1992-06-27,0.5931911468505859,1.1863823,24.52334880828857,0.0,45.4474,1.005
1992-06-28,1.0574591159820557,2.1149182,24.36599922180176,0.0,44.7045,1.2774
1992-06-29,4.96507716178894,9.930155,24.876792907714844,0.0,44.9221,1.3709
1992-06-30,24.37227153778076,48.744545,25.09178352355957,0.0,52.1289,9.5935
1992-07-01,9.344972133636476,18.689945,25.7282772064209,0.0,49.5678,2.9533
1992-07-02,2.575614809989929,5.15123,26.73040008544922,0.0,47.3469,1.002
1992-07-03,2.2343575954437256,4.468715,26.590511322021484,0.0,46.7586,2.0541
1992-07-04,7.719273805618286,15.438547,25.18242645263672,0.0,48.1099,2.9399
1992-07-05,44.53905296325684,89.07811,23.325927734375,0.0,53.8912,22.5655
1992-07-06,111.97525405883788,223.9505,22.09254169464112,0.0,52.5981,99.0944
1992-07-07,41.805280685424805,83.610565,19.817545890808105,0.0,52.5273,31.079
1992-07-08,14.928994178771973,29.857988,21.398669242858887,0.0,50.567,7.640499999999999
1992-07-09,1.775269865989685,3.5505397,21.957469940185547,0.0,47.8162,1.0606
1992-07-10,2.279306650161743,4.5586133,23.7982234954834,0.0,46.9395,1.9501
1992-07-11,1.1925280094146729,2.385056,25.213642120361328,0.0,45.6399,1.0641
1992-07-12,0.6335119009017944,1.2670238,25.35532093048096,0.0,44.5723,1.3018
1992-07-13,0.9886536598205566,1.9773073,25.7236967086792,0.0,43.6352,1.0596
1992-07-14,0.0,0.0,26.49971294403076,0.0,42.9357,1.3952
1992-07-15,0.0124796032905578,0.024959207,26.18254852294922,0.0,41.843,1.0525
1992-07-16,0.3325568437576294,0.6651137,25.98144721984864,0.0,40.7002,1.0484
1992-07-17,0.1250604391098022,0.25012088,27.33207130432129,0.0,39.638,1.0442
1992-07-18,0.8744374513626099,1.7488749,27.51694679260254,0.0,38.7528,1.1204
1992-07-19,0.3462839126586914,0.6925678,27.23459529876709,0.0,37.8193,1.0359
1992-07-20,0.8374221324920654,1.6748443,27.434450149536133,0.0,36.9715,1.1416
1992-07-21,0.2556962966918945,0.5113926,28.04620933532715,0.0,35.9835,1.0273
1992-07-22,0.5080461502075195,1.0160923,28.016056060791016,0.0,34.9788,1.0267
1992-07-23,0.7609487771987915,1.5218976,27.13370418548584,0.0,34.588,1.0188
1992-07-24,0.1880046129226684,0.37600923,27.21100807189941,0.0,34.2124,1.0146
1992-07-25,0.222703218460083,0.44540644,27.13964462280273,0.0,33.9694,1.0102
1992-07-26,0.327399730682373,0.65479946,26.83893775939941,0.0,33.753,1.006
1992-07-27,0.2021304368972778,0.40426087,27.20139789581299,0.0,33.5543,1.0015
1992-07-28,1.37245774269104,2.7449155,28.258889198303223,0.0,33.9002,1.1832
1992-07-29,0.8364124298095703,1.6728249,28.72497081756592,0.0,33.3901,0.993
1992-07-30,4.5461835861206055,9.092367,28.29776382446289,0.0,36.871,2.2217
1992-07-31,2.383996963500977,4.767994,27.1708927154541,0.0,36.3588,0.9855
1992-08-01,6.716052651405335,13.432105,26.482028007507324,0.0,41.0224,2.8694
1992-08-02,0.3652459383010864,0.7304919,27.70787525177002,0.0,39.4982,0.9797
1992-08-03,3.000074028968811,6.000148,27.13685512542725,0.0,40.0165,1.5937
1992-08-04,0.773706316947937,1.5474126,26.788124084472656,0.0,38.7819,0.9751
1992-08-05,7.989329814910889,15.97866,26.558308601379395,0.0,43.9364,3.1877
1992-08-06,0.8380546569824219,1.6761093,26.30560207366944,0.0,41.9868,0.9711
1992-08-07,13.741639137268066,27.483278,25.49259090423584,0.0,48.1204,4.6398
1992-08-08,2.329506516456604,4.659013,25.662501335144043,0.0,45.9168,0.9673
1992-08-09,4.592805862426758,9.185612,26.14633178710937,0.0,46.6797,2.3332
1992-08-10,0.0,0.0,26.945883750915527,0.0,44.1666,0.9635
1992-08-11,1.0920004844665527,2.184001,27.856592178344727,0.0,42.6142,1.1476
1992-08-12,0.3626978397369385,0.7253957,27.82474040985108,0.0,40.9097,0.9597
1992-08-13,0.6335468292236328,1.2670937,28.03857612609864,0.0,39.3489,1.0
1992-08-14,0.6078648567199707,1.2157297,27.798490524291992,0.0,38.508,0.956
1992-08-15,11.505735397338867,23.01147,25.69689083099365,0.0,44.8845,3.7526
1992-08-16,10.386382579803469,20.772766,22.9987211227417,0.0,47.4351,2.5994
1992-08-17,9.628018379211426,19.256037,22.297553062438965,0.0,50.0677,3.2966
1992-08-18,2.8438907861709595,5.6877813,22.604930877685547,0.0,48.0263,1.0707
1992-08-19,2.9072364568710327,5.814473,22.297727584838867,0.0,47.4946,1.2957
1992-08-20,0.6153385639190674,1.2306771,24.60823154449463,0.0,45.9832,0.9453
1992-08-21,1.1170315742492676,2.2340631,25.714226722717285,0.0,44.8764,1.1749
1992-08-22,0.1573057174682617,0.31461143,26.60564517974853,0.0,43.2403,0.9419
1992-08-23,4.771124720573425,9.54225,27.221269607543945,0.0,44.4871,2.2818
1992-08-24,23.822668075561523,47.645336,25.07318878173828,0.0,52.9288,7.7757
1992-08-25,5.248931169509888,10.497862,25.526552200317383,0.0,48.7086,1.1324
1992-08-26,0.1598912477493286,0.3197825,26.05179977416992,0.0,46.6962,0.9356
1992-08-27,1.7251092791557312,3.4502187,26.387231826782227,0.0,46.3973,1.5736
1992-08-28,0.0,0.0,26.38051128387451,0.0,44.9013,0.9329
1992-08-29,1.8630270957946773,3.7260542,26.077466011047363,0.0,44.702,1.4952
1992-08-30,5.6473658084869385,11.294731,25.040021896362305,0.0,45.4351,1.4865
1992-08-31,66.45385360717773,132.90771,23.11409950256348,0.0,55.3943,29.1042
1992-09-01,10.859059810638428,21.71812,24.549570083618164,0.0,50.3278,5.1836
1992-09-02,0.3185961246490478,0.63719225,25.225095748901367,0.0,47.5109,0.9413
1992-09-03,1.6849700212478638,3.36994,24.91973876953125,0.0,46.5173,1.5158
1992-09-04,0.2094876766204834,0.41897535,25.01992702484131,0.0,45.3964,0.9443
1992-09-05,4.0546311140060425,8.109262,24.743364334106445,0.0,46.7242,2.6736
1992-09-06,2.805410623550415,5.6108212,25.427583694458008,0.0,45.8827,0.9437
1992-09-07,3.5297532081604004,7.0595064,24.62443923950196,0.0,46.2633,2.1045
1992-09-08,0.0995489358901977,0.19909787,25.623284339904785,0.0,45.0604,0.9421
1992-09-09,9.191604852676392,18.38321,25.838972091674805,0.0,48.6151,4.5443
1992-09-10,4.088277697563171,8.176556,24.404455184936523,0.0,48.6143,2.2759
1992-09-11,0.321652889251709,0.6433058,25.10011577606201,0.0,46.8467,0.939
1992-09-12,0.1554913520812988,0.3109827,25.91298484802246,0.0,45.4759,0.938
1992-09-13,0.9530026912689208,1.9060054,26.56242752075196,0.0,44.4763,0.9369
1992-09-14,2.940229296684265,5.880459,26.28296566009521,0.0,45.0743,2.0078
1992-09-15,13.350285053253174,26.70057,24.82258415222168,0.0,50.2635,5.2945
1992-09-16,1.7736786603927612,3.5473573,23.925371170043945,0.0,47.7193,0.9331
1992-09-17,7.400545120239258,14.80109,24.56154537200928,0.0,49.4065,3.8789
1992-09-18,4.104014158248901,8.208029,23.659423828125,0.0,47.8855,1.1957
1992-09-19,0.0130165815353393,0.026033163,23.580461502075195,0.0,46.2642,0.9303
1992-09-20,0.3300379514694214,0.6600759,23.18284797668457,0.0,44.9943,0.9317
1992-09-21,0.0,0.0,24.457453727722168,0.0,43.862,0.9283
1992-09-22,0.0,0.0,24.33407974243164,0.0,43.0849,0.927
1992-09-23,8.048902988433838,16.097805,22.298377990722656,0.0,46.5695,3.337
1992-09-24,0.5906744003295898,1.1813488,23.67092514038086,0.0,45.4117,0.9243
1992-09-25,2.098191022872925,4.196382,23.055906295776367,0.0,45.2357,1.5084
1992-09-26,0.0,0.0,22.05253791809082,0.0,44.1349,0.9214
1992-09-27,0.2602721750736236,0.52054435,19.4349946975708,0.0,43.2221,0.922
1992-09-28,0.0759124159812927,0.15182483,21.34222316741944,0.0,42.3797,0.9184
1992-09-29,0.1357671022415161,0.2715342,20.59842300415039,0.0,41.7086,0.9168
1992-09-30,1.8897687196731567,3.7795374,20.2545108795166,0.0,41.8893,1.1432
1992-10-01,0.1960591077804565,0.39211822,23.06972885131836,0.0,41.1827,0.9305
1992-10-02,0.1274734437465667,0.2549469,24.7145414352417,0.0,40.2977,0.913
1992-10-03,1.809269905090332,3.6185398,24.933384895324707,0.0,39.6674,0.9104
1992-10-04,11.51319408416748,23.026388,24.36929607391357,0.0,46.8873,4.7482
1992-10-05,14.583434104919434,29.166868,18.9162015914917,0.0,51.0134,4.6974
1992-10-06,0.3363585472106933,0.6727171,18.318994522094727,0.0,47.7636,0.9057
1992-10-07,0.0793070793151855,0.15861416,18.44118595123291,0.0,46.127,0.9046
1992-10-08,0.0799182057380676,0.15983641,18.442195892333984,0.0,45.0353,0.903
1992-10-09,0.1757310628890991,0.35146213,17.781750679016113,0.0,44.1108,0.9029
1992-10-10,0.0,0.0,18.28175640106201,0.0,43.1469,0.9002
1992-10-11,0.0883554816246032,0.17671096,18.553544998168945,0.0,42.2702,0.9002
1992-10-12,0.0337677597999572,0.06753552,18.393918991088867,0.0,41.4479,0.8973
1992-10-13,1.2234540581703186,2.446908,15.730775356292725,0.0,41.467,1.1536
1992-10-14,0.824984610080719,1.6499692,15.593189239501951,0.0,41.0907,0.8942
1992-10-15,0.0258734226226806,0.051746845,15.915284156799316,0.0,40.3244,0.8927
1992-10-16,0.0,0.0,15.56967830657959,0.0,39.2352,0.8912
1992-10-17,0.0,0.0,14.400742053985596,0.0,38.3486,0.8896
1992-10-18,0.0006707906723022,0.0013415813,13.679510116577148,0.0,37.7051,0.888
1992-10-19,0.0324400663375854,0.06488013,13.772459983825684,0.0,37.1152,0.8864
1992-10-20,0.0,0.0,13.472623825073242,0.0,36.5799,0.8848
1992-10-21,0.0,0.0,14.010072708129885,0.0,36.1014,0.8832
1992-10-22,0.1741071939468383,0.3482144,15.137435913085938,0.0,35.7045,0.8831
1992-10-23,0.1301534175872802,0.26030684,17.49749755859375,0.0,35.4022,0.8799
1992-10-24,0.1149467229843139,0.22989345,16.127251148223877,0.0,35.0832,0.8795999999999999
1992-10-25,0.3377835750579834,0.67556715,13.055542469024658,0.0,34.8318,0.8767
1992-10-26,0.0,0.0,13.064051628112791,0.0,34.5347,0.8751
1992-10-27,0.0288385152816772,0.05767703,13.687913417816162,0.0,34.3136,0.8737999999999999
1992-10-28,0.0862940549850463,0.17258811,14.532823085784912,0.0,34.1198,0.8718
1992-10-29,0.0220670104026794,0.04413402,16.070241451263428,0.0,33.943,0.8702
1992-10-30,0.0,0.0,14.720867156982422,0.0,33.7544,0.8685
1992-10-31,0.0,0.0,15.42274808883667,0.0,33.5863,0.8669
1992-11-01,0.0,0.0,15.062340259552002,0.0,33.4142,0.8653
1992-11-02,0.2239829301834106,0.44796586,14.374252319335938,0.0,33.2997,0.8656
1992-11-03,0.0072686076164245,0.014537215,14.07124137878418,0.0,33.1833,0.862
1992-11-04,0.0,0.0,15.058062553405762,0.0,33.0491,0.8604
1992-11-05,0.0,0.0,17.413514137268066,0.0,32.9357,0.8588
1992-11-06,0.0948942601680755,0.18978852,16.586889266967773,0.0,32.8274,0.8572
1992-11-07,0.0630960166454315,0.12619203,16.413293838500977,0.0,32.7201,0.8556
1992-11-08,5.58492636680603,11.169853,13.501087188720703,0.0,36.2706,1.9964
1992-11-09,0.0,0.0,9.937389373779297,0.0,36.0798,0.8524
1992-11-10,0.0,0.0,5.438014030456543,0.0,35.8521,0.8508
1992-11-11,0.0,0.0,6.707913160324097,0.0,35.5847,0.8492
1992-11-12,0.0,0.0,10.115911960601808,0.0,35.2657,0.8476
1992-11-13,0.0056601166725158,0.011320233,12.27622890472412,0.0,34.9752,0.846
1992-11-14,0.0,0.0,12.640992164611816,0.0,34.6839,0.8444
1992-11-15,0.0,0.0,15.154700756072998,0.0,34.4746,0.8428
1992-11-16,1.0865081548690796,2.1730163,14.040805339813232,0.0,34.9448,1.0242
1992-11-17,1.2435047030448914,2.4870095,15.415270328521729,0.0,34.8809,0.8396
1992-11-18,0.605914831161499,1.2118297,17.800623893737793,0.0,34.9058,0.9079
1992-11-19,0.1828090548515319,0.3656181,20.04989528656006,0.0,34.6005,0.8365
1992-11-20,0.5468090772628784,1.0936182,11.453890323638916,0.0,34.4116,0.8785999999999999
1992-11-21,0.0,0.0,5.672834157943726,0.0,34.2916,0.8455
1992-11-22,0.0142569541931152,0.028513908,6.520317077636719,0.0,34.162,0.8331999999999999
1992-11-23,0.1321615576744079,0.26432312,10.137473106384276,0.0,33.9748,0.8302
1992-11-24,0.0462256371974945,0.092451274,10.810554504394531,0.0,33.7638,0.8286
1992-11-25,0.0,0.0,10.742210865020752,0.0,33.5307,0.8271
1992-11-26,0.0,0.0,8.831510066986084,0.0,33.373,0.8255
1992-11-27,0.0,0.0,7.975780487060547,0.0,33.2505,0.8239
1992-11-28,0.1033554077148437,0.20671082,8.455277442932129,0.0,33.1361,0.8229
1992-11-29,0.0035302639007568,0.007060528,9.985268115997314,0.0,33.0339,0.8208
1992-11-30,0.1230475902557373,0.24609518,13.255368709564207,0.0,32.9646,0.8202
1992-12-01,0.0480894446372985,0.09617889,13.96437120437622,0.0,32.8649,0.8177
1992-12-02,0.0219653844833374,0.04393077,12.479813575744627,0.0,32.7618,0.8162
1992-12-03,0.0,0.0,9.123559474945068,0.0,32.6762,0.8147
1992-12-04,0.0110714137554168,0.022142828,10.328596115112305,0.0,32.593,0.8131
1992-12-05,0.128263771533966,0.25652754,14.357495307922363,0.0,32.5144,0.8116
1992-12-06,0.0,0.0,16.668376922607422,0.0,32.3957,0.8101
1992-12-07,0.1408226191997528,0.28164524,15.95900535583496,0.0,32.2865,0.8092
1992-12-08,0.0375575125217437,0.075115025,13.6530442237854,0.0,32.2133,0.807
1992-12-09,2.5970633029937744,5.1941266,14.742059230804443,0.0,34.0213,1.3317
1992-12-10,0.0453703999519348,0.0907408,13.062772274017334,0.0,33.7784,0.804
1992-12-11,0.0,0.0,10.777084350585938,0.0,33.5781,0.8025
1992-12-12,8.996063232421875,17.992126,10.48097562789917,0.0,40.1366,2.7613
1992-12-13,0.1175302267074585,0.23506045,11.880649089813232,0.0,39.6929,0.7995
1992-12-14,12.675413131713867,25.350826,10.339690685272217,0.0,48.3131,3.9803
1992-12-15,3.656454920768738,7.31291,6.749604940414429,0.0,48.3389,1.5218
1992-12-16,0.0980192422866821,0.19603848,6.379230976104736,0.0,46.9728,0.7949
1992-12-17,0.037631943821907,0.07526389,7.44514536857605,0.0,45.8892,0.7934
1992-12-18,0.0,0.0,9.361113548278809,0.0,44.9526,0.792
1992-12-19,0.0772748589515686,0.15454972,12.059024333953856,0.0,44.1043,0.7908
1992-12-20,0.0006688833236694,0.0013377666,12.67572784423828,0.0,43.3016,0.789
1992-12-21,0.8354756236076355,1.6709512,13.205998420715332,0.0,43.044,0.9307
1992-12-22,0.020117700099945,0.0402354,13.950857162475586,0.0,42.4863,0.786
1992-12-23,0.3098943382501602,0.61978865,8.782871723175049,0.0,42.0474,0.8151999999999999
1992-12-24,0.0017544701695442,0.0035089403,4.276039481163025,0.0,41.8087,0.8138000000000001
1992-12-25,0.014789342880249,0.029578686,8.335838794708252,0.0,41.4203,0.7816
1992-12-26,4.439377784729004,8.878756,9.835579872131348,0.0,44.1788,1.8472
1992-12-27,12.32871437072754,24.657429,13.05443000793457,0.0,50.0553,3.5803
1992-12-28,3.1113576889038086,6.2227154,14.778332710266112,0.0,48.5367,1.2166
1992-12-29,0.0561818480491638,0.112363696,12.659209251403809,0.0,46.9968,0.7757
1992-12-30,2.589761018753052,5.179522,10.789637565612791,0.0,47.407,1.4220000000000002
1992-12-31,5.161312580108643,10.322625,11.025513648986816,0.0,48.3157,1.7320000000000002
1993-01-01,0.0376284718513488,0.07525694,10.587281227111816,0.0,46.8653,0.7752
1993-01-02,0.1255545318126678,0.25110906,10.509721279144289,0.0,45.8925,0.771
1993-01-03,0.1475943922996521,0.29518878,11.860291004180908,0.0,45.1372,0.7684
1993-01-04,2.8733285665512085,5.7466574,11.624760150909424,0.0,46.1305,1.4938
1993-01-05,6.128600120544434,12.2572,7.558598756790161,0.0,48.4116,2.2008
1993-01-06,0.4122506380081177,0.8245013,10.60162115097046,0.0,47.0146,0.7641
1993-01-07,1.393822968006134,2.7876458,12.025414943695068,0.0,46.7162,1.0941
1993-01-08,0.1347681283950805,0.26953626,14.06857967376709,0.0,45.7637,0.7613
1993-01-09,0.1062696278095245,0.21253926,14.525196552276611,0.0,44.919,0.761
1993-01-10,0.2147570550441742,0.4295141,14.642777442932127,0.0,44.1074,0.7584
1993-01-11,0.0883958041667938,0.17679161,10.400659084320068,0.0,43.6426,0.7856
1993-01-12,0.1261842846870422,0.25236857,11.000433444976808,0.0,43.235,0.7556
1993-01-13,0.4086496829986572,0.81729937,13.585626602172852,0.0,42.8544,0.8023
1993-01-14,11.028366088867188,22.056732,9.267300605773926,0.0,47.7931,3.022
1993-01-15,28.727362632751465,57.454727,2.577930212020874,0.9031,53.6076,9.8294
1993-01-16,4.62295389175415,9.245908,0.3130280971527099,1.7504,49.5214,1.8759
1993-01-17,0.4318717122077942,0.8637434,-0.5402894020080566,1.7593,47.8315,0.9178
1993-01-18,0.0,0.0,0.3033769130706787,1.5596,46.914,0.8431
1993-01-19,0.0,0.0,2.792933702468872,0.9592,46.628,1.0816
1993-01-20,4.7134199142456055,9.42684,2.9061801433563232,0.6096,48.396,2.697
1993-01-21,2.2393364906311035,4.478673,2.0379762649536133,0.5766,47.9598,1.5349
1993-01-22,2.448488473892212,4.896977,2.2713654041290283,0.2818,47.898,1.6768999999999998
1993-01-23,6.727387428283691,13.454775,2.218222141265869,0.3034,49.4266,3.3261
1993-01-24,1.0713994204998016,2.142799,2.79802680015564,0.0393,47.8568,1.0395
1993-01-25,0.2215200662612915,0.44304013,2.1166648864746094,0.0,46.8565,0.8843
1993-01-26,0.0,0.0,2.9105536937713623,0.0,45.9568,0.7438
1993-01-27,0.0506952404975891,0.10139048,5.796279191970825,0.0,45.2931,0.7472000000000001
1993-01-28,0.1678254604339599,0.33565092,2.071256160736084,0.0,44.8442,0.7696
1993-01-29,0.0263646841049194,0.05272937,2.3069090843200684,0.0,44.4316,0.7634000000000001
1993-01-30,0.0,0.0,3.559811592102051,0.0,43.9358,0.7418
1993-01-31,0.1826348304748535,0.36526966,4.656487941741943,0.0,43.6036,0.7702
1993-02-01,1.0700769424438477,2.140154,5.3468992710113525,0.0,43.5191,0.8885
1993-02-02,0.4016413688659668,0.80328274,5.994738340377808,0.0,43.2194,0.7864
1993-02-03,0.3515828847885132,0.70316577,7.517084836959839,0.0,42.8901,0.7683
1993-02-04,0.0529485940933227,0.10589719,9.321719646453856,0.0,42.4656,0.7404
1993-02-05,0.0730392932891845,0.14607859,10.895166873931885,0.0,41.8969,0.7362
1993-02-06,0.8893551826477051,1.7787104,12.661486148834229,0.0,41.6579,0.9565
1993-02-07,0.0,0.0,14.098051071166992,0.0,41.0072,0.7339
1993-02-08,1.385819435119629,2.7716389,12.37503147125244,0.0,41.265,1.1019
1993-02-09,0.4718761444091797,0.9437523,11.640514850616457,0.0,40.9764,0.7314
1993-02-10,0.6030471324920654,1.2060943,9.934162139892578,0.0,40.7708,0.8378
1993-02-11,0.4931401014328003,0.9862802,10.96896743774414,0.0,40.3822,0.7289
1993-02-12,1.6264933943748474,3.252987,9.850974082946776,0.0,40.9115,1.1773
1993-02-13,1.1585394144058228,2.3170788,10.746236324310305,0.0,40.6168,0.7263
1993-02-14,0.0,0.0,12.104783535003662,0.0,40.0646,0.725
1993-02-15,1.2467705011367798,2.493541,13.680345058441162,0.0,40.3785,1.0232
1993-02-16,8.058088302612305,16.116177,11.92702579498291,0.0,43.4441,2.2104
1993-02-17,0.0,0.0,8.973480701446533,0.0,42.7893,0.7211
1993-02-18,0.0,0.0,12.99235200881958,0.0,42.1478,0.7198
1993-02-19,3.7689749002456665,7.5379496,14.303308486938477,0.0,44.1905,1.8634
1993-02-20,20.31255054473877,40.6251,16.090264320373535,0.0,52.1722,6.8382000000000005
1993-02-21,8.160118103027344,16.320236,15.71877670288086,0.0,49.9188,2.4484
1993-02-22,2.72518527507782,5.450371,9.312816619873049,0.0,48.0384,0.9307
1993-02-23,0.0,0.0,6.883500099182129,0.0,46.8425,0.7142
1993-02-24,5.588093042373657,11.176186,4.051700830459595,0.0,48.7022,2.7595
1993-02-25,11.438404083251951,22.876808,4.354276418685913,0.0,51.0448,5.164199999999999
1993-02-26,8.554140567779541,17.10828,6.32625150680542,0.0,50.4706,4.0761
1993-02-27,0.4921085834503174,0.98421717,10.000744342803957,0.0,47.896,0.7134
1993-02-28,14.927712440490724,29.855425,7.025571346282959,0.0,51.5484,7.6208
1993-03-01,2.654924988746643,5.3098497,6.60297417640686,0.0,48.6397,1.2558
1993-03-02,0.0329322814941406,0.06586456,7.072851181030273,0.0,47.0714,0.7187
1993-03-03,0.0951623916625976,0.19032478,7.931662082672119,0.0,46.2036,0.7234
1993-03-04,0.3949851989746094,0.7899704,10.040771961212158,0.0,45.3774,0.7213
1993-03-05,0.0356274843215942,0.07125497,11.056927680969238,0.0,44.532,0.7217
1993-03-06,0.7408813238143921,1.4817626,13.053317546844482,0.0,44.121,0.7217
1993-03-07,0.255657434463501,0.51131487,13.664909362792969,0.0,43.656,0.7271000000000001
1993-03-08,7.73318076133728,15.466362,9.873911380767822,0.0,47.4176,3.7575
1993-03-09,1.4935801029205322,2.9871602,9.503725051879885,0.0,46.5307,0.7206
1993-03-10,0.0534852743148803,0.10697055,11.853031635284424,0.0,45.6277,0.7202999999999999
1993-03-11,0.3481838703155517,0.69636774,14.355567932128906,0.0,44.8232,0.7759999999999999
1993-03-12,0.294884443283081,0.5897689,13.289966583251951,0.0,44.0329,0.7210000000000001
1993-03-13,0.4387083053588867,0.8774166,12.20732593536377,0.0,43.5292,0.7718
1993-03-14,13.881307601928713,27.762615,13.245659351348875,0.0,49.6475,5.4016
1993-03-15,14.059934616088867,28.11987,16.33396816253662,0.0,51.1102,5.3409
1993-03-16,15.770205974578856,31.540413,12.47946071624756,0.0,51.3279,6.3732
1993-03-17,13.904586791992188,27.809174,9.481606483459473,0.0,51.1906,6.854299999999999
1993-03-18,7.567282676696777,15.134565,6.9408118724823,0.0,49.8554,3.836
1993-03-19,2.022624969482422,4.04525,6.508302211761475,0.0,47.9463,0.9432
1993-03-20,10.98414421081543,21.968288,6.418934345245361,0.0,50.3147,5.7365
1993-03-21,1.0455119609832764,2.091024,8.982706546783447,0.0,47.8908,0.7355
1993-03-22,0.1753664016723632,0.3507328,14.029582977294922,0.0,46.4363,0.7424000000000001
1993-03-23,0.0543437004089355,0.1086874,18.78846740722656,0.0,45.2712,0.7404
1993-03-24,0.2233064174652099,0.44661283,22.37226963043213,0.0,44.1947,0.7553
1993-03-25,0.1755609512329101,0.3511219,21.73013210296631,0.0,43.2267,0.7408
1993-03-26,0.0204728841781616,0.04094577,22.46231269836425,0.0,42.2823,0.7403
1993-03-27,0.0969903469085693,0.1939807,22.49382972717285,0.0,41.4077,0.7394
1993-03-28,5.03952419757843,10.079048,17.179265022277832,0.0,43.1857,2.2718
1993-03-29,9.04130244255066,18.082605,9.151597499847412,0.0,46.6982,3.1097
1993-03-30,10.88776397705078,21.775528,8.289865970611572,0.0,50.0882,4.4216
1993-03-31,0.4651343822479248,0.93026876,13.702235698699951,0.0,47.5895,0.7354
1993-04-01,8.167116165161133,16.334232,14.40748405456543,0.0,49.7742,3.9827
1993-04-02,0.0,0.0,17.952268600463867,0.0,47.2908,0.7342
1993-04-03,0.0,0.0,21.72901058197021,0.0,45.5711,0.7337
1993-04-04,5.557097554206848,11.114195,18.72416877746582,0.0,46.9517,2.6336
1993-04-05,3.5407276153564453,7.081455,11.80719232559204,0.0,46.6884,1.1051
1993-04-06,19.885741233825684,39.771484,10.055356979370115,0.0,52.3075,8.4222
1993-04-07,4.420819282531738,8.841639,9.866430282592772,0.0,49.2649,1.947
1993-04-08,0.202761173248291,0.40552235,10.944241046905518,0.0,47.2018,0.7325
1993-04-09,0.3305642604827881,0.6611285,12.637123584747314,0.0,45.8569,0.7467999999999999
1993-04-10,3.2340997457504272,6.4681997,12.118499755859377,0.0,45.9622,1.186
1993-04-11,8.591046333312988,17.182093,11.953102588653564,0.0,48.8178,3.6672
1993-04-12,3.554081916809082,7.108164,11.581232070922852,0.0,47.937,1.3448
1993-04-13,0.2577378749847412,0.51547575,15.455156803131104,0.0,46.3867,0.7332
1993-04-14,0.0,0.0,17.8700590133667,0.0,45.078,0.7331
1993-04-15,0.0935834646224975,0.18716693,19.013569831848145,0.0,44.113,0.7327
1993-04-16,6.325667142868042,12.651335,18.34344482421875,0.0,46.4147,2.7458
1993-04-17,0.0440409183502197,0.08808184,17.300618171691895,0.0,45.2637,0.7311
1993-04-18,2.675516963005066,5.351034,15.81053113937378,0.0,45.8482,1.6541
1993-04-19,1.26916766166687,2.5383353,18.86054420471192,0.0,44.956,0.7293
1993-04-20,12.138636112213137,24.277271,18.460325241088867,0.0,50.1477,5.320799999999999
1993-04-21,3.2390778064727783,6.4781556,20.31516456604004,0.0,47.7351,0.7275
1993-04-22,0.4280390739440918,0.85607815,20.34507274627685,0.0,46.0264,0.7418
1993-04-23,26.07376003265381,52.147522,18.62651634216309,0.0,52.7442,9.6662
1993-04-24,13.512309074401855,27.024618,20.005993843078613,0.0,50.8675,5.0635
1993-04-25,0.0,0.0,18.50938415527344,0.0,47.667,0.7282
1993-04-26,0.0968551635742187,0.19371033,19.02798175811768,0.0,46.021,0.7297
1993-04-27,22.812820434570312,45.62564,18.533184051513672,0.0,52.4099,10.4222
1993-04-28,11.764677047729492,23.529354,20.774253845214844,0.0,50.4078,4.5356000000000005
1993-04-29,6.702850341796875,13.405701,21.70090103149414,0.0,48.3571,1.303
1993-04-30,0.0,0.0,21.97707271575928,0.0,46.3567,0.739
1993-05-01,1.952728033065796,3.905456,22.660499572753903,0.0,45.8276,1.472
1993-05-02,28.88988494873047,57.77977,21.10661125183105,0.0,52.7725,11.8859
1993-05-03,20.25652313232422,40.513046,16.385167121887207,0.0,51.9671,10.7783
1993-05-04,3.501403570175171,7.002807,15.97988510131836,0.0,48.4746,0.9573
1993-05-05,11.09118366241455,22.182367,18.403769493103027,0.0,49.684,4.5804
1993-05-06,5.515635848045349,11.031272,22.88704395294189,0.0,47.6542,0.7895000000000001
1993-05-07,5.502614974975586,11.00523,22.71868896484375,0.0,47.9504,2.7728
1993-05-08,22.62307548522949,45.24615,20.66236114501953,0.0,52.3272,11.2028
1993-05-09,32.356120109558105,64.71224,19.92393493652344,0.0,52.6908,17.619300000000003
1993-05-10,0.0,0.0,20.08954429626465,0.0,47.9481,0.788
1993-05-11,0.1716604232788086,0.34332085,21.836419105529785,0.0,46.149,0.7992
1993-05-12,0.7311067581176758,1.4622135,23.998679161071777,0.0,44.9395,0.7968
1993-05-13,0.3695642948150635,0.7391286,25.35523796081543,0.0,43.6718,0.8022
1993-05-14,21.75261688232422,43.505234,22.071053504943848,0.0,51.1174,8.0721
1993-05-15,11.975601196289062,23.951202,18.30274200439453,0.0,50.8268,5.3764
1993-05-16,3.334811925888061,6.669624,20.818187713623047,0.0,48.0107,0.7992
1993-05-17,6.776232004165649,13.552464,21.8852596282959,0.0,48.6617,3.5488
1993-05-18,16.80888271331787,33.617767,21.66307163238525,0.0,51.2277,7.0865
1993-05-19,1.1094558238983154,2.2189116,23.55265522003174,0.0,47.7964,0.8048
1993-05-20,1.2772791385650637,2.5545583,24.60542583465576,0.0,46.3306,1.1722
1993-05-21,15.671761989593506,31.343525,24.42840385437012,0.0,49.426,4.5814
1993-05-22,6.159454822540283,12.31891,22.43375968933105,0.0,48.2659,1.5996
1993-05-23,38.55715560913086,77.11431,19.80791187286377,0.0,53.4847,18.9711
1993-05-24,37.60472106933594,75.20944,20.38761043548584,0.0,52.6651,24.218
1993-05-25,4.174219965934753,8.34844,21.064393997192383,0.0,48.6719,1.3006
1993-05-26,27.29307174682617,54.586143,20.084187507629395,0.0,52.5632,15.600499999999998
1993-05-27,22.20289421081543,44.40579,19.645601272583008,0.0,51.7677,13.1161
1993-05-28,2.7776193618774414,5.5552387,19.160036087036133,0.0,48.1372,0.8733
1993-05-29,0.0,0.0,17.89898109436035,0.0,46.2037,0.8798
1993-05-30,0.1404941082000732,0.28098822,17.671055793762207,0.0,44.9107,0.8819
1993-05-31,43.59737205505371,87.19475,17.768587112426758,0.0,54.0201,22.3277
1993-06-01,8.816505908966064,17.63301,21.59336376190185,0.0,49.6147,3.5472
1993-06-02,0.2365391254425048,0.47307825,22.92887306213379,0.0,47.0638,0.8992
1993-06-03,0.13759446144104,0.27518892,22.224740028381348,0.0,45.3525,0.9017
1993-06-04,4.118652582168579,8.237305,20.45987129211425,0.0,45.7075,1.7877999999999998
1993-06-05,6.1394758224487305,12.278952,21.88697338104248,0.0,46.1106,1.6075
1993-06-06,3.1283271312713623,6.2566543,20.35952472686768,0.0,45.8193,1.0933
1993-06-07,1.7145204544067385,3.429041,22.601243019104004,0.0,44.9206,0.901
1993-06-08,19.38302993774414,38.76606,21.295673370361328,0.0,51.437,8.4216
1993-06-09,5.423506498336792,10.847013,20.95373821258545,0.0,49.1705,2.2038
1993-06-10,3.435302495956421,6.870605,22.640082359313965,0.0,47.4742,0.9006
1993-06-11,0.4985370635986328,0.9970741,24.64134407043457,0.0,46.0233,1.0265
1993-06-12,8.433640956878662,16.867283,24.45535087585449,0.0,47.6714,2.9703
1993-06-13,12.31599235534668,24.631985,24.40583324432373,0.0,49.7212,4.3008
1993-06-14,1.574491024017334,3.148982,25.60597419738769,0.0,47.379,0.9003
1993-06-15,29.407703399658203,58.815407,24.19111728668213,0.0,53.0622,15.1083
1993-06-16,9.14500904083252,18.290018,23.19015407562256,0.0,49.6593,3.1889
1993-06-17,8.826700210571289,17.6534,23.47601127624512,0.0,49.1675,3.1710000000000003
1993-06-18,8.693117141723633,17.386234,22.326799392700195,0.0,49.1168,3.252
1993-06-19,15.593349933624268,31.186699,22.806876182556152,0.0,50.8275,6.7585
1993-06-20,14.624401092529297,29.248802,22.60733318328857,0.0,51.1126,7.683800000000001
1993-06-21,0.4375238418579101,0.8750477,24.42398929595948,0.0,47.8264,0.9262
1993-06-22,3.252143859863281,6.5042877,25.37661075592041,0.0,47.36,2.2724
1993-06-23,11.777592658996582,23.555185,24.33497142791748,0.0,49.7873,4.9193
1993-06-24,38.10780715942383,76.215614,24.29450798034668,0.0,53.1279,17.514599999999998
1993-06-25,12.566956520080566,25.133913,24.516254425048828,0.0,50.0315,4.983700000000001
1993-06-26,0.0785202980041503,0.1570406,26.16441440582276,0.0,47.1829,0.9495
1993-06-27,1.811462163925171,3.6229243,27.573524475097656,0.0,45.8896,1.4208
1993-06-28,1.969756245613098,3.9395125,26.41530513763428,0.0,44.967,0.9493
1993-06-29,4.316348075866699,8.632696,25.9617977142334,0.0,45.837,2.6192
1993-06-30,4.823358774185181,9.646717,25.57179355621338,0.0,45.2457,0.9456
1993-07-01,15.594135761260986,31.18827,23.916423797607425,0.0,50.7989,7.1484
1993-07-02,19.353291511535645,38.70658,22.05445671081543,0.0,52.1739,9.5524
1993-07-03,0.6679143905639648,1.3358288,23.321352005004883,0.0,48.1117,0.9446
1993-07-04,0.8394773006439209,1.6789546,24.973575592041016,0.0,46.3785,1.0024
1993-07-05,1.2688655853271484,2.5377312,26.05917835235596,0.0,45.2682,0.9446
1993-07-06,0.4466359615325928,0.8932719,26.9212293624878,0.0,43.9652,0.9734
1993-07-07,0.0,0.0,26.97530746459961,0.0,42.6331,0.9391
1993-07-08,0.3529629707336426,0.70592594,27.34772777557373,0.0,41.5155,0.9658
1993-07-09,0.0,0.0,27.730393409729004,0.0,40.2394,0.9312
1993-07-10,0.0,0.0,28.12510681152344,0.0,38.9082,0.9271
1993-07-11,0.0,0.0,28.37011814117432,0.0,37.8024,0.9242
1993-07-12,0.1464545726776123,0.29290915,28.02374649047852,0.0,36.7973,0.9224
1993-07-13,0.1152095794677734,0.23041916,27.968758583068848,0.0,35.692,0.9207
1993-07-14,0.0286478996276855,0.0572958,27.31128978729248,0.0,34.7303,0.9189
1993-07-15,0.2230198383331298,0.44603968,27.519546508789062,0.0,34.3377,0.9172
1993-07-16,0.3325568437576294,0.6651137,28.35362720489502,0.0,34.0448,0.9155
1993-07-17,0.1250604391098022,0.25012088,28.419910430908203,0.0,33.8031,0.9138
1993-07-18,0.5706833600997925,1.1413667,28.661404609680176,0.0,33.6071,0.9121
1993-07-19,1.6609075665473938,3.321815,26.95656490325928,0.0,34.191,1.1733
1993-07-20,11.568538188934326,23.137077,25.052605628967285,0.0,38.733,2.5021
1993-07-21,27.03314018249512,54.06628,22.98337745666504,0.0,52.6686,8.1085
1993-07-22,5.739703893661499,11.479408,23.71939277648925,0.0,49.3871,1.7384
1993-07-23,2.1638925075531006,4.327785,25.576407432556152,0.0,47.3331,0.9037
1993-07-24,10.482285499572754,20.964571,25.22443008422852,0.0,50.3716,4.2593
1993-07-25,8.366270542144775,16.73254,24.80526638031006,0.0,49.4226,2.1974
1993-07-26,12.551903247833252,25.103806,24.498147010803223,0.0,50.8992,4.3276
1993-07-27,1.3904664516448977,2.780933,25.51367473602295,0.0,47.8086,0.8986
1993-07-28,8.914505004882812,17.82901,25.514198303222656,0.0,49.671,3.9239
1993-07-29,0.8768610954284668,1.7537222,25.969724655151367,0.0,47.2483,0.8972
1993-07-30,0.4952704906463623,0.990541,26.897111892700195,0.0,45.5964,0.8964
1993-07-31,6.580630540847778,13.161261,26.276366233825684,0.0,46.3185,1.6996
1993-08-01,0.5533266067504883,1.1066532,27.03450489044189,0.0,45.1127,0.9021
1993-08-02,0.2469739913940429,0.49394798,26.92413330078125,0.0,44.0249,0.8933
1993-08-03,0.3211574554443359,0.6423149,27.32644844055176,0.0,42.9867,0.8921
1993-08-04,0.4774528741836548,0.95490575,27.0766658782959,0.0,41.7892,0.9004000000000001
1993-08-05,0.0,0.0,27.763572692871094,0.0,40.4544,0.8893
1993-08-06,1.6131726503372192,3.2263453,27.48509693145752,0.0,39.5513,1.2247
1993-08-07,8.325644493103027,16.651289,26.4492769241333,0.0,41.3908,1.7015
1993-08-08,20.786848068237305,41.573696,25.02060604095459,0.0,50.5262,5.9683
1993-08-09,7.623387336730957,15.246775,25.3176794052124,0.0,49.6131,2.4076
1993-08-10,0.0,0.0,26.448376655578613,0.0,47.0014,0.8823
1993-08-11,0.7792458534240723,1.5584917,27.398944854736328,0.0,45.4065,1.011
1993-08-12,0.622593879699707,1.2451878,27.27896785736084,0.0,44.0318,0.8801
1993-08-13,0.8961942195892334,1.7923884,28.071409225463867,0.0,42.5791,0.9991
1993-08-14,4.511654376983643,9.023309,27.967191696166992,0.0,42.1823,0.8776
1993-08-15,2.4517706632614136,4.9035416,26.82247829437256,0.0,41.6647,1.3868
1993-08-16,1.8471704721450808,3.694341,26.42774677276612,0.0,40.9841,0.8779
1993-08-17,3.3777867555618286,6.7555733,26.700942039489743,0.0,41.3732,1.7592
1993-08-18,0.4728758335113525,0.94575167,27.413771629333496,0.0,39.9217,0.8722
1993-08-19,0.299741268157959,0.59948254,27.68783473968506,0.0,38.6844,0.8705
1993-08-20,2.279329538345337,4.558659,26.603779792785645,0.0,38.1942,0.8712
1993-08-21,2.124216794967652,4.2484336,25.94865226745605,0.0,38.6593,1.3533
1993-08-22,0.1573057174682617,0.31461143,25.93357276916504,0.0,38.0148,0.8659
1993-08-23,0.0846569538116455,0.16931391,27.03372478485108,0.0,37.2654,0.8643
1993-08-24,0.8204536437988281,1.6409073,27.57289123535156,0.0,36.5863,0.863
1993-08-25,0.1395773887634277,0.27915478,27.89123249053955,0.0,35.8178,0.8611
1993-08-26,0.0422673225402832,0.084534645,27.62537670135498,0.0,35.2091,0.8595
1993-08-27,18.86407470703125,37.72815,25.6245641708374,0.0,47.5191,6.1581
1993-08-28,0.9498825073242188,1.899765,23.78239917755127,0.0,45.3007,0.8564
1993-08-29,0.1670705080032348,0.33414102,24.05213832855225,0.0,43.5134,0.8548
1993-08-30,0.1861088275909423,0.37221766,24.64903163909912,0.0,41.8507,0.8532
1993-08-31,0.5930678844451904,1.1861358,25.096848487854004,0.0,40.3045,0.8573000000000001
1993-09-01,8.35470199584961,16.709404,24.70030403137207,0.0,41.4621,1.3872
1993-09-02,0.3944599628448486,0.7889199,24.36598491668701,0.0,39.906,0.8485
1993-09-03,0.0976600646972656,0.19532013,22.737956047058105,0.0,38.7201,0.847
1993-09-04,0.0909285545349121,0.18185711,22.93728542327881,0.0,37.9918,0.8454
1993-09-05,1.3294954299926758,2.6589909,23.058295249938965,0.0,38.0514,1.0847
1993-09-06,2.286019206047058,4.5720387,22.84641933441162,0.0,37.7726,0.8422
1993-09-07,0.8253610134124756,1.650722,22.456132888793945,0.0,37.2889,0.9167
1993-09-08,0.0348702669143676,0.069740534,21.93442153930664,0.0,36.6633,0.8391
1993-09-09,1.56091570854187,3.1218314,22.263504028320312,0.0,36.7996,1.1132
1993-09-10,0.0,0.0,22.59977149963379,0.0,36.0723,0.836
1993-09-11,0.1419463157653808,0.28389263,23.557371139526367,0.0,35.477,0.8392000000000001
1993-09-12,0.0926084518432617,0.1852169,23.926230430603027,0.0,35.0535,0.8328
1993-09-13,1.354630947113037,2.709262,25.8215913772583,0.0,35.4392,1.052
1993-09-14,3.016804337501526,6.0336084,26.03119659423828,0.0,35.2174,0.8297
1993-09-15,0.2538992166519165,0.50779843,26.67671585083008,0.0,34.7268,0.8281
1993-09-16,0.1286734342575073,0.25734687,26.16997241973877,0.0,34.5348,0.8266
1993-09-17,0.0,0.0,27.528857231140137,0.0,34.3011,0.825
1993-09-18,3.918210744857788,7.8364215,26.1219482421875,0.0,37.2024,1.8131
1993-09-19,12.983399868011476,25.9668,25.976123809814453,0.0,43.2196,2.934
1993-09-20,0.3361883163452148,0.67237663,26.39790439605713,0.0,41.4456,0.8204
1993-09-21,0.0,0.0,25.92710876464844,0.0,39.7085,0.8188
1993-09-22,8.353083610534668,16.706167,25.12736797332764,0.0,42.9955,2.3642
1993-09-23,15.498742580413818,30.997486,21.275195121765137,0.0,48.9358,3.9106
1993-09-24,16.292022705078125,32.584045,17.94106101989746,0.0,52.2068,5.3482
1993-09-25,3.6241493225097656,7.2482986,19.85846900939941,0.0,48.8839,1.2193
1993-09-26,0.1619446277618408,0.32388926,19.58224105834961,0.0,47.1208,0.8112
1993-09-27,0.3796621561050415,0.7593243,21.86369800567627,0.0,45.9241,0.8362999999999999
1993-09-28,3.257949471473694,6.5158987,21.83382797241211,0.0,46.0849,1.1469
1993-09-29,8.666259288787842,17.33252,22.781588554382324,0.0,48.3886,2.4801
1993-09-30,2.211264967918396,4.42253,20.272167205810547,0.0,47.3014,0.9328
1993-10-01,0.3231794238090515,0.64635885,19.42793560028076,0.0,46.0222,0.8209000000000001
1993-10-02,0.1274734437465667,0.2549469,18.32174777984619,0.0,44.9898,0.8039999999999999
1993-10-03,0.0295193493366241,0.0590387,17.788843154907227,0.0,44.0371,0.8014
1993-10-04,0.9147579669952391,1.8295159,18.285035133361816,0.0,43.5612,0.9483
1993-10-05,0.2615071535110473,0.5230143,19.235560417175293,0.0,42.7068,0.7986
1993-10-06,0.3246567249298095,0.64931345,18.43132877349853,0.0,41.7272,0.8005
1993-10-07,0.0793070793151855,0.15861416,17.624900817871094,0.0,40.6784,0.7958
1993-10-08,0.0927822887897491,0.18556458,17.268932342529297,0.0,39.5553,0.7956
1993-10-09,0.188595175743103,0.37719035,17.198351860046387,0.0,38.5467,0.7929
1993-10-10,0.0,0.0,17.555275917053223,0.0,37.4307,0.7914
1993-10-11,0.0883554816246032,0.17671096,17.023720741271973,0.0,36.7976,0.7913
1993-10-12,0.027789294719696,0.05557859,20.088207244873047,0.0,36.2966,0.7885
1993-10-13,0.2261239290237426,0.45224786,21.95022392272949,0.0,35.891,0.7903
1993-10-14,3.547995090484619,7.09599,21.429412841796875,0.0,37.1105,1.2494999999999998
1993-10-15,1.775113224983215,3.5502264,20.821962356567383,0.0,36.9884,0.7841
1993-10-16,0.2780343890190124,0.5560688,21.088866233825684,0.0,36.6202,0.7863
1993-10-17,0.0,0.0,22.197057723999023,0.0,36.0817,0.7812
1993-10-18,1.6080740690231323,3.2161481,18.849702835083008,0.0,36.6876,1.0926
1993-10-19,0.2987618446350097,0.5975237,17.129972457885742,0.0,36.3997,0.7783
1993-10-20,0.0,0.0,16.427292823791504,0.0,35.9141,0.7768
1993-10-21,0.0,0.0,15.521374702453612,0.0,35.4472,0.7754
1993-10-22,0.197232961654663,0.39446592,16.75244903564453,0.0,35.1161,0.7757000000000001
1993-10-23,0.1301534175872802,0.26030684,17.004505157470703,0.0,34.8555,0.7725
1993-10-24,0.1149467229843139,0.22989345,16.781320571899414,0.0,34.6078,0.7722
1993-10-25,3.7235511541366577,7.4471025,15.552130222320557,0.0,36.4993,1.4124
1993-10-26,24.24213600158692,48.484272,15.586836338043211,0.0,51.1381,7.174200000000001
1993-10-27,8.178924083709717,16.35785,17.022387504577637,0.0,50.3764,2.7135
1993-10-28,2.760193109512329,5.520386,18.360276222229004,0.0,48.1417,0.889
1993-10-29,0.7473810315132141,1.4947621,17.18491268157959,0.0,46.8711,0.7683
1993-10-30,0.0133652761578559,0.026730552,14.98896312713623,0.0,46.0032,0.8791
1993-10-31,0.0,0.0,10.998552799224854,0.0,45.0455,0.7612
1993-11-01,0.0,0.0,10.843132019042969,0.0,44.1118,0.7599
1993-11-02,0.2239829301834106,0.44796586,14.793212413787842,0.0,43.3612,0.7641
1993-11-03,0.168042778968811,0.33608556,16.4962739944458,0.0,42.8053,0.7572
1993-11-04,0.0034967958927154,0.006993592,19.39957046508789,0.0,42.1498,0.7559
1993-11-05,0.0229290723800659,0.045858145,20.95911979675293,0.0,41.5329,0.7545
1993-11-06,0.4219745099544525,0.843949,22.936996459960938,0.0,40.7662,0.8015
1993-11-07,3.631045699119568,7.2620916,21.85686016082764,0.0,40.7636,0.7903
1993-11-08,8.935185432434082,17.87037,20.819708824157715,0.0,45.6901,3.0266
1993-11-09,0.0,0.0,20.44761848449707,0.0,44.5989,0.7491
1993-11-10,0.0,0.0,20.69853687286377,0.0,43.4126,0.7477
1993-11-11,0.0,0.0,20.81240463256836,0.0,42.2513,0.7464
1993-11-12,0.1908019483089447,0.3816039,18.04780006408692,0.0,41.4138,0.7458
1993-11-13,0.0056601166725158,0.011320233,13.664663791656494,0.0,40.5531,0.7437
1993-11-14,0.0,0.0,13.483034133911133,0.0,39.6127,0.7423
1993-11-15,0.0,0.0,15.33213758468628,0.0,38.9039,0.7409
1993-11-16,0.0638856887817382,0.12777138,16.31676483154297,0.0,38.4092,0.7396
1993-11-17,1.2608489990234375,2.521698,18.18130397796631,0.0,38.1401,0.7592
1993-11-18,1.4984773993492126,2.996955,17.5631103515625,0.0,38.0875,0.7814
1993-11-19,0.1930889189243316,0.38617784,15.526532173156738,0.0,37.8584,0.7355
1993-11-20,2.1488097310066223,4.2976193,16.887320518493652,0.0,38.1311,0.8754
1993-11-21,1.3925362825393677,2.7850726,7.728621482849121,0.0,37.9609,0.7439
1993-11-22,0.0142569541931152,0.028513908,6.233912229537964,0.0,37.7319,0.7345
1993-11-23,0.1321615576744079,0.26432312,8.635285377502441,0.0,37.4483,0.73
1993-11-24,0.0462256371974945,0.092451274,8.274288654327393,0.0,37.2025,0.7287
1993-11-25,0.0,0.0,8.380532264709473,0.0,37.0038,0.7273
1993-11-26,0.1416808664798736,0.28336173,11.94864273071289,0.0,36.8534,0.7276
1993-11-27,0.0084601640701293,0.016920328,13.881068229675291,0.0,36.6553,0.7246
1993-11-28,0.1033554077148437,0.20671082,14.613433837890623,0.0,36.4123,0.7238
1993-11-29,0.4224470257759094,0.84489405,14.526723861694336,0.0,36.1852,0.7353999999999999
1993-11-30,20.277846336364743,40.555695,15.4575514793396,0.0,49.5204,6.2514
1993-12-01,8.486644268035889,16.97329,16.70625591278076,0.0,50.1,2.6574
1993-12-02,0.0219653844833374,0.04393077,16.984439849853516,0.0,47.6236,0.7179
1993-12-03,0.0,0.0,16.106201171875,0.0,46.2529,0.7167
1993-12-04,0.4909498393535614,0.9818997,9.890806198120115,0.0,45.4925,0.742
1993-12-05,0.1360158324241638,0.27203166,10.075187683105469,0.0,44.7818,0.7142
1993-12-06,0.0,0.0,7.426974773406982,0.0,44.0316,0.7129
1993-12-07,0.0,0.0,7.047156810760498,0.0,43.4588,0.7135
1993-12-08,0.0246935188770294,0.049387038,8.341718196868896,0.0,42.8397,0.7104
1993-12-09,0.06461101770401,0.12922204,13.141980648040771,0.0,42.2938,0.7092
1993-12-10,0.0453703999519348,0.0907408,13.02120590209961,0.0,41.7752,0.7079
1993-12-11,0.0248458385467529,0.049691677,9.696216106414797,0.0,41.3562,0.7066
1993-12-12,0.1761158108711242,0.35223162,12.26016330718994,0.0,40.9691,0.7071000000000001
1993-12-13,12.549437522888184,25.098875,12.379878997802734,0.0,48.0432,4.0207
1993-12-14,3.768409252166748,7.5368185,8.17085862159729,0.0,47.9629,1.395
1993-12-15,0.1901163756847381,0.38023275,6.303131103515625,0.0,46.8207,0.7017
1993-12-16,0.4961447119712829,0.9922894,5.901756525039673,0.0,46.2548,0.7968
1993-12-17,0.060827150940895,0.1216543,5.866488456726074,0.0,45.5606,0.6993
1993-12-18,0.0,0.0,4.56521463394165,0.0,44.9902,0.6982
1993-12-19,0.083425223827362,0.16685045,7.996944904327393,0.0,44.4709,0.6974999999999999
1993-12-20,0.0,0.0,8.552626132965088,0.0,43.9385,0.6959
1993-12-21,0.2469962835311889,0.49399257,8.342325687408447,0.0,43.4893,0.6983
1993-12-22,0.0139673352241516,0.02793467,3.629673957824707,0.0,43.198,0.74
1993-12-23,0.0644743740558624,0.12894875,3.622007369995117,0.0,42.8568,0.7071000000000001
1993-12-24,0.0017544701695442,0.0035089403,4.933239459991455,0.0,42.4439,0.6992
1993-12-25,0.0087836980819702,0.017567396,4.851207733154297,0.0,42.0501,0.697
1993-12-26,0.1130067110061645,0.22601342,5.965179920196533,0.0,41.6331,0.7007
1993-12-27,0.0669870376586914,0.13397408,5.916805982589722,0.0,41.2521,0.6979
1993-12-28,0.0577703118324279,0.11554062,6.5792741775512695,0.0,40.8357,0.6898
1993-12-29,0.0,0.0,8.496737003326416,0.0,40.4099,0.6866
1993-12-30,0.0793102979660034,0.1586206,12.977951049804688,0.0,39.8052,0.684
1993-12-31,0.0101951360702514,0.020390272,10.234690189361572,0.0,39.2825,0.6828
1994-01-01,0.0376284718513488,0.07525694,7.945853471755981,0.0,38.9009,0.6816
1994-01-02,0.1255545318126678,0.25110906,8.825001239776611,0.0,38.4823,0.6813
1994-01-03,0.1475943922996521,0.29518878,13.36643886566162,0.0,38.15,0.6792
1994-01-04,0.2021427154541015,0.40428543,14.619257926940918,0.0,37.7621,0.6799
1994-01-05,0.0282474756240844,0.05649495,14.263143062591553,0.0,37.3332,0.6767
1994-01-06,0.0,0.0,14.039650917053224,0.0,37.0095,0.6755
1994-01-07,0.2224456071853637,0.4448912,13.619128704071043,0.0,36.845,0.6757
1994-01-08,0.1230908632278442,0.24618173,13.211742401123049,0.0,36.6174,0.673
1994-01-09,0.0811048746109008,0.16220975,13.935153484344482,0.0,36.3491,0.6721999999999999
1994-01-10,0.8866080939769745,1.7732162,12.002578735351562,0.0,36.2935,0.6843
1994-01-11,0.0,0.0,13.790730476379396,0.0,36.0211,0.6693
1994-01-12,0.070862591266632,0.14172518,14.37651824951172,0.0,35.7536,0.6681
1994-01-13,3.6906661987304688,7.3813324,9.64508819580078,0.0,37.5698,1.3691
1994-01-14,0.0,0.0,7.709414720535278,0.0,37.3264,0.6656
1994-01-15,0.0740101337432861,0.14802027,8.816359996795654,0.0,37.0974,0.6648
1994-01-16,2.504482865333557,5.0089655,11.953451156616213,0.0,38.0956,1.0644
1994-01-17,0.4318717122077942,0.8637434,15.18374252319336,0.0,37.7735,0.6619
1994-01-18,1.7523032426834106,3.5046065,8.255044221878052,0.0,38.6752,1.0917
1994-01-19,1.1238003969192505,2.2476008,3.414347529411316,0.0,38.7159,0.6905
1994-01-20,7.687812089920044,15.375624,2.6530003547668457,0.1878,43.0823,2.3594
1994-01-21,0.176263689994812,0.35252738,1.1562707424163818,0.0,43.1472,0.8357
1994-01-22,0.1376514434814453,0.2753029,1.2544002532958984,0.0,42.7547,0.6792999999999999
1994-01-23,0.0521894693374633,0.10437894,2.5721890926361084,0.0,42.3295,0.6708
1994-01-24,0.1370210647583007,0.27404213,5.2286460399627686,0.0,41.9126,0.6695
1994-01-25,0.9288358986377716,1.8576717,9.417272567749023,0.0,41.6964,0.7644
1994-01-26,0.0,0.0,9.525333881378174,0.0,40.8954,0.6509
1994-01-27,0.0506952404975891,0.10139048,8.31651496887207,0.0,40.3165,0.6497
1994-01-28,0.1678254604339599,0.33565092,6.860347032546997,0.0,39.8387,0.6513
1994-01-29,0.0263646841049194,0.05272937,6.366974115371704,0.0,39.5148,0.6472
1994-01-30,0.0,0.0,6.192873001098633,0.0,39.2433,0.646
1994-01-31,0.1826348304748535,0.36526966,11.451216220855711,0.0,38.7092,0.6466000000000001
1994-02-01,1.0700769424438477,2.140154,10.940239429473875,0.0,38.3702,0.6444
1994-02-02,0.4417469501495361,0.8834939,7.738844156265259,0.0,38.321,0.7007
1994-02-03,0.3515828847885132,0.70316577,9.641672134399414,0.0,38.0362,0.6412
1994-02-04,0.11068856716156,0.22137713,11.46925401687622,0.0,37.8021,0.6409
1994-02-05,6.757184505462647,13.514369,12.256311893463137,0.0,41.7807,2.1455
1994-02-06,7.644922733306885,15.289845,13.805827140808104,0.0,45.3328,2.1923
1994-02-07,0.0,0.0,13.030543327331545,0.0,44.2066,0.6365
1994-02-08,3.8061968088150016,7.6123934,13.909667015075684,0.0,45.4979,1.6435
1994-02-09,0.280670166015625,0.56134033,10.406803607940674,0.0,44.3712,0.6341
1994-02-10,3.106919765472412,6.2138395,8.954326629638672,0.0,45.5904,1.4756
1994-02-11,17.293272972106934,34.586548,11.353329181671144,0.0,51.94,5.337000000000001
1994-02-12,1.7819300293922424,3.56386,9.228408813476562,0.0,48.3064,0.6306
1994-02-13,8.911721229553223,17.823442,6.822912693023682,0.0,50.6662,3.6572
1994-02-14,26.40555477142334,52.81111,8.02326774597168,0.0,53.2374,10.4887
1994-02-15,6.03421688079834,12.068434,8.257584571838379,0.0,49.7604,2.4617
1994-02-16,10.39543628692627,20.790873,7.225958824157715,0.0,50.6015,4.7254
1994-02-17,25.8887939453125,51.777588,7.205300807952881,0.0,52.8228,13.4445
1994-02-18,5.195918560028076,10.391837,8.403234481811523,0.0,49.6049,3.0137
1994-02-19,8.73232650756836,17.464653,10.279471397399902,0.0,49.7985,4.2241
1994-02-20,6.018218755722046,12.036438,10.88044548034668,0.0,48.9011,2.3945
1994-02-21,1.7025378942489624,3.4050758,8.477171421051025,0.0,47.2767,0.6569
1994-02-22,0.0965005159378051,0.19300103,9.858139991760254,0.0,46.1209,0.66
1994-02-23,0.2597863674163818,0.51957273,13.651119232177734,0.0,45.2957,0.6617
1994-02-24,11.342236042022703,22.684471,9.602014064788818,0.0,49.8392,5.7806
1994-02-25,1.9415724277496336,3.8831449,6.328225135803223,0.0,47.8256,0.7099
1994-02-26,6.869366645812988,13.738733,5.2216198444366455,0.0,49.1848,3.4221
1994-02-27,5.235888361930847,10.471777,5.264610767364502,0.0,49.1266,2.7533
1994-02-28,4.317905902862549,8.635812,5.108131408691406,0.0,48.7615,2.2964
1994-03-01,1.3355145454406738,2.671029,5.201834440231323,0.0,47.422,0.7947
1994-03-02,0.0896437168121337,0.17928743,6.455955743789673,0.0,46.4345,0.6717
1994-03-03,2.370227813720703,4.7404556,8.251652717590332,0.0,46.5861,1.6278
1994-03-04,0.3709235191345215,0.74184704,8.556020736694336,0.0,45.7033,0.7003
1994-03-05,0.1859476566314697,0.3718953,12.107389450073242,0.0,44.866,0.6742
1994-03-06,1.5907888412475586,3.1815777,10.69316053390503,0.0,44.9229,1.1803
1994-03-07,16.442737579345703,32.885475,13.963770866394045,0.0,50.6724,6.4108
1994-03-08,7.697279453277588,15.394559,16.05093765258789,0.0,49.5486,2.7531
1994-03-09,8.47499966621399,16.949999,11.192893028259276,0.0,49.4294,3.0519
1994-03-10,3.116965651512146,6.2339315,8.227163076400757,0.0,47.876,0.9883
1994-03-11,10.07987368106842,20.159748,8.564493179321289,0.0,49.7946,4.4351
1994-03-12,3.448163747787476,6.8963275,13.525963306427002,0.0,47.99,0.9663
1994-03-13,10.068588495254517,20.137177,9.315795421600342,0.0,49.309,3.7032
1994-03-14,0.0803463459014892,0.16069269,6.347029209136963,0.0,47.4826,0.6855
1994-03-15,5.055892467498779,10.111785,6.072020769119263,0.0,48.4934,2.9145000000000003
1994-03-16,6.930814981460571,13.8616295,8.536989688873291,0.0,49.0477,3.0103
1994-03-17,13.720987796783447,27.441975,8.262416362762451,0.0,51.1328,6.9291
1994-03-18,1.6497111320495603,3.2994223,8.794498920440674,0.0,48.1679,0.6951
1994-03-19,38.24279975891113,76.485596,8.846542358398438,0.0,53.5044,22.0104
1994-03-20,1.7779080867767334,3.5558162,11.395434379577637,0.0,48.4547,0.7121
1994-03-21,5.739279866218567,11.4785595,10.595200538635254,0.0,48.7448,3.4967
1994-03-22,25.857707023620605,51.715416,10.314022064208984,0.0,52.5799,13.7754
1994-03-23,0.6831324100494385,1.3662648,12.394737243652344,0.0,48.2747,0.7341
1994-03-24,0.2233064174652099,0.44661283,10.28835916519165,0.0,46.6429,0.7572
1994-03-25,0.1755609512329101,0.3511219,11.967456817626951,0.0,45.5731,0.7435
1994-03-26,0.0031285285949707,0.006257057,13.50571632385254,0.0,44.6645,0.7448
1994-03-27,0.0690422058105468,0.13808441,10.877361297607422,0.0,43.9478,0.7451
1994-03-28,0.2110984325408935,0.42219687,11.960749626159668,0.0,43.2951,0.759
1994-03-29,1.9814525842666624,3.9629052,14.025791645050049,0.0,43.0995,0.7456
1994-03-30,18.13360595703125,36.267212,12.643247604370115,0.0,51.1122,7.953699999999999
1994-03-31,11.047186851501465,22.094374,14.0040864944458,0.0,50.691,4.8105
1994-04-01,11.410316944122314,22.820633,16.18979549407959,0.0,50.307,4.5793
1994-04-02,0.0,0.0,17.61006259918213,0.0,47.3613,0.7471
1994-04-03,0.0434870719909668,0.086974144,19.51565361022949,0.0,45.9159,0.7487
1994-04-04,0.4789555072784424,0.957911,22.01447486877441,0.0,44.7157,0.7492
1994-04-05,0.662076473236084,1.324153,23.340392112731934,0.0,43.7968,0.9109
1994-04-06,2.5403881072998047,5.080776,23.240050315856934,0.0,43.1786,0.7486
1994-04-07,0.4910190105438232,0.982038,22.80036735534668,0.0,42.1679,0.7934
1994-04-08,12.302196979522703,24.604393,20.32136058807373,0.0,46.8816,3.8779
1994-04-09,8.97802448272705,17.956049,17.005706787109375,0.0,48.845,3.1143
1994-04-10,7.666481971740723,15.332964,15.140013217926024,0.0,49.6588,3.2609
1994-04-11,5.469042539596558,10.938086,18.84042358398437,0.0,48.418,1.5158
1994-04-12,0.7042584419250488,1.4085169,16.982330322265625,0.0,46.7356,0.7448
1994-04-13,11.643103122711182,23.286205,13.845895290374756,0.0,50.3029,5.4944
1994-04-14,1.773301601409912,3.5466032,14.314709663391112,0.0,47.8632,0.7446
1994-04-15,0.8737374544143677,1.7474749,15.45404052734375,0.0,46.6398,0.9976
1994-04-16,0.1058137416839599,0.21162748,17.74355125427246,0.0,45.39,0.7447
1994-04-17,0.0250306129455566,0.050061226,21.242515563964844,0.0,44.2022,0.7443
1994-04-18,0.0,0.0,22.917977333068848,0.0,43.1399,0.7436
1994-04-19,0.2933278083801269,0.5866556,24.021026611328125,0.0,42.0991,0.7534000000000001
1994-04-20,7.540593862533569,15.081188,23.178277015686035,0.0,43.6082,1.7049
1994-04-21,4.73680853843689,9.473618,20.787571907043457,0.0,44.3873,1.3329
1994-04-22,20.01215648651123,40.024315,20.52035617828369,0.0,51.7327,7.353000000000001
1994-04-23,6.06915283203125,12.138306,19.28548145294189,0.0,49.515,2.2807
1994-04-24,25.41545867919922,50.830917,19.00671863555908,0.0,52.4931,10.2065
1994-04-25,33.172550201416016,66.3451,18.887742042541504,0.0,52.9834,17.554
1994-04-26,3.610051155090332,7.2201023,19.51833724975586,0.0,48.6728,1.1052
1994-04-27,10.478188514709473,20.956377,20.36483669281006,0.0,49.5541,4.3431
1994-04-28,0.7151532173156738,1.4303064,21.13636302947998,0.0,47.3489,0.7674
1994-04-29,0.1143913269042968,0.22878265,21.60390949249268,0.0,45.8761,0.7726999999999999
1994-04-30,0.0,0.0,22.551745414733887,0.0,44.4015,0.7715
1994-05-01,52.62478446960449,105.24957,21.95123863220215,0.0,54.4015,26.3607
1994-05-02,55.7796573638916,111.55931,18.9168062210083,0.0,52.8338,41.8423
1994-05-03,15.111262321472168,30.222525,21.981953620910645,0.0,50.4556,7.1587
1994-05-04,5.286399126052856,10.572798,18.756325721740723,0.0,48.49,1.6756
1994-05-05,0.2459139823913574,0.49182796,17.000861167907715,0.0,46.5693,0.8191
1994-05-06,0.0,0.0,18.73904323577881,0.0,45.0416,0.8216
1994-05-07,0.0,0.0,19.49738883972168,0.0,43.8049,0.8222
1994-05-08,0.1689958572387695,0.3379917,20.03188419342041,0.0,42.7109,0.8220999999999999
1994-05-09,0.8267807960510254,1.6535616,21.36906337738037,0.0,41.7391,0.8211
1994-05-10,13.43877124786377,26.877542,21.80935764312744,0.0,47.8162,5.601
1994-05-11,1.6146023273468018,3.2292047,22.64153003692627,0.0,46.2102,0.819
1994-05-12,0.7311067581176758,1.4622135,22.542628288269043,0.0,44.844,0.9343
1994-05-13,0.3695642948150635,0.7391286,24.53644180297852,0.0,43.6721,0.8167
1994-05-14,13.754226207733154,27.508453,23.56858921051025,0.0,49.778,5.7737
1994-05-15,0.0,0.0,23.574317932128903,0.0,46.9516,0.8143
1994-05-16,0.4860842227935791,0.97216845,22.69394397735596,0.0,45.4724,0.8187000000000001
1994-05-17,5.954096078872681,11.908192,22.04286098480225,0.0,46.6159,1.7844000000000002
1994-05-18,0.0,0.0,21.764549255371094,0.0,45.0812,0.8108
1994-05-19,0.0280196666717529,0.056039333,21.057167053222656,0.0,43.8345,0.8096
1994-05-20,0.0392637252807617,0.07852745,21.3926305770874,0.0,42.7464,0.8083
1994-05-21,11.223997592926024,22.447994,21.3254623413086,0.0,48.4732,4.2757000000000005
1994-05-22,7.133167266845703,14.266335,22.293898582458496,0.0,48.9449,2.1295
1994-05-23,14.479888916015623,28.959778,22.475153923034668,0.0,51.4609,5.0938
1994-05-24,12.046693801879885,24.093388,23.58703327178955,0.0,50.7644,4.0408
1994-05-25,23.091805458068848,46.18361,23.158568382263184,0.0,52.4816,9.32
1994-05-26,3.8813438415527344,7.7626877,24.60784339904785,0.0,48.3445,0.8063
1994-05-27,61.96596717834473,123.93193,18.991759300231934,0.0,54.4893,36.864
1994-05-28,1.3352582454681396,2.6705165,18.58471965789795,0.0,48.5613,0.8221
1994-05-29,0.0,0.0,22.24222469329834,0.0,46.4232,0.8316
1994-05-30,0.1280546188354492,0.25610924,23.20015525817871,0.0,44.9267,0.8346
1994-05-31,2.8847548961639404,5.76951,21.393929481506348,0.0,44.7152,1.2104
1994-06-01,1.724323272705078,3.4486465,21.594741821289062,0.0,43.9002,0.8376
1994-06-02,0.0889139175415039,0.17782784,22.0561637878418,0.0,42.6964,0.8349
1994-06-03,0.13759446144104,0.27518892,22.63484573364257,0.0,41.6425,0.834
1994-06-04,0.3295736312866211,0.65914726,23.1890287399292,0.0,40.5842,0.8379
1994-06-05,0.0,0.0,25.288957595825195,0.0,39.4176,0.8317
1994-06-06,0.4924969673156738,0.98499393,25.917262077331543,0.0,38.4313,0.8496
1994-06-07,0.6468024253845215,1.2936049,26.24916362762451,0.0,37.5594,0.8289
1994-06-08,0.5429730415344238,1.0859461,26.25126552581787,0.0,36.6472,0.841
1994-06-09,2.8161492347717285,5.6322985,26.11117172241211,0.0,36.2212,0.826
1994-06-10,17.445064544677734,34.89013,23.87882804870605,0.0,46.455,6.0991
1994-06-11,44.68120956420898,89.36242,22.633188247680664,0.0,54.5061,17.8646
1994-06-12,0.0,0.0,24.659926414489743,0.0,48.2928,0.8243
1994-06-13,1.0470905303955078,2.094181,25.46523761749268,0.0,46.7153,1.0238
1994-06-14,26.49862003326416,52.99724,23.37079906463623,0.0,52.8052,11.61
1994-06-15,23.33977222442627,46.679543,22.75041961669922,0.0,52.2094,11.6516
1994-06-16,18.602277278900143,37.204556,23.293232917785645,0.0,51.5294,10.2066
1994-06-17,22.05256748199463,44.105133,23.652177810668945,0.0,51.7,11.654800000000002
1994-06-18,36.04379653930664,72.08759,20.900364875793457,0.0,52.7354,21.8992
1994-06-19,49.09081268310547,98.181625,17.87114429473877,0.0,52.5568,37.38120000000001
1994-06-20,81.42742538452148,162.85486,18.017155647277832,0.0,52.5615,70.8084
1994-06-21,11.058395385742188,22.11679,21.59904956817627,0.0,50.0715,5.5421000000000005
1994-06-22,13.50773859024048,27.015476,24.69169330596924,0.0,50.2775,5.856800000000001
1994-06-23,0.4724037647247314,0.9448075,26.05581569671631,0.0,47.4244,0.9342
1994-06-24,0.1559557914733886,0.31191158,27.07390022277832,0.0,45.6346,0.9351
1994-06-25,0.1895613670349121,0.37912273,26.80968379974365,0.0,44.34,0.9335
1994-06-26,0.1192915439605712,0.23858309,27.03755760192871,0.0,43.1093,0.9308
1994-06-27,0.2195401191711425,0.43908024,27.52701759338379,0.0,42.0701,0.9276
1994-06-28,1.0513086318969729,2.1026173,28.10543918609619,0.0,41.3431,1.1634
1994-06-29,3.1562604904174805,6.312521,27.944571495056152,0.0,40.8542,0.9209
1994-06-30,0.2992496490478515,0.5984993,27.78443622589112,0.0,39.743,0.9177
1994-07-01,2.044736385345459,4.089473,28.17100238800049,0.0,39.1898,0.9145
1994-07-02,0.0735189914703369,0.14703798,28.86684226989746,0.0,38.0063,0.9115
1994-07-03,4.3826563358306885,8.765312,26.790447235107425,0.0,38.2461,1.2571
1994-07-04,5.11903178691864,10.238064,26.555550575256348,0.0,38.1894,0.916
1994-07-05,1.0863919258117676,2.1727839,26.911646842956543,0.0,37.5752,0.9936
1994-07-06,1.5055227279663086,3.0110455,26.93733310699463,0.0,37.0728,1.1137
1994-07-07,3.90493369102478,7.8098674,26.02198314666748,0.0,37.5644,1.3049
1994-07-08,0.2646353244781494,0.52927065,27.306516647338867,0.0,36.5545,0.8992
1994-07-09,0.0,0.0,27.56528759002685,0.0,35.3511,0.8974
1994-07-10,2.0833572149276733,4.1667147,26.978975296020508,0.0,36.0057,1.3614
1994-07-11,29.63851833343506,59.27704,24.87993431091309,0.0,51.899,8.7808
1994-07-12,19.4278621673584,38.855724,25.963217735290527,0.0,52.0192,5.8022
1994-07-13,0.5838332176208496,1.1676664,26.58328914642334,0.0,48.0004,0.8912
1994-07-14,0.0042929649353027,0.00858593,26.9935884475708,0.0,46.1443,0.8903
1994-07-15,0.0124796032905578,0.024959207,26.45276641845703,0.0,44.8283,0.8892
1994-07-16,0.3325568437576294,0.6651137,26.805683135986328,0.0,43.5181,0.8881
1994-07-17,7.631173610687256,15.262347,26.801003456115723,0.0,45.1179,1.9864
1994-07-18,4.217741012573242,8.435482,26.19470977783203,0.0,44.5284,0.8855
1994-07-19,3.027622938156128,6.055246,26.303521156311035,0.0,44.4536,1.7031999999999998
1994-07-20,2.3847010135650635,4.769402,25.73432159423828,0.0,43.4306,0.8828
1994-07-21,0.7891368865966797,1.5782738,26.222309112548828,0.0,41.9131,0.9786
1994-07-22,1.0936224460601809,2.187245,26.99821186065674,0.0,40.5647,0.8799
1994-07-23,0.4352816343307495,0.87056327,27.25767612457276,0.0,38.9864,0.8813
1994-07-24,0.1880046129226684,0.37600923,27.52336978912353,0.0,37.8978,0.8769
1994-07-25,0.5233373641967773,1.0466747,27.54048156738281,0.0,37.1601,0.9265
1994-07-26,0.4160146713256836,0.83202934,26.05038452148437,0.0,36.6786,0.8738
1994-07-27,2.8080759048461914,5.616152,26.89447021484375,0.0,38.0999,1.6733
1994-07-28,2.824021339416504,5.6480427,27.85331439971924,0.0,37.6449,0.8706
1994-07-29,3.567865252494812,7.1357307,27.29464530944824,0.0,39.3443,1.8361
1994-07-30,0.9424973726272584,1.8849947,26.80964088439941,0.0,38.5078,0.8674
1994-07-31,0.0448408126831054,0.089681625,27.05859088897705,0.0,37.6859,0.8658
1994-08-01,4.48281192779541,8.965624,27.65550136566162,0.0,40.0542,2.0362
1994-08-02,0.1691653728485107,0.33833075,27.93196392059326,0.0,38.9305,0.8626
1994-08-03,0.9162943363189696,1.8325887,28.13451194763184,0.0,38.6261,1.0613
1994-08-04,9.23099946975708,18.461998,25.609594345092773,0.0,41.7995,2.152
1994-08-05,19.33430290222168,38.668606,24.05066204071045,0.0,51.2623,6.2928
1994-08-06,2.9091068506240845,5.8182135,24.23225498199463,0.0,48.1776,0.875
1994-08-07,0.5202188491821289,1.0404377,26.108357429504395,0.0,45.9841,0.8633
1994-08-08,5.548691749572754,11.0973835,25.32958698272705,0.0,46.8686,2.1874
1994-08-09,1.148004174232483,2.2960083,26.67646598815918,0.0,44.9829,0.8601
1994-08-10,4.462752342224121,8.925505,26.336406707763672,0.0,45.597,2.0978000000000003
1994-08-11,1.6759212017059326,3.3518424,26.202354431152344,0.0,44.1603,0.8621
1994-08-12,0.5477218627929688,1.0954437,27.06082820892334,0.0,42.3514,0.8764000000000001
1994-08-13,1.8972508907318115,3.7945018,27.23273277282715,0.0,41.0257,0.8556
1994-08-14,0.9704415798187256,1.9408832,26.682595252990723,0.0,40.0018,1.0969
1994-08-15,3.3735971450805664,6.7471943,26.778103828430176,0.0,39.4998,0.8694
1994-08-16,8.754598617553711,17.509197,24.891642570495605,0.0,44.3827,3.3842000000000003
1994-08-17,11.466468811035156,22.932938,26.06818675994873,0.0,47.4957,2.8263
1994-08-18,16.42309284210205,32.846184,25.390515327453613,0.0,50.9278,4.3272
1994-08-19,3.0947078466415405,6.189416,25.6904239654541,0.0,47.7261,0.8374
1994-08-20,1.315028429031372,2.6300569,25.12502098083496,0.0,46.0987,1.0879
1994-08-21,6.331618309020996,12.663237,23.09748363494873,0.0,46.7407,1.5383
1994-08-22,11.16115951538086,22.322319,22.85187721252441,0.0,49.7316,3.4394
1994-08-23,0.403416633605957,0.80683327,24.483333587646484,0.0,47.1362,0.8334
1994-08-24,1.6545076370239258,3.3090153,26.731331825256348,0.0,45.9121,1.2035
1994-08-25,0.1703293323516845,0.34065866,27.19760799407959,0.0,44.3538,0.8316
1994-08-26,0.2549458742141723,0.50989175,27.45372200012207,0.0,42.6173,0.8305
1994-08-27,1.0958560109138489,2.191712,27.430274963378903,0.0,41.2148,0.8293
1994-08-28,1.7994765043258667,3.598953,26.3190279006958,0.0,40.8024,1.3977
1994-08-29,6.253567695617676,12.507135,25.19753646850586,0.0,41.4327,1.1732
1994-08-30,1.2096298933029177,2.4192598,23.72211456298828,0.0,40.3332,0.8254
1994-08-31,0.2653470039367676,0.530694,24.87632942199707,0.0,39.0895,0.824
1994-09-01,1.0409352779388428,2.0818706,24.08672142028809,0.0,38.4135,0.8226
1994-09-02,33.18195915222168,66.36392,23.929044723510746,0.0,54.0091,11.992299999999998
1994-09-03,0.3018628358840942,0.6037257,26.171156883239743,0.0,48.1148,0.8203
1994-09-04,1.017203450202942,2.034407,26.46263313293457,0.0,46.2797,0.868
1994-09-05,0.7278566360473633,1.4557133,26.02451610565185,0.0,45.0179,0.8194
1994-09-06,5.483598947525024,10.967197,24.791319847106934,0.0,46.5857,2.5063
1994-09-07,4.685735940933228,9.371471,25.035435676574707,0.0,46.1883,0.9774
1994-09-08,2.8495455980300903,5.699091,25.641162872314453,0.0,45.2553,0.8475
1994-09-09,6.459026336669922,12.918053,25.72443580627441,0.0,47.5225,2.952
1994-09-10,0.0,0.0,26.00863075256348,0.0,45.2278,0.8147
1994-09-11,0.1419463157653808,0.28389263,25.535144805908203,0.0,43.5348,0.8194
1994-09-12,2.950530767440796,5.9010615,22.12200260162353,0.0,43.2385,0.8151
1994-09-13,1.6471000909805298,3.2942002,20.58142852783203,0.0,42.9396,0.9162
1994-09-14,0.1853003501892089,0.3706007,20.494500160217285,0.0,42.3015,0.8101
1994-09-15,0.2820330858230591,0.5640662,20.234176635742188,0.0,41.4903,0.8089
1994-09-16,0.0992000102996826,0.19840002,20.67344760894776,0.0,40.2878,0.8077
1994-09-17,0.961765706539154,1.9235314,18.002517700195312,0.0,39.8217,0.8716
1994-09-18,0.1618900299072265,0.32378006,18.34027099609375,0.0,38.8075,0.805
1994-09-19,0.0130165815353393,0.026033163,19.71296787261963,0.0,37.9511,0.8037
1994-09-20,6.898218631744385,13.796437,20.02632713317871,0.0,42.3342,2.7424
1994-09-21,0.5708943605422974,1.1417887,22.4202938079834,0.0,41.4002,0.8009
1994-09-22,7.999488592147827,15.998978,21.9263916015625,0.0,45.356,3.0559000000000003
1994-09-23,1.498710870742798,2.9974217,19.94081115722656,0.0,44.5886,0.7982
1994-09-24,0.5906744003295898,1.1813488,20.20423412322998,0.0,43.0446,0.825
1994-09-25,1.2004680633544922,2.4009361,19.860331535339355,0.0,42.0446,0.7968
1994-09-26,0.0,0.0,20.437110900878903,0.0,40.3661,0.7941
1994-09-27,0.2602721750736236,0.52054435,22.22517204284668,0.0,39.0874,0.7943
1994-09-28,0.0379921197891235,0.07598424,22.39047145843506,0.0,38.367,0.7913
1994-09-29,0.1357671022415161,0.2715342,20.057976722717285,0.0,37.7327,0.7899
1994-09-30,0.4352453947067261,0.8704908,18.87220859527588,0.0,37.1551,0.7885
1994-10-01,0.1331757307052612,0.26635146,18.22087287902832,0.0,36.5871,0.7877000000000001
1994-10-02,0.1274734437465667,0.2549469,20.35323905944824,0.0,36.0926,0.7856
1994-10-03,0.0351926386356353,0.07038528,21.3668155670166,0.0,35.6991,0.7842
1994-10-04,9.598617315292358,19.197235,19.395902633666992,0.0,41.5839,3.1111
1994-10-05,15.606279373168944,31.212559,17.355637550354004,0.0,49.7778,5.1354
1994-10-06,9.37530517578125,18.75061,17.958598136901855,0.0,50.6366,3.3635
1994-10-07,18.24663352966309,36.493267,18.207151412963867,0.0,52.3772,6.8896
1994-10-08,0.2410269379615783,0.48205388,20.3567762374878,0.0,48.2322,0.7783
1994-10-09,1.1344584226608276,2.2689168,22.21217155456543,0.0,47.0664,1.147
1994-10-10,0.0688638687133789,0.13772774,22.954195022583008,0.0,45.8246,0.778
1994-10-11,0.0883554816246032,0.17671096,21.7650842666626,0.0,44.9166,0.7796
1994-10-12,0.027789294719696,0.05557859,21.26858329772949,0.0,44.0876,0.7768
1994-10-13,0.5820875763893127,1.1641752,21.481799125671387,0.0,43.5403,0.8726
1994-10-14,0.1735424995422363,0.347085,22.24500942230225,0.0,42.8066,0.7749
1994-10-15,0.0258734226226806,0.051746845,21.96539306640625,0.0,41.9973,0.7738
1994-10-16,0.0,0.0,22.739152908325195,0.0,40.9672,0.7726
1994-10-17,0.0,0.0,23.146934509277344,0.0,39.7842,0.7714
1994-10-18,0.1005904674530029,0.20118093,22.31393146514893,0.0,38.8927,0.7703
1994-10-19,3.924850702285767,7.8497014,19.30433654785156,0.0,39.8294,1.3417
1994-10-20,1.0951713919639587,2.190343,15.186636447906494,0.0,39.3404,0.7809999999999999
1994-10-21,0.0,0.0,11.960778713226318,0.0,38.5828,0.7662
1994-10-22,0.1741071939468383,0.3482144,11.259974479675291,0.0,37.9755,0.7664000000000001
1994-10-23,0.1301534175872802,0.26030684,11.56486988067627,0.0,37.4934,0.7635
1994-10-24,0.1149467229843139,0.22989345,12.199419021606444,0.0,37.0578,0.7635
1994-10-25,0.3377835750579834,0.67556715,14.30006980895996,0.0,36.626,0.7607
1994-10-26,0.0,0.0,15.474130630493164,0.0,36.1672,0.7594
1994-10-27,0.0288385152816772,0.05767703,17.003005027770996,0.0,35.8176,0.7584
1994-10-28,0.0803155899047851,0.16063118,17.732748985290527,0.0,35.4111,0.7566
1994-10-29,0.004107654094696,0.008215308,15.646607875823976,0.0,35.0787,0.7552
1994-10-30,0.0,0.0,13.59629249572754,0.0,34.75,0.7538
1994-10-31,0.0,0.0,12.01365041732788,0.0,34.4697,0.7524
1994-11-01,0.0,0.0,12.15753936767578,0.0,34.247,0.751
1994-11-02,0.2239829301834106,0.44796586,13.27177095413208,0.0,34.0895,0.7515000000000001
1994-11-03,0.0072686076164245,0.014537215,13.913771629333496,0.0,33.9438,0.7482
1994-11-04,0.0,0.0,13.58671808242798,0.0,33.7902,0.7468
1994-11-05,0.0,0.0,14.008015632629396,0.0,33.6608,0.7454
1994-11-06,0.0891128480434417,0.1782257,14.394018650054932,0.0,33.5329,0.744
1994-11-07,0.0630960166454315,0.12619203,14.136311531066896,0.0,33.3936,0.7426
1994-11-08,0.0517653226852417,0.103530645,13.351411819458008,0.0,33.2717,0.7412
1994-11-09,0.0,0.0,14.686564922332764,0.0,33.1276,0.7398
1994-11-10,0.0,0.0,15.007486343383787,0.0,32.986,0.7385
1994-11-11,0.0,0.0,15.143613815307615,0.0,32.856,0.7371
1994-11-12,0.0,0.0,16.733393669128418,0.0,32.7359,0.7357
1994-11-13,0.0372706055641174,0.07454121,17.569666862487793,0.0,32.6213,0.7344999999999999
1994-11-14,0.0,0.0,19.656538009643555,0.0,32.4862,0.7329
1994-11-15,0.0,0.0,18.760786056518555,0.0,32.3607,0.7315
1994-11-16,0.0638856887817382,0.12777138,18.164246559143063,0.0,32.2583,0.7302
1994-11-17,1.2435047030448914,2.4870095,18.51784420013428,0.0,32.2587,0.7524
1994-11-18,0.5997644662857056,1.1995289,16.35542392730713,0.0,32.2319,0.7347
1994-11-19,0.1492503583431244,0.29850072,17.189672470092773,0.0,32.1498,0.726
1994-11-20,0.3478109240531921,0.69562185,17.000094413757324,0.0,32.1109,0.7295
1994-11-21,0.0115185678005218,0.023037136,15.687450408935549,0.0,32.0531,0.7233
1994-11-22,0.0204073190689086,0.04081464,16.15145969390869,0.0,31.964,0.7219
1994-11-23,0.1321615576744079,0.26432312,14.787415504455566,0.0,31.8811,0.7206
1994-11-24,0.0462256371974945,0.092451274,14.086886882781982,0.0,31.7886,0.7192
1994-11-25,0.0,0.0,14.992383003234863,0.0,31.6731,0.7179
1994-11-26,0.0,0.0,15.943668842315674,0.0,31.5605,0.7165
1994-11-27,0.0,0.0,17.358269691467285,0.0,31.461,0.7152
1994-11-28,0.1223697662353515,0.24473953,16.89031219482422,0.0,31.4049,0.7149
1994-11-29,0.1338546872138977,0.26770937,17.54779624938965,0.0,31.3461,0.7125
1994-11-30,1.4793952703475952,2.9587905,17.0855655670166,0.0,32.2062,0.9684
1994-12-01,0.3566435575485229,0.7132871,17.547271728515625,0.0,32.0907,0.7137
1994-12-02,25.566922187805176,51.133842,16.35434913635254,0.0,50.1384,6.8988
1994-12-03,10.724291801452637,21.448584,11.482239723205566,0.0,51.2921,3.4474
1994-12-04,3.800703763961792,7.6014075,11.747730255126951,0.0,49.2555,1.4768
1994-12-05,0.1221134066581726,0.24422681,12.201500415802002,0.0,47.3503,0.7045
1994-12-06,0.0,0.0,10.788290023803713,0.0,46.2208,0.7032
1994-12-07,0.6737222373485565,1.3474445,12.94059991836548,0.0,45.8165,0.8292999999999999
1994-12-08,15.641632080078123,31.283264,13.33625030517578,0.0,51.993,5.5033
1994-12-09,13.654776096343994,27.309551,14.93878412246704,0.0,51.7691,5.1643
1994-12-10,12.522840976715088,25.045681,17.239718437194824,0.0,51.3951,5.0792
1994-12-11,1.3099021315574646,2.6198044,18.500633239746094,0.0,48.1698,0.6994
1994-12-12,29.96282768249512,59.925655,15.959120273590088,0.0,53.3836,14.5334
1994-12-13,1.0687286853790283,2.1374574,10.68183183670044,0.0,48.5381,0.6993
1994-12-14,1.396875500679016,2.793751,10.67490577697754,0.0,47.5905,1.3024
1994-12-15,7.208852767944336,14.417706,10.800432682037354,0.0,49.1464,3.6965
1994-12-16,0.1273093819618225,0.25461876,9.89731740951538,0.0,47.4716,0.7083
1994-12-17,0.1668034493923187,0.3336069,10.813484191894531,0.0,46.4753,0.7141000000000001
1994-12-18,1.280476450920105,2.560953,9.455609798431396,0.0,45.9999,0.8337
1994-12-19,0.0955540537834167,0.19110811,11.148902893066406,0.0,45.3901,0.7128
1994-12-20,1.6756547689437866,3.3513095,10.471275806427002,0.0,45.59,1.2741
1994-12-21,0.1740566492080688,0.3481133,8.393733978271484,0.0,45.1267,0.7136
1994-12-22,0.0262680649757385,0.05253613,8.612142562866211,0.0,44.6885,0.7137
1994-12-23,0.0706247389316558,0.14124948,11.071387767791748,0.0,44.2359,0.7136
1994-12-24,0.2374076023697853,0.4748152,11.735295295715332,0.0,43.8491,0.7285
1994-12-25,24.6218376159668,49.243675,13.074730396270752,0.0,52.7724,11.2745
1994-12-26,5.3571484088897705,10.714296,14.015265464782717,0.0,49.7035,2.846
1994-12-27,6.911679744720459,13.8233595,12.93099308013916,0.0,49.5887,3.5356
1994-12-28,0.1544525623321533,0.30890512,11.637624263763428,0.0,47.6063,0.7197
1994-12-29,0.3195248246192932,0.63904965,10.99459457397461,0.0,46.6457,0.8023
1994-12-30,0.2522737979888916,0.5045476,11.73221492767334,0.0,45.9119,0.7243
1994-12-31,0.3115838766098022,0.62316775,11.077155590057371,0.0,45.3387,0.7567
1995-01-01,0.2640936374664306,0.5281873,9.43109369277954,0.0,44.9115,0.732
1995-01-02,0.1371173560619354,0.2742347,9.264391899108888,0.0,44.4678,0.7284
1995-01-03,5.439898014068604,10.879796,8.574049949645996,0.0,46.4831,2.521
1995-01-04,5.434701681137085,10.869404,5.7429518699646,0.0,47.423,2.0803
1995-01-05,0.0282474756240844,0.05649495,2.7321484088897705,0.0,46.5429,0.8317000000000001
1995-01-06,0.0,0.0,3.126770734786988,0.0,45.7994,0.7377
1995-01-07,0.2224456071853637,0.4448912,4.601286888122559,0.0,45.2626,0.7585999999999999
1995-01-08,0.1230908632278442,0.24618173,6.922314167022705,0.0,44.7199,0.7353999999999999
1995-01-09,0.0811048746109008,0.16220975,9.25969123840332,0.0,44.1358,0.7254
1995-01-10,0.1835022270679474,0.36700445,10.33419418334961,0.0,43.6608,0.7279
1995-01-11,1.2737656235694883,2.5475311,9.71996021270752,0.0,43.4809,0.7381
1995-01-12,0.7458829283714294,1.4917659,6.1553919315338135,0.0,43.4664,0.8455
1995-01-13,0.3844170570373535,0.7688341,5.838778495788574,0.0,43.1941,0.7372000000000001
1995-01-14,0.0,0.0,6.196339845657349,0.0,42.9091,0.7217
1995-01-15,1.2034189105033877,2.406838,5.847734928131104,0.0,43.3065,1.0781
1995-01-16,0.2566131353378296,0.5132263,6.06545877456665,0.0,43.0967,0.7198
1995-01-17,0.4318717122077942,0.8637434,6.122493743896484,0.0,42.8131,0.7343999999999999
1995-01-18,0.0,0.0,9.385769844055176,0.0,42.3525,0.7179
1995-01-19,0.0,0.0,12.217756271362305,0.0,41.9174,0.7168
1995-01-20,0.1381243467330932,0.2762487,11.448063850402832,0.0,41.6337,0.7179
1995-01-21,0.1824140548706054,0.3648281,11.989317417144775,0.0,41.3407,0.7146
1995-01-22,0.1505153179168701,0.30103064,14.650646209716797,0.0,40.8113,0.7157
1995-01-23,4.36951208114624,8.739024,8.378565311431885,0.0,41.9622,1.4
1995-01-24,1.4613634943962095,2.922727,5.09480094909668,0.0,42.1718,0.8705999999999999
1995-01-25,4.294166803359985,8.588333,5.819348096847534,0.0,44.3124,1.9727
1995-01-26,30.24161434173584,60.48323,7.354172468185425,0.0,53.6312,13.0119
1995-01-27,8.454856634140015,16.909714,6.796892166137695,0.0,50.5491,4.3545
1995-01-28,2.24426543712616,4.488531,6.041633605957031,0.0,48.4748,1.3375
1995-01-29,0.0263646841049194,0.05272937,5.143313884735107,0.0,47.0903,0.742
1995-01-30,0.3438352346420288,0.68767047,5.680351734161377,0.0,46.2547,0.721
1995-01-31,0.3735195398330688,0.7470391,6.331052541732788,0.0,45.59,0.7258
1995-02-01,1.0700769424438477,2.140154,3.528152585029602,0.0,45.2904,0.8939
1995-02-02,0.4016413688659668,0.80328274,3.372787594795227,0.0,44.965,0.8447
1995-02-03,0.3515828847885132,0.70316577,2.5083627700805664,0.0,44.6623,0.768
1995-02-04,0.0529485940933227,0.10589719,4.821234226226807,0.0,44.2709,0.7625
1995-02-05,0.0730392932891845,0.14607859,3.061671733856201,0.0,43.9313,0.742
1995-02-06,0.8893551826477051,1.7787104,3.5295026302337646,0.0,43.8446,0.8746999999999999
1995-02-07,0.0,0.0,6.331260681152344,0.0,43.3214,0.7156
1995-02-08,5.05550217628479,10.111004,7.793267488479614,0.0,45.7173,2.5508
1995-02-09,0.3054046630859375,0.6108093,10.040913581848145,0.0,45.0681,0.7142
1995-02-10,0.6030471324920654,1.2060943,11.024106979370115,0.0,44.6058,0.8414
1995-02-11,0.4931401014328003,0.9862802,11.618356704711914,0.0,44.0609,0.7125
1995-02-12,1.669531524181366,3.3390632,13.758596420288086,0.0,44.2846,1.259
1995-02-13,5.918665409088135,11.837331,11.944467067718506,0.0,46.4525,2.3151
1995-02-14,0.0,0.0,10.347100257873535,0.0,45.611,0.7096
1995-02-15,1.8869270086288448,3.773854,8.119439363479614,0.0,45.9298,1.3282
1995-02-16,0.2043557167053222,0.40871143,8.94188928604126,0.0,45.3021,0.7076
1995-02-17,0.3996978998184204,0.7993958,7.087612152099609,0.0,44.9244,0.7391
1995-02-18,16.69331169128418,33.386623,10.071306705474854,0.0,51.2862,6.6439
1995-02-19,7.05493426322937,14.109869,9.815322399139404,0.0,50.0186,3.185
1995-02-20,10.011377811431885,20.022755,9.17772626876831,0.0,50.5258,4.6438
1995-02-21,21.32820987701416,42.656418,6.761544466018677,0.0,52.2776,10.843
1995-02-22,3.238768219947815,6.477536,5.894067525863648,0.0,49.0881,2.0144
1995-02-23,5.335305452346802,10.67061,6.136420488357544,0.0,49.0987,3.1527000000000003
1995-02-24,5.471223831176758,10.942448,7.107858896255493,0.0,49.1065,3.0793
1995-02-25,5.157114267349243,10.314228,6.63705587387085,0.0,48.9934,2.8549
1995-02-26,0.6053502559661865,1.2107005,7.102036714553833,0.0,47.3378,0.7301
1995-02-27,0.0,0.0,8.78118896484375,0.0,46.1722,0.7326
1995-02-28,0.0,0.0,8.172139167785645,0.0,45.2769,0.734
1995-03-01,0.9153174161911012,1.8306348,9.580889225006104,0.0,44.9645,0.9886
1995-03-02,4.957242965698242,9.914486,10.383989810943604,0.0,46.3506,2.0868
1995-03-03,0.0610115528106689,0.122023106,12.274389743804932,0.0,45.4858,0.7348
1995-03-04,0.3709235191345215,0.74184704,8.23951244354248,0.0,44.7861,0.7592000000000001
1995-03-05,0.0356274843215942,0.07125497,7.050596714019775,0.0,44.2307,0.7631
1995-03-06,0.1661838293075561,0.33236766,10.72673749923706,0.0,43.6044,0.7335
1995-03-07,0.2586596012115478,0.5173192,12.241700649261476,0.0,43.0214,0.7472
1995-03-08,1.492988348007202,2.9859767,12.02524471282959,0.0,42.87,0.732
1995-03-09,1.5922409296035769,3.1844819,13.749640464782717,0.0,42.6017,0.8735999999999999
1995-03-10,1.4931028485298157,2.9862056,12.682575225830078,0.0,42.5865,0.9745
1995-03-11,13.649303436279297,27.298607,10.032844543457031,0.0,49.3023,5.5411
1995-03-12,1.063166618347168,2.1263332,10.583553791046144,0.0,47.4291,0.7279
1995-03-13,13.59723663330078,27.194473,6.762572765350342,0.0,51.4143,6.540100000000001
1995-03-14,4.054762244224548,8.109525,10.236181735992432,0.0,48.7705,1.39
1995-03-15,14.337224960327148,28.67445,13.529467582702637,0.0,51.1873,6.448799999999999
1995-03-16,2.33547043800354,4.670941,18.46045017242432,0.0,48.0368,0.7283
1995-03-17,55.68874740600586,111.377495,11.274775981903076,0.0,54.2491,32.849
1995-03-18,1.197009563446045,2.3940191,9.051161289215088,0.0,48.5397,0.7461
1995-03-19,0.4373788833618164,0.87475777,10.0056414604187,0.0,46.8742,0.7915
1995-03-20,0.7236440181732178,1.447288,11.916923999786375,0.0,45.9222,0.7606
1995-03-21,5.517457008361816,11.034914,13.385334491729736,0.0,47.6008,3.1011999999999995
1995-03-22,0.1634345054626464,0.326869,17.392616271972656,0.0,46.2539,0.7636
1995-03-23,0.0811920166015625,0.16238403,18.57797813415528,0.0,45.2564,0.7652
1995-03-24,0.8822561502456665,1.7645123,19.85378170013428,0.0,44.3702,0.764
1995-03-25,12.591100692749023,25.182201,11.93250036239624,0.0,49.7062,5.974200000000001
1995-03-26,0.0031285285949707,0.006257057,9.121894359588625,0.0,47.4169,0.7631
1995-03-27,0.0690422058105468,0.13808441,10.530023097991943,0.0,46.0905,0.7641
1995-03-28,1.9764891862869265,3.9529784,12.216318607330322,0.0,45.8858,1.0584
1995-03-29,8.011627435684204,16.023254,13.07408857345581,0.0,48.3888,3.2510000000000003
1995-03-30,6.538999080657959,13.077998,14.027473449707031,0.0,49.1533,2.916
1995-03-31,5.585661888122559,11.171324,12.90726089477539,0.0,48.9855,2.472
1995-04-01,9.26758623123169,18.535172,10.868607521057127,0.0,50.0941,4.3106
1995-04-02,7.563492774963379,15.126986,10.425296306610107,0.0,49.845,3.6895
1995-04-03,0.6938591003417969,1.3877182,10.182509899139404,0.0,47.6567,0.7644
1995-04-04,5.593026161193848,11.186052,8.536174297332764,0.0,48.6826,3.2157
1995-04-05,4.315848112106323,8.631697,11.368874549865724,0.0,47.9742,1.5731000000000002
1995-04-06,2.544254779815674,5.0885096,14.079190731048584,0.0,46.8434,0.7693
1995-04-07,0.0,0.0,14.712080001831056,0.0,45.5598,0.7704
1995-04-08,0.4859588146209717,0.9719176,16.227372646331787,0.0,44.7674,0.8438000000000001
1995-04-09,6.837334871292114,13.674669,17.77029514312744,0.0,46.2532,2.1417
1995-04-10,25.180509567260746,50.36102,16.360265731811523,0.0,52.4607,10.3664
1995-04-11,8.746102333068848,17.492205,18.046838760375977,0.0,49.5296,2.7064000000000004
1995-04-12,0.0,0.0,16.123970985412598,0.0,47.0986,0.775
1995-04-13,0.6955296993255615,1.3910594,17.654808044433594,0.0,45.9329,0.9324
1995-04-14,0.0,0.0,21.81757164001465,0.0,44.6133,0.7775
1995-04-15,14.882343769073486,29.764687,21.241926193237305,0.0,50.2902,6.982
1995-04-16,3.464330673217773,6.9286613,21.68275356292725,0.0,47.6816,0.7772
1995-04-17,7.6118903160095215,15.223781,21.08341789245605,0.0,48.7279,3.4001
1995-04-18,3.009720087051392,6.01944,21.67553901672364,0.0,47.0551,0.7769
1995-04-19,0.7846958637237549,1.5693917,17.636752128601074,0.0,45.9612,1.0022
1995-04-20,2.1382460594177246,4.276492,15.623167514801024,0.0,45.3369,0.7763
1995-04-21,1.3868341445922852,2.7736683,19.04818630218506,0.0,44.8073,1.1613
1995-04-22,0.4280390739440918,0.85607815,22.864981651306152,0.0,43.7199,0.7749
1995-04-23,3.808575868606568,7.6171517,21.52594947814941,0.0,44.7492,2.0368
1995-04-24,15.403221130371094,30.806442,17.35186004638672,0.0,50.2212,5.2881
1995-04-25,4.378093957901001,8.756187,18.59819507598877,0.0,47.9771,0.8405
1995-04-26,25.8405818939209,51.681164,15.307530403137209,0.0,52.8852,11.2271
1995-04-27,1.7380874156951904,3.4761748,17.733345985412598,0.0,48.2915,0.7726
1995-04-28,0.3516426086425781,0.7032852,21.810132026672363,0.0,46.4698,0.7982
1995-04-29,0.1143913269042968,0.22878265,23.195725440979004,0.0,45.1449,0.7752
1995-04-30,18.782893180847168,37.56579,20.662266731262207,0.0,51.7692,8.9509
1995-05-01,3.900124549865722,7.800249,22.15877914428711,0.0,48.2476,0.868
1995-05-02,2.458172559738159,4.916345,22.255623817443848,0.0,47.0705,1.318
1995-05-03,34.44895362854004,68.8979,19.35413932800293,0.0,53.3375,15.707199999999998
1995-05-04,41.23246574401856,82.464935,14.910649299621582,0.0,53.2146,25.125300000000003
1995-05-05,0.2954897880554199,0.5909796,16.901816368103027,0.0,48.1944,0.799
1995-05-06,0.0,0.0,17.92990493774414,0.0,46.181,0.8072
1995-05-07,0.0,0.0,19.42913055419922,0.0,44.7224,0.8097
1995-05-08,0.1689958572387695,0.3379917,19.776291847229004,0.0,43.5122,0.8104
1995-05-09,1.1219978332519531,2.2439957,20.697062492370605,0.0,42.616,0.8099
1995-05-10,0.3155303001403808,0.6310606,21.08213806152344,0.0,41.5049,0.8125
1995-05-11,0.1716604232788086,0.34332085,20.37015914916992,0.0,40.6629,0.8082
1995-05-12,0.7311067581176758,1.4622135,21.44459629058838,0.0,39.8643,0.9155
1995-05-13,0.3695642948150635,0.7391286,23.873000144958496,0.0,38.9342,0.8058
1995-05-14,0.8637199401855469,1.7274399,21.8817834854126,0.0,38.174,0.9476
1995-05-15,3.7910759449005127,7.582152,17.473478317260742,0.0,38.5125,0.9808
1995-05-16,3.842298746109009,7.6845975,16.467238426208496,0.0,38.9177,1.0161
1995-05-17,37.879356384277344,75.75871,15.299967765808104,0.0,54.1182,14.283
1995-05-18,10.603853225708008,21.207706,18.498913764953613,0.0,50.8046,4.6196
1995-05-19,0.1031069755554199,0.20621395,23.00969886779785,0.0,47.6489,0.8011
1995-05-20,5.355577707290649,10.711155,25.290566444396973,0.0,48.0394,2.8884
1995-05-21,30.118128776550293,60.23626,20.00520133972168,0.0,53.0589,13.0742
1995-05-22,0.6408154964447021,1.281631,16.581951141357422,0.0,48.3348,0.8053
1995-05-23,0.0645418167114257,0.12908363,19.4196720123291,0.0,46.5639,0.8086
1995-05-24,0.078460693359375,0.15692139,21.97933578491211,0.0,45.2167,0.8101
1995-05-25,0.4216341972351074,0.8432684,24.241703987121586,0.0,44.0417,0.8136
1995-05-26,11.08987808227539,22.179756,23.98513984680176,0.0,47.704,3.9234
1995-05-27,13.811824321746826,27.62365,22.73171615600586,0.0,50.7832,5.6307
1995-05-28,2.85944938659668,5.718899,24.34317970275879,0.0,47.8622,0.8096
1995-05-29,8.644429206848145,17.288858,24.26059341430664,0.0,49.7152,4.8665
1995-05-30,9.451585292816162,18.903172,24.99832057952881,0.0,49.3248,2.8445
1995-05-31,13.612291812896729,27.224583,24.25607204437256,0.0,50.308,4.758900000000001
1995-06-01,24.47848606109619,48.95697,24.57277488708496,0.0,52.1997,11.0493
1995-06-02,3.668339610099793,7.3366795,24.61593341827393,0.0,48.3397,0.819
1995-06-03,6.322340488433838,12.644681,24.49551582336425,0.0,48.2977,3.149
1995-06-04,42.74908447265625,85.49817,21.89941120147705,0.0,53.6479,22.6422
1995-06-05,1.3014726638793943,2.6029453,23.82754707336425,0.0,48.2495,0.8395
1995-06-06,0.5121803283691406,1.0243607,22.942112922668457,0.0,46.3184,0.8811
1995-06-07,1.0549547672271729,2.1099095,21.374293327331543,0.0,45.4595,0.8496
1995-06-08,14.537973403930664,29.075947,21.45683765411377,0.0,50.4728,7.085800000000001
1995-06-09,19.71338081359864,39.42676,22.361358642578125,0.0,51.9694,9.6324
1995-06-10,0.6258370876312256,1.2516742,23.589900970458984,0.0,47.9368,0.8553
1995-06-11,4.140596389770508,8.281193,22.550684928894043,0.0,47.8393,2.7472
1995-06-12,0.0,0.0,23.642860412597656,0.0,45.8663,0.8577
1995-06-13,0.501392126083374,1.0027843,23.49502468109131,0.0,44.4934,0.8624
1995-06-14,3.2554171085357666,6.510834,21.94526481628418,0.0,44.5884,1.1459
1995-06-15,29.01167106628418,58.023342,20.802802085876465,0.0,53.0972,12.7585
1995-06-16,76.00706481933594,152.01413,21.87720489501953,0.0,54.0352,55.8476
1995-06-17,51.59132385253906,103.18265,22.545876502990723,0.0,51.6934,43.3702
1995-06-18,8.288408756256104,16.576817,24.513358116149902,0.0,49.2244,2.963
1995-06-19,20.834178924560547,41.668358,24.04304790496826,0.0,51.3359,9.1163
1995-06-20,1.9379487037658687,3.8758974,26.030229568481445,0.0,47.8897,0.9131
1995-06-21,0.2018971443176269,0.4037943,26.89784526824951,0.0,46.0591,0.9157
1995-06-22,0.6485276222229004,1.2970552,26.82359409332276,0.0,44.7955,0.9149
1995-06-23,1.945328712463379,3.8906574,27.09796905517578,0.0,44.419,1.5333
1995-06-24,0.0,0.0,27.63063716888428,0.0,43.2682,0.91
1995-06-25,0.1098666191101074,0.21973324,27.78417205810547,0.0,42.0303,0.9066
1995-06-26,0.5016181468963623,1.0032363,26.056086540222168,0.0,41.0336,0.9029
1995-06-27,44.79263305664063,89.585266,21.89650535583496,0.0,54.3121,18.4742
1995-06-28,46.95843124389648,93.91686,19.546995162963867,0.0,53.7371,25.5218
1995-06-29,3.334525942802429,6.669052,22.797990798950195,0.0,48.5554,0.9136
1995-06-30,5.411877155303955,10.823754,23.53895568847656,0.0,48.6119,3.5755000000000003
1995-07-01,3.0579339265823364,6.1158676,24.552000045776367,0.0,47.0718,0.9251
1995-07-02,8.109071493148804,16.218143,24.76993560791016,0.0,48.7998,4.4597
1995-07-03,26.09780788421631,52.195618,25.055225372314453,0.0,52.5084,12.0714
1995-07-04,16.034964561462402,32.06993,25.57397079467773,0.0,50.9322,7.336
1995-07-05,13.429591178894045,26.859182,25.78783226013184,0.0,50.2048,5.3754
1995-07-06,9.268267631530762,18.536535,25.36018753051757,0.0,49.1107,2.9885
1995-07-07,0.0,0.0,27.046902656555176,0.0,46.6443,0.9505
1995-07-08,0.458415150642395,0.9168303,26.843310356140137,0.0,45.1978,1.0485
1995-07-09,0.3282352089881897,0.6564704,26.336803436279297,0.0,44.0725,0.9476
1995-07-10,3.277582049369812,6.5551643,26.29695224761963,0.0,44.329,1.9163
1995-07-11,8.436066150665283,16.872131,24.40859603881836,0.0,46.6845,2.8577
1995-07-12,4.585450410842896,9.1709,24.887157440185547,0.0,46.2625,1.1544
1995-07-13,1.9432965517044067,3.886593,25.47426414489746,0.0,45.2302,0.9403
1995-07-14,9.025110721588137,18.05022,24.52375602722168,0.0,48.1761,4.1485
1995-07-15,1.137788712978363,2.2755775,25.15278911590576,0.0,46.4517,0.9346
1995-07-16,0.3380836248397827,0.67616725,26.10349750518799,0.0,44.9851,0.9315
1995-07-17,0.1250604391098022,0.25012088,27.683926582336422,0.0,43.7563,0.9278
1995-07-18,0.5706833600997925,1.1413667,28.47270774841309,0.0,42.6028,0.9506
1995-07-19,0.3405025005340576,0.681005,28.46854782104492,0.0,41.5822,0.9201
1995-07-20,1.2248952388763428,2.4497905,28.329111099243164,0.0,41.0214,1.2214
1995-07-21,0.0918707847595214,0.18374157,28.540656089782715,0.0,39.9767,0.9123
1995-07-22,0.6395878791809082,1.2791758,28.26664352416992,0.0,38.9399,0.9405
1995-07-23,13.578271865844728,27.156544,25.260489463806152,0.0,45.5234,3.9733
1995-07-24,2.683838367462158,5.3676767,25.67831325531006,0.0,44.521,0.9051
1995-07-25,9.415714263916016,18.831429,25.39917755126953,0.0,48.1081,3.5764
1995-07-26,2.7942919731140137,5.588584,24.80433559417725,0.0,46.6719,0.9017
1995-07-27,1.1449346542358398,2.2898693,24.87623691558838,0.0,45.4678,1.1417
1995-07-28,1.825896978378296,3.651794,26.262290954589844,0.0,44.3034,0.8985
1995-07-29,0.8364124298095703,1.6728249,26.3593111038208,0.0,42.8937,1.0157
1995-07-30,0.1984539031982422,0.3969078,25.819478034973145,0.0,41.5183,0.8953
1995-07-31,4.801031589508057,9.602063,24.7878999710083,0.0,44.1709,2.6435
1995-08-01,17.663644790649414,35.32729,24.055259704589844,0.0,51.1689,5.5531
1995-08-02,11.852938175201416,23.705875,24.7930212020874,0.0,50.8049,3.7417
1995-08-03,2.097750902175904,4.195502,24.16638660430908,0.0,48.0202,0.8897
1995-08-04,10.640492916107178,21.280987,24.67334651947021,0.0,50.2084,4.2703
1995-08-05,1.795344352722168,3.5906887,24.30767822265625,0.0,47.6352,0.8883
1995-08-06,3.3103392124176025,6.6206784,24.986645698547363,0.0,47.3542,1.9283
1995-08-07,13.386942386627195,26.773884,24.19118309020996,0.0,50.2963,4.0514
1995-08-08,0.6512677669525146,1.3025355,25.335464477539062,0.0,47.4375,0.8863
1995-08-09,2.0316240787506104,4.063248,27.22705364227295,0.0,46.952,1.7215
1995-08-10,0.0,0.0,27.22828865051269,0.0,45.1883,0.8848
1995-08-11,0.4224853515625,0.8449707,27.765294075012207,0.0,43.7296,0.8891
1995-08-12,0.6578769683837891,1.3157539,26.34577369689941,0.0,42.297,0.8826
1995-08-13,15.01000165939331,30.020004,22.63170337677002,0.0,50.0147,5.791399999999999
1995-08-14,38.14067459106445,76.28135,21.14570426940918,0.0,54.1125,15.8069
1995-08-15,19.777300357818604,39.5546,21.963461875915527,0.0,51.9957,9.4247
1995-08-16,3.7328388690948486,7.4656777,23.97018051147461,0.0,48.2995,0.8884
1995-08-17,2.419110417366028,4.8382206,24.244847297668457,0.0,47.0562,1.5952
1995-08-18,2.5282257795333862,5.056452,24.062217712402344,0.0,46.0538,0.8899
1995-08-19,0.4733399152755737,0.94667983,25.49791717529297,0.0,44.7572,0.8945000000000001
1995-08-20,0.6250441074371338,1.2500882,26.4908094406128,0.0,43.7306,0.887
1995-08-21,10.751758337020874,21.503517,25.96595668792725,0.0,47.9992,4.7691
1995-08-22,1.454633712768555,2.9092674,25.73139381408692,0.0,46.3094,0.8846
1995-08-23,2.8931872844696045,5.7863746,25.8862247467041,0.0,46.2894,1.8779
1995-08-24,7.003201246261597,14.006403,25.701904296875,0.0,46.7052,1.5851
1995-08-25,0.5625022649765015,1.1250045,25.64275932312012,0.0,45.5127,0.8812
1995-08-26,3.2273340225219727,6.454668,25.3674259185791,0.0,46.1881,2.1283
1995-08-27,2.953175544738769,5.906351,26.037567138671875,0.0,45.4383,0.8787
1995-08-28,0.0,0.0,26.82582187652588,0.0,44.0472,0.8775
1995-08-29,0.0741276741027832,0.14825535,26.603973388671875,0.0,42.928,0.8761
1995-08-30,0.1861088275909423,0.37221766,26.76255512237549,0.0,41.8674,0.8747
1995-08-31,1.0954983234405518,2.1909966,27.69866180419922,0.0,41.4502,1.1177
1995-09-01,0.1294944286346435,0.25898886,27.34845924377441,0.0,40.533,0.8866
1995-09-02,0.3185961246490478,0.63719225,26.77143383026123,0.0,39.3572,0.8758
1995-09-03,0.0976600646972656,0.19532013,26.99024677276612,0.0,38.2258,0.8687
1995-09-04,0.0909285545349121,0.18185711,26.91050243377685,0.0,37.1269,0.8671
1995-09-05,0.6892197132110596,1.3784394,27.094602584838867,0.0,36.2993,0.8655
1995-09-06,0.0,0.0,27.66471195220948,0.0,35.4506,0.8639
1995-09-07,0.3306413888931274,0.6612828,27.59315395355225,0.0,34.8688,0.8623
1995-09-08,0.9006382822990417,1.8012766,28.21074104309082,0.0,35.0192,1.0666
1995-09-09,3.633907437324524,7.2678146,28.092443466186523,0.0,34.8946,0.8591
1995-09-10,3.7184205055236816,7.436841,26.95346641540528,0.0,37.2657,1.877
1995-09-11,3.298492431640625,6.596985,26.14659309387207,0.0,37.0693,0.8559
1995-09-12,0.1469030380249023,0.29380608,25.43474197387696,0.0,36.4715,0.8543
1995-09-13,0.842507004737854,1.685014,25.591296195983887,0.0,35.9179,0.8527
1995-09-14,0.5757592916488647,1.1515186,25.91524314880371,0.0,35.446,0.9071
1995-09-15,10.323850393295288,20.647701,24.55599880218506,0.0,39.796,2.3903
1995-09-16,0.2988317012786865,0.5976634,23.20464515686035,0.0,39.1788,0.848
1995-09-17,0.0,0.0,21.64184665679932,0.0,38.339,0.8464
1995-09-18,0.085924744606018,0.17184949,19.493725776672363,0.0,37.7001,0.8448
1995-09-19,0.0187979936599731,0.037595987,20.07312297821045,0.0,37.13,0.8432
1995-09-20,1.1190020442008972,2.2380042,19.65976333618164,0.0,37.2456,1.0239
1995-09-21,0.0,0.0,19.853720664978027,0.0,36.8403,0.84
1995-09-22,0.0,0.0,21.24652004241944,0.0,36.1324,0.8384
1995-09-23,0.0,0.0,20.7623348236084,0.0,35.4865,0.8369
1995-09-24,0.5906744003295898,1.1813488,20.52211093902588,0.0,35.146,0.8585
1995-09-25,2.1198394298553467,4.239679,20.33997058868408,0.0,35.1112,0.8337
1995-09-26,0.3348370492458343,0.6696741,21.51702308654785,0.0,34.7643,0.8321
1995-09-27,0.3340251743793487,0.66805035,21.910261154174805,0.0,34.5425,0.8314
1995-09-28,0.3000149130821228,0.6000298,21.49072360992432,0.0,34.3956,0.8291999999999999
1995-09-29,1.4219499230384829,2.8438997,21.000368118286133,0.0,34.4523,0.8584
1995-09-30,5.081410884857178,10.162822,20.40234565734864,0.0,37.5511,1.8238
1995-10-01,0.2013621926307678,0.4027244,22.417920112609863,0.0,37.2066,0.8377
1995-10-02,0.309341162443161,0.6186823,23.340791702270508,0.0,36.8471,0.8351
1995-10-03,0.989688754081726,1.9793775,23.489879608154297,0.0,36.6672,0.8212
1995-10-04,3.674238085746765,7.3484764,24.48851776123047,0.0,38.6473,1.611
1995-10-05,9.192333698272703,18.384666,24.10320949554444,0.0,41.7324,1.8998
1995-10-06,37.550872802734375,75.101746,18.143239974975582,0.0,54.4681,11.6341
1995-10-07,0.3372175097465515,0.674435,19.615140914916992,0.0,48.4715,0.8151
1995-10-08,0.0938206315040588,0.18764126,20.472756385803223,0.0,46.8647,0.8153
1995-10-09,0.1818814277648925,0.36376286,20.714646339416504,0.0,45.8361,0.8122
1995-10-10,0.0,0.0,20.37179279327393,0.0,44.8632,0.8108
1995-10-11,0.0883554816246032,0.17671096,20.61462116241455,0.0,43.9807,0.811
1995-10-12,0.027789294719696,0.05557859,20.499786376953125,0.0,43.1898,0.8079
1995-10-13,0.1447025537490844,0.2894051,22.03922367095948,0.0,42.4286,0.8086
1995-10-14,0.1735424995422363,0.347085,22.08065891265869,0.0,41.7075,0.805
1995-10-15,1.41424298286438,2.828486,22.280038833618164,0.0,41.7519,1.1372
1995-10-16,0.0304843187332153,0.060968637,21.734764099121094,0.0,40.7918,0.802
1995-10-17,0.0,0.0,18.71466827392578,0.0,39.5578,0.8006
1995-10-18,0.0006707906723022,0.0013415813,18.775867462158203,0.0,38.505,0.7991
1995-10-19,0.0324400663375854,0.06488013,20.138504028320312,0.0,37.686,0.7976
1995-10-20,0.0,0.0,18.83401679992676,0.0,37.0073,0.7961
1995-10-21,0.0,0.0,19.74736213684082,0.0,36.3967,0.7947
1995-10-22,0.1741071939468383,0.3482144,20.55452823638916,0.0,35.866,0.7947
1995-10-23,0.1301534175872802,0.26030684,19.855512619018555,0.0,35.4022,0.7917
1995-10-24,0.1149467229843139,0.22989345,18.54827117919922,0.0,35.1103,0.7915
1995-10-25,1.4418120384216309,2.883624,18.582722663879395,0.0,34.988,0.7888999999999999
1995-10-26,0.0,0.0,18.669846534729004,0.0,34.625,0.7872
1995-10-27,0.0288385152816772,0.05767703,17.79435634613037,0.0,34.363,0.7862
1995-10-28,0.0803155899047851,0.16063118,17.95087242126465,0.0,34.1578,0.7843
1995-10-29,0.004107654094696,0.008215308,18.146069526672363,0.0,33.9788,0.7828
1995-10-30,0.0,0.0,18.242560386657715,0.0,33.8175,0.7813
1995-10-31,0.0,0.0,17.69029140472412,0.0,33.6499,0.7799
1995-11-01,0.0,0.0,14.305713653564451,0.0,33.493,0.7784
1995-11-02,0.2239829301834106,0.44796586,12.479280471801758,0.0,33.389,0.7788
1995-11-03,0.0072686076164245,0.014537215,13.152296543121338,0.0,33.2728,0.7755
1995-11-04,0.0,0.0,14.168263912200928,0.0,33.1422,0.774
1995-11-05,2.4851534366607666,4.970307,15.66732931137085,0.0,34.8094,1.2982999999999998
1995-11-06,7.240513563156128,14.481028,17.134831428527832,0.0,39.19,2.1903
1995-11-07,4.7814271450042725,9.562855,17.44165325164795,0.0,41.0243,1.4213
1995-11-08,0.0571813583374023,0.11436272,13.764123439788818,0.0,40.409,0.7682
1995-11-09,0.0,0.0,11.080426216125488,0.0,39.4949,0.7668
1995-11-10,0.0,0.0,11.752545356750488,0.0,38.8203,0.7653
1995-11-11,0.0,0.0,10.932680130004885,0.0,38.4024,0.7639
1995-11-12,0.0,0.0,13.746819972991943,0.0,38.0675,0.7624
1995-11-13,0.337499663233757,0.67499936,14.850258350372314,0.0,37.8252,0.7722
1995-11-14,0.0895259082317352,0.17905182,14.671531200408936,0.0,37.6204,0.7596
1995-11-15,1.16049325466156,2.3209865,12.037526607513428,0.0,38.0607,0.9811
1995-11-16,0.0638856887817382,0.12777138,12.321281909942629,0.0,37.7225,0.7567
1995-11-17,1.2563686966896055,2.5127373,12.903453826904297,0.0,38.0637,0.9864
1995-11-18,0.6126284301280975,1.2252569,12.8340425491333,0.0,37.773,0.7539
1995-11-19,0.1307992339134216,0.26159847,13.866304874420166,0.0,37.4406,0.7535
1995-11-20,0.3534842133522033,0.7069684,12.48397731781006,0.0,37.2756,0.751
1995-11-21,0.2866629362106323,0.5733259,10.641040325164797,0.0,37.169,0.7634000000000001
1995-11-22,1.3234379291534424,2.6468759,10.877297401428224,0.0,37.2746,0.7901
1995-11-23,0.1321615576744079,0.26432312,11.308032035827637,0.0,37.0091,0.7468
1995-11-24,0.0462256371974945,0.092451274,6.306966781616211,0.0,36.8182,0.7484999999999999
1995-11-25,0.0,0.0,5.6496195793151855,0.0,36.546,0.744
1995-11-26,0.0,0.0,9.482146739959717,0.0,36.2407,0.7426
1995-11-27,0.0,0.0,13.517587661743164,0.0,35.9738,0.7412
1995-11-28,2.456822454929352,4.913645,11.42245626449585,0.0,37.4205,1.2156
1995-11-29,0.3906207084655761,0.7812414,12.611112594604492,0.0,37.2627,0.7384
1995-11-30,0.0751900672912597,0.15038013,13.711262226104736,0.0,36.9458,0.7372
1995-12-01,0.0480894446372985,0.09617889,12.157829761505129,0.0,36.7042,0.7356
1995-12-02,0.0288509726524353,0.057701945,11.023486614227297,0.0,36.4707,0.7342
1995-12-03,0.0230253934860229,0.046050787,11.150232791900637,0.0,36.3231,0.7329
1995-12-04,0.0038139224052429,0.007627845,10.572499752044678,0.0,36.1258,0.7315
1995-12-05,0.1221134066581726,0.24422681,8.612972259521484,0.0,35.9089,0.7301
1995-12-06,0.0,0.0,6.692637205123901,0.0,35.7013,0.7287
1995-12-07,0.0,0.0,5.218887090682983,0.0,35.56,0.731
1995-12-08,0.0246935188770294,0.049387038,3.6492245197296143,0.0,35.4619,0.7332
1995-12-09,0.06461101770401,0.12922204,4.039548873901367,0.0,35.3789,0.7338
1995-12-10,0.0453703999519348,0.0907408,6.450719356536865,0.0,35.2511,0.7304999999999999
1995-12-11,0.0,0.0,8.69175100326538,0.0,35.0132,0.7219
1995-12-12,0.1356177330017089,0.27123547,9.911231517791748,0.0,34.8,0.721
1995-12-13,0.0,0.0,10.160106182098389,0.0,34.6235,0.7192
1995-12-14,0.0214858353137969,0.04297167,10.956917762756348,0.0,34.4365,0.7178
1995-12-15,0.0877276062965393,0.17545521,14.558045387268066,0.0,34.2502,0.7165
1995-12-16,17.31495189666748,34.629906,13.287630081176758,0.0,46.6165,4.7113
1995-12-17,2.9815694093704224,5.9631386,10.087053298950195,0.0,46.1404,1.0183
1995-12-18,5.613012790679932,11.226026,7.904800891876221,0.0,48.1546,1.9367
1995-12-19,0.1272005438804626,0.2544011,7.713204622268677,0.0,46.8256,0.7111
1995-12-20,0.2547641396522522,0.5095283,8.598489761352539,0.0,46.007,0.7266
1995-12-21,0.1697211265563964,0.33944225,8.538254261016846,0.0,45.399,0.7084
1995-12-22,0.0268313884735107,0.053662777,8.286747694015503,0.0,44.6531,0.7071
1995-12-23,0.0644743740558624,0.12894875,9.299945831298828,0.0,43.9601,0.7057
1995-12-24,0.0146184936165809,0.029236987,8.576723575592041,0.0,43.3164,0.7044
1995-12-25,0.0156692266464233,0.031338453,5.589829206466675,0.0,42.8565,0.7045999999999999
1995-12-26,0.1130067110061645,0.22601342,5.153538227081299,0.0,42.4475,0.7105
1995-12-27,0.0669870376586914,0.13397408,5.8492865562438965,0.0,42.0456,0.7088
1995-12-28,0.0637487769126892,0.12749755,5.53460431098938,0.0,41.6168,0.7018000000000001
1995-12-29,0.0,0.0,3.7059268951416016,0.0,41.2665,0.7045
1995-12-30,0.0547088980674743,0.109417796,3.2777438163757324,0.0,40.9572,0.7051000000000001
1995-12-31,0.0101951360702514,0.020390272,3.7857542037963854,0.0,40.6257,0.7030000000000001
1996-01-01,0.0376284718513488,0.07525694,4.713697195053101,0.0,40.2781,0.7001
1996-01-02,0.1255545318126678,0.25110906,5.5068039894104,0.0,39.9296,0.7034
1996-01-03,0.1475943922996521,0.29518878,6.210693597793579,0.0,39.5673,0.7015
1996-01-04,0.2021427154541015,0.40428543,6.206277370452881,0.0,39.2323,0.7016
1996-01-05,0.0282474756240844,0.05649495,8.314455509185791,0.0,38.769,0.6892
1996-01-06,0.1479659080505371,0.29593182,11.548257827758787,0.0,38.2564,0.6874
1996-01-07,3.1573028564453125,6.3146057,13.021488189697266,0.0,40.101,1.3724
1996-01-08,2.059585750102997,4.1191716,9.582294940948486,0.0,39.9722,0.6900999999999999
1996-01-09,0.0811048746109008,0.16220975,4.961823225021362,0.0,39.7823,0.6835
1996-01-10,0.2478222548961639,0.4956445,6.454084634780884,0.0,39.5634,0.6851
1996-01-11,0.0,0.0,8.406763553619385,0.0,38.9618,0.6809
1996-01-12,0.0361740589141845,0.07234812,9.41450023651123,0.0,38.5577,0.6796
1996-01-13,1.2073441743850708,2.4146883,12.047661781311035,0.0,38.6476,0.7863
1996-01-14,0.0,0.0,12.153611183166504,0.0,38.1347,0.6771
1996-01-15,0.0926229953765869,0.18524599,11.560394287109377,0.0,37.8437,0.6766
1996-01-16,3.676795721054077,7.3535914,8.119938373565674,0.0,39.5044,1.2305
1996-01-17,0.4519244432449341,0.9038489,10.453192710876465,0.0,39.0837,0.6732
1996-01-18,0.0401200056076049,0.08024001,8.520778179168701,0.0,38.8254,0.672
1996-01-19,0.7654398679733276,1.5308797,5.395010709762573,0.0,38.9388,0.7381
1996-01-20,0.1195241212844848,0.23904824,6.201362609863281,0.0,38.8194,0.6694
1996-01-21,1.753643810749054,3.5072875,8.93990421295166,0.0,39.7679,1.0286
1996-01-22,6.881113529205322,13.762227,10.282320976257324,0.0,42.8256,1.7191
1996-01-23,3.3854933977127075,6.7709866,7.920950651168823,0.0,43.5772,1.0432
1996-01-24,0.5091122388839722,1.0182245,7.71820068359375,0.0,43.1297,0.6644
1996-01-25,5.369306802749634,10.738613,7.06353497505188,0.0,46.2775,2.0209
1996-01-26,0.189277708530426,0.37855542,5.16226053237915,0.0,45.4162,0.6619
1996-01-27,4.850796461105347,9.701593,4.54215145111084,0.0,47.7508,1.916
1996-01-28,0.2130869626998901,0.42617393,6.4404120445251465,0.0,46.5817,0.6594
1996-01-29,0.0263646841049194,0.05272937,7.214564323425293,0.0,45.7871,0.6583
1996-01-30,0.0,0.0,7.887958288192749,0.0,45.1009,0.6569
1996-01-31,0.2016490697860717,0.40329814,8.018469095230103,0.0,44.5579,0.6595
1996-02-01,1.0700769424438477,2.140154,8.283842086791992,0.0,44.0125,0.6557
1996-02-02,0.4016413688659668,0.80328274,5.479924917221069,0.0,43.5112,0.6672
1996-02-03,0.3515828847885132,0.70316577,4.541188716888428,0.0,43.1262,0.6852
1996-02-04,0.0529485940933227,0.10589719,5.683145523071289,0.0,42.5799,0.6524000000000001
1996-02-05,0.0730392932891845,0.14607859,6.730602979660034,0.0,42.0227,0.6567999999999999
1996-02-06,0.8893551826477051,1.7787104,7.775203466415405,0.0,41.6047,0.6814
1996-02-07,0.0,0.0,7.956166982650757,0.0,40.9145,0.6471
1996-02-08,3.375200867652893,6.7504015,10.856740951538086,0.0,42.5187,1.4291
1996-02-09,0.280670166015625,0.56134033,10.994791984558104,0.0,41.8469,0.6447
1996-02-10,0.6030471324920654,1.2060943,5.88907265663147,0.0,41.4909,0.6908
1996-02-11,0.4931401014328003,0.9862802,7.392947196960449,0.0,41.1088,0.6845
1996-02-12,1.6264933943748474,3.252987,10.242133617401125,0.0,40.4816,0.6411
1996-02-13,1.1585394144058228,2.3170788,13.44097137451172,0.0,40.1304,0.8273
1996-02-14,0.0,0.0,14.545732498168944,0.0,39.0649,0.6387
1996-02-15,1.1057227849960327,2.2114456,16.290517807006836,0.0,38.8102,0.8362999999999999
1996-02-16,0.0,0.0,13.031919479370115,0.0,38.1498,0.6363
1996-02-17,4.883373498916626,9.7667465,9.559368133544922,0.0,41.5065,1.8499
1996-02-18,8.715474128723145,17.430948,3.119744300842285,0.0,46.1629,2.4823
1996-02-19,0.4216004610061645,0.8432009,1.6069345474243164,0.0,45.2941,0.6658000000000001
1996-02-20,3.269634366035461,6.5392685,1.4614248275756836,0.0242,46.2722,1.2621
1996-02-21,2.641310453414917,5.282621,1.769876480102539,0.0099,46.7642,1.1443
1996-02-22,7.029587984085083,14.0591755,1.028557300567627,0.4873,49.2641,2.3101000000000003
1996-02-23,12.87294340133667,25.745888,1.0315909385681152,1.888,51.3874,4.0198
1996-02-24,7.763370990753174,15.526742,2.544006109237671,2.0498,50.7267,3.0582000000000003
1996-02-25,3.620105504989624,7.240211,4.649372577667236,0.6686,49.5364,2.0877
1996-02-26,11.788958072662354,23.577915,5.492140769958496,0.0,51.3983,4.9007
1996-02-27,0.0,0.0,5.061808109283447,0.0,48.1727,0.6237
1996-02-28,0.0,0.0,5.824987888336182,0.0,46.9304,0.6229
1996-02-29,0.2563685178756714,0.51273704,7.791219711303711,0.0,46.0385,0.6341
1996-03-01,0.5127370357513428,1.0254741,9.75745153427124,0.0,45.2375,0.6215
1996-03-02,0.0329322814941406,0.06586456,8.307897567749023,0.0,44.52,0.6225
1996-03-03,0.0,0.0,9.770281314849854,0.0,43.6595,0.6198
1996-03-04,0.3709235191345215,0.74184704,11.0594482421875,0.0,42.973,0.6393
1996-03-05,0.0356274843215942,0.07125497,13.091550350189207,0.0,42.2681,0.618
1996-03-06,0.1661838293075561,0.33236766,15.191105842590332,0.0,41.5259,0.6184
1996-03-07,0.2417550086975097,0.48351002,16.516234397888184,0.0,40.8357,0.616
1996-03-08,0.8658044338226318,1.7316089,15.404983520507812,0.0,40.6162,0.7966
1996-03-09,6.671573638916016,13.343147,6.798978567123413,0.0,42.5406,1.5577
1996-03-10,2.849692225456238,5.6993847,4.78300404548645,0.0,43.4734,1.1389
1996-03-11,0.3419077396392822,0.6838155,7.741307735443115,0.0,43.0438,0.6118
1996-03-12,13.904677867889404,27.809357,5.953900337219238,0.0,50.515,5.3645
1996-03-13,0.6431605815887451,1.2863212,8.661016941070557,0.0,47.9074,0.6097
1996-03-14,0.0181295871734619,0.036259174,15.35006332397461,0.0,46.3495,0.6088
1996-03-15,12.62044620513916,25.240892,15.908716201782228,0.0,50.5843,4.5614
1996-03-16,0.6308424472808838,1.2616849,19.38743305206299,0.0,47.5384,0.6071
1996-03-17,11.540156364440918,23.080313,20.6254358291626,0.0,50.2937,4.2837
1996-03-18,50.56281852722168,101.12564,8.765215873718262,0.0,54.4483,21.8256
1996-03-19,26.35041904449463,52.700836,7.020144462585449,0.0,52.3112,15.155
1996-03-20,18.254982948303223,36.509964,8.977334022521973,0.0,51.4958,10.6207
1996-03-21,4.304447174072266,8.608894,12.446989059448242,0.0,48.4656,1.0093
1996-03-22,5.916490316390991,11.832981,11.277786254882812,0.0,48.3718,2.3106
1996-03-23,11.56714916229248,23.134298,10.515580654144289,0.0,50.5337,6.0344
1996-03-24,4.467443466186523,8.934887,12.20697546005249,0.0,48.8062,1.8983
1996-03-25,0.5777173042297363,1.1554346,11.433416843414308,0.0,47.2471,0.6586
1996-03-26,2.244256377220154,4.488513,12.093317031860352,0.0,47.0175,1.5899
1996-03-27,0.1140596866607666,0.22811937,15.430694103240969,0.0,45.9176,0.6634
1996-03-28,0.1502554416656494,0.30051088,17.006040573120117,0.0,44.9263,0.6673
1996-03-29,15.499590873718262,30.999182,15.405893325805664,0.0,50.4617,6.4514
1996-03-30,4.0149664878845215,8.029933,13.605149745941162,0.0,48.6466,1.5102
1996-03-31,61.206764221191406,122.41353,13.438224792480469,0.0,54.419,36.004200000000004
1996-04-01,12.00769329071045,24.015387,9.498618125915527,0.0,50.2055,7.1412
1996-04-02,1.5011547803878784,3.0023096,7.153610706329346,0.0,47.8801,0.7012
1996-04-03,0.7792277336120605,1.5584555,7.512805223464966,0.0,46.7922,0.935
1996-04-04,0.0,0.0,10.797366619110107,0.0,45.5591,0.7106
1996-04-05,26.54401397705078,53.088028,8.586678981781006,0.0,52.8701,13.571
1996-04-06,13.617213249206545,27.234426,10.537768363952637,0.0,50.9485,6.8098
1996-04-07,0.0,0.0,15.794377326965332,0.0,47.6574,0.7232
1996-04-08,21.209657669067383,42.419315,16.71208667755127,0.0,51.9987,11.2334
1996-04-09,17.583673000335693,35.167347,10.83115577697754,0.0,51.3921,8.663
1996-04-10,3.4481353759765625,6.8962708,10.70697259902954,0.0,48.7342,1.6435
1996-04-11,0.3397531509399414,0.6795063,12.681203842163086,0.0,46.9604,0.7475
1996-04-12,1.349830150604248,2.6996603,9.38607120513916,0.0,46.4118,1.237
1996-04-13,8.643486022949219,17.286972,9.103515148162842,0.0,48.8438,3.8971
1996-04-14,21.148850440979004,42.2977,12.021089553833008,0.0,52.0948,10.0868
1996-04-15,18.811909675598145,37.623817,12.11290168762207,0.0,51.699,10.2068
1996-04-16,0.1168675422668457,0.23373508,14.247292041778564,0.0,47.9108,0.768
1996-04-17,0.0250306129455566,0.050061226,17.814204216003418,0.0,46.1023,0.7732
1996-04-18,3.722801685333252,7.4456034,20.60789394378662,0.0,46.1913,1.9493
1996-04-19,27.027130126953125,54.05426,17.673744201660156,0.0,52.6484,11.8083
1996-04-20,3.661286592483521,7.322573,14.672244548797607,0.0,48.413,0.7788
1996-04-21,0.3218567371368408,0.6437135,11.780601024627686,0.0,46.6734,0.7879999999999999
1996-04-22,0.4280390739440918,0.85607815,12.639852523803713,0.0,45.5547,0.7847
1996-04-23,0.3250093460083008,0.6500187,13.351001739501951,0.0,44.4372,0.7915
1996-04-24,0.2378528118133545,0.47570562,16.777865409851074,0.0,43.4912,0.7854
1996-04-25,0.0,0.0,17.762985229492188,0.0,42.459,0.7849
1996-04-26,0.0968551635742187,0.19371033,19.86609649658203,0.0,41.5003,0.7841
1996-04-27,0.0331001281738281,0.06620026,21.45767593383789,0.0,40.5267,0.783
1996-04-28,0.3516426086425781,0.7032852,22.210050582885746,0.0,39.5877,0.7997000000000001
1996-04-29,0.1143913269042968,0.22878265,21.81318759918213,0.0,38.925,0.7806
1996-04-30,4.666890501976013,9.333781,22.12547779083252,0.0,40.9958,2.241
1996-05-01,5.058336973190308,10.116674,21.454469680786133,0.0,41.0674,0.9398
1996-05-02,0.3855862617492676,0.7711725,21.65190887451172,0.0,40.1991,0.7767
1996-05-03,1.130946159362793,2.2618923,21.05549716949463,0.0,39.8492,0.9348
1996-05-04,9.331285953521729,18.66257,20.71241474151612,0.0,44.2925,3.0076
1996-05-05,3.837302923202514,7.674606,17.98174476623535,0.0,44.5063,1.1066
1996-05-06,5.901664018630981,11.803328,17.562923431396484,0.0,45.6519,1.6266
1996-05-07,19.717182159423828,39.434364,18.915515899658203,0.0,52.2206,7.15
1996-05-08,0.7101473808288574,1.4202948,19.613030433654785,0.0,48.0631,0.7689
1996-05-09,1.0031518936157229,2.0063038,16.778728485107422,0.0,46.7175,0.9493
1996-05-10,5.177409887313843,10.35482,14.103405952453612,0.0,47.5282,1.8218
1996-05-11,0.3413140773773193,0.68262815,17.858945846557617,0.0,46.2275,0.7665
1996-05-12,0.7495574951171875,1.499115,19.013240814208984,0.0,45.2815,0.8875000000000001
1996-05-13,0.3695642948150635,0.7391286,18.94308280944824,0.0,44.2328,0.7648
1996-05-14,0.2711415290832519,0.54228306,20.14157772064209,0.0,43.0684,0.7694000000000001
1996-05-15,0.0,0.0,20.560587882995605,0.0,41.8776,0.7626
1996-05-16,0.0,0.0,20.50077438354492,0.0,40.5663,0.7614
1996-05-17,0.1859054565429687,0.3718109,21.123191833496094,0.0,39.297,0.7601
1996-05-18,0.0,0.0,21.50009155273437,0.0,37.9871,0.7588
1996-05-19,1.2903687953948977,2.5807376,20.651511192321777,0.0,37.7074,1.0114999999999998
1996-05-20,19.136947631835938,38.273895,19.65721702575684,0.0,48.1909,5.5226
1996-05-21,1.3636107444763184,2.7272215,22.34619140625,0.0,45.8161,0.7548
1996-05-22,0.0,0.0,21.3021297454834,0.0,43.2712,0.7535
1996-05-23,0.0645418167114257,0.12908363,21.69580364227295,0.0,41.3729,0.7522
1996-05-24,0.078460693359375,0.15692139,22.95983123779297,0.0,39.636,0.7509
1996-05-25,5.19138765335083,10.382775,20.152585983276367,0.0,41.5676,1.9216
1996-05-26,29.09123039245605,58.18246,18.299643516540527,0.0,53.328,9.2519
1996-05-27,0.9475364685058594,1.8950729,21.99535179138184,0.0,48.1835,0.7473
1996-05-28,0.6691219806671143,1.338244,22.09670162200928,0.0,46.596,0.8575
1996-05-29,0.8462338447570801,1.6924677,20.633854866027832,0.0,45.7902,0.746
1996-05-30,30.01287078857422,60.02574,18.660343170166016,0.0,53.6368,12.1696
1996-05-31,31.4841890335083,62.968376,19.9436559677124,0.0,53.2634,14.8559
1996-06-01,33.47610855102539,66.95222,21.83383846282959,0.0,52.8139,17.1677
1996-06-02,20.39682960510254,40.79366,23.46664810180664,0.0,51.2542,9.4149
1996-06-03,0.7752048969268799,1.5504098,25.60044384002685,0.0,47.7264,0.7746
1996-06-04,0.3410284519195556,0.6820569,26.767051696777344,0.0,45.9182,0.7877
1996-06-05,0.6262016296386719,1.2524033,27.16699981689453,0.0,44.6135,0.7813
1996-06-06,4.557807207107544,9.115614,27.278117179870605,0.0,45.6171,2.56
1996-06-07,1.5681374073028564,3.1362748,27.762146949768063,0.0,44.5729,0.7812
1996-06-08,3.661155462265015,7.322311,25.96686363220215,0.0,45.8812,2.6843
1996-06-09,5.128517866134644,10.257036,25.398099899291992,0.0,45.5989,0.9579
1996-06-10,4.399269104003906,8.798538,25.38369846343994,0.0,45.2813,1.0712000000000002
1996-06-11,12.025086402893066,24.050173,25.089346885681152,0.0,49.447,5.0129
1996-06-12,12.607484340667725,25.21497,24.05697631835937,0.0,50.1613,3.79
1996-06-13,6.946770668029785,13.893541,23.473273277282715,0.0,48.7786,1.8006
1996-06-14,0.6107501983642578,1.2215004,25.16833877563477,0.0,46.8463,0.7767
1996-06-15,19.17363739013672,38.347275,24.03577995300293,0.0,51.8514,8.833
1996-06-16,4.071765422821045,8.143531,24.82771110534668,0.0,48.3434,0.7883
1996-06-17,1.4578490257263184,2.915698,25.4397029876709,0.0,46.7748,0.9413
1996-06-18,2.857227325439453,5.7144547,26.232011795043945,0.0,46.1046,1.3134
1996-06-19,0.75146484375,1.5029297,26.710189819335938,0.0,44.8605,0.8168000000000001
1996-06-20,3.1338977813720703,6.2677956,27.419252395629883,0.0,44.6126,1.4765
1996-06-21,75.53534317016602,151.07068,19.395915031433105,0.0,55.2552,39.329
1996-06-22,9.572093963623049,19.144188,20.504920959472656,0.0,49.6528,4.2024
1996-06-23,6.697882413864136,13.395765,23.875720024108887,0.0,48.5367,2.1487
1996-06-24,4.930336356163025,9.860673,24.24377822875977,0.0,47.4787,1.1645
1996-06-25,0.5760903358459473,1.1521807,24.858604431152344,0.0,46.0794,0.8137
1996-06-26,6.922328948974609,13.844658,25.24380111694336,0.0,47.8814,3.9113
1996-06-27,5.3809192180633545,10.761839,25.71945095062256,0.0,46.7904,0.8341
1996-06-28,10.875492095947266,21.750984,25.317971229553223,0.0,49.7794,5.2021
1996-06-29,2.7098854780197144,5.419771,26.03716087341309,0.0,47.4712,0.8162
1996-06-30,0.2992496490478515,0.5984993,27.114575386047363,0.0,45.7577,0.8165
1996-07-01,0.0,0.0,27.377455711364743,0.0,44.2532,0.8162
1996-07-02,0.0735189914703369,0.14703798,26.866161346435547,0.0,43.1361,0.8154
1996-07-03,0.6556136608123779,1.3112273,26.912168502807617,0.0,42.1923,0.8145
1996-07-04,0.8394773006439209,1.6789546,27.476655960083008,0.0,41.1275,0.8572000000000001
1996-07-05,1.0450122356414795,2.0900245,27.76029872894287,0.0,40.2977,0.8121
1996-07-06,0.4597201347351074,0.91944027,27.80172348022461,0.0,39.1881,0.8152999999999999
1996-07-07,0.0,0.0,27.53999900817871,0.0,37.993,0.8094
1996-07-08,24.94321918487549,49.886436,25.86275100708008,0.0,50.7862,8.6339
1996-07-09,20.19567012786865,40.391342,24.024968147277832,0.0,52.1911,6.7882
1996-07-10,9.498868703842165,18.997738,24.47712230682373,0.0,49.9933,2.9236000000000004
1996-07-11,0.8614175319671631,1.7228351,25.44451808929444,0.0,47.3883,0.8062
1996-07-12,8.16390872001648,16.327818,24.276854515075684,0.0,49.3237,3.9339
1996-07-13,7.646184921264648,15.29237,25.063400268554688,0.0,48.863,2.1248
1996-07-14,2.651551127433777,5.3031025,26.213356018066406,0.0,47.0558,0.8061
1996-07-15,0.0124796032905578,0.024959207,27.3857536315918,0.0,45.4186,0.8059
1996-07-16,0.3325568437576294,0.6651137,27.58471965789795,0.0,44.1157,0.8053
1996-07-17,0.1250604391098022,0.25012088,27.740158081054688,0.0,42.8947,0.8044
1996-07-18,0.8251574039459229,1.6503148,28.301164627075195,0.0,41.833,0.8033
1996-07-19,8.72433614730835,17.448673,26.17703533172608,0.0,46.6947,4.1204
1996-07-20,1.0056076049804688,2.0112152,27.084810256958008,0.0,45.2938,0.8009
1996-07-21,1.7025266885757446,3.4050534,27.79913902282715,0.0,44.8029,1.3159999999999998
1996-07-22,8.594574928283691,17.18915,26.686476707458496,0.0,46.1228,1.7072
1996-07-23,0.6348444819450378,1.269689,27.288610458374023,0.0,44.6601,0.7971
1996-07-24,0.2096688747406005,0.41933775,27.895066261291504,0.0,43.1213,0.7959
1996-07-25,1.8358168601989744,3.6716337,26.61708164215088,0.0,42.0145,0.7945
1996-07-26,1.862961173057556,3.7259223,25.686279296875,0.0,42.0194,1.2822
1996-07-27,10.693305015563965,21.38661,24.75599765777588,0.0,46.7158,3.1595
1996-07-28,11.978918075561523,23.957836,24.7817611694336,0.0,50.1473,3.8172
1996-07-29,0.8364124298095703,1.6728249,26.181620597839355,0.0,47.1927,0.7893
1996-07-30,0.1412506103515625,0.28250122,26.100890159606934,0.0,45.193,0.7883
1996-07-31,0.2329530715942382,0.46590614,26.495436668396,0.0,43.47,0.7871
1996-08-01,44.13981628417969,88.27963,25.332926750183105,0.0,54.6461,17.994500000000002
1996-08-02,31.48563289642334,62.971268,24.79495525360108,0.0,53.1473,15.4954
1996-08-03,2.114256858825684,4.2285137,26.30221366882324,0.0,48.3667,0.7948
1996-08-04,0.1898084878921508,0.37961698,26.244075775146484,0.0,46.5256,0.7985
1996-08-05,0.0,0.0,26.15932273864746,0.0,45.1175,0.7997
1996-08-06,0.8847380876541138,1.7694762,25.500762939453125,0.0,44.1912,0.9845
1996-08-07,7.18037223815918,14.360744,24.28080654144287,0.0,46.6208,2.7258
1996-08-08,10.772432327270508,21.544865,24.89756393432617,0.0,49.4963,4.071
1996-08-09,11.150187015533447,22.300373,25.661255836486816,0.0,50.1457,4.0157
1996-08-10,0.0,0.0,26.33139705657959,0.0,47.2177,0.7987
1996-08-11,4.465582370758057,8.931165,26.650161743164062,0.0,47.6228,2.6189
1996-08-12,6.020525217056274,12.04105,26.52850818634033,0.0,47.2593,1.331
1996-08-13,13.19090223312378,26.381805,26.075040817260746,0.0,49.4559,3.8312
1996-08-14,6.838225603103638,13.676451,25.450901985168457,0.0,48.1844,1.4259
1996-08-15,13.347416400909424,26.694832,25.37483024597168,0.0,50.3145,4.9198
1996-08-16,10.450870275497437,20.901741,25.23705101013184,0.0,49.5403,3.0941
1996-08-17,7.148169279098511,14.296339,25.57938289642334,0.0,48.3199,1.64
1996-08-18,0.8709276914596558,1.7418554,25.54975318908692,0.0,46.5717,0.8026
1996-08-19,0.9811480641365052,1.9622961,25.97666835784912,0.0,45.3197,0.9795
1996-08-20,0.5776090621948242,1.1552181,26.637250900268555,0.0,44.2074,0.8033
1996-08-21,0.7601261138916016,1.5202522,27.23177433013916,0.0,43.1608,0.8865
1996-08-22,8.532405376434326,17.064812,25.56472587585449,0.0,45.0805,2.1691
1996-08-23,5.359667778015137,10.719336,23.75543212890625,0.0,44.7458,0.8221999999999999
1996-08-24,3.8522814512252808,7.704563,25.49409484863281,0.0,44.6691,1.1321
1996-08-25,2.307419180870056,4.6148386,26.41429042816162,0.0,44.2278,1.1046
1996-08-26,0.5840532779693604,1.1681066,26.580985069274902,0.0,43.3728,0.8652000000000001
1996-08-27,0.0880118608474731,0.17602372,26.236888885498047,0.0,42.3204,0.7969999999999999
1996-08-28,8.857676029205322,17.715351,24.830866813659668,0.0,46.1473,3.3528
1996-08-29,0.0860593318939209,0.17211866,24.92266082763672,0.0,44.8703,0.7943
1996-08-30,13.856485366821287,27.71297,24.29857635498047,0.0,50.3779,5.6433
1996-08-31,5.529472827911377,11.058946,23.474493980407715,0.0,48.9754,1.7778
1996-09-01,20.8504490852356,41.700897,23.62546443939209,0.0,51.9581,7.0175
1996-09-02,10.123469352722168,20.246939,23.214189529418945,0.0,50.5806,4.3157
1996-09-03,4.5702879428863525,9.140575,24.16300201416016,0.0,48.1914,0.9895
1996-09-04,0.9650120735168456,1.9300241,23.996052742004395,0.0,46.5952,0.8089000000000001
1996-09-05,0.6953701972961426,1.3907404,23.564979553222656,0.0,45.4342,0.9208
1996-09-06,0.0,0.0,24.09840583801269,0.0,44.3306,0.7931
1996-09-07,0.4228969812393188,0.84579396,24.26895046234131,0.0,43.3012,0.7925
1996-09-08,0.1640280485153198,0.3280561,25.87711811065674,0.0,42.4394,0.7916
1996-09-09,2.19625210762024,4.392504,26.24293231964112,0.0,42.7848,1.4745
1996-09-10,0.0,0.0,25.99125385284424,0.0,41.786,0.7895
1996-09-11,0.1419463157653808,0.28389263,26.24375343322754,0.0,40.8967,0.7953
1996-09-12,0.0926084518432617,0.1852169,25.58047103881836,0.0,40.0565,0.787
1996-09-13,0.7687540054321289,1.537508,25.662771224975582,0.0,39.3977,0.8831
1996-09-14,0.1414796113967895,0.28295922,26.01401329040528,0.0,38.6648,0.7843
1996-09-15,0.1209264993667602,0.241853,25.93286418914795,0.0,37.8207,0.7829
1996-09-16,9.37012791633606,18.740255,25.444297790527344,0.0,41.9138,2.8664
1996-09-17,0.0,0.0,24.856983184814453,0.0,40.6556,0.7801
1996-09-18,0.085924744606018,0.17184949,25.388550758361816,0.0,39.5268,0.7787
1996-09-19,0.0130165815353393,0.026033163,26.321420669555664,0.0,38.4887,0.7773
1996-09-20,9.62181568145752,19.243631,25.49186038970948,0.0,43.4797,3.2368
1996-09-21,15.639100551605225,31.278202,22.7512435913086,0.0,49.9159,4.6558
1996-09-22,20.69209671020508,41.384193,20.698766708374023,0.0,52.687,7.363300000000001
1996-09-23,8.075809478759766,16.151619,18.399609565734863,0.0,50.4416,3.3235
1996-09-24,9.35584592819214,18.711693,18.86943531036377,0.0,50.6543,4.202500000000001
1996-09-25,18.7925386428833,37.585075,19.45401287078857,0.0,52.1909,8.6366
1996-09-26,0.0,0.0,21.98003196716309,0.0,47.9839,0.7759
1996-09-27,0.2729569971561432,0.545914,21.996023178100582,0.0,46.2916,0.7825
1996-09-28,0.0379921197891235,0.07598424,21.07731056213379,0.0,45.2673,0.7781
1996-09-29,0.1357671022415161,0.2715342,22.16871166229248,0.0,44.3687,0.7779
1996-09-30,0.4352453947067261,0.8704908,21.21327018737793,0.0,43.4254,0.7774
1996-10-01,0.1331757307052612,0.26635146,19.441771507263184,0.0,42.5667,0.7775
1996-10-02,0.1274734437465667,0.2549469,19.7373628616333,0.0,41.8126,0.7757
1996-10-03,0.0295193493366241,0.0590387,20.49450206756592,0.0,41.0662,0.7746
1996-10-04,0.9147579669952391,1.8295159,21.157538414001465,0.0,40.4578,0.7795
1996-10-05,0.2743712663650512,0.54874253,21.192602157592773,0.0,39.8038,0.7741
1996-10-06,0.3889768123626709,0.7779536,22.46215438842773,0.0,39.0457,0.7713
1996-10-07,0.1845533847808838,0.36910677,22.63141632080078,0.0,38.3798,0.7715000000000001
1996-10-08,8.078279256820679,16.156559,17.872122764587402,0.0,42.5577,2.888
1996-10-09,11.990315437316896,23.98063,15.728289604187012,0.0,48.9521,4.4515
1996-10-10,0.8836577534675598,1.7673155,17.230610847473145,0.0,47.2936,0.7658
1996-10-11,0.1257640719413757,0.25152814,19.48526668548584,0.0,46.1307,0.7678999999999999
1996-10-12,0.027789294719696,0.05557859,21.2303524017334,0.0,45.089,0.7634
1996-10-13,0.2196335792541504,0.43926716,21.20737743377685,0.0,44.3438,0.7664
1996-10-14,0.5698015689849854,1.1396031,21.717464447021484,0.0,43.7676,0.7678
1996-10-15,0.0258734226226806,0.051746845,19.301591873168945,0.0,42.8914,0.7598
1996-10-16,0.0,0.0,16.987879753112793,0.0,41.9178,0.7585
1996-10-17,0.0,0.0,17.845157623291016,0.0,40.9443,0.7572
1996-10-18,0.0006707906723022,0.0013415813,18.61220932006836,0.0,40.0993,0.7559
1996-10-19,0.0324400663375854,0.06488013,18.34103775024414,0.0,39.3119,0.7546
1996-10-20,0.0,0.0,16.425634384155273,0.0,38.6005,0.7533
1996-10-21,0.0,0.0,17.660401344299316,0.0,38.2449,0.7519
1996-10-22,0.2473101615905761,0.49462032,19.72299289703369,0.0,37.7245,0.7506
1996-10-23,0.1301534175872802,0.26030684,19.81915664672852,0.0,37.0776,0.7498
1996-10-24,0.1272474527359008,0.2544949,19.670153617858887,0.0,36.4893,0.7479
1996-10-25,0.5110691785812378,1.0221384,21.11767864227295,0.0,36.4413,0.8780000000000001
1996-10-26,0.0186197757720947,0.03723955,17.71281623840332,0.0,36.137,0.7451
1996-10-27,0.0288385152816772,0.05767703,16.154027938842773,0.0,35.7776,0.7441
1996-10-28,0.0803155899047851,0.16063118,17.180989265441895,0.0,35.396,0.7424
1996-10-29,0.004107654094696,0.008215308,19.31342887878418,0.0,35.0247,0.741
1996-10-30,0.0,0.0,20.644296646118164,0.0,34.6124,0.7396
1996-10-31,0.0,0.0,22.05161094665528,0.0,34.2602,0.7382
1996-11-01,0.0,0.0,22.612915992736816,0.0,33.9558,0.7369
1996-11-02,0.3407817482948303,0.6815635,17.52957248687744,0.0,33.8693,0.7461000000000001
1996-11-03,0.0124692916870117,0.024938583,17.457386016845703,0.0,33.8,0.7341
1996-11-04,0.0280982851982116,0.05619657,19.30335521697998,0.0,33.6661,0.7327
1996-11-05,0.0,0.0,20.17718315124512,0.0,33.5312,0.7313
1996-11-06,0.0891128480434417,0.1782257,19.486002922058105,0.0,33.4001,0.7303999999999999
1996-11-07,0.0630960166454315,0.12619203,20.160858154296875,0.0,33.2936,0.7286
1996-11-08,0.0517653226852417,0.103530645,20.58622455596924,0.0,33.1688,0.7272
1996-11-09,0.0,0.0,19.25182819366455,0.0,33.0762,0.7259
1996-11-10,6.703729152679443,13.407458,17.862483024597168,0.0,38.3692,2.4708
1996-11-11,1.16865074634552,2.3373015,19.98996353149414,0.0,38.2118,0.7231
1996-11-12,0.0,0.0,20.78258419036865,0.0,37.7356,0.7218
1996-11-13,0.0056601166725158,0.011320233,15.637745380401611,0.0,37.4123,0.7204
1996-11-14,0.0,0.0,13.76368761062622,0.0,37.0619,0.7191
1996-11-15,0.0,0.0,14.151273250579834,0.0,36.7329,0.7177
1996-11-16,0.0638856887817382,0.12777138,14.267913818359377,0.0,36.5904,0.7164
1996-11-17,1.2435047030448914,2.4870095,13.80384111404419,0.0,36.6469,0.7774
1996-11-18,0.5997644662857056,1.1995289,10.6468186378479,0.0,36.4922,0.7199
1996-11-19,0.1307992339134216,0.26159847,9.09546947479248,0.0,36.2516,0.7125
1996-11-20,0.3535923957824707,0.7071848,12.62285614013672,0.0,36.0193,0.7144999999999999
1996-11-21,0.0,0.0,12.330651760101318,0.0,35.7571,0.7097
1996-11-22,0.0142569541931152,0.028513908,14.750503540039062,0.0,35.5013,0.7083
1996-11-23,0.1321615576744079,0.26432312,14.74782371520996,0.0,35.2249,0.7071999999999999
1996-11-24,0.0462256371974945,0.092451274,14.40825366973877,0.0,34.9615,0.7057
1996-11-25,0.0,0.0,14.917986392974854,0.0,34.6472,0.7043
1996-11-26,0.0,0.0,16.408427238464355,0.0,34.3354,0.703
1996-11-27,0.0,0.0,14.626882553100586,0.0,34.1565,0.7017
1996-11-28,0.1033554077148437,0.20671082,15.00937032699585,0.0,33.9972,0.7009
1996-11-29,0.2183514833450317,0.43670297,12.94832181930542,0.0,33.8984,0.699
1996-11-30,0.0751900672912597,0.15038013,11.2561616897583,0.0,33.7772,0.698
1996-12-01,0.0480894446372985,0.09617889,8.611475467681885,0.0,33.6777,0.6964
1996-12-02,2.9147603511810303,5.8295207,5.96193265914917,0.0,35.7554,1.3224
1996-12-03,0.8982788920402527,1.7965578,9.48235321044922,0.0,35.7082,0.6938
1996-12-04,1.4868099689483645,2.97362,13.683850288391112,0.0,36.4315,0.9736
1996-12-05,9.129745960235596,18.259491,10.008695602416992,0.0,40.9539,2.1472
1996-12-06,0.0,0.0,5.280617952346802,0.0,40.5042,0.6899
1996-12-07,0.0,0.0,3.418782949447632,0.0,40.1264,0.6939
1996-12-08,0.0246935188770294,0.049387038,4.615416288375855,0.0,39.8568,0.6931
1996-12-09,0.1105826497077941,0.2211653,10.071385860443115,0.0,39.4991,0.686
1996-12-10,0.0453703999519348,0.0907408,8.83384895324707,0.0,39.0862,0.6847
1996-12-11,0.0,0.0,6.763709306716919,0.0,38.7456,0.6834
1996-12-12,0.1356177330017089,0.27123547,8.230157375335693,0.0,38.49,0.6826
1996-12-13,0.0,0.0,8.320710182189941,0.0,38.2209,0.6808
1996-12-14,0.0214858353137969,0.04297167,6.662652492523193,0.0,37.9858,0.6817
1996-12-15,0.0877276062965393,0.17545521,8.07878065109253,0.0,37.7669,0.6802
1996-12-16,0.0304088294506073,0.06081766,11.25037717819214,0.0,37.4826,0.677
1996-12-17,0.0504959672689437,0.100991935,10.740142345428469,0.0,37.2173,0.6757
1996-12-18,0.0,0.0,8.28641963005066,0.0,37.0274,0.6744
1996-12-19,0.0772748589515686,0.15454972,7.454664707183838,0.0,36.84,0.6734
1996-12-20,0.0,0.0,6.351812362670898,0.0,36.6603,0.6741
1996-12-21,0.093922734260559,0.18784547,5.775963068008423,0.0,36.4976,0.6746
1996-12-22,0.0139673352241516,0.02793467,5.9980788230896,0.0,36.311,0.6728
1996-12-23,0.0644743740558624,0.12894875,6.388167142868042,0.0,36.1323,0.6721
1996-12-24,0.0017544701695442,0.0035089403,7.010553598403931,0.0,35.9371,0.6678999999999999
1996-12-25,0.0087836980819702,0.017567396,8.210575103759766,0.0,35.7183,0.6662
1996-12-26,0.1256506443023681,0.2513013,7.985853672027588,0.0,35.4855,0.6643
1996-12-27,0.0669870376586914,0.13397408,8.23620891571045,0.0,35.2841,0.6648000000000001
1996-12-28,0.0577703118324279,0.11554062,8.641737461090088,0.0,35.0313,0.6618
1996-12-29,0.0,0.0,8.987934112548828,0.0,34.7991,0.6606
1996-12-30,0.0547088980674743,0.109417796,9.185999870300291,0.0,34.5888,0.6593
1996-12-31,0.0159765481948852,0.031953096,10.256299018859863,0.0,34.3668,0.6581
1997-01-01,0.1220259070396423,0.24405181,12.882166385650637,0.0,34.1821,0.6569
1997-01-02,0.1255545318126678,0.25110906,11.20702600479126,0.0,34.0601,0.6564
1997-01-03,7.254441976547241,14.508884,9.209619045257568,0.0,39.0496,2.1093
1997-01-04,12.154473304748535,24.308947,11.723135471343994,0.0,46.719,3.3357
1997-01-05,0.0342500209808349,0.06850004,9.404747009277344,0.0,45.2581,0.6519
1997-01-06,0.0,0.0,5.758175373077393,0.0,44.43,0.6514
1997-01-07,0.2478150129318237,0.49563003,5.155376195907593,0.0,43.8805,0.6528999999999999
1997-01-08,0.1230908632278442,0.24618173,5.080718517303467,0.0,43.4618,0.6483
1997-01-09,0.0811048746109008,0.16220975,5.003554821014404,0.0,43.0134,0.6475
1997-01-10,0.1835022270679474,0.36700445,3.074280977249145,0.0,42.66,0.673
1997-01-11,0.0,0.0,3.718867540359497,0.0,42.0699,0.6446
1997-01-12,0.0361740589141845,0.07234812,4.854037523269653,0.0,41.6329,0.6462
1997-01-13,0.3844170570373535,0.7688341,6.438619613647461,0.0,41.298,0.6706
1997-01-14,0.0,0.0,8.218883514404297,0.0,40.7633,0.641
1997-01-15,0.0684832334518432,0.13696647,10.523009777069092,0.0,40.1764,0.6402
1997-01-16,0.2667419910430908,0.533484,12.457942008972168,0.0,39.6112,0.6385
1997-01-17,0.4318717122077942,0.8637434,13.23089599609375,0.0,39.0745,0.6763
1997-01-18,4.968343734741211,9.936687,11.214731216430664,0.0,41.2077,1.336
1997-01-19,6.4874114990234375,12.974823,9.902264595031738,0.0,44.8785,1.9655
1997-01-20,0.08987557888031,0.17975116,11.874367237091064,0.0,44.0226,0.6337
1997-01-21,3.2770140171051025,6.554028,11.179800510406494,0.0,45.3447,1.3984
1997-01-22,0.2475666999816894,0.4951334,9.038801193237305,0.0,44.581,0.6314
1997-01-23,14.555886268615724,29.111773,7.40582275390625,0.0,51.5791,4.5636
1997-01-24,12.77864694595337,25.557293,4.16038966178894,0.0,51.697,4.074199999999999
1997-01-25,0.2215200662612915,0.44304013,4.370411396026611,0.0,48.2821,0.6278
1997-01-26,0.0,0.0,4.645235538482666,0.0,46.9105,0.6266
1997-01-27,0.0506952404975891,0.10139048,4.637033939361572,0.0,46.0179,0.6311
1997-01-28,0.1678254604339599,0.33565092,5.381863117218018,0.0,45.3499,0.6384
1997-01-29,0.0263646841049194,0.05272937,6.825706243515015,0.0,44.7574,0.63
1997-01-30,0.0,0.0,10.583020210266112,0.0,44.0327,0.622
1997-01-31,0.1884162425994873,0.3768325,13.836184978485107,0.0,43.3769,0.6236
1997-02-01,1.2670142650604248,2.5340285,12.786419868469238,0.0,43.011,0.621
1997-02-02,26.55117702484131,53.102356,10.40745210647583,0.0,53.4688,9.1944
1997-02-03,3.45802640914917,6.916053,6.495236396789551,0.0,49.2391,1.3392
1997-02-04,5.663824558258057,11.327649,6.5954577922821045,0.0,49.3341,2.2505
1997-02-05,1.142785906791687,2.2855718,8.061364889144897,0.0,47.5584,0.6158
1997-02-06,14.65364694595337,29.307293,6.741627931594849,0.0,51.6847,6.433299999999999
1997-02-07,24.51754474639893,49.035088,7.618600368499756,0.0,52.8342,11.6438
1997-02-08,9.195266246795654,18.390533,9.215249061584473,0.0,50.4606,4.8643
1997-02-09,0.3832743167877197,0.76654863,9.319998264312744,0.0,47.9698,0.6237
1997-02-10,0.6699633598327637,1.3399267,9.669107437133787,0.0,46.9447,0.8284
1997-02-11,0.5060038566589355,1.0120077,9.19946575164795,0.0,46.0503,0.6307
1997-02-12,1.6264933943748474,3.252987,8.261017322540283,0.0,46.0184,1.247
1997-02-13,1.5009530782699585,3.0019062,7.976393699645996,0.0,45.521,0.635
1997-02-14,7.284430503845215,14.568861,4.488437414169312,0.0,48.3397,3.631
1997-02-15,22.69685649871826,45.393715,5.862172365188599,0.0,52.4855,10.9739
1997-02-16,0.0,0.0,7.905202865600586,0.0,48.3317,0.6384
1997-02-17,0.0,0.0,6.942704916000366,0.0,46.9747,0.6428
1997-02-18,0.0,0.0,8.414460182189941,0.0,45.9236,0.6456
1997-02-19,0.0,0.0,6.815225124359131,0.0,45.0801,0.6472
1997-02-20,0.0,0.0,9.285674571990969,0.0,44.358,0.6479
1997-02-21,1.6967564821243286,3.393513,11.919533252716064,0.0,44.5287,1.2264
1997-02-22,0.0965005159378051,0.19300103,10.099156856536863,0.0,43.9837,0.648
1997-02-23,0.0,0.0,11.293829917907717,0.0,43.3077,0.6476
1997-02-24,0.2129209041595459,0.4258418,12.978109359741213,0.0,42.7321,0.6494
1997-02-25,0.7181177139282227,1.4362354,15.531697750091553,0.0,42.2607,0.6464
1997-02-26,0.5105463266372681,1.0210927,16.467978477478027,0.0,41.8462,0.7455999999999999
1997-02-27,0.0,0.0,16.36127471923828,0.0,41.2377,0.6447
1997-02-28,0.0,0.0,16.238515853881836,0.0,40.4873,0.6438
1997-03-01,0.5773587226867676,1.1547174,15.208056926727297,0.0,40.1367,0.7535000000000001
1997-03-02,8.476428508758545,16.952858,9.376652240753174,0.0,43.6863,2.5744
1997-03-03,0.0,0.0,8.969057083129883,0.0,43.0251,0.6407
1997-03-04,0.3709235191345215,0.74184704,10.42814588546753,0.0,42.4417,0.6597
1997-03-05,0.0356274843215942,0.07125497,12.880475044250488,0.0,41.8237,0.6385
1997-03-06,0.1661838293075561,0.33236766,16.30258083343506,0.0,41.1174,0.6387999999999999
1997-03-07,0.2417550086975097,0.48351002,18.54070949554444,0.0,40.4575,0.6363
1997-03-08,0.4304687976837158,0.8609376,17.346510887145996,0.0,39.9317,0.6744
1997-03-09,0.0966029167175293,0.19320583,18.17740249633789,0.0,39.2784,0.634
1997-03-10,0.0534852743148803,0.10697055,18.05062961578369,0.0,38.5575,0.6334
1997-03-11,0.1233828067779541,0.24676561,18.583301544189453,0.0,37.8486,0.6317
1997-03-12,0.2691562175750732,0.53831244,19.72328758239746,0.0,37.1397,0.635
1997-03-13,0.4387083053588867,0.8774166,20.71797561645508,0.0,36.6075,0.6294
1997-03-14,0.0032210350036621,0.00644207,21.928032875061035,0.0,36.0055,0.6282
1997-03-15,0.0,0.0,20.3997106552124,0.0,35.3959,0.6271
1997-03-16,28.51890277862549,57.037804,12.26655387878418,0.0,52.673,9.1808
1997-03-17,6.027072906494141,12.054146,10.17839241027832,0.0,50.0766,2.2244
1997-03-18,13.545320510864258,27.090641,11.29335594177246,0.0,51.6756,5.100700000000001
1997-03-19,41.406328201293945,82.81265,11.801990032196043,0.0,54.1341,18.6355
1997-03-20,5.839870452880859,11.679741,10.980219841003418,0.0,49.6302,2.7256
1997-03-21,18.74906539916992,37.49813,10.911486148834229,0.0,51.7762,9.567900000000002
1997-03-22,20.79634475708008,41.59269,11.595313549041748,0.0,51.9555,11.8831
1997-03-23,1.3300542831420898,2.6601086,10.620643615722656,0.0,48.3942,0.7054
1997-03-24,0.2290878295898437,0.45817566,11.914767742156982,0.0,46.831,0.6593
1997-03-25,6.523054838180542,13.04611,10.733752250671388,0.0,48.5026,3.6094
1997-03-26,0.4271340370178222,0.8542681,13.933382034301758,0.0,46.9488,0.6652
1997-03-27,10.933897495269775,21.867794,12.62672472000122,0.0,50.1863,5.6279
1997-03-28,45.61282730102539,91.225655,11.531147956848145,0.0,53.7776,24.872
1997-03-29,1.0399012565612793,2.0798025,14.605558395385742,0.0,48.4994,0.684
1997-03-30,0.9633243083953856,1.9266486,15.124106884002686,0.0,47.0344,1.0618
1997-03-31,5.953342437744141,11.906685,12.895638942718506,0.0,47.8505,2.4176
1997-04-01,0.0,0.0,15.925117015838625,0.0,46.2321,0.7004
1997-04-02,6.784917593002319,13.569836,18.74249839782715,0.0,48.1613,3.6464
1997-04-03,9.360280513763428,18.720562,19.7453088760376,0.0,49.1063,3.1053
1997-04-04,12.818413734436035,25.636827,17.61783790588379,0.0,50.712,5.5571
1997-04-05,1.2375094890594482,2.475019,14.71652889251709,0.0,47.9839,0.7051
1997-04-06,0.9801769256591796,1.9603539,15.847622394561768,0.0,46.6836,0.9773
1997-04-07,0.23331880569458,0.4666376,15.704628944396973,0.0,45.6009,0.7086
1997-04-08,9.976261615753174,19.952522,17.484232902526855,0.0,49.1139,4.9324
1997-04-09,13.280054092407228,26.560108,17.1053409576416,0.0,50.6259,5.1419
1997-04-10,15.56914234161377,31.138285,13.87658977508545,0.0,51.4337,7.5003
1997-04-11,0.6131865978240967,1.2263732,15.904021739959717,0.0,47.9937,0.7146
1997-04-12,0.0419795513153076,0.0839591,15.552769184112549,0.0,46.3645,0.7182999999999999
1997-04-13,6.486655235290527,12.97331,15.97091007232666,0.0,47.9044,3.0131
1997-04-14,6.465471267700195,12.930943,18.921761512756348,0.0,47.979,1.9284
1997-04-15,14.857105731964111,29.71421,19.370179176330566,0.0,50.373,5.2904
1997-04-16,0.2553203105926513,0.5106406,18.03651714324951,0.0,47.5391,0.7234
1997-04-17,2.6358721256256104,5.2717443,18.72650718688965,0.0,46.9756,1.7865000000000002
1997-04-18,14.25108528137207,28.50217,18.684073448181152,0.0,50.2887,5.3522
1997-04-19,2.755676507949829,5.511353,17.439387321472168,0.0,48.0763,0.8937999999999999
1997-04-20,5.781501770019531,11.563004,18.78144931793213,0.0,47.5596,1.4015
1997-04-21,15.248276710510254,30.496553,20.381574630737305,0.0,50.5044,5.7605
1997-04-22,1.0617573261260986,2.1235147,18.515525817871094,0.0,47.877,0.731
1997-04-23,0.3894081115722656,0.7788162,17.6528959274292,0.0,46.362,0.7461
1997-04-24,0.3053126335144043,0.61062527,13.92480754852295,0.0,45.455,0.734
1997-04-25,0.0,0.0,15.620850086212158,0.0,44.3411,0.7343
1997-04-26,0.0968551635742187,0.19371033,17.795629501342773,0.0,43.367,0.7341
1997-04-27,0.8212535381317139,1.6425071,18.14567279815674,0.0,42.6776,0.7335
1997-04-28,0.3516426086425781,0.7032852,20.41550064086914,0.0,41.7528,0.7521
1997-04-29,3.1623458862304688,6.324692,20.806272506713867,0.0,41.3395,0.74
1997-04-30,9.509098768234251,19.018198,20.27826976776123,0.0,46.3897,4.3515
1997-05-01,8.040726661682129,16.081453,18.986177444458008,0.0,48.717,3.1016000000000004
1997-05-02,7.346508979797363,14.693018,21.13101291656494,0.0,48.1245,1.5116
1997-05-03,1.0503687858581543,2.1007376,22.441189765930176,0.0,46.3275,0.7279
1997-05-04,0.4193587303161621,0.83871746,23.43293857574463,0.0,44.8462,0.7322
1997-05-05,3.355809211730957,6.7116184,21.894659996032715,0.0,44.3615,0.7261
1997-05-06,23.85796356201172,47.715927,20.76823234558105,0.0,52.9734,10.4123
1997-05-07,6.956521272659302,13.913042,21.7119255065918,0.0,49.8502,2.7421
1997-05-08,10.437852144241331,20.875704,21.6750431060791,0.0,49.9306,3.6505
1997-05-09,11.03638505935669,22.07277,17.169389724731445,0.0,49.992,3.9155
1997-05-10,3.354500532150269,6.709001,14.387203693389893,0.0,47.9021,0.8029999999999999
1997-05-11,0.1716604232788086,0.34332085,21.082782745361328,0.0,46.2138,0.7308
1997-05-12,1.074744462966919,2.149489,24.742555618286133,0.0,45.168,1.0148
1997-05-13,0.5274009704589844,1.054802,25.451247215271,0.0,44.0433,0.7316
1997-05-14,11.476182460784912,22.952366,23.46875,0.0,48.8959,5.376
1997-05-15,6.266735315322876,12.53347,23.54379844665528,0.0,47.6377,1.0071
1997-05-16,10.226861000061035,20.453722,22.35240077972412,0.0,49.4821,3.6034
1997-05-17,15.904521942138672,31.809044,19.70689392089844,0.0,51.4402,6.6549
1997-05-18,0.5145139694213867,1.0290279,21.740357398986816,0.0,47.7939,0.731
1997-05-19,25.95469856262207,51.909397,23.52867031097412,0.0,52.6913,13.0172
1997-05-20,0.0392637252807617,0.07852745,21.079784393310547,0.0,48.0485,0.7351
1997-05-21,3.4890058040618896,6.9780116,18.92170524597168,0.0,47.7429,2.2141
1997-05-22,34.83469581604004,69.66939,15.660618782043455,0.0,53.4238,17.9178
1997-05-23,9.379663944244385,18.759327,17.010512351989746,0.0,50.1401,4.9407
1997-05-24,0.281163215637207,0.56232643,19.875104904174805,0.0,47.3785,0.7574
1997-05-25,0.0428113937377929,0.08562279,19.875083923339844,0.0,45.7201,0.7615
1997-05-26,0.909254550933838,1.8185091,19.451732635498047,0.0,44.5075,0.7629
1997-05-27,0.3985867500305176,0.7971735,20.3212251663208,0.0,43.2927,0.7954
1997-05-28,0.2095046043395996,0.4190092,21.219473838806152,0.0,42.2639,0.7627
1997-05-29,0.0517225265502929,0.10344505,21.46375560760498,0.0,41.5504,0.7619
1997-05-30,0.1278591156005859,0.25571823,23.364590644836422,0.0,40.5666,0.7609
1997-05-31,0.4359011650085449,0.87180233,22.82849884033203,0.0,39.4604,0.7634000000000001
1997-06-01,9.706831932067873,19.413664,23.23061180114746,0.0,41.9267,2.2203
1997-06-02,45.158111572265625,90.31622,21.42304801940918,0.0,54.328,17.3351
1997-06-03,15.222935676574709,30.445871,22.57869815826416,0.0,51.1546,6.486
1997-06-04,14.923354148864746,29.846708,23.84916305541992,0.0,51.1187,7.2541
1997-06-05,5.813745975494385,11.627492,25.14454746246338,0.0,48.2408,0.8843
1997-06-06,8.528306722640991,17.056614,24.84276962280273,0.0,48.951,3.6082
1997-06-07,3.346717834472656,6.6934357,25.349021911621094,0.0,47.1896,0.7774
1997-06-08,28.2721529006958,56.544304,24.03257465362549,0.0,52.6827,13.6912
1997-06-09,18.88838195800781,37.776764,23.28136730194092,0.0,51.5561,9.6776
1997-06-10,7.667664289474487,15.335329,22.48114013671875,0.0,49.2845,2.8502
1997-06-11,0.0409102439880371,0.08182049,22.496405601501465,0.0,46.986,0.801
1997-06-12,0.0,0.0,23.059858322143555,0.0,45.1804,0.8038
1997-06-13,2.905130624771118,5.8102612,20.99743175506592,0.0,45.4001,1.8377
1997-06-14,13.92812156677246,27.856243,18.01786518096924,0.0,49.8409,5.3897
1997-06-15,1.946591854095459,3.8931837,20.77737331390381,0.0,47.5166,0.8042
1997-06-16,0.4078216552734375,0.8156433,22.176708221435547,0.0,45.8743,0.8079000000000001
1997-06-17,0.0625720024108886,0.125144,21.405314445495605,0.0,44.6076,0.8038
1997-06-18,1.9950542449951167,3.9901085,21.92833614349365,0.0,44.147,1.3273
1997-06-19,0.75146484375,1.5029297,23.78279590606689,0.0,43.2349,0.8019
1997-06-20,1.731611251831055,3.4632225,25.44635009765625,0.0,43.0277,1.3199999999999998
1997-06-21,0.9322628974914552,1.8645258,25.899930000305176,0.0,42.2256,0.7995
1997-06-22,29.405442237854004,58.810883,24.83300495147705,0.0,53.1985,11.5898
1997-06-23,53.930694580078125,107.86139,22.11444664001465,0.0,54.4854,29.1336
1997-06-24,20.645432472229004,41.290863,23.801761627197266,0.0,51.3307,12.2163
1997-06-25,41.48423957824707,82.968475,22.529747009277344,0.0,52.9619,26.669
1997-06-26,12.643754959106444,25.28751,23.80933856964112,0.0,49.9119,4.9773000000000005
1997-06-27,1.7085535526275637,3.417107,24.97010898590088,0.0,47.431,0.8555
1997-06-28,1.9601901769638064,3.9203804,25.25021743774414,0.0,46.589,1.7933
1997-06-29,8.07343053817749,16.146862,25.466419219970703,0.0,46.7522,1.6166999999999998
1997-06-30,3.5291223526000977,7.0582447,25.92518424987793,0.0,45.9832,0.8591
1997-07-01,0.2383170127868652,0.47663403,27.11212921142578,0.0,44.6026,0.8582
1997-07-02,17.40192413330078,34.80385,25.245052337646484,0.0,49.8992,6.2259
1997-07-03,29.53702735900879,59.074055,22.8640193939209,0.0,53.167,15.0484
1997-07-04,10.952382564544678,21.904766,22.28121852874756,0.0,50.4523,5.7149
1997-07-05,20.63291072845459,41.265823,22.1494665145874,0.0,51.7808,11.2316
1997-07-06,8.495139360427856,16.990278,23.809151649475098,0.0,49.4676,3.34
1997-07-07,13.456057071685793,26.912113,24.37173748016357,0.0,50.1105,5.3285
1997-07-08,18.51893520355225,37.037872,23.68558692932129,0.0,51.4515,9.1479
1997-07-09,9.907278060913086,19.814556,24.38199138641357,0.0,49.9565,4.5328
1997-07-10,10.080010890960692,20.160023,25.20072841644287,0.0,49.3424,3.4921
1997-07-11,13.171867847442629,26.343735,24.75611400604248,0.0,50.1711,5.3328
1997-07-12,11.087308406829834,22.174618,24.3469820022583,0.0,50.0864,4.8773
1997-07-13,7.556539535522461,15.113079,25.144736289978027,0.0,48.687,2.1847
1997-07-14,9.7439386844635,19.487877,24.65267848968506,0.0,49.1023,3.4799
1997-07-15,1.35094952583313,2.701899,25.252471923828125,0.0,46.9959,0.9312
1997-07-16,5.445312976837158,10.890626,25.582258224487305,0.0,47.8175,3.3994
1997-07-17,4.896386861801148,9.792774,25.44272232055664,0.0,47.0964,1.2443
1997-07-18,7.558903217315674,15.117806,25.411985397338867,0.0,47.8563,2.4623
1997-07-19,1.4957563281059263,2.9915128,26.210000038146973,0.0,46.3167,0.9299
1997-07-20,24.11396884918213,48.227936,25.51125240325928,0.0,52.7021,12.6673
1997-07-21,1.6683518886566162,3.3367038,24.343335151672363,0.0,48.3415,0.9275
1997-07-22,14.661645889282228,29.323292,24.34333324432373,0.0,51.0635,8.1777
1997-07-23,4.291207194328308,8.582415,23.68792057037353,0.0,48.122,0.9287
1997-07-24,0.4037805795669555,0.80756116,24.95753002166748,0.0,46.2096,0.9295
1997-07-25,4.276821136474609,8.553642,25.290756225585938,0.0,45.8631,1.4004
1997-07-26,0.327399730682373,0.65479946,26.010204315185547,0.0,44.6589,0.9273
1997-07-27,1.4965705871582031,2.9931412,26.38299465179444,0.0,43.7139,1.1014
1997-07-28,2.58936095237732,5.178722,26.907774925231934,0.0,43.1247,0.9528
1997-07-29,5.382434606552124,10.76487,26.85403537750244,0.0,44.7108,2.6402
1997-07-30,1.818689227104187,3.6373785,25.887904167175293,0.0,43.913,0.9371
1997-07-31,12.47806167602539,24.956123,25.11331367492676,0.0,48.8593,5.1816
1997-08-01,14.424257278442385,28.848515,24.611373901367188,0.0,50.3171,4.1563
1997-08-02,3.865295052528381,7.73059,23.403133392333984,0.0,48.1773,1.1576
1997-08-03,20.57770347595215,41.155407,23.683585166931152,0.0,52.3123,9.2367
1997-08-04,0.4662843942642212,0.9325688,26.662606239318848,0.0,48.0502,0.9086
1997-08-05,0.8729320764541626,1.7458642,26.291951179504395,0.0,46.5945,1.1842
1997-08-06,9.387948751449583,18.775898,25.771316528320312,0.0,47.9328,2.7078
1997-08-07,1.9978644847869875,3.995729,26.83973979949951,0.0,46.5225,0.9067
1997-08-08,9.12910795211792,18.258217,26.942541122436523,0.0,48.3202,3.7327
1997-08-09,3.867882370948792,7.7357645,26.43643474578857,0.0,47.1715,0.9966
1997-08-10,57.24405479431152,114.48811,23.325204849243164,0.0,54.4615,28.2322
1997-08-11,21.664620399475098,43.32924,23.87323570251465,0.0,51.3358,12.378
1997-08-12,12.111371994018556,24.222744,23.686379432678223,0.0,50.1526,5.5476
1997-08-13,24.82514762878418,49.650295,23.84519386291504,0.0,52.3393,14.8158
1997-08-14,0.4570335149765014,0.91406703,25.51872158050537,0.0,48.0966,0.9499
1997-08-15,12.065636157989502,24.131271,24.94227409362793,0.0,50.2932,7.0328
1997-08-16,6.248128890991211,12.496258,24.708075523376465,0.0,48.2528,1.401
1997-08-17,1.0946861505508425,2.1893723,25.24958229064941,0.0,46.5605,0.959
1997-08-18,0.6621627807617188,1.3243256,25.832950592041016,0.0,45.4776,1.0581
1997-08-19,2.7201340794563293,5.440268,24.615084648132324,0.0,45.0319,0.9582
1997-08-20,1.5146338939666748,3.0292678,25.090229034423828,0.0,44.5627,1.3044
1997-08-21,8.663118839263916,17.326237,25.38447666168213,0.0,46.3198,2.5437000000000003
1997-08-22,4.221327066421509,8.442654,24.963991165161133,0.0,45.7247,0.9644
1997-08-23,8.783979892730713,17.567959,25.54526805877685,0.0,48.2589,3.839
1997-08-24,5.808749914169312,11.6175,26.347262382507324,0.0,47.3543,1.2526000000000002
1997-08-25,3.535630464553833,7.071261,25.74497509002685,0.0,46.4238,0.9773
1997-08-26,18.379516124725345,36.759033,24.1318588256836,0.0,51.5875,8.4153
1997-08-27,0.0556116104125976,0.11122322,25.239436149597168,0.0,47.8443,0.9478
1997-08-28,0.0,0.0,25.35143184661865,0.0,45.9738,0.9456
1997-08-29,7.513035774230957,15.026072,24.23034381866455,0.0,49.062,4.6546
1997-08-30,28.202719688415527,56.40544,23.74340343475341,0.0,52.9596,12.8738
1997-08-31,6.463156938552856,12.926313,25.044368743896484,0.0,49.2323,2.3171
1997-09-01,6.408776760101318,12.8175535,25.50819206237793,0.0,47.8359,1.3554
1997-09-02,0.3817965984344482,0.7635932,25.55576610565185,0.0,46.1998,0.9514
1997-09-03,6.406396627426148,12.812794,25.967914581298828,0.0,47.4122,3.345
1997-09-04,49.70916557312012,99.418335,23.24246501922608,0.0,54.1159,25.0795
1997-09-05,12.354111671447754,24.708223,22.691346168518063,0.0,50.4751,7.2021
1997-09-06,5.432867050170898,10.865734,23.881468772888184,0.0,48.3897,1.6437
1997-09-07,8.33986759185791,16.679735,24.181058883666992,0.0,49.3337,4.1879
1997-09-08,23.024105072021484,46.04821,22.991284370422363,0.0,52.1009,11.6595
1997-09-09,11.753917694091797,23.507835,23.30916118621826,0.0,50.3414,5.7132
1997-09-10,2.450766444206238,4.901533,23.179282188415527,0.0,47.9515,1.0006
1997-09-11,0.4900760650634765,0.98015213,24.35468578338623,0.0,46.5169,1.1679
1997-09-12,1.7591608762741089,3.5183218,24.354994773864743,0.0,45.646,1.2508
1997-09-13,0.8583186864852905,1.7166374,24.45272922515869,0.0,44.7084,1.1016
1997-09-14,0.2046996355056762,0.40939927,24.02815628051757,0.0,43.739,1.0016
1997-09-15,0.1335704326629638,0.26714087,23.082015991210938,0.0,42.8699,0.9988
1997-09-16,0.0992000102996826,0.19840002,21.72276210784912,0.0,42.0521,0.9959
1997-09-17,0.0,0.0,21.816951751708984,0.0,41.3116,0.9928
1997-09-18,0.0913407802581787,0.18268156,21.32335567474365,0.0,40.8567,0.99
1997-09-19,0.0610369443893432,0.12207389,21.775622367858887,0.0,40.1483,0.9871
1997-09-20,1.5457590818405151,3.0915182,19.65890884399414,0.0,40.5062,1.4235
1997-09-21,24.142943382263184,48.28589,16.15712022781372,0.0,52.105,9.3947
1997-09-22,0.0,0.0,18.519859313964844,0.0,47.9778,0.9797
1997-09-23,0.0,0.0,19.460043907165527,0.0,46.2367,0.9766
1997-09-24,0.5906744003295898,1.1813488,20.165477752685547,0.0,45.134,1.0112
1997-09-25,1.3430166244506836,2.6860332,19.313082695007324,0.0,44.6456,0.9711
1997-09-26,1.0884051322937012,2.1768103,18.07832622528076,0.0,44.4865,1.2555999999999998
1997-09-27,6.525113344192505,13.050226,14.21947193145752,0.0,47.1164,2.8178
1997-09-28,2.737667322158813,5.4753346,16.087645530700684,0.0,46.3802,0.9966
1997-09-29,0.2388360500335693,0.4776721,17.861370086669922,0.0,45.469,0.9639
1997-09-30,7.953581809997559,15.907164,18.40944576263428,0.0,48.8855,3.8503
1997-10-01,0.3375175595283508,0.6750351,20.45973491668701,0.0,47.164,0.9811
1997-10-02,0.1828267276287078,0.36565346,21.67801189422608,0.0,45.8627,0.9605
1997-10-03,0.0295193493366241,0.0590387,23.260459899902344,0.0,44.8536,0.9543
1997-10-04,12.561677932739258,25.123356,22.427788734436035,0.0,50.371,5.6631
1997-10-05,3.506795644760132,7.0135913,20.375150680541992,0.0,48.7145,1.6863
1997-10-06,3.321533679962158,6.6430674,19.617544174194336,0.0,47.9453,1.5183
1997-10-07,2.2337430119514465,4.467486,19.38141918182373,0.0,47.113,1.1459
1997-10-08,0.6282584965229034,1.2565169,19.61615562438965,0.0,46.0922,0.9459
1997-10-09,2.238783836364746,4.4775677,17.206050872802734,0.0,46.1844,1.6644
1997-10-10,12.734493732452393,25.468987,17.612716674804688,0.0,50.457,5.1841
1997-10-11,0.0949969291687011,0.18999386,19.49062156677246,0.0,47.714,0.9406
1997-10-12,7.852418422698975,15.704837,18.731163024902344,0.0,49.7163,4.0998
1997-10-13,0.1501187086105346,0.30023742,19.54308605194092,0.0,47.4243,0.9372
1997-10-14,23.087177276611328,46.174355,20.036273956298828,0.0,52.8526,11.7735
1997-10-15,11.222512245178224,22.445024,21.06077671051025,0.0,50.4828,4.7718
1997-10-16,1.13855242729187,2.2771049,20.03566837310791,0.0,47.8865,0.9385
1997-10-17,0.0181957483291625,0.036391497,21.14617729187012,0.0,46.4323,0.9398
1997-10-18,0.0006707906723022,0.0013415813,20.238061904907227,0.0,45.3225,0.9393
1997-10-19,0.0324400663375854,0.06488013,18.46443462371826,0.0,44.3749,0.9377
1997-10-20,0.0,0.0,17.978604316711426,0.0,43.4432,0.9354
1997-10-21,0.0,0.0,18.80552101135254,0.0,42.61,0.9327
1997-10-22,0.1741071939468383,0.3482144,19.96031951904297,0.0,41.9284,0.9325
1997-10-23,0.1301534175872802,0.26030684,19.647550582885746,0.0,41.3117,0.9276
1997-10-24,0.1149467229843139,0.22989345,19.601884841918945,0.0,40.6624,0.9271
1997-10-25,0.3377835750579834,0.67556715,19.730982780456543,0.0,40.1419,0.9224
1997-10-26,1.1922016143798828,2.3844032,16.835893630981445,0.0,40.2853,1.2182
1997-10-27,1.506642460823059,3.013285,12.927328109741213,0.0,40.3283,0.9655
1997-10-28,0.1165833473205566,0.2331667,13.004938125610352,0.0,40.1556,0.917
1997-10-29,0.004107654094696,0.008215308,14.73171043395996,0.0,39.8466,0.9146
1997-10-30,0.0,0.0,14.735114097595217,0.0,39.3312,0.9124
1997-10-31,0.0,0.0,12.340630054473875,0.0,38.7865,0.91
1997-11-01,0.0,0.0,12.109736919403076,0.0,38.2841,0.9078
1997-11-02,0.2239829301834106,0.44796586,12.66323709487915,0.0,37.9101,0.9085
1997-11-03,0.0072686076164245,0.014537215,15.432334423065186,0.0,37.5159,0.9037
1997-11-04,0.0,0.0,13.928056240081789,0.0,36.9569,0.9018
1997-11-05,0.0,0.0,10.637199401855469,0.0,36.5164,0.8999
1997-11-06,0.0891128480434417,0.1782257,10.308245182037354,0.0,36.1067,0.8981
1997-11-07,0.0630960166454315,0.12619203,12.200410842895508,0.0,35.6846,0.8964
1997-11-08,0.0517653226852417,0.103530645,13.167711734771729,0.0,35.3464,0.8947
1997-11-09,0.0,0.0,14.566565036773682,0.0,34.9573,0.893
1997-11-10,0.0,0.0,17.477490425109863,0.0,34.5935,0.8913
1997-11-11,0.0,0.0,17.383487701416016,0.0,34.2775,0.8896
1997-11-12,0.0,0.0,18.80626010894776,0.0,34.0171,0.8879
1997-11-13,0.0056601166725158,0.011320233,20.05803680419922,0.0,33.8096,0.8862
1997-11-14,0.0,0.0,20.013278007507324,0.0,33.6549,0.8845
1997-11-15,1.091877579689026,2.1837552,19.606937408447266,0.0,33.8709,1.0041
1997-11-16,21.329910278320312,42.65982,16.216760635375977,0.0,46.4251,5.7235
1997-11-17,1.4207813739776611,2.8415627,9.793203830718994,0.0,45.3762,0.8796
1997-11-18,0.5997644662857056,1.1995289,7.265918970108032,0.0,44.6718,0.9645
1997-11-19,0.1307992339134216,0.26159847,9.190189361572266,0.0,43.993,0.8763
1997-11-20,0.4163230657577514,0.83264613,14.93545627593994,0.0,43.3799,0.9054
1997-11-21,0.0,0.0,18.5058708190918,0.0,42.588,0.873
1997-11-22,0.6481572687625885,1.2963145,16.526305198669434,0.0,42.1754,0.949
1997-11-23,0.1321615576744079,0.26432312,15.045592784881592,0.0,41.7597,0.8698
1997-11-24,8.999375820159912,17.998753,15.63328218460083,0.0,47.1008,3.44
1997-11-25,11.290826320648192,22.581654,19.112451553344727,0.0,49.5857,3.0009
1997-11-26,11.142707824707031,22.285416,17.001283645629883,0.0,50.9004,3.7784
1997-11-27,26.94947624206543,53.898952,15.457239627838137,0.0,53.412,11.0872
1997-11-28,0.202224850654602,0.4044497,17.43315029144287,0.0,48.4241,0.8634
1997-11-29,6.09077262878418,12.181545,13.688747882843018,0.0,49.2293,3.2252
1997-11-30,0.3083107471466064,0.6166215,11.853873252868652,0.0,47.5055,0.8644
1997-12-01,5.282757997512817,10.5655155,11.972907543182371,0.0,48.6502,2.873
1997-12-02,3.0683624744415283,6.136725,8.898658752441406,0.0,47.9062,1.4993
1997-12-03,2.470275402069092,4.940551,4.9235475063323975,0.0,47.4037,1.3746999999999998
1997-12-04,0.7326298654079437,1.4652598,7.009425640106201,0.0,46.5263,0.8643
1997-12-05,0.1221134066581726,0.24422681,12.479816913604736,0.0,45.7268,0.8651
1997-12-06,0.6691940724849701,1.3383882,15.800480365753174,0.0,45.1648,0.9411
1997-12-07,20.0017957687378,40.003593,13.193692684173584,0.0,52.0553,8.874699999999999
1997-12-08,0.3385283201932907,0.67705667,8.115924596786499,0.0,48.3311,0.8628
1997-12-09,0.06461101770401,0.12922204,6.360709190368652,0.0,46.9454,0.864
1997-12-10,0.0453703999519348,0.0907408,4.584327459335327,0.0,46.1139,0.8763000000000001
1997-12-11,0.0,0.0,5.678852081298828,0.0,45.5114,0.8638
1997-12-12,0.9226245880126952,1.8452492,5.672218322753906,0.0,45.4368,1.139
1997-12-13,0.0843504071235656,0.16870081,6.752849340438843,0.0,44.9581,0.8633
1997-12-14,0.0214858353137969,0.04297167,8.702818870544434,0.0,44.435,0.8628
1997-12-15,0.0877276062965393,0.17545521,11.25609540939331,0.0,43.9668,0.8621
1997-12-16,0.0304088294506073,0.06081766,12.93357801437378,0.0,43.5046,0.8613
1997-12-17,0.0503167510032653,0.1006335,15.29022455215454,0.0,43.049,0.8603
1997-12-18,0.0,0.0,13.4108624458313,0.0,42.5839,0.8593
1997-12-19,4.897043943405151,9.794088,14.808184623718262,0.0,44.9172,2.5586
1997-12-20,3.49188244342804,6.9837646,15.109760284423828,0.0,45.8526,1.7022
1997-12-21,30.39862060546875,60.79724,13.736409187316896,0.0,53.4453,13.6867
1997-12-22,12.084431171417236,24.168861,11.701959133148192,0.0,50.9757,6.2737
1997-12-23,1.1743179559707642,2.348636,8.857114315032959,0.0,48.1846,0.9154
1997-12-24,0.0017544701695442,0.0035089403,9.732465267181396,0.0,46.9028,0.8655
1997-12-25,0.4987722635269165,0.9975445,10.543567657470703,0.0,46.1741,0.9768
1997-12-26,1.6289972066879272,3.2579944,11.861328125,0.0,45.953,1.1395
1997-12-27,0.0725138187408447,0.14502764,13.21679401397705,0.0,45.3616,0.8702
1997-12-28,0.2066161632537841,0.41323233,13.489997863769531,0.0,44.815,0.8744000000000001
1997-12-29,4.001787185668945,8.003574,14.803637504577637,0.0,45.5233,1.6872
1997-12-30,4.173760652542114,8.347521,13.43340539932251,0.0,46.4646,1.9655
1997-12-31,0.3066900372505188,0.6133801,12.156790256500244,0.0,45.7999,0.8701
1998-01-01,1.0534791350364685,2.1069584,11.730977535247805,0.0,45.583,1.1679
1998-01-02,2.203583002090454,4.407166,11.773818969726562,0.0,45.7698,1.3316
1998-01-03,0.1475943922996521,0.29518878,13.935946941375732,0.0,45.1365,0.8687
1998-01-04,10.566213130950928,21.132427,10.344526290893556,0.0,49.4885,5.1758
1998-01-05,0.1302763223648071,0.26055264,6.263138055801392,0.0,47.5869,0.8675
1998-01-06,0.0,0.0,8.68085765838623,0.0,46.4768,0.8671
1998-01-07,0.2224456071853637,0.4448912,9.27586030960083,0.0,45.7059,0.8692000000000001
1998-01-08,3.570075035095215,7.14015,13.210608959197998,0.0,45.8211,1.3288
1998-01-09,0.0872552394866943,0.17451048,13.75718116760254,0.0,45.1433,0.8655
1998-01-10,0.3489892184734344,0.69797844,15.748522758483888,0.0,44.5995,0.9261
1998-01-11,2.808213949203491,5.616428,11.615707397460938,0.0,44.3379,0.881
1998-01-12,0.0361740589141845,0.07234812,8.59559679031372,0.0,43.979,0.863
1998-01-13,2.478830337524414,4.9576607,11.30132007598877,0.0,44.7161,1.6146
1998-01-14,28.40516185760498,56.810326,11.143118858337402,0.0,53.1541,12.4652
1998-01-15,1.279060125350952,2.5581203,7.065051794052124,0.0,48.5351,0.862
1998-01-16,3.810197472572327,7.6203947,6.816324949264526,0.0,48.5171,2.5264
1998-01-17,18.26780796051025,36.535614,7.491022825241089,0.0,51.8104,9.3643
1998-01-18,0.0,0.0,4.860056877136231,0.0,48.2967,0.8699
1998-01-19,0.0,0.0,4.290059685707092,0.0,47.0255,0.8743
1998-01-20,9.516576290130615,19.033154,3.407046318054199,0.0,49.8401,5.327400000000001
1998-01-21,16.173078536987305,32.346157,4.42450737953186,0.0,51.6426,8.971499999999999
1998-01-22,4.044418931007385,8.088838,7.2081825733184814,0.0,49.1269,2.4235
1998-01-23,17.07084369659424,34.141685,5.158563375473023,0.0,51.4414,9.02
1998-01-24,0.0976850986480712,0.1953702,4.62060284614563,0.0,48.1965,0.9214
1998-01-25,0.2215200662612915,0.44304013,3.978681802749634,0.0,46.9385,0.9249
1998-01-26,2.315310001373291,4.63062,5.02552056312561,0.0,46.7967,1.5804
1998-01-27,16.31736421585083,32.634727,5.7459557056427,0.0,51.4508,8.4771
1998-01-28,3.1085275411605835,6.2170553,7.288146734237671,0.0,48.6045,1.4575
1998-01-29,0.0263646841049194,0.05272937,4.109717011451721,0.0,47.1679,0.9763
1998-01-30,0.1890238523483276,0.3780477,5.743396282196045,0.0,46.289,0.9146
1998-01-31,2.6939624547958374,5.387925,9.091243743896484,0.0,46.5289,1.7772
1998-02-01,6.603100776672363,13.206202,10.478379249572754,0.0,48.3243,3.3036000000000003
1998-02-02,4.232726812362671,8.465454,10.357036113739014,0.0,48.2907,2.2629
1998-02-03,22.94851589202881,45.897034,10.029651165008543,0.0,52.4274,11.5141
1998-02-04,14.772220611572266,29.544441,5.985602855682373,0.0,51.0752,7.703699999999999
1998-02-05,0.2065633535385131,0.4131267,4.186692237854004,0.0,48.1344,0.93
1998-02-06,0.9335782527923584,1.8671565,5.890907764434815,0.0,47.1224,1.2644
1998-02-07,0.0,0.0,7.373070001602173,0.0,46.098,0.9374
1998-02-08,1.385819435119629,2.7716389,7.817021131515503,0.0,45.5853,1.0889
1998-02-09,0.280670166015625,0.56134033,11.072379112243652,0.0,44.9596,0.9381
1998-02-10,1.182547926902771,2.3650959,11.13208818435669,0.0,44.9329,1.322
1998-02-11,0.6985241174697876,1.3970482,12.83246898651123,0.0,44.4559,0.9366
1998-02-12,1.652221441268921,3.304443,15.007640838623049,0.0,44.565,1.5146000000000002
1998-02-13,1.1585394144058228,2.3170788,16.154584884643555,0.0,43.9918,0.9331
1998-02-14,8.001306056976318,16.002613,12.818902015686035,0.0,47.696,4.0886
1998-02-15,1.1057227849960327,2.2114456,10.424891471862791,0.0,46.5557,0.9293
1998-02-16,66.8877944946289,133.77559,11.400101661682127,0.0,54.955,36.8621
1998-02-17,53.1429386138916,106.28587,12.602367877960203,0.0,51.5973,46.78
1998-02-18,10.250899314880373,20.501799,13.99441623687744,0.0,50.19,5.8178
1998-02-19,46.07322311401367,92.14645,15.003893375396729,0.0,53.4037,29.5151
1998-02-20,23.40307140350341,46.806145,14.928691387176514,0.0,51.6052,15.5268
1998-02-21,6.303161382675171,12.606323,10.293385982513428,0.0,49.4731,3.6941
1998-02-22,0.410730242729187,0.8214605,8.334059715270996,0.0,47.6026,1.0161
1998-02-23,12.808312892913818,25.616627,7.728883266448975,0.0,50.745,7.324899999999999
1998-02-24,15.416098594665527,30.832197,8.283705711364746,0.0,51.3654,8.5902
1998-02-25,0.732020378112793,1.4640408,8.290659666061401,0.0,48.1482,1.0306
1998-02-26,0.741910457611084,1.4838209,10.050909042358398,0.0,46.9331,1.278
1998-02-27,0.0,0.0,12.053430080413818,0.0,45.967,1.0361
1998-02-28,0.0,0.0,11.450822353363035,0.0,45.1598,1.0362
1998-03-01,0.3885352611541748,0.7770705,10.914226531982422,0.0,44.523,1.0683999999999998
1998-03-02,1.45387864112854,2.9077573,8.494750499725342,0.0,44.2626,1.0343
1998-03-03,10.417993068695068,20.835987,8.5829439163208,0.0,48.8497,5.1849
1998-03-04,32.90381622314453,65.80763,11.080682277679443,0.0,53.3479,16.4335
1998-03-05,0.0484915971755981,0.096983194,11.935542583465576,0.0,48.3824,1.0378
1998-03-06,12.615433692932127,25.230867,11.25201416015625,0.0,50.7915,7.5671
1998-03-07,22.74575138092041,45.4915,13.158595085144045,0.0,52.113,12.3791
1998-03-08,28.65290260314941,57.305805,13.775188446044922,0.0,52.384,17.4679
1998-03-09,43.699140548706055,87.398285,14.718262672424316,0.0,52.7685,31.2317
1998-03-10,5.347054481506348,10.694109,10.993167877197266,0.0,49.0645,2.5604
1998-03-11,1.5608738660812378,3.1217477,8.877237796783447,0.0,47.453,1.1011
1998-03-12,4.615403652191162,9.230807,9.32562780380249,0.0,48.0292,3.0780000000000003
1998-03-13,0.4387083053588867,0.8774166,10.6549973487854,0.0,46.6354,1.1066
1998-03-14,0.0032210350036621,0.00644207,13.015127658843994,0.0,45.5607,1.1063
1998-03-15,0.3522493839263916,0.70449877,14.313786506652832,0.0,44.7853,1.105
1998-03-16,12.538413524627686,25.076828,11.814180374145508,0.0,49.8523,6.3115000000000006
1998-03-17,11.543282985687256,23.086567,13.683613300323486,0.0,50.7046,5.5693
1998-03-18,1.618298053741455,3.236596,14.542686462402344,0.0,48.0122,1.1031
1998-03-19,0.4373788833618164,0.87475777,19.09274196624756,0.0,46.4624,1.1349
1998-03-20,15.15917682647705,30.318354,13.86668872833252,0.0,50.0841,5.8062000000000005
1998-03-21,32.90485763549805,65.809715,6.288592338562012,0.0,53.1618,17.336
1998-03-22,16.308720588684082,32.61744,5.335710287094116,0.0,51.2299,10.0475
1998-03-23,2.5613197088241577,5.1226397,7.51088809967041,0.0,48.546,1.7569
1998-03-24,0.3877480030059814,0.775496,11.210492134094238,0.0,47.0153,1.1304
1998-03-25,0.1755609512329101,0.3511219,15.790574073791504,0.0,45.8342,1.1402
1998-03-26,0.021579623222351,0.043159246,18.63182640075684,0.0,44.8858,1.1309
1998-03-27,0.3464124202728271,0.69282484,20.049530029296875,0.0,44.1105,1.1734
1998-03-28,11.589608192443848,23.179216,19.602580070495605,0.0,47.978,4.4273
1998-03-29,12.68406581878662,25.368132,19.600749015808105,0.0,49.8965,4.6203
1998-03-30,0.1636409759521484,0.32728195,21.044130325317383,0.0,47.3882,1.1248
1998-03-31,0.4512321949005127,0.9024644,22.16345691680908,0.0,45.9893,1.2138
1998-04-01,0.387967586517334,0.7759352,20.310818672180176,0.0,44.814,1.119
1998-04-02,0.0,0.0,14.08479118347168,0.0,43.8986,1.1156
1998-04-03,0.0,0.0,15.17875862121582,0.0,42.9262,1.112
1998-04-04,0.0,0.0,19.189183235168457,0.0,41.9155,1.108
1998-04-05,0.6960196495056152,1.3920393,22.02117729187012,0.0,41.348,1.2638999999999998
1998-04-06,0.9485983848571776,1.8971968,23.57176685333252,0.0,40.6252,1.1
1998-04-07,0.0,0.0,22.572823524475098,0.0,39.6611,1.096
1998-04-08,0.202761173248291,0.40552235,23.311824798583984,0.0,38.7953,1.0933000000000002
1998-04-09,6.609215974807739,13.218431,20.90593910217285,0.0,41.5862,2.5908
1998-04-10,6.139863967895508,12.279728,21.62149429321289,0.0,42.4694,1.6011000000000002
1998-04-11,0.2051301002502441,0.4102602,23.1697940826416,0.0,41.5432,1.0831
1998-04-12,6.308591842651367,12.617184,20.42213249206543,0.0,44.5624,2.9701
1998-04-13,1.948043942451477,3.896088,20.12351703643799,0.0,43.9043,1.0764
1998-04-14,0.6812269687652588,1.3624539,20.132099151611328,0.0,43.1075,1.1716
1998-04-15,0.0805569887161254,0.16111398,19.35643100738525,0.0,42.2176,1.0697
1998-04-16,0.1058137416839599,0.21162748,19.76755428314209,0.0,41.0116,1.0668
1998-04-17,0.0250306129455566,0.050061226,20.10928440093994,0.0,39.8086,1.0619
1998-04-18,0.0,0.0,20.52385902404785,0.0,38.8616,1.0579
1998-04-19,0.2933278083801269,0.5866556,19.62085247039795,0.0,38.0763,1.0537
1998-04-20,2.8250041007995605,5.650008,19.30849933624268,0.0,39.2955,1.7543000000000002
1998-04-21,0.6517670154571533,1.303534,20.976192474365234,0.0,38.5997,1.0468
1998-04-22,8.839067459106445,17.678135,21.532429695129395,0.0,43.4634,3.3029
1998-04-23,2.4020891189575195,4.804178,23.21522617340088,0.0,42.4642,1.0402
1998-04-24,18.71540069580078,37.4308,21.370455741882324,0.0,51.2627,6.8323
1998-04-25,0.0,0.0,21.61079502105713,0.0,47.4333,1.0338
1998-04-26,59.33082580566406,118.66165,18.31053066253662,0.0,55.1399,25.2693
1998-04-27,0.0584261417388916,0.11685228,21.097148895263672,0.0,48.3387,1.033
1998-04-28,3.035244464874268,6.070489,19.85524654388428,0.0,48.0212,2.328
1998-04-29,8.903295516967773,17.806591,21.12809085845948,0.0,49.2432,3.6449
1998-04-30,0.0,0.0,23.629880905151367,0.0,47.0437,1.0354
1998-05-01,1.8859260082244875,3.771852,24.27183055877685,0.0,46.4458,1.6925
1998-05-02,21.9783992767334,43.9568,23.51027488708496,0.0,52.0291,8.9912
1998-05-03,10.902190446853638,21.80438,21.80656337738037,0.0,50.4409,4.8306
1998-05-04,17.854952812194824,35.709908,19.50687885284424,0.0,51.7743,9.6922
1998-05-05,22.324737548828125,44.649475,20.044164657592773,0.0,51.9185,12.0743
1998-05-06,1.3946104049682615,2.7892208,22.529165267944336,0.0,48.0851,1.0511
1998-05-07,0.0,0.0,23.57359027862549,0.0,46.0704,1.0546
1998-05-08,2.69630229473114,5.392605,24.26090145111084,0.0,46.0184,2.201
1998-05-09,10.786062717437744,21.572124,24.710338592529297,0.0,48.1185,3.4747
1998-05-10,5.987353324890137,11.974707,24.33450508117676,0.0,47.3124,1.4234
1998-05-11,14.570306777954102,29.140614,22.665452003479004,0.0,50.32,5.682300000000001
1998-05-12,11.646397113800049,23.292793,20.69037342071533,0.0,50.4097,5.099399999999999
1998-05-13,6.355472087860107,12.710944,23.604050636291504,0.0,48.496,1.8008
1998-05-14,66.59002304077148,133.18005,20.600716590881348,0.0,54.265,39.9033
1998-05-15,12.30447483062744,24.60895,21.02504825592041,0.0,49.9768,6.2506
1998-05-16,0.0,0.0,22.42670631408692,0.0,47.2577,1.0905
1998-05-17,3.219984292984009,6.4399686,22.494606018066406,0.0,47.0814,2.3561
1998-05-18,0.0262467861175537,0.052493572,23.86694622039795,0.0,45.7921,1.0913
1998-05-19,0.0341699123382568,0.068339825,24.73942756652832,0.0,44.6711,1.0892
1998-05-20,0.3448100090026855,0.68962,25.567715644836422,0.0,43.6096,1.0861
1998-05-21,1.0629262924194336,2.1258526,24.64142608642578,0.0,42.8924,1.305
1998-05-22,0.0,0.0,24.022501945495605,0.0,41.7869,1.0783
1998-05-23,0.0645418167114257,0.12908363,24.448967933654785,0.0,40.8522,1.074
1998-05-24,6.25171160697937,12.503424,20.61681842803955,0.0,42.9829,2.5806
1998-05-25,19.06106185913086,38.122124,16.846946716308594,0.0,51.2942,7.6071
1998-05-26,1.6990125179290771,3.398025,19.24083137512207,0.0,47.9923,1.0662
1998-05-27,0.7907133102416992,1.5814266,20.579086303710938,0.0,46.6046,1.2883
1998-05-28,1.8461644649505613,3.692329,21.50121688842773,0.0,45.5861,1.0608
1998-05-29,0.0,0.0,23.82155704498291,0.0,44.1317,1.0574
1998-05-30,3.080946445465088,6.161893,20.939356803894043,0.0,44.9016,1.9974
1998-05-31,0.7305912971496582,1.4611826,21.244528770446777,0.0,44.0515,1.0506
1998-06-01,0.0,0.0,23.630250930786133,0.0,42.7957,1.0469
1998-06-02,8.382121801376343,16.764244,24.84324359893799,0.0,46.767,3.7789
1998-06-03,0.1430103778839111,0.28602076,24.74404621124268,0.0,45.2621,1.039
1998-06-04,1.4534175395965576,2.906835,23.107065200805664,0.0,44.5131,1.2735999999999998
1998-06-05,3.142401695251465,6.2848034,22.900779724121094,0.0,43.9238,1.0321
1998-06-06,0.4924969673156738,0.98499393,23.021471977233887,0.0,42.7068,1.0471
1998-06-07,0.1798458099365234,0.35969162,22.45484066009521,0.0,41.6385,1.0258
1998-06-08,17.049558639526367,34.099117,22.405691146850582,0.0,51.0883,6.9238
1998-06-09,58.70138168334961,117.40276,21.50844097137451,0.0,55.0308,26.2938
1998-06-10,6.676726818084717,13.353454,22.738654136657715,0.0,49.5905,3.1141
1998-06-11,27.29136085510254,54.58272,22.696419715881348,0.0,52.5219,13.9738
1998-06-12,5.597567796707153,11.195135,24.28790664672852,0.0,48.8246,1.8087
1998-06-13,1.7123661041259766,3.4247322,25.122010231018063,0.0,47.119,1.0472
1998-06-14,3.70488715171814,7.4097743,25.58482074737549,0.0,46.9458,2.3335
1998-06-15,20.25161123275757,40.503223,24.66279697418213,0.0,51.6295,8.8965
1998-06-16,2.0389552116394043,4.0779104,25.745863914489743,0.0,48.1566,1.051
1998-06-17,19.26137065887451,38.522743,25.15954875946045,0.0,51.7099,10.151
1998-06-18,6.243798017501831,12.4875965,26.18465518951416,0.0,48.5891,1.5151
1998-06-19,42.78392791748047,85.567856,23.43521308898925,0.0,53.5417,23.8457
1998-06-20,59.7164421081543,119.432884,22.12979316711425,0.0,52.3684,46.9133
1998-06-21,37.10600662231445,74.21201,22.07929515838623,0.0,52.4119,22.4077
1998-06-22,75.83179473876953,151.66359,21.20414638519287,0.0,52.6585,64.2244
1998-06-23,25.957014083862305,51.91403,22.900395393371586,0.0,51.7895,15.5754
1998-06-24,20.75214576721192,41.50429,21.84623146057129,0.0,51.6407,12.6173
1998-06-25,1.934641599655152,3.8692832,24.03253936767578,0.0,48.1483,1.1574
1998-06-26,0.2929186820983886,0.58583736,25.553363800048828,0.0,46.4261,1.162
1998-06-27,1.104057788848877,2.2081156,26.13081645965576,0.0,45.4332,1.1608
1998-06-28,1.2497150897979736,2.4994302,26.624464988708496,0.0,44.7888,1.5257
1998-06-29,2.0279409885406494,4.055882,26.88131809234619,0.0,44.0555,1.1554
1998-06-30,0.2992496490478515,0.5984993,26.4876012802124,0.0,43.0249,1.1516
1998-07-01,2.5095107555389404,5.0190215,26.99488639831543,0.0,42.3232,1.1471
1998-07-02,0.0735189914703369,0.14703798,27.62462520599365,0.0,41.3781,1.1424
1998-07-03,3.4519203901290894,6.903841,26.78231143951416,0.0,40.9681,1.2045
1998-07-04,7.7513837814331055,15.502768,24.402173042297363,0.0,43.8245,2.9225000000000003
1998-07-05,18.04833698272705,36.096672,24.204848289489743,0.0,49.9056,5.7317
1998-07-06,0.4339916706085205,0.86798334,25.78103923797608,0.0,47.2815,1.1298
1998-07-07,0.1040904521942138,0.2081809,26.868024826049805,0.0,45.7149,1.1248
1998-07-08,0.3633294105529785,0.7266588,26.832310676574707,0.0,44.6721,1.1199
1998-07-09,0.0,0.0,27.13096237182617,0.0,43.4759,1.1146
1998-07-10,0.5205470323562622,1.0410941,27.01816272735596,0.0,42.7042,1.183
1998-07-11,2.089592695236206,4.1791854,27.411527633666992,0.0,42.1547,1.1046
1998-07-12,4.71832013130188,9.43664,27.301785469055176,0.0,44.04,2.5410000000000004
1998-07-13,0.1152095794677734,0.23041916,28.23754119873047,0.0,43.0658,1.0954
1998-07-14,0.0,0.0,28.039286613464355,0.0,41.6761,1.0901
1998-07-15,0.0124796032905578,0.024959207,28.22134304046631,0.0,40.4609,1.0845
1998-07-16,0.3325568437576294,0.6651137,28.52478790283203,0.0,39.5455,1.0792
1998-07-17,0.1250604391098022,0.25012088,28.759626388549805,0.0,38.702,1.0739
1998-07-18,2.209249973297119,4.4185,28.491270065307617,0.0,38.1024,1.0711
1998-07-19,2.880621552467346,5.761243,27.300110816955566,0.0,38.0551,1.1565
1998-07-20,4.148841381072998,8.297683,28.079057693481445,0.0,39.3747,1.9553000000000005
1998-07-21,0.1171588897705078,0.23431778,28.175048828125,0.0,38.6566,1.0574
1998-07-22,0.4328620433807373,0.8657241,27.88458251953125,0.0,37.8014,1.0536
1998-07-23,0.4574995040893554,0.914999,26.9951171875,0.0,37.1929,1.0539
1998-07-24,3.2507553100585938,6.5015106,25.207980155944824,0.0,38.2772,1.628
1998-07-25,0.3664820194244385,0.73296404,27.184775352478027,0.0,37.582,1.0452
1998-07-26,2.860240340232849,5.720481,26.280349731445312,0.0,38.6114,1.6504
1998-07-27,19.58873224258423,39.177464,25.24463081359864,0.0,48.2813,5.294700000000001
1998-07-28,5.923755884170532,11.847511,25.57408046722412,0.0,47.5321,1.6673
1998-07-29,4.405547618865967,8.811095,25.31882095336914,0.0,46.6748,1.1775
1998-07-30,0.1657042503356933,0.3314085,26.84833717346192,0.0,44.7204,1.0347
1998-07-31,0.1705951690673828,0.34119034,27.326202392578125,0.0,42.9181,1.0327
1998-08-01,0.5484676361083984,1.0969353,28.21000289916992,0.0,41.2442,1.0315
1998-08-02,0.1622838973999023,0.3245678,29.20356178283692,0.0,39.57,1.0286
1998-08-03,0.3605124950408935,0.721025,29.000922203063965,0.0,38.4115,1.0277
1998-08-04,2.9246031045913696,5.849206,27.28613567352295,0.0,39.2913,1.717
1998-08-05,54.93229293823242,109.864586,24.12062358856201,0.0,55.0778,17.47
1998-08-06,18.94351291656494,37.887024,24.20786476135254,0.0,51.9354,7.5025
1998-08-07,0.1312184333801269,0.26243687,25.904187202453613,0.0,47.8566,1.0231
1998-08-08,0.7967662811279297,1.5935326,27.74546337127685,0.0,46.1734,1.1491
1998-08-09,2.323766231536865,4.6475325,28.1337947845459,0.0,45.2379,1.0235
1998-08-10,0.0,0.0,27.93150997161865,0.0,43.7805,1.0226
1998-08-11,0.4566483497619629,0.9132967,27.69033145904541,0.0,42.7071,1.0292
1998-08-12,0.3626978397369385,0.7253957,27.34694194793701,0.0,41.771,1.0199
1998-08-13,0.6499671936035156,1.2999344,27.906548500061035,0.0,40.7223,1.0505
1998-08-14,0.0844588279724121,0.16891766,28.267720222473145,0.0,39.7663,1.0167
1998-08-15,0.0172253847122192,0.03445077,28.528611183166504,0.0,38.726,1.015
1998-08-16,0.3507207632064819,0.7014415,28.89342498779297,0.0,37.7065,1.0132
1998-08-17,0.5322185754776001,1.0644372,28.999627113342285,0.0,36.4588,1.0431
1998-08-18,3.325716495513916,6.651433,28.46229553222656,0.0,36.2049,1.0127000000000002
1998-08-19,9.630857467651367,19.261715,26.94952964782715,0.0,42.0572,3.7761
1998-08-20,0.5776090621948242,1.1552181,27.35755920410156,0.0,40.3697,1.006
1998-08-21,0.7601261138916016,1.5202522,27.23208332061768,0.0,38.9703,1.0635
1998-08-22,0.1573057174682617,0.31461143,28.05406665802002,0.0,38.2144,1.0023
1998-08-23,0.7071434259414673,1.4142869,28.69541931152344,0.0,37.6385,1.0625
1998-08-24,15.254238605499268,30.508476,27.141488075256348,0.0,43.1363,3.2545
1998-08-25,0.1728044748306274,0.34560895,25.839658737182617,0.0,41.1493,0.9967
1998-08-26,0.0422673225402832,0.084534645,27.67783164978028,0.0,39.5382,0.9949
1998-08-27,3.896346926689148,7.792694,27.11738681793213,0.0,39.874,1.3905
1998-08-28,18.808098316192627,37.616196,25.130186080932617,0.0,48.5681,5.291
1998-08-29,18.698704719543457,37.397408,23.47186756134033,0.0,52.2923,6.3609
1998-08-30,10.259905815124512,20.519812,21.13752555847168,0.0,51.0022,4.2555
1998-08-31,6.471282243728638,12.942564,19.92011070251465,0.0,49.8811,2.9503
1998-09-01,2.0926514863967896,4.1853027,22.204599380493164,0.0,47.7632,1.006
1998-09-02,0.3185961246490478,0.63719225,23.89952564239502,0.0,46.202,0.9943
1998-09-03,0.183765172958374,0.36753035,24.24469375610352,0.0,45.0819,0.9862
1998-09-04,2.5475367307662964,5.0950737,23.376259803771973,0.0,45.39,1.7127
1998-09-05,25.29949378967285,50.598988,22.359204292297363,0.0,52.8548,9.4829
1998-09-06,3.345978260040283,6.6919565,22.050360679626465,0.0,49.221,1.9326
1998-09-07,5.006083726882935,10.012167,21.76254272460937,0.0,48.4652,1.947
1998-09-08,0.0525834560394287,0.10516691,24.20495986938477,0.0,46.6779,0.9845
1998-09-09,2.1753491163253784,4.3506985,23.99871253967285,0.0,46.4359,1.7161
1998-09-10,3.2166941165924072,6.433388,23.24766063690185,0.0,45.982,1.082
1998-09-11,0.889751672744751,1.7795033,24.017974853515625,0.0,45.2338,0.993
1998-09-12,6.643786430358887,13.287573,24.530254364013672,0.0,47.8637,3.5533
1998-09-13,0.9286389350891112,1.8572779,25.06622695922852,0.0,46.3819,0.9804
1998-09-14,0.1414796113967895,0.28295922,24.366034507751465,0.0,45.0872,0.9792
1998-09-15,1.2700213193893433,2.5400426,25.103384017944336,0.0,44.114,0.9779
1998-09-16,5.554928779602051,11.109858,25.115792274475098,0.0,46.3082,2.8508
1998-09-17,2.1483731269836426,4.2967463,24.08272647857666,0.0,45.4494,0.975
1998-09-18,0.085924744606018,0.17184949,21.93229866027832,0.0,44.2852,0.9735
1998-09-19,0.0130165815353393,0.026033163,21.22698974609375,0.0,43.2571,0.972
1998-09-20,0.3484890460968017,0.6969781,21.65818214416504,0.0,42.4077,0.9758
1998-09-21,0.0,0.0,22.03770923614502,0.0,41.528,0.9687
1998-09-22,0.0,0.0,20.569355010986328,0.0,40.329,0.9671
1998-09-23,0.0,0.0,21.2265739440918,0.0,39.0133,0.9654
1998-09-24,0.5906744003295898,1.1813488,22.19666576385498,0.0,38.0779,0.9906
1998-09-25,1.2004680633544922,2.4009361,23.238476753234863,0.0,37.4818,0.9619
1998-09-26,0.0,0.0,24.22243404388428,0.0,36.394,0.9601
1998-09-27,0.2602721750736236,0.52054435,23.95084857940674,0.0,35.7006,0.96
1998-09-28,0.1178760528564453,0.2357521,23.536928176879883,0.0,35.2957,0.9566
1998-09-29,0.1357671022415161,0.2715342,22.47403240203857,0.0,34.9587,0.9548
1998-09-30,0.4352453947067261,0.8704908,22.70990467071533,0.0,34.5772,0.9531
1998-10-01,0.1331757307052612,0.26635146,20.90032863616944,0.0,34.2274,0.9519
1998-10-02,0.1274734437465667,0.2549469,20.576709747314453,0.0,33.9705,0.9495
1998-10-03,0.0295193493366241,0.0590387,21.01375198364257,0.0,33.7554,0.9478
1998-10-04,0.9147579669952391,1.8295159,20.82667255401612,0.0,33.6162,0.9461
1998-10-05,0.2615071535110473,0.5230143,22.984968185424805,0.0,33.4732,0.9453
1998-10-06,0.3246567249298095,0.64931345,23.860620498657227,0.0,33.3053,0.9424
1998-10-07,0.0793070793151855,0.15861416,23.857626914978027,0.0,33.1601,0.9409
1998-10-08,0.0799182057380676,0.15983641,23.164241790771484,0.0,33.0044,0.9389
1998-10-09,0.1757310628890991,0.35146213,22.658611297607425,0.0,32.8577,0.9381
1998-10-10,0.0,0.0,21.68770694732666,0.0,32.6914,0.9354
1998-10-11,0.3606298863887787,0.7212598,22.19799995422364,0.0,32.6765,0.957
1998-10-12,0.3844538331031799,0.76890767,24.436039924621586,0.0,32.5037,0.9318
1998-10-13,0.1447025537490844,0.2894051,24.90642166137696,0.0,32.3473,0.9317
1998-10-14,1.0920550227165222,2.1841102,24.69991397857666,0.0,32.2122,0.9283
1998-10-15,0.7920955717563629,1.5841911,22.11980438232422,0.0,32.425,1.02
1998-10-16,0.0,0.0,21.652572631835938,0.0,32.2234,0.9248
1998-10-17,0.0,0.0,18.49027729034424,0.0,31.9672,0.9231
1998-10-18,0.0006707906723022,0.0013415813,17.62763500213623,0.0,31.8242,0.9214
1998-10-19,0.0324400663375854,0.06488013,17.788558959960938,0.0,31.7099,0.9196
1998-10-20,0.0,0.0,18.663809776306152,0.0,31.5836,0.9179
1998-10-21,0.0,0.0,18.02026653289795,0.0,31.4419,0.9162
1998-10-22,0.1741071939468383,0.3482144,17.748579025268555,0.0,31.3121,0.9158
1998-10-23,0.1301534175872802,0.26030684,18.987289428710938,0.0,31.18,0.9127
1998-10-24,0.1149467229843139,0.22989345,20.040552139282227,0.0,31.0463,0.9122
1998-10-25,12.39109992980957,24.7822,16.9397029876709,0.0,39.6164,3.4398
1998-10-26,24.08926010131836,48.17852,17.310917854309082,0.0,53.0541,7.085699999999999
1998-10-27,18.259315490722656,36.51863,17.49230194091797,0.0,52.7309,6.6072
1998-10-28,13.234753608703612,26.469507,17.174675941467285,0.0,51.6955,5.2335
1998-10-29,0.1099213361740112,0.21984267,19.16864490509033,0.0,48.1873,0.9026
1998-10-30,0.0207564011216163,0.041512802,19.191166877746586,0.0,46.6648,0.901
1998-10-31,0.0,0.0,19.29598999023437,0.0,45.5766,0.8995
1998-11-01,8.43690824508667,16.873817,17.597963333129883,0.0,49.4715,4.2024
1998-11-02,2.808003306388855,5.616007,15.762712478637695,0.0,48.2064,1.3995
1998-11-03,0.0072686076164245,0.014537215,16.08767080307007,0.0,46.8426,0.8951
1998-11-04,0.0,0.0,18.190654754638672,0.0,45.7409,0.8938
1998-11-05,0.0,0.0,17.7627010345459,0.0,44.9554,0.8925
1998-11-06,0.0891128480434417,0.1782257,15.44531536102295,0.0,44.2049,0.8911
1998-11-07,0.0630960166454315,0.12619203,13.814619064331056,0.0,43.5328,0.8896
1998-11-08,0.0517653226852417,0.103530645,13.265684127807615,0.0,42.9479,0.8882
1998-11-09,0.0,0.0,13.891758441925049,0.0,42.2712,0.8867
1998-11-10,0.0,0.0,13.811662673950195,0.0,41.6538,0.8852
1998-11-11,0.0,0.0,13.459447860717772,0.0,41.0727,0.8837
1998-11-12,0.0,0.0,13.4516863822937,0.0,40.5063,0.8821
1998-11-13,0.0056601166725158,0.011320233,14.040390491485596,0.0,40.0156,0.8805
1998-11-14,0.0,0.0,15.063489437103271,0.0,39.4237,0.879
1998-11-15,0.0,0.0,16.857699394226074,0.0,38.8544,0.8774
1998-11-16,0.2513985633850097,0.5027971,19.94303703308105,0.0,38.2905,0.8824000000000001
1998-11-17,25.80267906188965,51.60536,16.9853515625,0.0,52.4076,8.7279
1998-11-18,12.817132949829102,25.634266,11.888149738311768,0.0,51.5979,5.2459
1998-11-19,7.378228425979614,14.756456,12.476550579071043,0.0,50.3874,3.5591
1998-11-20,0.4038720726966858,0.80774415,14.540470600128174,0.0,47.9483,0.8711
1998-11-21,0.0,0.0,15.018500804901125,0.0,46.7345,0.8708
1998-11-22,0.0142569541931152,0.028513908,13.613569259643556,0.0,45.7667,0.8704
1998-11-23,0.1321615576744079,0.26432312,12.757702350616457,0.0,45.0183,0.8715
1998-11-24,0.0462256371974945,0.092451274,14.029553890228271,0.0,44.3584,0.8689
1998-11-25,0.0,0.0,13.662685871124268,0.0,43.7619,0.868
1998-11-26,0.5835272073745728,1.1670544,15.489058017730711,0.0,43.6555,0.9896
1998-11-27,1.762133002281189,3.524266,17.20235824584961,0.0,43.5822,0.9217
1998-11-28,0.6301671266555786,1.2603343,16.451900482177734,0.0,43.302,0.8791
1998-11-29,1.2483544945716858,2.4967089,15.923250675201416,0.0,43.4782,1.1667
1998-11-30,8.211378574371338,16.422756,16.86988639831543,0.0,47.3494,3.3793
1998-12-01,1.0059513449668884,2.0119028,18.11967182159424,0.0,46.5062,0.8768
1998-12-02,10.750836849212646,21.501675,16.55690288543701,0.0,50.2767,4.684200000000001
1998-12-03,7.203365325927734,14.406731,10.10188102722168,0.0,49.8453,3.0759
1998-12-04,3.659924626350403,7.319849,8.874462127685547,0.0,48.916,2.0965
1998-12-05,0.3678849935531616,0.73577,10.717295169830322,0.0,47.3695,0.8575
1998-12-06,0.0373703241348266,0.07474065,11.375222206115724,0.0,46.3732,0.8573
1998-12-07,0.3254859149456024,0.65097183,10.872607231140137,0.0,45.6715,0.857
1998-12-08,0.0246935188770294,0.049387038,8.540921688079834,0.0,45.017,0.8563
1998-12-09,0.06461101770401,0.12922204,6.936846733093262,0.0,44.5082,0.8603000000000001
1998-12-10,0.0453703999519348,0.0907408,7.44913387298584,0.0,44.0241,0.8548
1998-12-11,0.0,0.0,7.7253687381744385,0.0,43.5523,0.8538
1998-12-12,0.1356177330017089,0.27123547,7.504775285720825,0.0,43.1608,0.8536
1998-12-13,0.0,0.0,8.528905391693115,0.0,42.8274,0.8516
1998-12-14,0.0751056671142578,0.15021133,10.875528335571287,0.0,42.5479,0.8532000000000001
1998-12-15,0.5244179666042328,1.048836,9.936679363250732,0.0,42.3634,0.8492
1998-12-16,0.0304088294506073,0.06081766,10.335083961486816,0.0,41.9966,0.848
1998-12-17,0.037631943821907,0.07526389,8.876138687133789,0.0,41.6075,0.8467
1998-12-18,0.6903263330459595,1.3806527,12.316832065582275,0.0,41.6117,1.0043
1998-12-19,0.0892799496650695,0.1785599,15.09756851196289,0.0,41.3509,0.844
1998-12-20,0.5018121004104614,1.0036242,16.005281448364258,0.0,41.3127,0.9508
1998-12-21,0.22088623046875,0.44177246,15.659146785736084,0.0,41.087,0.8412
1998-12-22,4.210208415985107,8.420417,15.64560079574585,0.0,43.4131,2.1712
1998-12-23,5.755319118499756,11.510638,15.34757947921753,0.0,45.806,2.3186
1998-12-24,0.014398455619812,0.028796911,12.091193675994871,0.0,45.1141,0.837
1998-12-25,0.0087836980819702,0.017567396,9.918864727020264,0.0,44.5228,0.8356
1998-12-26,0.1130067110061645,0.22601342,10.09248685836792,0.0,44.0467,0.8342
1998-12-27,0.0669870376586914,0.13397408,11.805020332336426,0.0,43.5877,0.8345
1998-12-28,0.0577703118324279,0.11554062,11.860984802246094,0.0,43.1683,0.8313
1998-12-29,0.0,0.0,10.822743892669678,0.0,42.723,0.8299
1998-12-30,0.0547088980674743,0.109417796,10.63043451309204,0.0,42.3318,0.8285
1998-12-31,0.1466411352157592,0.29328227,10.758358001708984,0.0,42.1049,0.8298
1999-01-01,0.0730548501014709,0.1461097,10.061563491821287,0.0,41.9501,0.8257
1999-01-02,0.4112524390220642,0.8225049,9.329956531524658,0.0,41.9222,0.9009
1999-01-03,0.1475943922996521,0.29518878,9.063224792480469,0.0,41.6607,0.8226
1999-01-04,0.2021427154541015,0.40428543,7.222766876220703,0.0,41.3447,0.8239000000000001
1999-01-05,0.0282474756240844,0.05649495,6.700607538223267,0.0,41.0842,0.8263
1999-01-06,0.0,0.0,7.725336313247681,0.0,40.7483,0.8183
1999-01-07,0.2224456071853637,0.4448912,7.384567737579346,0.0,40.4782,0.8215
1999-01-08,0.1230908632278442,0.24618173,5.9276957511901855,0.0,40.2722,0.8244
1999-01-09,0.0811048746109008,0.16220975,5.671937704086304,0.0,40.051,0.8166
1999-01-10,0.1835022270679474,0.36700445,5.885099649429321,0.0,39.8418,0.8209
1999-01-11,0.0,0.0,6.178339004516602,0.0,39.5884,0.8109
1999-01-12,11.173068523406982,22.346138,4.4320387840271,0.0,46.7893,4.2613
1999-01-13,1.975130021572113,3.9502602,5.72825813293457,0.0,46.4486,1.0306
1999-01-14,11.839563369750977,23.679127,6.511139154434204,0.0,50.8098,4.4782
1999-01-15,0.354011058807373,0.7080221,4.852004051208496,0.0,48.0537,0.8051
1999-01-16,0.2427107095718383,0.48542142,3.952777862548828,0.0,46.8787,0.8408
1999-01-17,0.5143997669219971,1.0287995,7.450617074966431,0.0,46.0851,0.8024
1999-01-18,12.023294925689695,24.046589,8.804776191711426,0.0,50.8596,5.121499999999999
1999-01-19,1.6064662337303162,3.2129326,12.670568943023682,0.0,48.1012,0.811
1999-01-20,3.167645812034607,6.335292,11.260257244110107,0.0,48.18,1.8915
1999-01-21,0.4212695360183716,0.8425391,10.123685359954834,0.0,46.9248,0.7982
1999-01-22,0.1781213879585266,0.35624278,13.33793830871582,0.0,45.9452,0.8012
1999-01-23,9.536159992218018,19.072319,14.657604694366457,0.0,49.2127,3.7769
1999-01-24,0.1444968581199646,0.28899372,15.518826961517334,0.0,47.3661,0.7957
1999-01-25,1.7886744141578674,3.5773487,15.688257217407228,0.0,46.9929,1.3994
1999-01-26,0.0,0.0,13.881329536437988,0.0,45.9452,0.7942
1999-01-27,0.0506952404975891,0.10139048,13.425384521484377,0.0,45.2135,0.7934
1999-01-28,5.769877910614014,11.539756,12.253942489624023,0.0,47.5917,2.7634
1999-01-29,0.1326861381530761,0.26537228,11.888444900512695,0.0,46.5641,0.7916
1999-01-30,0.8795443773269653,1.7590888,10.991137981414797,0.0,46.1393,1.0548
1999-01-31,1.152990460395813,2.305981,13.408255100250244,0.0,45.5105,0.7898
1999-02-01,5.938809633255005,11.877619,14.38485050201416,0.0,47.8273,2.9213
1999-02-02,1.950008630752564,3.9000173,11.444831848144531,0.0,46.714,0.7879
1999-02-03,0.3515828847885132,0.70316577,5.957073450088501,0.0,45.8916,0.7975
1999-02-04,0.0529485940933227,0.10589719,4.648626089096069,0.0,45.2746,0.811
1999-02-05,0.0730392932891845,0.14607859,5.411725282669067,0.0,44.7278,0.8017
1999-02-06,0.8893551826477051,1.7787104,7.498938083648682,0.0,44.3333,0.8322
1999-02-07,0.0,0.0,11.187875270843506,0.0,43.7066,0.783
1999-02-08,1.385819435119629,2.7716389,12.31324863433838,0.0,43.8227,1.1749
1999-02-09,0.280670166015625,0.56134033,11.844656944274902,0.0,43.2582,0.7807
1999-02-10,0.6030471324920654,1.2060943,13.594305992126465,0.0,42.851,0.8929
1999-02-11,0.4931401014328003,0.9862802,14.721111297607422,0.0,42.3894,0.7782
1999-02-12,1.6264933943748474,3.252987,10.276221752166748,0.0,42.8133,1.2481
1999-02-13,1.1585394144058228,2.3170788,8.232563495635986,0.0,42.6476,0.7757
1999-02-14,0.0,0.0,7.446195363998413,0.0,42.1259,0.7743
1999-02-15,1.1057227849960327,2.2114456,10.417231559753418,0.0,42.205,1.0409000000000002
1999-02-16,1.3319305181503296,2.663861,11.929774761199951,0.0,42.0062,0.7717
1999-02-17,0.0,0.0,13.224214553833008,0.0,41.3752,0.7704
1999-02-18,2.126573085784912,4.253146,11.805846691131592,0.0,42.158,1.3142
1999-02-19,1.1717069149017334,2.3434138,8.12140154838562,0.0,41.9682,0.7676
1999-02-20,0.0,0.0,6.023815631866455,0.0,41.621,0.7663
1999-02-21,1.6967564821243286,3.393513,7.357810974121094,0.0,42.278,1.2041
1999-02-22,0.0965005159378051,0.19300103,8.921223163604736,0.0,41.8746,0.7635
1999-02-23,0.0,0.0,11.593016624450684,0.0,41.3352,0.7622
1999-02-24,0.2129209041595459,0.4258418,15.053447723388672,0.0,40.5737,0.7627
1999-02-25,0.7181177139282227,1.4362354,15.614665508270264,0.0,39.9813,0.7594
1999-02-26,0.5105463266372681,1.0210927,18.342514038085938,0.0,39.3293,0.8357
1999-02-27,0.7845454216003418,1.5690908,12.272890090942385,0.0,38.8788,0.7566
1999-02-28,0.0,0.0,9.935511112213137,0.0,38.5783,0.7552
1999-03-01,0.3885352611541748,0.7770705,13.09415864944458,0.0,38.2411,0.7744
1999-03-02,0.0329322814941406,0.06586456,15.597127437591553,0.0,37.7735,0.7525
1999-03-03,0.0945551395416259,0.18911028,17.0809383392334,0.0,37.3713,0.7511
1999-03-04,0.669257640838623,1.3385153,17.910186767578125,0.0,36.9325,0.7497
1999-03-05,0.0356274843215942,0.07125497,18.89952087402344,0.0,36.2269,0.7483
1999-03-06,0.1661838293075561,0.33236766,20.072389602661133,0.0,35.5429,0.7469
1999-03-07,0.4645981788635254,0.92919636,16.003488540649414,0.0,35.2354,0.7868
1999-03-08,0.4796717166900635,0.95934343,12.2689471244812,0.0,35.0693,0.7441
1999-03-09,9.421550750732422,18.843102,12.006632328033447,0.0,41.4814,3.0858000000000003
1999-03-10,24.498580932617188,48.99716,9.415851593017578,0.0,52.9376,7.6685
1999-03-11,9.079594135284424,18.159187,7.981983661651611,0.0,50.9642,3.5309
1999-03-12,14.77470588684082,29.549412,6.688112497329712,0.0,51.8785,5.8344000000000005
1999-03-13,9.666916131973268,19.333832,8.46552324295044,0.0,50.8716,4.3344
1999-03-14,10.945655345916748,21.891312,10.164430618286133,0.0,51.0836,5.354699999999999
1999-03-15,0.0171778202056884,0.03435564,10.952760696411133,0.0,48.0232,0.7396
1999-03-16,0.2596645355224609,0.5193291,11.369874477386476,0.0,46.5469,0.7467
1999-03-17,3.624645471572876,7.249291,15.102539539337158,0.0,46.3909,1.1974
1999-03-18,23.6417179107666,47.283436,17.57148551940918,0.0,52.5192,10.2599
1999-03-19,44.057050704956055,88.114105,18.81246662139893,0.0,53.632,24.474
1999-03-20,10.93050241470337,21.861004,12.811516284942629,0.0,50.0618,5.4021
1999-03-21,19.75906276702881,39.518127,9.1397705078125,0.0,51.7334,11.2807
1999-03-22,5.658405542373657,11.316811,7.528741836547852,0.0,49.4027,3.1014
1999-03-23,2.012152552604676,4.0243053,7.410167455673218,0.0,47.8291,1.0968
1999-03-24,13.4477276802063,26.895454,10.514729499816896,0.0,50.4631,6.266500000000001
1999-03-25,6.1339430809021,12.267886,16.269455432891846,0.0,48.8071,2.0687
1999-03-26,0.0146914720535278,0.029382944,20.19351291656494,0.0,46.829,0.8026
1999-03-27,17.05580711364746,34.111614,15.417758464813232,0.0,51.4123,8.8582
1999-03-28,10.098547458648682,20.197094,10.311951637268066,0.0,50.1001,4.1959
1999-03-29,17.52668285369873,35.053368,9.03067684173584,0.0,51.6515,9.4048
1999-03-30,0.8614323139190674,1.7228646,10.295154571533203,0.0,48.1995,0.818
1999-03-31,0.4383680820465088,0.87673616,12.74816370010376,0.0,46.6434,0.9195
1999-04-01,0.0,0.0,17.232552528381348,0.0,45.2085,0.8255
1999-04-02,12.309785842895508,24.619572,16.87479305267334,0.0,49.704,6.2108
1999-04-03,9.955334663391112,19.91067,10.925861835479736,0.0,50.1644,4.2954
1999-04-04,5.183178186416626,10.366356,10.39526653289795,0.0,49.0114,2.371
1999-04-05,0.6492123603820801,1.2984247,14.15074062347412,0.0,47.0979,0.8294
1999-04-06,0.9485983848571776,1.8971968,15.064439296722412,0.0,45.8993,1.0731
1999-04-07,0.0,0.0,16.445343017578125,0.0,44.5896,0.8307
1999-04-08,0.202761173248291,0.40552235,17.85603141784668,0.0,43.556,0.8321000000000001
1999-04-09,0.949744701385498,1.8994894,17.7147274017334,0.0,43.035,0.8295
1999-04-10,0.0267510414123535,0.053502083,19.06168365478516,0.0,42.1615,0.8285
1999-04-11,3.577955961227417,7.155912,17.132888793945312,0.0,43.2492,1.8431
1999-04-12,20.480411529541016,40.960823,18.52435302734375,0.0,51.3021,7.458699999999999
1999-04-13,0.2577378749847412,0.51547575,18.092419624328613,0.0,47.7315,0.8253
1999-04-14,0.0,0.0,16.219282150268555,0.0,46.0505,0.8246
1999-04-15,0.7683367729187012,1.5366735,17.99366569519043,0.0,45.0431,0.942
1999-04-16,1.9773452281951904,3.9546905,20.9082260131836,0.0,44.1847,0.8227
1999-04-17,36.41381454467773,72.82763,20.116153717041016,0.0,53.9379,15.9538
1999-04-18,28.2510929107666,56.502186,20.35942268371582,0.0,52.678,13.8227
1999-04-19,14.86875343322754,29.737507,18.65963363647461,0.0,50.8326,7.1743
1999-04-20,2.1181936264038086,4.2363873,18.70903587341309,0.0,48.0155,0.8399
1999-04-21,27.59503936767578,55.19008,15.096531867980955,0.0,52.714,15.7105
1999-04-22,0.8385183811187744,1.6770368,19.72910690307617,0.0,48.1373,0.8532
1999-04-23,0.3250093460083008,0.6500187,20.686628341674805,0.0,46.2763,0.8661
1999-04-24,0.2378528118133545,0.47570562,21.781503677368164,0.0,45.0676,0.8607
1999-04-25,12.623467445373535,25.246935,19.703266143798828,0.0,50.1362,6.6847
1999-04-26,7.775188446044922,15.550377,18.355700492858887,0.0,49.8292,3.6544
1999-04-27,0.0589089393615722,0.11781788,19.892683029174805,0.0,47.3392,0.8628
1999-04-28,3.3553922176361084,6.7107844,16.943588256835938,0.0,47.4106,2.1694
1999-04-29,2.947786569595337,5.895573,14.801308155059814,0.0,46.7755,1.0943
1999-04-30,0.0,0.0,14.956218242645264,0.0,45.5328,0.8642
1999-05-01,0.5129432678222656,1.0258865,17.296107292175293,0.0,44.8786,0.9759
1999-05-02,15.587379932403564,31.174759,17.5282039642334,0.0,50.5753,6.474600000000001
1999-05-03,22.30298042297364,44.60596,18.35743236541748,0.0,52.4818,11.1057
1999-05-04,3.562969207763672,7.1259384,19.364646911621094,0.0,48.6175,1.1631
1999-05-05,2.27276873588562,4.5455375,17.95998764038086,0.0,47.0888,0.8715
1999-05-06,0.0,0.0,17.12782096862793,0.0,45.5391,0.8741
1999-05-07,0.0,0.0,18.036202430725098,0.0,44.1378,0.8748
1999-05-08,0.1689958572387695,0.3379917,19.065343856811523,0.0,43.11,0.8748
1999-05-09,22.71747303009033,45.434944,16.229328155517578,0.0,51.9775,9.6126
1999-05-10,0.0,0.0,18.459640502929688,0.0,47.7945,0.8734
1999-05-11,1.348656177520752,2.6973124,18.9130859375,0.0,46.6056,1.3835
1999-05-12,0.7372570037841797,1.474514,20.17011833190918,0.0,45.3718,0.8728
1999-05-13,0.3695642948150635,0.7391286,20.687957763671875,0.0,44.1294,0.8765
1999-05-14,0.2711415290832519,0.54228306,21.9573392868042,0.0,43.098,0.8711
1999-05-15,3.602871298789978,7.205743,20.94960308074951,0.0,44.1975,2.0122
1999-05-16,9.70600652694702,19.412014,20.181958198547363,0.0,47.7549,3.4008
1999-05-17,11.06653881072998,22.133078,23.62410068511963,0.0,49.4814,3.3554
1999-05-18,26.063061714172363,52.12612,21.54429721832276,0.0,52.7841,10.6413
1999-05-19,5.324511289596558,10.649023,20.58614444732666,0.0,49.0409,1.7535
1999-05-20,0.0452420711517334,0.09048414,20.611985206604004,0.0,46.8857,0.8697
1999-05-21,1.1327729225158691,2.2655458,21.67643547058105,0.0,45.7056,1.1466
1999-05-22,0.1969842910766601,0.39396858,23.122977256774902,0.0,44.6044,0.8706
1999-05-23,0.6207311153411865,1.2414622,24.81566619873047,0.0,43.5682,0.9324
1999-05-24,34.558349609375,69.1167,21.513123512268063,0.0,53.5376,14.2175
1999-05-25,59.663686752319336,119.32738,19.56684970855713,0.0,54.033,39.1221
1999-05-26,95.10277557373048,190.20555,19.214252471923828,0.0,51.7696,85.6862
1999-05-27,4.144663333892822,8.289327,18.392189979553223,0.0,48.597,1.477
1999-05-28,0.1972036361694336,0.39440727,21.15299701690674,0.0,46.5912,0.9175
1999-05-29,0.0,0.0,21.25232219696045,0.0,44.908,0.9197
1999-05-30,16.898614406585693,33.79723,17.98052215576172,0.0,51.0155,8.3272
1999-05-31,9.200918436050417,18.401836,17.2939510345459,0.0,50.3382,4.5616
1999-06-01,0.0,0.0,22.25812339782715,0.0,47.3319,0.9242
1999-06-02,4.313118934631348,8.626238,24.66100597381592,0.0,47.3584,2.4843
1999-06-03,6.198290586471558,12.396582,25.962787628173828,0.0,47.0945,1.4888
1999-06-04,10.885096549987791,21.770193,25.57627773284912,0.0,48.6627,3.2886999999999995
1999-06-05,0.0,0.0,25.11311435699463,0.0,46.3989,0.9214
1999-06-06,0.6759190559387207,1.3518381,25.49184513092041,0.0,45.1828,1.0209
1999-06-07,9.679025173187256,19.358051,24.923030853271484,0.0,47.7598,3.2421
1999-06-08,6.452464818954468,12.90493,25.607650756835938,0.0,47.6404,1.7415
1999-06-09,3.293009042739868,6.586018,26.2637882232666,0.0,46.4889,0.9182
1999-06-10,0.6205348968505859,1.2410698,26.563655853271484,0.0,45.1149,0.9583
1999-06-11,5.1489973068237305,10.297995,26.044215202331543,0.0,44.8351,0.9664
1999-06-12,19.99018859863281,39.980377,23.998430252075195,0.0,51.4699,7.810499999999999
1999-06-13,21.74145698547364,43.482914,23.462474822998047,0.0,52.3972,10.3936
1999-06-14,0.0,0.0,24.982364654541016,0.0,47.9712,0.9173
1999-06-15,2.731614589691162,5.463229,26.41985416412353,0.0,47.0914,1.9092
1999-06-16,3.7960667610168457,7.5921335,25.30606269836425,0.0,46.5535,1.1429
1999-06-17,6.045867681503296,12.091736,23.77775764465332,0.0,47.6529,2.5406
1999-06-18,12.656480312347412,25.312962,23.46785259246826,0.0,49.858,4.6404
1999-06-19,7.242060661315918,14.484121,22.781349182128903,0.0,49.4578,3.2584
1999-06-20,12.02410888671875,24.048218,23.1657772064209,0.0,50.2849,5.0445
1999-06-21,7.780572414398193,15.561145,23.974244117736816,0.0,48.9198,2.3955
1999-06-22,11.355921268463137,22.711842,24.38771629333496,0.0,49.771,4.4315
1999-06-23,1.2080748081207275,2.4161496,25.17841529846192,0.0,47.3833,0.9303
1999-06-24,0.0,0.0,26.26433086395264,0.0,45.7189,0.9303
1999-06-25,1.5440704822540283,3.088141,26.063617706298828,0.0,44.5983,0.9287
1999-06-26,0.0843017101287841,0.16860342,26.985822677612305,0.0,43.4547,0.9265
1999-06-27,0.2195401191711425,0.43908024,26.82882785797119,0.0,42.3579,0.9329
1999-06-28,1.0513086318969729,2.1026173,26.37835597991944,0.0,41.6445,0.9779
1999-06-29,7.492229223251343,14.984459,26.10016441345215,0.0,44.2773,3.0514
1999-06-30,0.2992496490478515,0.5984993,26.42482662200928,0.0,43.1939,0.9195
1999-07-01,0.4883854389190674,0.9767709,25.54958438873291,0.0,42.2165,0.9179
1999-07-02,8.88453483581543,17.76907,24.163050651550293,0.0,44.9797,2.6939
1999-07-03,9.935657501220703,19.871315,24.75760555267334,0.0,47.5036,2.9184
1999-07-04,3.967833161354065,7.935666,26.04098129272461,0.0,46.335,0.9135
1999-07-05,1.273794412612915,2.5475888,26.91210556030273,0.0,45.4792,1.2828
1999-07-06,2.143641471862793,4.287283,27.10159111022949,0.0,44.682,0.9107
1999-07-07,3.369873046875,6.739746,26.799768447875977,0.0,45.0033,1.7726
1999-07-08,16.251864433288574,32.50373,25.631522178649902,0.0,50.4134,5.1101
1999-07-09,13.736438751220703,27.472878,25.375463485717773,0.0,50.5089,3.8844
1999-07-10,33.26481342315674,66.529625,24.67225456237793,0.0,53.3244,13.8426
1999-07-11,19.452056884765625,38.904114,24.73812961578369,0.0,51.578,8.8765
1999-07-12,30.29452133178711,60.589043,24.752891540527344,0.0,52.3955,14.9266
1999-07-13,14.443755149841309,28.88751,24.02822494506836,0.0,50.2441,5.7188
1999-07-14,1.9477509260177608,3.8955019,25.21951675415039,0.0,47.772,0.9368
1999-07-15,11.422429084777832,22.844858,25.01760482788086,0.0,49.9217,6.1588
1999-07-16,5.483473300933838,10.966947,25.361212730407715,0.0,48.108,1.337
1999-07-17,2.4349786043167114,4.869957,26.45005798339844,0.0,46.6027,0.944
1999-07-18,13.672430515289308,27.34486,24.841758728027344,0.0,50.5343,7.1555
1999-07-19,1.0093137621879578,2.0186276,26.01116847991944,0.0,47.5963,0.9428
1999-07-20,10.73131513595581,21.462631,25.67027378082276,0.0,50.0625,5.8838
1999-07-21,13.289643287658691,26.579287,25.29499053955078,0.0,50.3546,4.7807
1999-07-22,2.49352502822876,4.98705,25.93949031829834,0.0,47.7296,0.942
1999-07-23,0.441689133644104,0.88337827,26.557747840881348,0.0,46.0297,0.9483
1999-07-24,0.1880046129226684,0.37600923,27.254652976989743,0.0,44.7088,0.9399
1999-07-25,0.222703218460083,0.44540644,26.09540557861328,0.0,43.5521,0.9372
1999-07-26,1.203099489212036,2.406199,26.44826316833496,0.0,42.6626,0.9342
1999-07-27,19.067028999328613,38.134056,23.600833892822266,0.0,51.6405,9.0569
1999-07-28,46.601051330566406,93.2021,24.07469081878662,0.0,54.0632,23.2965
1999-07-29,1.5296200513839722,3.05924,26.49318790435791,0.0,48.4124,0.9392
1999-07-30,16.214021682739258,32.428043,24.622238159179688,0.0,50.9836,8.8889
1999-07-31,12.670867919921877,25.341736,24.854267120361328,0.0,50.4224,5.5237
1999-08-01,0.692180871963501,1.3843617,25.83672523498535,0.0,47.5411,0.9653
1999-08-02,10.401201248168944,20.802402,26.08902263641357,0.0,49.2944,5.148
1999-08-03,13.241643905639648,26.483288,25.29581546783448,0.0,50.0859,4.6724
1999-08-04,5.322428464889526,10.644857,25.053905487060547,0.0,48.5843,1.9571
1999-08-05,6.079126358032227,12.158253,25.51807689666748,0.0,47.727,1.5583
1999-08-06,1.855073094367981,3.7101462,25.836402893066406,0.0,46.3331,0.9604
1999-08-07,0.2019886970520019,0.4039774,26.31505489349365,0.0,44.96,0.9703
1999-08-08,2.8571499586105347,5.7143,26.552032470703125,0.0,44.2769,0.9576
1999-08-09,5.4664386510849,10.932878,25.9074935913086,0.0,45.8793,3.0360000000000005
1999-08-10,3.4653722047805786,6.930744,25.660171508789062,0.0,45.0357,0.9526
1999-08-11,10.353930473327637,20.70786,25.412697792053223,0.0,49.5917,5.706200000000001
1999-08-12,13.316401481628418,26.632803,24.349141120910645,0.0,51.1488,5.8051
1999-08-13,4.882322311401367,9.764645,24.73961353302002,0.0,48.6678,1.5756
1999-08-14,0.7008891105651855,1.4017782,25.46761989593506,0.0,46.9122,0.9472
1999-08-15,0.2369194030761718,0.4738388,26.66757774353028,0.0,45.4462,0.9457
1999-08-16,11.996795177459717,23.993591,25.660767555236816,0.0,49.2176,5.0197
1999-08-17,1.2047301530838013,2.4094603,25.6267318725586,0.0,47.0766,0.9421
1999-08-18,0.7599663734436035,1.5199327,26.784469604492188,0.0,45.6564,1.0725
1999-08-19,0.7920291423797607,1.5840583,26.204073905944824,0.0,44.488,0.9391
1999-08-20,0.6296415328979492,1.2592831,26.48843288421631,0.0,43.326,0.9717
1999-08-21,0.9445123672485352,1.8890247,25.12037467956543,0.0,42.7282,0.9364
1999-08-22,1.8392306566238403,3.6784613,25.811657905578613,0.0,42.6038,1.3911
1999-08-23,3.6663780212402335,7.332756,24.36006736755371,0.0,42.7983,1.1128
1999-08-24,10.870396137237549,21.740791,24.145626068115234,0.0,47.2439,3.7086
1999-08-25,3.3357980251312256,6.671596,23.962202072143555,0.0,46.3529,0.9322
1999-08-26,1.0469021201133728,2.0938044,25.649524688720703,0.0,45.4074,1.0287
1999-08-27,1.1668952703475952,2.3337905,25.171605110168457,0.0,44.7298,1.1387
1999-08-28,5.113071441650391,10.226143,24.634127616882324,0.0,45.2778,1.5888
1999-08-29,20.69257068634033,41.38514,23.48650360107422,0.0,51.6331,6.6160000000000005
1999-08-30,9.915310859680176,19.830622,23.82384395599365,0.0,50.627,4.106999999999999
1999-08-31,14.170361518859863,28.340723,23.545878410339355,0.0,51.1279,5.6734
1999-09-01,29.637595176696777,59.275192,23.019420623779297,0.0,52.924,14.1402
1999-09-02,3.491406440734864,6.982813,23.84663963317871,0.0,48.4742,0.93
1999-09-03,1.7900224328041077,3.5800447,23.61680507659912,0.0,47.4673,1.8344
1999-09-04,1.9655683040618896,3.9311366,25.08246612548828,0.0,46.3884,0.9414
1999-09-05,1.5069146156311035,3.0138292,25.257930755615234,0.0,45.8727,1.4973
1999-09-06,2.142484664916992,4.2849693,25.63575458526612,0.0,45.0839,0.9412
1999-09-07,0.7643705606460571,1.5287411,26.64090156555176,0.0,44.138,1.0494
1999-09-08,0.0462169647216796,0.09243393,27.279052734375,0.0,43.1468,0.9318
1999-09-09,2.655990958213806,5.311982,26.72167587280273,0.0,43.436,1.7559
1999-09-10,0.0,0.0,27.04140567779541,0.0,42.3364,0.9293
1999-09-11,0.7323298454284668,1.4646597,27.44034671783448,0.0,41.8486,1.2098
1999-09-12,0.0926084518432617,0.1852169,26.97626209259033,0.0,40.9583,0.9263
1999-09-13,0.7687540054321289,1.537508,26.07485294342041,0.0,40.2004,1.0279
1999-09-14,2.1103943586349487,4.220789,24.63190078735352,0.0,39.838,0.9232
1999-09-15,9.824537754058838,19.649075,24.44749355316162,0.0,46.2257,4.7
1999-09-16,15.320155620574951,30.640312,22.73117733001709,0.0,51.5803,6.1446
1999-09-17,1.7682411670684814,3.5364823,23.95444869995117,0.0,48.1685,0.9186
1999-09-18,1.2252848148345947,2.4505696,24.691171646118164,0.0,46.8688,1.2199
1999-09-19,0.2411301136016845,0.48226023,25.47678565979004,0.0,45.5326,0.9163
1999-09-20,5.482184648513794,10.964369,25.175938606262207,0.0,46.9114,2.4725
1999-09-21,0.0,0.0,22.03509330749512,0.0,45.6221,0.9137
1999-09-22,0.0,0.0,19.96571350097656,0.0,44.3703,0.9124
1999-09-23,0.0,0.0,18.64958953857422,0.0,43.2491,0.911
1999-09-24,0.5906744003295898,1.1813488,18.54047966003418,0.0,42.3521,0.9405
1999-09-25,1.2004680633544922,2.4009361,19.225135803222656,0.0,41.7348,0.908
1999-09-26,0.0,0.0,21.852418899536133,0.0,40.6277,0.9064
1999-09-27,0.2848736345767975,0.56974727,23.690832138061523,0.0,39.765,0.9113
1999-09-28,0.0379921197891235,0.07598424,24.763522148132324,0.0,38.8462,0.9033
1999-09-29,0.1357671022415161,0.2715342,25.20005226135254,0.0,37.8332,0.9017
1999-09-30,0.9671854972839355,1.934371,24.55607032775879,0.0,37.0846,0.9
1999-10-01,0.1331757307052612,0.26635146,24.383169174194336,0.0,36.338,0.899
1999-10-02,5.78852391242981,11.577047,24.69359970092773,0.0,38.4811,1.8636
1999-10-03,1.1645755767822266,2.3291512,22.212989807128903,0.0,38.1192,0.8951
1999-10-04,0.925811767578125,1.8516235,20.93242835998535,0.0,37.996,1.0295999999999998
1999-10-05,0.2615071535110473,0.5230143,20.88486862182617,0.0,37.5992,0.8918
1999-10-06,1.066633224487305,2.1332664,21.30007839202881,0.0,37.8543,1.0789
1999-10-07,2.391413450241089,4.782827,22.112836837768555,0.0,37.8529,0.9041
1999-10-08,0.2459793984889984,0.4919588,22.18355655670166,0.0,37.6463,0.8915000000000001
1999-10-09,13.21458339691162,26.429167,21.59121036529541,0.0,45.86,4.4326
1999-10-10,17.542041778564453,35.084084,21.31992053985596,0.0,51.7755,5.7132000000000005
1999-10-11,0.0883554816246032,0.17671096,22.808863639831543,0.0,47.8153,0.8821
1999-10-12,0.027789294719696,0.05557859,23.440497398376465,0.0,46.2,0.8807
1999-10-13,0.1447025537490844,0.2894051,23.486580848693848,0.0,44.8584,0.8793
1999-10-14,0.1735424995422363,0.347085,24.17671489715576,0.0,43.564,0.8797
1999-10-15,0.0258734226226806,0.051746845,24.161088943481445,0.0,42.2533,0.8764
1999-10-16,3.20055890083313,6.401118,20.55744457244873,0.0,43.0355,1.6702
1999-10-17,0.1141290068626403,0.22825801,16.885890007019043,0.0,42.103,0.8735
1999-10-18,0.0006707906723022,0.0013415813,15.179051876068115,0.0,41.0852,0.872
1999-10-19,0.045083999633789,0.090168,15.98197317123413,0.0,40.1219,0.8705
1999-10-20,0.0,0.0,17.08262062072754,0.0,39.0411,0.8689
1999-10-21,0.0,0.0,17.563889503479004,0.0,38.2248,0.8674
1999-10-22,1.9703940153121948,3.940788,17.516489028930664,0.0,39.0841,1.3499
1999-10-23,0.4825901985168457,0.9651804,17.434823036193848,0.0,38.8928,0.8643
1999-10-24,0.1149467229843139,0.22989345,18.46054744720459,0.0,38.4284,0.864
1999-10-25,0.3377835750579834,0.67556715,17.41305923461914,0.0,37.9997,0.8611
1999-10-26,0.0297502279281616,0.059500456,17.505943298339844,0.0,37.6608,0.8596
1999-10-27,0.0288385152816772,0.05767703,17.59480857849121,0.0,37.2707,0.858
1999-10-28,0.1126489639282226,0.22529793,17.212974548339844,0.0,37.0322,0.8568
1999-10-29,0.1555762887001037,0.31115258,18.336219787597656,0.0,36.7472,0.8548
1999-10-30,0.0246782749891281,0.04935655,19.418322563171387,0.0,36.3723,0.8533
1999-10-31,2.490721344947815,4.9814425,20.50675201416016,0.0,37.3445,1.3326
1999-11-01,0.8797684013843536,1.7595367,15.807075023651125,0.0,37.1099,0.8597
1999-11-02,0.2239829301834106,0.44796586,13.29762840270996,0.0,36.8627,0.8505
1999-11-03,0.0072686076164245,0.014537215,13.509579181671144,0.0,36.5371,0.8469
1999-11-04,0.0,0.0,13.81566047668457,0.0,36.1562,0.8454
1999-11-05,0.0,0.0,15.41831350326538,0.0,35.9667,0.8438
1999-11-06,0.0891128480434417,0.1782257,17.628851890563965,0.0,35.7109,0.8422
1999-11-07,0.1701388955116272,0.3402778,17.786011695861816,0.0,35.5017,0.842
1999-11-08,0.4289746284484863,0.85794926,18.045220375061035,0.0,35.384,0.8391
1999-11-09,0.0,0.0,16.92173480987549,0.0,35.1622,0.8375
1999-11-10,0.0,0.0,16.76662254333496,0.0,34.886,0.8359
1999-11-11,0.1679384410381317,0.33587688,15.361010551452637,0.0,34.7559,0.8397
1999-11-12,0.0,0.0,16.883105278015137,0.0,34.5398,0.8328
1999-11-13,0.0056601166725158,0.011320233,15.961247444152832,0.0,34.3449,0.8312
1999-11-14,0.0,0.0,15.67374849319458,0.0,34.1434,0.8297
1999-11-15,0.0,0.0,14.439443588256836,0.0,33.9811,0.8281
1999-11-16,0.0638856887817382,0.12777138,12.925474166870115,0.0,33.8653,0.8266
1999-11-17,1.2435047030448914,2.4870095,11.54892349243164,0.0,33.9045,0.8634999999999999
1999-11-18,0.5997644662857056,1.1995289,11.319602012634276,0.0,33.8737,0.8309
1999-11-19,0.1307992339134216,0.26159847,13.719484329223633,0.0,33.76,0.8219
1999-11-20,0.3478109240531921,0.69562185,13.839197635650637,0.0,33.676,0.8245
1999-11-21,0.0,0.0,15.038809299468994,0.0,33.5628,0.8188
1999-11-22,0.0142569541931152,0.028513908,15.829663276672363,0.0,33.456,0.8173
1999-11-23,0.1487419605255127,0.29748392,16.19902801513672,0.0,33.3439,0.8158
1999-11-24,0.0462256371974945,0.092451274,15.714303016662598,0.0,33.246,0.8142
1999-11-25,0.0,0.0,16.393486976623535,0.0,33.1299,0.8127
1999-11-26,0.2066005170345306,0.41320103,15.667112350463867,0.0,33.0868,0.8125
1999-11-27,0.0,0.0,15.31041431427002,0.0,33.0003,0.8096
1999-11-28,0.3047047853469848,0.6094096,9.689491748809814,0.0,32.9807,0.8206
1999-11-29,0.0035302639007568,0.007060528,7.459004402160644,0.0,32.9099,0.8066
1999-11-30,0.0751900672912597,0.15038013,10.419293880462646,0.0,32.8306,0.8052
1999-12-01,0.400325745344162,0.8006515,12.769531726837158,0.0,32.7728,0.8036
1999-12-02,0.0219653844833374,0.04393077,11.363903045654297,0.0,32.672,0.802
1999-12-03,0.0,0.0,11.38242769241333,0.0,32.5806,0.8005
1999-12-04,0.7288805246353149,1.457761,12.98193645477295,0.0,32.8765,0.8982
1999-12-05,1.515749216079712,3.0314984,12.001421451568604,0.0,33.1641,0.8831
1999-12-06,0.0114581435918807,0.022916287,11.279963493347168,0.0,33.0492,0.796
1999-12-07,0.0,0.0,9.077126026153564,0.0,32.9266,0.7945
1999-12-08,0.0246935188770294,0.049387038,8.448079586029053,0.0,32.7783,0.793
1999-12-09,0.06461101770401,0.12922204,8.604428768157959,0.0,32.6437,0.7918
1999-12-10,0.0453703999519348,0.0907408,8.481612205505371,0.0,32.5233,0.79
1999-12-11,0.0,0.0,9.061830520629885,0.0,32.3868,0.7885
1999-12-12,0.1484817862510681,0.29696357,9.778358936309814,0.0,32.3208,0.7877000000000001
1999-12-13,0.1072177290916442,0.21443546,12.246814250946043,0.0,32.2378,0.7856
1999-12-14,0.0214858353137969,0.04297167,11.575796604156494,0.0,32.1572,0.7841
1999-12-15,0.0877276062965393,0.17545521,10.389043807983398,0.0,32.0698,0.7826
1999-12-16,0.1918897777795791,0.38377956,10.730859279632568,0.0,32.0288,0.787
1999-12-17,2.142017841339112,4.2840357,11.488137245178224,0.0,32.4496,0.9031
1999-12-18,0.5475796163082123,1.0951593,9.564997673034668,0.0,32.43,0.7811
1999-12-19,0.083277404308319,0.16655481,8.768558025360107,0.0,32.341,0.7771999999999999
1999-12-20,0.0,0.0,3.851628065109253,0.0,32.2871,0.7781
1999-12-21,0.093922734260559,0.18784547,1.5555927753448486,0.0,32.2629,0.78
1999-12-22,0.0139673352241516,0.02793467,-0.5028820037841797,0.0,32.2465,0.776
1999-12-23,0.0644743740558624,0.12894875,-0.9323058128356934,0.0,32.2238,0.7778
1999-12-24,0.0017544701695442,0.0035089403,0.8217570781707764,0.0,32.1848,0.7743
1999-12-25,0.0087836980819702,0.017567396,2.482539653778076,0.0,32.1375,0.7715
1999-12-26,0.1130067110061645,0.22601342,3.5012714862823486,0.0,32.1028,0.7736999999999999
1999-12-27,0.0669870376586914,0.13397408,5.558000802993774,0.0,32.0646,0.7751
1999-12-28,0.0577703118324279,0.11554062,8.757405281066895,0.0,31.9518,0.7637
1999-12-29,0.0,0.0,8.096069097518921,0.0,31.8773,0.7622
1999-12-30,0.0547088980674743,0.109417796,10.16003131866455,0.0,31.7751,0.7608
1999-12-31,0.0101951360702514,0.020390272,9.773375988006592,0.0,31.6701,0.7594
2000-01-01,0.0376284718513488,0.07525694,9.526173114776611,0.0,31.5698,0.7579
2000-01-02,0.1255545318126678,0.25110906,11.25244426727295,0.0,31.4654,0.7573
2000-01-03,0.1475943922996521,0.29518878,10.478416442871094,0.0,31.3804,0.7551
2000-01-04,0.2021427154541015,0.40428543,10.961702346801758,0.0,31.2991,0.7554000000000001
2000-01-05,4.353098273277283,8.706197,11.24722385406494,0.0,33.2661,1.2902
2000-01-06,2.8434882164001465,5.6869764,12.878941059112549,0.0,33.7252,0.8775000000000001
2000-01-07,4.887877941131592,9.775756,10.914767742156982,0.0,36.2521,1.4625
2000-01-08,0.1739106178283691,0.34782124,11.85143518447876,0.0,36.0681,0.748
2000-01-09,0.9045101404190063,1.8090203,13.730939865112305,0.0,36.2927,0.8995000000000001
2000-01-10,0.1835022270679474,0.36700445,13.556868076324465,0.0,35.9705,0.7452
2000-01-11,0.0,0.0,14.318961143493652,0.0,35.5629,0.7438
2000-01-12,3.9916446208953857,7.9832892,13.8485369682312,0.0,38.1775,1.5823
2000-01-13,8.702343463897705,17.404686,10.043262481689451,0.0,42.8256,2.1879
2000-01-14,5.80423641204834,11.608473,8.989035606384277,0.0,46.0526,1.9378
2000-01-15,9.750080585479736,19.50016,11.03062629699707,0.0,49.9804,2.9125
2000-01-16,6.317522048950195,12.635044,10.27317190170288,0.0,49.7696,2.0038
2000-01-17,5.590031385421753,11.180063,6.983034372329712,0.0,49.6305,1.9661
2000-01-18,0.3602745532989502,0.7205491,6.426753997802734,0.0,47.6583,0.734
2000-01-19,0.0,0.0,5.486576557159424,0.0,46.5029,0.7326
2000-01-20,0.08987557888031,0.17975116,4.285453796386719,0.0,45.7548,0.7383
2000-01-21,0.176263689994812,0.35252738,5.680997848510742,0.0,45.1983,0.7433
2000-01-22,0.1629393696784973,0.32587874,11.950191020965576,0.0,44.5622,0.7285
2000-01-23,10.48847246170044,20.976944,12.302079677581789,0.0,49.8735,3.6309
2000-01-24,12.462377071380615,24.924755,12.55375623703003,0.0,51.4663,4.1506
2000-01-25,7.089409112930298,14.178818,6.395725250244141,0.0,49.9879,2.3683
2000-01-26,0.0,0.0,2.919787645339966,0.0,47.7885,0.7231
2000-01-27,0.0506952404975891,0.10139048,2.0617949962615967,0.0,46.6788,0.7333
2000-01-28,0.1678254604339599,0.33565092,2.3438611030578613,0.0,45.9629,0.7416
2000-01-29,0.0263646841049194,0.05272937,6.98974347114563,0.0,45.3056,0.7192
2000-01-30,0.0,0.0,7.837836503982544,0.0,44.7035,0.7179
2000-01-31,0.2094011306762695,0.41880226,6.671808242797852,0.0,44.2627,0.7221
2000-02-01,6.667104244232178,13.3342085,2.877548933029175,0.0,47.4484,2.6872
2000-02-02,1.2256885766983032,2.4513772,5.400739431381226,0.0,46.6588,0.7785
2000-02-03,1.7585362195968628,3.5170724,8.826952934265137,0.0,46.0132,0.7229
2000-02-04,0.059197187423706,0.118394375,10.619698524475098,0.0,45.277,0.7115
2000-02-05,0.765082597732544,1.5301652,12.251089572906494,0.0,44.7107,0.7765000000000001
2000-02-06,0.9487082958221436,1.8974166,9.760560989379885,0.0,44.4755,0.8427
2000-02-07,0.0,0.0,10.611660957336426,0.0,43.8757,0.7078
2000-02-08,1.385819435119629,2.7716389,8.41679048538208,0.0,44.055,1.0707
2000-02-09,0.280670166015625,0.56134033,9.660428047180176,0.0,43.6583,0.7052
2000-02-10,1.0426480770111084,2.0852962,9.641184329986572,0.0,43.7808,0.9392
2000-02-11,6.828902721405029,13.657805,10.257721424102783,0.0,47.1285,2.6345
2000-02-12,2.7627123594284058,5.525425,12.666491985321043,0.0,46.8747,1.0398
2000-02-13,1.410570502281189,2.821141,14.451229095458984,0.0,46.0561,0.7002
2000-02-14,0.0,0.0,12.654507160186768,0.0,45.2307,0.699
2000-02-15,1.1562985181808472,2.312597,10.38201665878296,0.0,45.136,1.0025
2000-02-16,1.8826863765716555,3.7653728,6.988294124603272,0.0,44.8019,0.6992
2000-02-17,0.0,0.0,7.538048982620239,0.0,44.3311,0.6953
2000-02-18,0.0,0.0,12.471823692321776,0.0,43.6542,0.6941
2000-02-19,0.0,0.0,15.212735176086426,0.0,43.0188,0.6928
2000-02-20,15.432542324066162,30.865086,9.936604499816896,0.0,50.7818,5.7336
2000-02-21,4.057105898857117,8.114212,7.243914842605591,0.0,49.1564,1.6760000000000002
2000-02-22,24.3162784576416,48.632557,6.749773979187012,0.0,53.1082,10.3148
2000-02-23,11.861490726470947,23.72298,7.017381191253662,0.0,51.2065,5.7926
2000-02-24,4.788506507873535,9.577013,6.075450897216797,0.0,49.3492,2.462
2000-02-25,5.819850206375122,11.6397,4.576749563217163,0.0,49.2737,3.0028
2000-02-26,0.5557788610458374,1.1115577,4.927136898040772,0.0,47.4921,0.6967
2000-02-27,5.36078691482544,10.721574,4.662593126296997,0.0,48.6844,3.1335
2000-02-28,25.449472427368164,50.898945,3.799302339553833,0.0,52.7198,13.1906
2000-02-29,15.42099380493164,30.841988,4.913236141204834,0.0,51.2979,8.9254
2000-03-01,5.392514944076538,10.78503,6.027169942855835,0.0,49.378,3.0817
2000-03-02,2.376581072807312,4.7531624,8.35668420791626,0.0,47.9239,1.1821
2000-03-03,0.5374611616134644,1.0749223,13.893599033355711,0.0,46.59,0.7299
2000-03-04,2.2177326679229736,4.4354653,16.141818046569824,0.0,46.2793,1.4924
2000-03-05,5.588561773300171,11.177124,15.321845054626465,0.0,47.3911,2.2876000000000003
2000-03-06,4.268567562103272,8.537135,13.844789505004885,0.0,47.5752,1.7863000000000002
2000-03-07,4.062868356704712,8.125736,11.642834186553957,0.0,47.5108,1.6112
2000-03-08,2.4640649557113647,4.92813,9.626943111419678,0.0,47.0004,1.1278
2000-03-09,1.8688395023345947,3.737679,7.925942897796631,0.0,46.2728,0.7496
2000-03-10,0.5061444044113159,1.0122888,9.906744956970217,0.0,45.5823,0.7603000000000001
2000-03-11,4.49070405960083,8.981408,11.314470767974854,0.0,46.7144,2.2498
2000-03-12,3.11117422580719,6.222348,9.608893871307371,0.0,46.7288,1.3415
2000-03-13,3.471482753753662,6.9429655,11.079627990722656,0.0,46.7186,1.3186
2000-03-14,1.1363533735275269,2.2727067,13.651844024658203,0.0,45.9488,0.7377
2000-03-15,4.267488956451416,8.534978,16.742222785949707,0.0,46.7704,2.2515
2000-03-16,5.979259967803955,11.95852,13.20170783996582,0.0,47.0343,1.5554
2000-03-17,0.5202512741088867,1.0405025,10.598553657531738,0.0,46.1246,0.737
2000-03-18,15.178714752197266,30.35743,8.81826114654541,0.0,51.2698,7.238700000000001
2000-03-19,0.4373788833618164,0.87475777,13.163862228393556,0.0,47.9826,0.7368
2000-03-20,0.7194859981536865,1.438972,14.06548261642456,0.0,46.6542,0.9061
2000-03-21,0.2139163017272949,0.4278326,16.855319023132324,0.0,45.5188,0.7375
2000-03-22,2.495922088623047,4.991844,16.82159423828125,0.0,45.713,1.5991
2000-03-23,2.1264970302581787,4.252994,16.231873512268066,0.0,45.1011,0.7368
2000-03-24,0.2233064174652099,0.44661283,13.769999504089355,0.0,44.3096,0.7555999999999999
2000-03-25,0.2871503829956054,0.57430077,10.758376121520996,0.0,43.7767,0.7356
2000-03-26,0.0031285285949707,0.006257057,13.05803680419922,0.0,43.0382,0.7347
2000-03-27,0.0690422058105468,0.13808441,13.367614269256592,0.0,42.2701,0.7338
2000-03-28,0.1441049575805664,0.28820992,16.197439193725586,0.0,41.3711,0.7349
2000-03-29,0.0103449821472167,0.020689964,14.531755447387695,0.0,40.6878,0.7316
2000-03-30,0.1513400077819824,0.30268002,14.82167148590088,0.0,40.039,0.7322000000000001
2000-03-31,2.8255302906036377,5.6510606,15.542025566101074,0.0,40.2741,0.9412
2000-04-01,14.464935779571531,28.92987,14.531561851501465,0.0,48.1392,5.2413
2000-04-02,0.0,0.0,18.428196907043457,0.0,46.2412,0.7267
2000-04-03,41.67348670959473,83.34697,15.864821434020996,0.0,54.3194,18.3098
2000-04-04,1.4123996496200562,2.8247993,16.86375331878662,0.0,48.5018,0.727
2000-04-05,7.579096078872681,15.158192,14.786583423614502,0.0,49.561,4.1315
2000-04-06,1.2554984092712402,2.5109968,15.342090129852297,0.0,47.4506,0.7316
2000-04-07,1.305699348449707,2.6113987,13.97108793258667,0.0,46.6523,1.1274
2000-04-08,0.5548388957977295,1.1096778,15.556790828704834,0.0,45.7232,0.7336
2000-04-09,28.751771926879883,57.503544,16.303478240966797,0.0,53.1081,13.9447
2000-04-10,4.3781163692474365,8.756233,18.517372131347656,0.0,48.7652,1.1505999999999998
2000-04-11,0.4496810436248779,0.8993621,15.788581371307371,0.0,47.011,0.7402
2000-04-12,3.90891432762146,7.8178287,15.58195734024048,0.0,47.489,2.2978
2000-04-13,16.65330219268799,33.306602,16.88650894165039,0.0,51.4993,8.0176
2000-04-14,27.41352653503418,54.827053,18.276201248168945,0.0,52.5958,14.4322
2000-04-15,0.2528518438339233,0.5057037,15.421606063842772,0.0,48.2029,0.7568
2000-04-16,0.1058137416839599,0.21162748,14.03498125076294,0.0,46.4474,0.7646999999999999
2000-04-17,0.0250306129455566,0.050061226,15.00632095336914,0.0,45.1511,0.7661
2000-04-18,0.0,0.0,18.53643798828125,0.0,44.0111,0.7673
2000-04-19,0.3313822746276855,0.66276455,21.66874122619629,0.0,43.0576,0.7669
2000-04-20,20.765535831451416,41.53107,20.42266845703125,0.0,51.4419,8.981100000000001
2000-04-21,9.75153136253357,19.503063,21.463122367858887,0.0,49.5237,2.5654
2000-04-22,24.87040328979492,49.740807,16.106813430786133,0.0,52.4079,10.9163
2000-04-23,8.792237758636475,17.584476,14.573811054229736,0.0,50.0808,4.2606
2000-04-24,29.33727264404297,58.674545,14.295498847961426,0.0,52.6281,15.8017
2000-04-25,12.910446643829346,25.820892,19.67631149291992,0.0,50.0068,4.8169
2000-04-26,23.334930419921875,46.66986,19.147743225097656,0.0,51.9721,12.3229
2000-04-27,2.802990317344665,5.605981,19.125271797180176,0.0,48.1987,0.8102
2000-04-28,7.40101170539856,14.802023,14.197707653045654,0.0,49.2004,4.4509
2000-04-29,3.248659133911133,6.4973183,16.640785217285156,0.0,47.5453,0.8459
2000-04-30,10.814799308776855,21.629599,19.17521476745605,0.0,49.3865,4.337899999999999
2000-05-01,4.821107625961304,9.642216,18.360021591186523,0.0,48.8251,2.5338
2000-05-02,7.747252464294434,15.494505,17.61799430847168,0.0,49.234,3.3649
2000-05-03,1.0632328987121582,2.1264658,18.62324905395508,0.0,47.0997,0.83
2000-05-04,0.4193587303161621,0.83871746,19.28878879547119,0.0,45.506,0.8376
2000-05-05,0.2459139823913574,0.49182796,20.17255973815918,0.0,44.3201,0.8316
2000-05-06,0.0,0.0,22.73826694488525,0.0,42.9246,0.8311
2000-05-07,0.0,0.0,22.597774505615234,0.0,41.6703,0.8302
2000-05-08,0.1689958572387695,0.3379917,21.790919303894043,0.0,40.8845,0.8292999999999999
2000-05-09,2.78754997253418,5.5751,21.91464805603028,0.0,40.6109,0.9085
2000-05-10,8.451808452606201,16.903618,21.864155769348145,0.0,43.1141,2.3689
2000-05-11,0.1716604232788086,0.34332085,21.010811805725098,0.0,42.1001,0.8253
2000-05-12,0.7311067581176758,1.4622135,21.7249698638916,0.0,41.2086,0.9283
2000-05-13,0.3695642948150635,0.7391286,22.891481399536133,0.0,40.2251,0.8225
2000-05-14,0.2711415290832519,0.54228306,23.418898582458496,0.0,39.1582,0.8263
2000-05-15,0.0,0.0,23.859634399414062,0.0,37.8446,0.8196
2000-05-16,0.0,0.0,24.372543334960938,0.0,36.4486,0.8181
2000-05-17,0.6686868667602539,1.3373737,24.154561042785645,0.0,35.6626,0.8199
2000-05-18,6.283440113067627,12.56688,19.075568199157715,0.0,37.509,1.5426000000000002
2000-05-19,4.038800239562988,8.0776005,18.287209510803223,0.0,37.6825,0.8933
2000-05-20,0.0392637252807617,0.07852745,20.908467292785645,0.0,36.8624,0.8121
2000-05-21,1.0629262924194336,2.1258526,21.07668399810791,0.0,36.4675,0.9621
2000-05-22,0.0,0.0,21.349419593811035,0.0,35.5159,0.8091
2000-05-23,0.0645418167114257,0.12908363,22.561187744140625,0.0,34.9941,0.8076
2000-05-24,0.078460693359375,0.15692139,23.36341857910156,0.0,34.7423,0.8061
2000-05-25,0.0485930442810058,0.09718609,24.57056713104248,0.0,34.539,0.8046
2000-05-26,1.2139511108398438,2.4279022,25.60515689849853,0.0,34.3827,0.8031
2000-05-27,17.07379722595215,34.147594,24.01672649383545,0.0,44.6041,4.5231
2000-05-28,23.76400661468506,47.528015,23.29707145690918,0.0,53.0329,7.4543
2000-05-29,18.167909145355225,36.33582,21.21843242645264,0.0,52.2334,6.284000000000001
2000-05-30,2.62222671508789,5.2444534,24.413477897644043,0.0,48.2726,0.7976
2000-05-31,8.96500539779663,17.930012,24.941231727600098,0.0,50.3107,4.5793
2000-06-01,2.060043811798096,4.1200876,25.35826778411865,0.0,47.5515,0.7981
2000-06-02,1.9735071659088133,3.9470143,26.454877853393555,0.0,46.6987,1.4588
2000-06-03,0.13759446144104,0.27518892,27.30761814117432,0.0,45.169,0.7949
2000-06-04,3.764638066291809,7.529276,27.13706493377685,0.0,45.8295,2.0389
2000-06-05,14.909978866577148,29.819958,24.42661190032959,0.0,50.6092,4.6639
2000-06-06,36.24336242675781,72.486725,21.088685035705566,0.0,53.7879,15.0447
2000-06-07,3.873141050338745,7.746282,24.33860969543457,0.0,48.4843,0.7952
2000-06-08,2.558103084564209,5.116206,25.75230312347412,0.0,47.3248,1.6061
2000-06-09,15.322397708892822,30.644794,23.408935546875,0.0,50.6547,5.665100000000001
2000-06-10,42.878456115722656,85.75691,20.702921867370605,0.0,53.7223,21.927
2000-06-11,92.48869323730467,184.97739,17.931983947753906,0.0,52.668,80.1717
2000-06-12,64.9764575958252,129.95291,17.0095796585083,0.0,52.4883,54.5663
2000-06-13,2.165291547775269,4.330583,18.614623069763184,0.0,48.2899,0.851
2000-06-14,0.0,0.0,19.327431678771973,0.0,46.3107,0.8591
2000-06-15,2.392922878265381,4.7858458,17.871999740600586,0.0,45.8326,1.3615
2000-06-16,5.024702548980713,10.049405,20.6893253326416,0.0,46.0888,1.4861
2000-06-17,1.0604314804077148,2.120863,23.219207763671875,0.0,45.1618,0.8633
2000-06-18,25.0962553024292,50.192513,21.27150249481201,0.0,52.7695,12.4005
2000-06-19,47.840951919555664,95.6819,21.537336349487305,0.0,53.6945,28.305300000000003
2000-06-20,28.24711227416992,56.494225,22.685964584350582,0.0,51.6783,16.934900000000003
2000-06-21,9.01453447341919,18.029068,23.90241527557373,0.0,49.2987,3.1373
2000-06-22,1.6406941413879397,3.2813883,24.29160022735596,0.0,47.2231,0.9091
2000-06-23,0.7379646301269531,1.4759293,25.33759307861328,0.0,45.7592,0.9767
2000-06-24,2.796684741973877,5.5933695,25.729126930236816,0.0,44.9519,0.9112
2000-06-25,0.1098666191101074,0.21973324,25.942805290222168,0.0,43.6667,0.9101
2000-06-26,0.0785202980041503,0.1570406,27.013431549072266,0.0,42.5222,0.9083
2000-06-27,0.2195401191711425,0.43908024,27.862689971923828,0.0,41.4391,0.9244
2000-06-28,1.0513086318969729,2.1026173,28.19290542602539,0.0,40.5639,0.9055
2000-06-29,2.0279409885406494,4.055882,28.04342269897461,0.0,40.4838,1.4728
2000-06-30,0.2992496490478515,0.5984993,28.0069580078125,0.0,39.4239,0.9024
2000-07-01,3.790974378585816,7.5819488,26.15420818328857,0.0,40.5168,1.9959
2000-07-02,1.1120576858520508,2.2241154,25.76482105255127,0.0,39.637,0.8991
2000-07-03,1.861085772514344,3.7221715,26.008082389831543,0.0,39.5999,1.3485
2000-07-04,1.91028904914856,3.820578,26.01546192169189,0.0,38.8876,0.8959
2000-07-05,28.788060188293457,57.57612,24.082942008972168,0.0,52.9802,10.3761
2000-07-06,0.6400740146636963,1.280148,26.338332176208496,0.0,48.0755,0.8928
2000-07-07,0.0,0.0,24.643638610839844,0.0,45.955,0.8915
2000-07-08,0.0833656787872314,0.16673136,24.929308891296387,0.0,44.5474,0.8903
2000-07-09,0.1765596866607666,0.35311937,23.184266090393063,0.0,43.6672,0.8889
2000-07-10,0.0,0.0,25.948288917541504,0.0,42.1757,0.8875
2000-07-11,1.174272537231445,2.348545,26.599080085754395,0.0,40.8737,0.9708
2000-07-12,0.1648991107940673,0.32979822,27.03974437713623,0.0,39.2779,0.8845
2000-07-13,0.1152095794677734,0.23041916,28.08188247680664,0.0,37.7565,0.883
2000-07-14,3.27242374420166,6.5448475,28.642807006835938,0.0,38.0817,1.2287
2000-07-15,0.0124796032905578,0.024959207,27.659132957458496,0.0,37.1745,0.8798
2000-07-16,1.6014176607131958,3.2028353,26.76692676544189,0.0,37.1267,1.13
2000-07-17,6.793127536773682,13.586255,25.41066837310791,0.0,38.783,1.5303
2000-07-18,4.339505672454834,8.679011,24.624282836914062,0.0,39.5102,1.1978
2000-07-19,3.6013758182525635,7.2027516,24.876161575317383,0.0,39.8428,1.0537
2000-07-20,2.616143226623535,5.2322865,25.809988975524902,0.0,39.2586,0.8719
2000-07-21,1.4276889562606812,2.855378,26.257561683654785,0.0,38.5828,1.0861
2000-07-22,0.7471857070922852,1.4943714,27.70485019683838,0.0,37.9236,0.8687
2000-07-23,3.2529948949813843,6.50599,28.1787748336792,0.0,38.6515,1.4526
2000-07-24,0.1880046129226684,0.37600923,28.50540256500244,0.0,37.9079,0.8654
2000-07-25,0.9585738182067872,1.9171476,27.848219871521,0.0,37.3933,0.9704
2000-07-26,7.403450965881348,14.806902,26.15934944152832,0.0,38.9755,1.4711
2000-07-27,0.5703749656677246,1.1407499,27.68978500366211,0.0,38.2166,0.8606
2000-07-28,12.65553855895996,25.311077,28.02992153167725,0.0,45.3352,4.1174
2000-07-29,16.31143283843994,32.622864,26.28189754486084,0.0,49.4851,3.7347
2000-07-30,20.14909267425537,40.298187,24.06804656982422,0.0,52.2814,6.0555
2000-07-31,0.6844098567962646,1.3688197,23.827024459838867,0.0,48.1096,0.8545
2000-08-01,0.6356453895568848,1.2712908,24.44739151000977,0.0,46.3033,0.8737999999999999
2000-08-02,0.2200980186462402,0.44019604,25.70252227783203,0.0,44.9789,0.8521
2000-08-03,0.4576352834701538,0.91527057,25.57860279083252,0.0,43.7781,0.8819
2000-08-04,0.4552693367004394,0.9105387,25.44570255279541,0.0,42.7073,0.8495
2000-08-05,0.9523477554321288,1.9046955,25.573092460632324,0.0,42.1716,1.1842
2000-08-06,0.8602925539016724,1.7205851,26.138795852661133,0.0,40.8768,0.8467
2000-08-07,0.1412675380706787,0.28253508,27.45093441009521,0.0,39.2214,0.8453
2000-08-08,4.675358176231384,9.350717,26.21925067901612,0.0,41.0269,1.9913
2000-08-09,0.0,0.0,26.635661125183105,0.0,39.136,0.8423
2000-08-10,2.2959585189819336,4.591917,26.57937431335449,0.0,38.8411,1.1664
2000-08-11,14.919739246368408,29.839478,25.134177207946777,0.0,44.9919,3.5831
2000-08-12,2.493066906929016,4.9861336,25.33452033996582,0.0,43.457,0.8378
2000-08-13,52.19843864440918,104.39688,23.616283416748047,0.0,54.9784,20.0606
2000-08-14,7.315879702568054,14.63176,24.52224063873291,0.0,49.2992,1.8232
2000-08-15,6.64095950126648,13.2819195,25.316326141357425,0.0,48.8958,2.348
2000-08-16,12.623596668243408,25.247192,24.72574615478516,0.0,50.3203,4.5514
2000-08-17,14.36943244934082,28.738865,24.57756519317627,0.0,50.9932,5.8365
2000-08-18,3.192468523979187,6.3849373,24.824294090271,0.0,48.0005,0.8457
2000-08-19,0.2774823904037475,0.5549648,26.18412494659424,0.0,46.1482,0.8472
2000-08-20,4.228021621704102,8.456043,25.77417278289795,0.0,45.7727,1.3372
2000-08-21,1.1471052169799805,2.2942104,25.461400985717773,0.0,44.7366,0.8474
2000-08-22,0.1830338239669799,0.36606765,26.6072359085083,0.0,43.5488,0.8468
2000-08-23,34.20499229431152,68.40999,23.966368675231934,0.0,53.4888,14.0201
2000-08-24,29.81017589569092,59.620354,23.028995513916016,0.0,52.9975,16.3024
2000-08-25,12.245263576507568,24.490528,23.06739997863769,0.0,50.7392,7.277
2000-08-26,4.909151315689087,9.818302,24.053905487060547,0.0,48.5923,1.7732
2000-08-27,2.8601186275482178,5.7202373,24.73372745513916,0.0,47.1991,0.8736999999999999
2000-08-28,0.0251333713531494,0.050266743,25.267963409423828,0.0,45.6869,0.8766
2000-08-29,2.396309494972229,4.7926188,25.678793907165527,0.0,45.3545,1.5498
2000-08-30,2.4910597801208496,4.9821196,26.07749462127685,0.0,44.683,0.8777
2000-08-31,3.934970378875733,7.8699408,26.29697227478028,0.0,45.4036,2.2171000000000003
2000-09-01,2.0655564069747925,4.131113,26.19573974609375,0.0,44.8476,0.8979
2000-09-02,0.4997568130493164,0.9995136,26.79877662658692,0.0,43.9933,0.9722
2000-09-03,0.1026325225830078,0.20526505,27.114133834838867,0.0,43.1083,0.8747
2000-09-04,0.0909285545349121,0.18185711,27.14975070953369,0.0,42.1897,0.8735
2000-09-05,7.731410264968872,15.46282,26.08166885375977,0.0,45.4155,3.3074
2000-09-06,16.215728282928467,32.431458,24.58417320251465,0.0,50.9046,5.9344
2000-09-07,1.6859136819839478,3.3718274,23.95104694366455,0.0,47.8883,0.8696
2000-09-08,0.0348702669143676,0.069740534,23.59889316558838,0.0,46.2145,0.8687
2000-09-09,1.56091570854187,3.1218314,23.39042282104492,0.0,45.3058,1.0127
2000-09-10,0.0,0.0,22.91496753692627,0.0,44.1381,0.8666
2000-09-11,0.1419463157653808,0.28389263,22.76998615264893,0.0,43.1347,0.8728999999999999
2000-09-12,0.0926084518432617,0.1852169,21.99583148956299,0.0,42.3256,0.8641
2000-09-13,0.7687540054321289,1.537508,21.22695255279541,0.0,41.794,0.9659
2000-09-14,0.1414796113967895,0.28295922,21.28686714172364,0.0,41.1647,0.8613
2000-09-15,0.1209264993667602,0.241853,21.060909271240234,0.0,40.2492,0.8598
2000-09-16,0.0992000102996826,0.19840002,19.53700828552246,0.0,39.3826,0.8583
2000-09-17,0.0,0.0,19.329328536987305,0.0,38.4372,0.8568
2000-09-18,0.085924744606018,0.17184949,19.41588592529297,0.0,37.561,0.8553
2000-09-19,0.0969798564910888,0.19395971,20.311686515808105,0.0,36.6362,0.8538
2000-09-20,0.3857454061508178,0.7714908,21.188246726989743,0.0,36.0783,0.8599
2000-09-21,0.0,0.0,22.226969718933105,0.0,35.2999,0.8506
2000-09-22,0.0,0.0,22.88760471343994,0.0,34.5529,0.8491
2000-09-23,0.0,0.0,22.96465015411377,0.0,34.0918,0.8475
2000-09-24,0.8797416687011719,1.7594833,23.80112266540528,0.0,34.2129,0.9695
2000-09-25,1.2004680633544922,2.4009361,24.32337760925293,0.0,33.9352,0.8443
2000-09-26,0.0,0.0,24.68603038787841,0.0,33.6418,0.8428
2000-09-27,0.2602721750736236,0.52054435,24.176478385925293,0.0,33.4932,0.8426999999999999
2000-09-28,0.3998377323150635,0.79967546,24.259307861328125,0.0,33.3587,0.8396
2000-09-29,12.720513820648192,25.441029,23.452778816223145,0.0,43.6226,4.5276
2000-09-30,20.26490974426269,40.52982,23.360952377319336,0.0,51.9495,5.7941
2000-10-01,0.1331757307052612,0.26635146,24.34695243835449,0.0,47.7987,0.8526
2000-10-02,0.7401902079582214,1.4803804,25.22599697113037,0.0,45.9154,0.8651
2000-10-03,3.09705138206482,6.194103,23.318220138549805,0.0,45.8029,1.0261
2000-10-04,48.36156845092773,96.72314,19.982091903686523,0.0,54.9309,19.6745
2000-10-05,18.42222690582276,36.84445,20.29674434661865,0.0,51.971,9.1814
2000-10-06,12.261223316192629,24.522446,20.82794570922852,0.0,50.8808,6.3379
2000-10-07,0.38266521692276,0.76533043,22.14485740661621,0.0,47.8772,0.8414
2000-10-08,0.0799182057380676,0.15983641,21.67506694793701,0.0,46.3186,0.8467
2000-10-09,0.2010190486907959,0.4020381,21.508177757263184,0.0,45.2075,0.846
2000-10-10,0.0,0.0,20.704894065856934,0.0,44.1643,0.8463
2000-10-11,0.0883554816246032,0.17671096,23.16471290588379,0.0,43.3489,0.8482
2000-10-12,0.0462404191493988,0.09248084,22.96240234375,0.0,42.6861,0.8452
2000-10-13,0.7102420926094055,1.4204842,19.80307102203369,0.0,42.4974,1.045
2000-10-14,1.93210119009018,3.8642025,16.309919357299805,0.0,42.4891,0.9039
2000-10-15,0.2770774364471435,0.5541549,17.752254486083984,0.0,42.1332,0.8464999999999999
2000-10-16,0.0,0.0,18.311562538146973,0.0,41.6813,0.841
2000-10-17,0.0,0.0,19.534164428710938,0.0,41.0919,0.8398
2000-10-18,0.1074081659317016,0.21481633,18.95289802551269,0.0,40.7343,0.8391000000000001
2000-10-19,0.0324400663375854,0.06488013,20.45098304748535,0.0,40.2355,0.8372
2000-10-20,16.819706916809082,33.639412,19.59959506988525,0.0,49.6124,6.8712
2000-10-21,15.379319667816162,30.75864,18.979689598083496,0.0,51.859,6.7577
2000-10-22,4.939683198928833,9.879366,21.61215305328369,0.0,49.3452,2.1883
2000-10-23,6.948733806610107,13.897468,23.739107131958008,0.0,48.8553,2.3137
2000-10-24,0.9863693118095398,1.9727386,24.014119148254395,0.0,47.1968,0.8344
2000-10-25,5.240712881088257,10.481426,24.099658012390137,0.0,48.3981,3.1864
2000-10-26,1.1689342260360718,2.3378685,22.49349403381348,0.0,46.9391,0.8347
2000-10-27,0.0288385152816772,0.05767703,21.04691982269287,0.0,45.7469,0.8355
2000-10-28,0.0803155899047851,0.16063118,19.816454887390137,0.0,44.8184,0.8343
2000-10-29,0.004107654094696,0.008215308,18.07231044769287,0.0,44.1601,0.8336
2000-10-30,0.0,0.0,16.335649490356445,0.0,43.4811,0.8328
2000-10-31,0.451675146818161,0.9033503,15.297139167785645,0.0,43.1515,0.8637
2000-11-01,0.6699346601963043,1.3398693,14.933203220367432,0.0,42.8648,0.845
2000-11-02,0.2239829301834106,0.44796586,12.46015167236328,0.0,42.3637,0.833
2000-11-03,0.0072686076164245,0.014537215,12.386895656585692,0.0,41.8837,0.8284
2000-11-04,0.0,0.0,13.293497085571287,0.0,41.3135,0.8272
2000-11-05,0.0,0.0,16.415660858154297,0.0,40.963,0.8259
2000-11-06,0.0952632129192352,0.19052643,18.6715784072876,0.0,40.6063,0.8245
2000-11-07,2.7397791147232056,5.479558,19.43802165985108,0.0,42.2923,1.8972
2000-11-08,4.877531051635742,9.755062,18.437609672546387,0.0,44.1003,1.881
2000-11-09,4.325918197631836,8.651836,16.050381183624268,0.0,45.3532,1.7034
2000-11-10,0.1002394556999206,0.20047891,17.223031044006348,0.0,44.7869,0.8191
2000-11-11,2.6399351358413696,5.27987,14.828239440917969,0.0,45.8474,1.7978999999999998
2000-11-12,0.8675257861614227,1.7350516,11.09694242477417,0.0,45.3398,0.8164
2000-11-13,0.0056601166725158,0.011320233,12.230371475219728,0.0,44.7986,0.815
2000-11-14,0.0655772387981414,0.13115448,15.959763526916504,0.0,44.2773,0.8137
2000-11-15,0.0014795064926147,0.002959013,18.799588203430176,0.0,43.715,0.8124
2000-11-16,1.5432034730911257,3.086407,16.138028144836426,0.0,43.8822,1.1720000000000002
2000-11-17,7.090214252471924,14.1804285,12.80880069732666,0.0,47.253,2.9306
2000-11-18,4.292644023895264,8.585288,11.926769733428957,0.0,48.2094,2.1194
2000-11-19,5.686269044876099,11.372538,14.152117729187012,0.0,48.8939,2.3749
2000-11-20,8.324784278869629,16.649569,10.527035236358644,0.0,49.7271,3.1182
2000-11-21,0.0,0.0,7.929833173751831,0.0,47.5903,0.8049
2000-11-22,0.0142569541931152,0.028513908,8.378791332244873,0.0,46.4849,0.8041
2000-11-23,0.1321615576744079,0.26432312,12.719417572021484,0.0,45.672,0.8033
2000-11-24,0.0590896308422088,0.11817926,13.204943180084229,0.0,44.9328,0.8027
2000-11-25,0.0,0.0,15.34684944152832,0.0,44.3337,0.8014
2000-11-26,0.0,0.0,16.35879135131836,0.0,43.6477,0.8004
2000-11-27,0.132179856300354,0.2643597,17.12986660003662,0.0,43.145,0.801
2000-11-28,0.2253315448760986,0.4506631,15.079665184020996,0.0,42.848,0.7981
2000-11-29,0.0372939705848693,0.07458794,15.493882179260254,0.0,42.4021,0.7975000000000001
2000-11-30,0.0874907970428466,0.1749816,17.273996353149414,0.0,41.9202,0.7957
2000-12-01,0.0972923934459686,0.19458479,15.431712627410889,0.0,41.556,0.7963
2000-12-02,0.0428958535194397,0.08579171,15.057316780090332,0.0,41.2829,0.7931
2000-12-03,0.8931635320186615,1.7863271,12.052664279937744,0.0,41.4476,0.9931
2000-12-04,0.0836721062660217,0.16734421,11.05566930770874,0.0,41.1868,0.7905
2000-12-05,0.1221134066581726,0.24422681,9.592677116394045,0.0,40.8654,0.7902
2000-12-06,0.0,0.0,12.371947765350342,0.0,40.4645,0.7878
2000-12-07,0.0,0.0,13.656991958618164,0.0,40.1258,0.7864
2000-12-08,0.0246935188770294,0.049387038,13.445278644561768,0.0,39.7894,0.785
2000-12-09,0.0774750709533691,0.15495014,13.041218280792236,0.0,39.4247,0.7845
2000-12-10,0.0453703999519348,0.0907408,13.72696304321289,0.0,39.0914,0.7823
2000-12-11,0.0170429050922393,0.03408581,12.814946174621582,0.0,38.8442,0.7809
2000-12-12,4.016525983810425,8.033052,9.690140724182127,0.0,41.2451,1.8962
2000-12-13,20.17164802551269,40.343296,6.855149984359741,0.0,51.9285,7.3201
2000-12-14,0.09828782081604,0.19657564,8.117659091949463,0.0,48.318,0.7767
2000-12-15,0.100591629743576,0.20118326,10.22787094116211,0.0,46.9052,0.7759999999999999
2000-12-16,0.0304088294506073,0.06081766,11.190991401672363,0.0,45.9672,0.7744
2000-12-17,0.037631943821907,0.07526389,13.14118242263794,0.0,45.2183,0.7732
2000-12-18,0.0,0.0,16.155030727386475,0.0,44.5429,0.7721
2000-12-19,11.386905670166016,22.773811,14.741334438323976,0.0,49.9661,4.6524
2000-12-20,11.579800128936768,23.1596,13.285517692565918,0.0,50.8081,4.161
2000-12-21,0.7634120583534241,1.5268241,8.378778457641602,0.0,48.0885,0.769
2000-12-22,0.0139673352241516,0.02793467,8.791728019714355,0.0,46.8124,0.7685
2000-12-23,0.0644743740558624,0.12894875,8.171374797821045,0.0,45.9209,0.7679
2000-12-24,0.0075358971953392,0.015071794,7.637995719909668,0.0,45.215,0.7673
2000-12-25,0.0087836980819702,0.017567396,8.380722045898438,0.0,44.6325,0.7666
2000-12-26,0.1130067110061645,0.22601342,9.578514099121094,0.0,44.1252,0.7664000000000001
2000-12-27,0.0669870376586914,0.13397408,12.259111404418944,0.0,43.7179,0.7648
2000-12-28,0.0577703118324279,0.11554062,13.335773468017578,0.0,43.2711,0.7638
2000-12-29,0.0,0.0,11.381913185119627,0.0,42.8808,0.7628
2000-12-30,0.0547088980674743,0.109417796,9.13714838027954,0.0,42.5501,0.7617
2000-12-31,0.0101951360702514,0.020390272,9.46747589111328,0.0,42.2409,0.7606
2001-01-01,0.0376284718513488,0.07525694,7.661881685256958,0.0,41.9235,0.7594
2001-01-02,0.1255545318126678,0.25110906,8.969440937042236,0.0,41.6118,0.7582
2001-01-03,1.1336122751235962,2.2672246,10.366214275360107,0.0,42.0544,1.0621
2001-01-04,3.3983346223831177,6.796669,9.600992679595947,0.0,43.8232,1.7218
2001-01-05,0.3402057886123657,0.6804116,11.41552448272705,0.0,43.5565,0.7546
2001-01-06,0.0357508659362793,0.07150173,13.598650455474854,0.0,43.167,0.7533
2001-01-07,0.2340085506439209,0.4680171,14.094087600708008,0.0,42.7163,0.7521
2001-01-08,0.1230908632278442,0.24618173,13.25822401046753,0.0,42.2696,0.7523
2001-01-09,0.7539541125297546,1.5079082,9.438769817352297,0.0,42.019,0.7496
2001-01-10,1.5916720628738403,3.1833441,6.492190837860107,0.0,42.7827,1.201
2001-01-11,1.6258482933044434,3.2516966,7.988580226898193,0.0,42.7363,0.7807
2001-01-12,1.2936243414878843,2.5872488,7.784364461898804,0.0,42.7458,0.8088000000000001
2001-01-13,2.3857181072235107,4.771436,9.503331184387209,0.0,43.2592,1.1453
2001-01-14,0.0,0.0,6.2554802894592285,0.0,42.8751,0.7432
2001-01-15,0.0684832334518432,0.13696647,6.620715618133545,0.0,42.571,0.7425
2001-01-16,0.2427107095718383,0.48542142,5.0767316818237305,0.0,42.3497,0.7685000000000001
2001-01-17,0.4318717122077942,0.8637434,7.914893388748169,0.0,42.0808,0.7533
2001-01-18,0.5388887524604797,1.0777775,10.791914463043211,0.0,41.8439,0.738
2001-01-19,0.0,0.0,12.798966884613035,0.0,41.3836,0.7367
2001-01-20,0.6449437439441681,1.2898874,12.990811824798584,0.0,41.1858,0.8537
2001-01-21,0.176263689994812,0.35252738,12.63992977142334,0.0,40.8895,0.7341
2001-01-22,15.836600303649902,31.6732,12.780759811401367,0.0,50.2776,5.876600000000001
2001-01-23,11.633298397064207,23.266598,12.52832555770874,0.0,51.2113,4.3154
2001-01-24,13.173922061920166,26.347843,13.748141765594482,0.0,51.4152,5.1123
2001-01-25,59.55875205993652,119.11751,11.917141437530518,0.0,54.6842,31.0079
2001-01-26,4.91342830657959,9.826857,6.126574993133545,0.0,49.2174,2.3554
2001-01-27,0.0809053778648376,0.16181076,4.113496661186218,0.0,47.4841,0.7714
2001-01-28,0.3032237291336059,0.60644746,6.739184856414795,0.0,46.4821,0.7583
2001-01-29,0.0263646841049194,0.05272937,7.61611270904541,0.0,45.6837,0.7612
2001-01-30,0.0,0.0,8.631870746612549,0.0,44.9473,0.7624
2001-01-31,0.5685063600540161,1.1370127,8.990854263305664,0.0,44.6275,0.9044
2001-02-01,5.754415512084961,11.508831,8.154505491256714,0.0,46.6851,2.6255
2001-02-02,0.8510818481445312,1.7021637,5.042709827423096,0.0,46.0333,0.7633
2001-02-03,10.40243148803711,20.804863,5.963446378707886,0.0,49.9454,5.2247
2001-02-04,2.9562562704086304,5.912513,8.823686122894287,0.0,48.3546,1.4073
2001-02-05,1.406832575798035,2.8136652,11.559483051300049,0.0,47.0768,0.7657999999999999
2001-02-06,0.8951365947723389,1.7902732,14.66205596923828,0.0,46.3303,1.021
2001-02-07,3.814497947692871,7.628996,12.247280597686768,0.0,46.2025,1.1631
2001-02-08,1.7792373895645142,3.5584748,8.552562236785889,0.0,45.7701,0.8528
2001-02-09,2.748164653778076,5.4963293,8.331185340881348,0.0,46.2444,1.5285000000000002
2001-02-10,7.623572826385498,15.247146,10.27028512954712,0.0,48.3544,3.2114000000000003
2001-02-11,0.6942037343978882,1.3884075,11.261430740356444,0.0,47.0925,0.7662
2001-02-12,1.7096078395843506,3.4192157,13.308865547180176,0.0,46.6679,1.2864
2001-02-13,3.2101824283599854,6.420365,8.80686330795288,0.0,46.3539,1.0551
2001-02-14,0.0,0.0,6.629973888397217,0.0,45.5497,0.7662
2001-02-15,1.1057227849960327,2.2114456,6.588696002960205,0.0,45.0265,0.8295
2001-02-16,0.0,0.0,8.12479543685913,0.0,44.3434,0.7656
2001-02-17,0.0,0.0,9.035651206970217,0.0,43.7102,0.765
2001-02-18,0.0,0.0,12.642412662506104,0.0,43.0267,0.7642
2001-02-19,0.0,0.0,15.875719547271729,0.0,42.3302,0.7633
2001-02-20,0.0,0.0,15.974377632141112,0.0,41.6214,0.7622
2001-02-21,1.6967564821243286,3.393513,16.959247589111328,0.0,41.8971,1.2651
2001-02-22,0.0965005159378051,0.19300103,16.88615131378174,0.0,41.2926,0.7599
2001-02-23,0.0,0.0,17.439958572387695,0.0,40.5204,0.7586
2001-02-24,2.069884419441223,4.1397686,13.387857913970947,0.0,40.9499,1.2284
2001-02-25,5.57433295249939,11.148666,6.39372181892395,0.0,42.867,1.7906
2001-02-26,9.638763427734377,19.277527,6.464441299438477,0.0,47.5775,3.644
2001-02-27,18.85330581665039,37.70661,11.436668395996094,0.0,52.2122,7.3684
2001-02-28,23.50676345825196,47.013527,10.76645803451538,0.0,52.6586,10.535100000000002
2001-03-01,0.402437686920166,0.8048754,9.58745288848877,0.0,48.2799,0.7544
2001-03-02,0.0329322814941406,0.06586456,10.222735404968262,0.0,46.7062,0.7569
2001-03-03,0.0,0.0,13.078805446624756,0.0,45.6798,0.7583
2001-03-04,0.3709235191345215,0.74184704,10.87655258178711,0.0,44.855,0.7842
2001-03-05,0.0356274843215942,0.07125497,10.690736770629885,0.0,44.1203,0.7588
2001-03-06,0.1661838293075561,0.33236766,14.862821578979492,0.0,43.3632,0.7601
2001-03-07,17.502626419067383,35.005253,11.4643235206604,0.0,50.6073,7.041399999999999
2001-03-08,2.321474313735962,4.6429486,8.70073938369751,0.0,48.0212,0.7573
2001-03-09,0.0966029167175293,0.19320583,8.305738925933838,0.0,46.6287,0.7606999999999999
2001-03-10,3.063762307167053,6.1275244,10.128632068634031,0.0,47.1644,1.8903
2001-03-11,11.238757133483888,22.477514,11.02259874343872,0.0,50.3957,5.1587000000000005
2001-03-12,0.2745723724365234,0.54914474,12.804328918457031,0.0,47.7059,0.7569
2001-03-13,0.4387083053588867,0.8774166,11.726226329803469,0.0,46.3644,0.8395
2001-03-14,0.0032210350036621,0.00644207,14.867077827453612,0.0,45.3252,0.7572
2001-03-15,1.004969358444214,2.0099387,16.824517250061035,0.0,44.976,1.0652
2001-03-16,13.75281047821045,27.505621,15.933961868286133,0.0,49.9694,5.377000000000001
2001-03-17,0.5033588409423828,1.0067177,17.63210391998291,0.0,47.521,0.7559
2001-03-18,0.4923114776611328,0.98462296,15.155102252960203,0.0,46.2944,0.799
2001-03-19,16.17347002029419,32.34694,14.23615264892578,0.0,51.26,6.8337
2001-03-20,26.749367713928223,53.498734,15.174939155578612,0.0,52.8246,13.3735
2001-03-21,0.6248729228973389,1.2497458,16.35927963256836,0.0,48.2341,0.7613
2001-03-22,0.1807789802551269,0.36155796,15.94591236114502,0.0,46.4549,0.7708999999999999
2001-03-23,3.2925355434417725,6.585071,19.667028427124023,0.0,45.6696,0.7716000000000001
2001-03-24,2.499372959136963,4.998746,21.99770450592041,0.0,45.3156,1.3383
2001-03-25,11.711439609527588,23.422878,17.02804946899414,0.0,48.7918,4.4599
2001-03-26,5.21476936340332,10.429539,15.09381103515625,0.0,48.1317,1.7002000000000002
2001-03-27,5.177137613296509,10.354275,14.614169120788574,0.0,48.2062,2.0945
2001-03-28,0.2421588897705078,0.48431778,15.79430103302002,0.0,46.63,0.7713
2001-03-29,12.415375709533691,24.830751,11.985994815826416,0.0,50.5086,6.2812
2001-03-30,0.1513400077819824,0.30268002,12.648269653320312,0.0,47.634,0.772
2001-03-31,0.4383680820465088,0.87673616,16.380578994750977,0.0,46.1894,0.8587
2001-04-01,0.0,0.0,15.451114654541016,0.0,45.0937,0.7724
2001-04-02,20.118447303771973,40.236893,14.005813598632812,0.0,52.0694,9.273
2001-04-03,40.47136116027832,80.94272,15.052996158599854,0.0,53.6687,22.0824
2001-04-04,6.246245622634888,12.492491,13.953849792480469,0.0,49.4375,3.0999
2001-04-05,1.335331678390503,2.6706634,15.19938611984253,0.0,47.4035,0.7955
2001-04-06,3.234924793243408,6.4698496,15.109410285949709,0.0,47.3308,1.9993
2001-04-07,6.641748428344727,13.283497,17.78233814239502,0.0,47.8481,2.2758000000000003
2001-04-08,56.67281532287598,113.34563,15.726959705352783,0.0,54.256,32.5258
2001-04-09,0.3305642604827881,0.6611285,18.89647388458252,0.0,48.2915,0.8224
2001-04-10,11.336408615112305,22.672817,16.43900203704834,0.0,50.2032,6.4751
2001-04-11,12.27800750732422,24.556015,12.263185024261476,0.0,50.4635,5.6667
2001-04-12,0.0,0.0,11.121706008911133,0.0,47.5795,0.8424
2001-04-13,0.2577378749847412,0.51547575,13.68557834625244,0.0,46.0679,0.8527
2001-04-14,0.0,0.0,16.28687572479248,0.0,44.7301,0.8457
2001-04-15,1.2085504531860352,2.417101,15.223056316375732,0.0,44.416,1.2633
2001-04-16,4.116344690322876,8.232689,15.20049524307251,0.0,45.2016,1.6057
2001-04-17,0.4940629005432129,0.9881258,18.50543785095215,0.0,44.4057,0.8443
2001-04-18,0.5537259578704834,1.1074519,18.44139289855957,0.0,43.8669,0.946
2001-04-19,9.886157035827637,19.772314,18.326939582824707,0.0,47.5229,3.6372
2001-04-20,32.78744125366211,65.57488,18.608716011047363,0.0,53.3189,14.0606
2001-04-21,6.287057399749756,12.574115,17.521087646484375,0.0,49.5929,2.9091
2001-04-22,15.416839122772217,30.83368,14.10106611251831,0.0,51.1329,7.7143
2001-04-23,8.683748722076416,17.367496,13.11933183670044,0.0,49.7941,3.9987
2001-04-24,1.6701195240020752,3.340239,15.086535930633543,0.0,47.704,0.861
2001-04-25,22.59170722961425,45.183414,14.216279029846191,0.0,52.2698,12.2809
2001-04-26,0.2462069988250732,0.492414,16.091098308563232,0.0,48.0965,0.8692
2001-04-27,0.0331001281738281,0.06620026,19.26443099975586,0.0,46.3052,0.8732
2001-04-28,0.3516426086425781,0.7032852,23.20020198822021,0.0,45.0181,0.8717
2001-04-29,19.19071865081787,38.38144,23.26841926574707,0.0,51.4624,9.3544
2001-04-30,19.72784805297852,39.455696,21.70102882385254,0.0,51.6414,8.0765
2001-05-01,3.848219156265259,7.6964383,19.63932609558105,0.0,48.6458,1.5251
2001-05-02,0.0809283256530761,0.16185665,20.04164123535156,0.0,46.7976,0.8755
2001-05-03,1.1030268669128418,2.2060537,21.597919464111328,0.0,45.7123,1.1534
2001-05-04,8.47844934463501,16.956898,21.44590759277344,0.0,46.9432,2.3286
2001-05-05,16.34737205505371,32.694744,21.31998538970948,0.0,51.0094,6.8504
2001-05-06,19.471274375915527,38.94255,21.630681037902832,0.0,51.9002,9.571
2001-05-07,28.039560317993164,56.07912,22.992795944213867,0.0,52.42,15.2465
2001-05-08,2.6590229272842407,5.3180456,21.986287117004395,0.0,48.4017,0.8946999999999999
2001-05-09,50.50013542175293,101.000275,18.24000072479248,0.0,53.7377,32.3957
2001-05-10,3.9600911140441895,7.920182,16.985922813415527,0.0,48.7764,1.4057
2001-05-11,0.1716604232788086,0.34332085,19.08968544006348,0.0,46.8025,0.9273
2001-05-12,0.7311067581176758,1.4622135,19.912419319152832,0.0,45.4037,1.0696
2001-05-13,0.553400993347168,1.106802,18.17888736724853,0.0,44.5243,0.9278
2001-05-14,1.008625030517578,2.01725,21.98149681091309,0.0,43.978,1.3003
2001-05-15,0.3957817554473877,0.7915635,23.07170391082764,0.0,43.0731,0.9235
2001-05-16,0.058506965637207,0.11701393,22.85372638702393,0.0,42.2123,0.9207
2001-05-17,33.63363075256348,67.26726,19.926222801208496,0.0,53.6865,15.0436
2001-05-18,38.34710121154785,76.6942,20.437864303588867,0.0,53.3777,20.3398
2001-05-19,8.136749744415283,16.273499,22.58098793029785,0.0,49.5777,3.6491
2001-05-20,5.731716871261597,11.463434,23.73775959014893,0.0,48.2363,1.7939
2001-05-21,13.186127185821531,26.372253,22.782780647277832,0.0,49.9262,5.2428
2001-05-22,2.062999725341797,4.1259995,21.52765655517578,0.0,47.5053,0.9493
2001-05-23,2.1905648708343506,4.3811297,21.977686882019043,0.0,46.8136,2.049
2001-05-24,0.078460693359375,0.15692139,23.3212890625,0.0,45.308,0.9482
2001-05-25,0.0428113937377929,0.08562279,24.22295379638672,0.0,44.0347,0.9455
2001-05-26,0.909254550933838,1.8185091,25.25259780883789,0.0,43.0365,0.9425
2001-05-27,2.41473388671875,4.829468,24.748066902160645,0.0,42.7419,1.4257
2001-05-28,9.425665378570557,18.85133,20.84270668029785,0.0,47.5216,4.2351
2001-05-29,0.0,0.0,21.34890842437744,0.0,45.9372,0.9347
2001-05-30,2.402247428894043,4.804495,21.164852142333984,0.0,45.9711,1.6046
2001-05-31,0.7772879600524902,1.5545759,22.87864875793457,0.0,44.8591,0.9293
2001-06-01,0.0,0.0,22.9885368347168,0.0,43.4488,0.9257
2001-06-02,0.4176323413848877,0.8352647,21.98941421508789,0.0,42.6798,0.9455
2001-06-03,4.781253814697266,9.562508,21.098328590393063,0.0,42.997,1.1635
2001-06-04,55.23554039001465,110.471085,20.15347957611084,0.0,54.8692,23.2017
2001-06-05,2.62451171875,5.2490234,22.635168075561523,0.0,48.5076,0.9208
2001-06-06,0.4924969673156738,0.98499393,23.23988628387451,0.0,46.4481,0.9506
2001-06-07,12.284371852874756,24.568745,22.74023532867432,0.0,50.1785,5.79
2001-06-08,21.44932746887207,42.898655,23.20270824432373,0.0,51.9045,9.493
2001-06-09,15.362298965454102,30.724598,23.418832778930664,0.0,51.0214,7.4282
2001-06-10,20.080400466918945,40.1608,23.75506496429444,0.0,51.3054,9.0305
2001-06-11,10.302842378616331,20.605684,23.372987747192383,0.0,50.1366,5.1849
2001-06-12,10.99817705154419,21.996353,23.643718719482425,0.0,50.4521,6.1223
2001-06-13,36.1850643157959,72.37013,21.84185791015625,0.0,53.0711,21.456
2001-06-14,7.806819677352905,15.61364,22.732394218444824,0.0,49.2331,2.8223000000000003
2001-06-15,1.946591854095459,3.8931837,23.74299907684326,0.0,47.1385,0.9852
2001-06-16,0.7630653381347656,1.5261307,24.913796424865723,0.0,45.7082,1.162
2001-06-17,4.922972679138184,9.845945,24.87929630279541,0.0,45.3696,1.075
2001-06-18,2.0076980590820312,4.015396,25.98934936523437,0.0,44.5659,1.131
2001-06-19,3.455438137054444,6.9108763,26.09504985809326,0.0,44.8586,1.9598
2001-06-20,8.938408374786377,17.876816,24.483132362365723,0.0,47.2498,3.2504
2001-06-21,3.479731798171997,6.9594636,25.86790561676025,0.0,46.3071,0.9812
2001-06-22,17.728065967559814,35.45613,25.71649074554444,0.0,51.2932,7.8605
2001-06-23,2.029457092285156,4.058914,25.46753692626953,0.0,48.0523,0.9769
2001-06-24,4.585366725921631,9.170733,25.495805740356445,0.0,48.2863,3.053
2001-06-25,6.133348703384399,12.266697,25.158162117004395,0.0,47.9578,1.8615
2001-06-26,10.658160209655762,21.31632,23.664862632751465,0.0,49.1183,3.3619
2001-06-27,3.537773609161377,7.075547,25.20348834991455,0.0,47.3852,0.9729
2001-06-28,2.1059532165527344,4.2119064,26.39993095397949,0.0,46.5089,1.7051
2001-06-29,2.045493721961975,4.090987,27.299591064453125,0.0,45.3694,0.9689
2001-06-30,0.2992496490478515,0.5984993,27.52313137054444,0.0,43.9865,0.9659
2001-07-01,0.0,0.0,27.618906021118164,0.0,42.6014,0.962
2001-07-02,0.0735189914703369,0.14703798,27.48610591888428,0.0,41.4279,0.9578
2001-07-03,0.6556136608123779,1.3112273,27.080543518066406,0.0,40.4264,0.9538
2001-07-04,0.8456275463104248,1.6912551,26.58933448791504,0.0,39.4311,0.9933
2001-07-05,1.6994421482086182,3.3988843,27.393516540527344,0.0,39.1127,0.9466
2001-07-06,2.6083914041519165,5.2167826,26.37466049194336,0.0,39.61,1.5217
2001-07-07,1.4090765714645386,2.8181531,27.41543769836425,0.0,39.0003,0.9407
2001-07-08,0.0833656787872314,0.16673136,27.22745132446289,0.0,38.0707,0.9375
2001-07-09,0.2245067358016967,0.44901347,28.603371620178223,0.0,37.2211,0.9341
2001-07-10,0.0,0.0,28.80618476867676,0.0,36.1839,0.9308
2001-07-11,7.3941709995269775,14.7883415,29.238815307617188,0.0,39.1416,2.3685
2001-07-12,12.14999008178711,24.29998,27.53332996368408,0.0,43.2657,2.7171000000000003
2001-07-13,7.480809688568115,14.961619,25.215652465820312,0.0,44.0577,1.5001000000000002
2001-07-14,6.809289455413818,13.618579,24.56103134155273,0.0,45.2834,1.7454
2001-07-15,14.847796440124512,29.695593,25.025983810424805,0.0,49.141,3.5334
2001-07-16,10.720863342285156,21.441727,24.18568325042725,0.0,50.3066,3.3962000000000003
2001-07-17,17.830405235290527,35.660812,24.15988826751709,0.0,51.8634,5.9476
2001-07-18,1.6223560571670532,3.244712,25.05872344970703,0.0,48.1395,0.9167
2001-07-19,0.4773449897766113,0.95469,25.9053258895874,0.0,46.3714,0.93
2001-07-20,0.8432033061981201,1.6864066,26.898643493652344,0.0,45.1155,0.9154
2001-07-21,0.0918707847595214,0.18374157,27.718241691589355,0.0,43.8508,0.9143
2001-07-22,0.4328620433807373,0.8657241,28.0991153717041,0.0,42.6641,0.9131
2001-07-23,0.7318207621574402,1.4636415,27.80577564239502,0.0,41.5476,1.001
2001-07-24,0.9766696691513062,1.9533393,27.24633884429932,0.0,40.4016,0.9102
2001-07-25,3.81827449798584,7.636549,25.7519645690918,0.0,41.5246,2.0285
2001-07-26,8.915644645690918,17.83129,25.454480171203613,0.0,44.5171,2.372
2001-07-27,2.457359552383423,4.914719,26.06235408782959,0.0,43.4045,0.9056
2001-07-28,2.848258852958679,5.696518,26.789978981018063,0.0,43.1996,1.6137
2001-07-29,0.8419394493103027,1.6838789,27.36684226989746,0.0,41.6531,0.9025
2001-07-30,3.1243011951446533,6.2486024,26.82799243927002,0.0,41.5781,1.6377000000000002
2001-07-31,62.06256484985352,124.12513,23.819531440734863,0.0,55.3107,23.3589
2001-08-01,19.29036426544189,38.580727,23.83820915222168,0.0,51.3618,7.430000000000001
2001-08-02,8.52969479560852,17.05939,24.710180282592773,0.0,49.1054,2.2641
2001-08-03,1.9727336168289185,3.9454672,26.40991878509521,0.0,47.1274,0.9105
2001-08-04,1.2342108488082886,2.4684217,26.49685764312744,0.0,46.0702,1.3219
2001-08-05,3.796408891677856,7.592818,26.34904193878174,0.0,45.4597,0.9096
2001-08-06,9.610932350158691,19.221865,24.67493152618408,0.0,48.5651,4.5836
2001-08-07,4.230567574501038,8.461135,25.178661346435547,0.0,47.0174,0.9072
2001-08-08,17.29352569580078,34.58705,25.265514373779297,0.0,51.7144,8.4933
2001-08-09,0.0,0.0,25.773881912231445,0.0,47.7134,0.9057
2001-08-10,1.543623149394989,3.0872464,27.26655578613281,0.0,46.4569,1.3779
2001-08-11,12.803622245788574,25.607244,24.50022315979004,0.0,49.6982,4.4914000000000005
2001-08-12,5.229779958724976,10.45956,24.89904499053955,0.0,48.0137,1.2139
2001-08-13,5.286334276199341,10.572668,25.1975679397583,0.0,47.3141,1.3003
2001-08-14,2.9607845544815063,5.921569,25.56007099151612,0.0,46.3486,0.9036
2001-08-15,0.0533849000930786,0.1067698,25.74154567718506,0.0,44.9831,0.9024
2001-08-16,6.346578359603882,12.693157,25.17805290222168,0.0,46.359,2.6684
2001-08-17,0.9127622842788696,1.8255246,25.37487506866455,0.0,45.195,0.9
2001-08-18,0.4555315971374511,0.9110632,25.33869361877441,0.0,44.0472,0.9083
2001-08-19,0.2774823904037475,0.5549648,26.145612716674805,0.0,43.018,0.8976
2001-08-20,5.118825912475586,10.237652,26.200214385986328,0.0,44.9889,2.6929
2001-08-21,0.8769826889038086,1.7539654,26.779894828796387,0.0,43.9834,0.8949
2001-08-22,0.1573057174682617,0.31461143,27.04054355621338,0.0,42.8352,0.8934
2001-08-23,1.1289787292480469,2.2579575,26.55294704437256,0.0,42.0293,0.8919
2001-08-24,22.399141311645508,44.798283,25.700963020324707,0.0,52.2885,8.5855
2001-08-25,3.258142352104187,6.516285,25.3975477218628,0.0,48.368,0.889
2001-08-26,16.408329963684082,32.816658,25.343271255493164,0.0,51.9062,7.237
2001-08-27,4.183546423912048,8.367093,24.86945629119873,0.0,48.4346,0.978
2001-08-28,0.3328503370285034,0.6657007,25.237576484680176,0.0,46.7466,0.8873
2001-08-29,2.338986158370972,4.6779723,25.28798007965088,0.0,46.3809,1.5012
2001-08-30,8.309677124023438,16.619354,25.22985076904297,0.0,47.3495,2.062
2001-08-31,33.80405807495117,67.608116,23.797306060791016,0.0,53.6053,14.7047
2001-09-01,34.85699844360352,69.714,22.41797542572021,0.0,53.1522,19.4952
2001-09-02,1.983259439468384,3.9665189,22.824487686157227,0.0,48.4764,0.8998
2001-09-03,0.193127155303955,0.3862543,24.30491065979004,0.0,46.5702,0.9064
2001-09-04,0.0909285545349121,0.18185711,24.3848237991333,0.0,45.3394,0.9073
2001-09-05,14.914621829986572,29.829243,23.618531227111816,0.0,50.2068,6.8346
2001-09-06,17.618083953857422,35.236168,24.11120319366455,0.0,51.3735,7.3385
2001-09-07,0.3306413888931274,0.6612828,24.01147747039795,0.0,47.8074,0.9083
2001-09-08,0.0468752384185791,0.09375048,23.340835571289062,0.0,46.1083,0.9086
2001-09-09,1.56091570854187,3.1218314,22.759928703308105,0.0,45.0404,0.9432
2001-09-10,0.0,0.0,23.62973594665528,0.0,43.8411,0.9053
2001-09-11,0.1419463157653808,0.28389263,23.14689826965332,0.0,42.8518,0.9112
2001-09-12,0.0926084518432617,0.1852169,23.07745361328125,0.0,41.9807,0.8999
2001-09-13,0.8671597242355347,1.7343194,23.19333267211914,0.0,41.6457,1.2419
2001-09-14,0.1790684461593628,0.3581369,23.61254119873047,0.0,40.7716,0.8967
2001-09-15,0.2347224950790405,0.469445,23.20961093902588,0.0,39.8741,0.8952
2001-09-16,0.8694247603416443,1.7388495,25.637779235839844,0.0,39.2443,0.8937
2001-09-17,0.0,0.0,24.85044479370117,0.0,38.1964,0.8922
2001-09-18,0.7160415053367615,1.432083,25.24449157714844,0.0,37.533,0.9786
2001-09-19,1.725690245628357,3.4513805,24.097853660583496,0.0,37.2628,0.8891
2001-09-20,2.195649206638336,4.3912983,24.424224853515625,0.0,37.9117,1.4769
2001-09-21,1.2409112453460691,2.4818225,24.02318382263184,0.0,37.4397,0.8859
2001-09-22,0.0,0.0,22.31883430480957,0.0,36.5193,0.8842
2001-09-23,0.0,0.0,20.55673885345459,0.0,35.805,0.8826
2001-09-24,0.5906744003295898,1.1813488,23.723591804504395,0.0,35.2331,0.9069
2001-09-25,1.2004680633544922,2.4009361,23.845378875732425,0.0,35.0241,0.8794
2001-09-26,0.0,0.0,23.41252994537353,0.0,34.5859,0.8777
2001-09-27,0.3635894358158111,0.7271789,23.01181697845459,0.0,34.4717,0.8915
2001-09-28,0.0457238554954528,0.09144771,22.48232936859131,0.0,34.3251,0.8745
2001-09-29,7.54390287399292,15.087806,22.398924827575684,0.0,39.6324,2.8438
2001-09-30,0.6982784271240234,1.3965569,24.220812797546387,0.0,38.6755,0.8712
2001-10-01,0.1331757307052612,0.26635146,22.23970413208008,0.0,38.0807,0.8709
2001-10-02,0.1274734437465667,0.2549469,20.97379875183105,0.0,37.5859,0.868
2001-10-03,0.0295193493366241,0.0590387,21.252037048339844,0.0,37.0463,0.8663
2001-10-04,2.6558114290237427,5.3116226,18.72896385192871,0.0,38.209,1.3648
2001-10-05,0.3417818546295166,0.6835637,19.97809219360352,0.0,37.8714,0.8631
2001-10-06,0.4172567129135132,0.8345134,20.8014554977417,0.0,37.5205,0.8687
2001-10-07,0.0793070793151855,0.15861416,21.916223526000977,0.0,37.0811,0.8599
2001-10-08,0.9048398733139038,1.8096797,21.85322093963623,0.0,37.0445,1.007
2001-10-09,0.7080191373825073,1.4160383,19.86187171936035,0.0,36.7393,0.8566
2001-10-10,0.0,0.0,17.701855659484863,0.0,36.1569,0.855
2001-10-11,0.0883554816246032,0.17671096,18.09175395965576,0.0,35.668,0.8546
2001-10-12,0.027789294719696,0.05557859,18.69320583343506,0.0,35.262,0.8518
2001-10-13,0.1447025537490844,0.2894051,18.44229030609131,0.0,34.9346,0.8518
2001-10-14,0.1735424995422363,0.347085,19.194334030151367,0.0,34.7167,0.8486
2001-10-15,0.0258734226226806,0.051746845,19.50145053863525,0.0,34.5264,0.847
2001-10-16,0.0,0.0,21.17605686187744,0.0,34.2992,0.8454
2001-10-17,0.0,0.0,20.084050178527832,0.0,34.1062,0.8438
2001-10-18,0.0006707906723022,0.0013415813,18.98152542114257,0.0,33.9528,0.8422
2001-10-19,0.0324400663375854,0.06488013,17.872925758361816,0.0,33.8013,0.8406
2001-10-20,0.0,0.0,18.706682205200195,0.0,33.6265,0.8391
2001-10-21,0.0,0.0,19.865674018859863,0.0,33.4447,0.8375
2001-10-22,0.1741071939468383,0.3482144,21.00044250488281,0.0,33.3003,0.8372999999999999
2001-10-23,0.1301534175872802,0.26030684,21.612866401672363,0.0,33.1761,0.8343
2001-10-24,0.1149467229843139,0.22989345,21.94254493713379,0.0,33.0475,0.834
2001-10-25,0.3377835750579834,0.67556715,21.978711128234863,0.0,32.9324,0.8312
2001-10-26,0.0,0.0,21.56296730041504,0.0,32.7705,0.8296
2001-10-27,0.046074628829956,0.09214926,20.92171001434326,0.0,32.6767,0.8287
2001-10-28,0.0980288982391357,0.1960578,20.240610122680664,0.0,32.6108,0.8265
2001-10-29,0.0708023905754089,0.14160478,17.65483283996582,0.0,32.5533,0.8258
2001-10-30,0.0110859759151935,0.022171952,17.076318740844727,0.0,32.4766,0.8234
2001-10-31,0.0440080761909484,0.08801615,18.430338859558105,0.0,32.3882,0.8218
2001-11-01,6.214475154876709,12.42895,18.52468967437744,0.0,36.8087,2.0814000000000004
2001-11-02,13.524805068969728,27.04961,17.595791816711426,0.0,46.0385,3.8231
2001-11-03,12.919560432434082,25.83912,18.376437187194824,0.0,50.7699,3.6084
2001-11-04,3.020279288291931,6.040559,17.278610229492188,0.0,48.3085,0.9612
2001-11-05,0.9797469675540924,1.9594939,16.444567680358887,0.0,46.9195,0.8189000000000001
2001-11-06,0.0891128480434417,0.1782257,15.222611427307127,0.0,45.8066,0.8132
2001-11-07,0.0630960166454315,0.12619203,12.87452220916748,0.0,44.8672,0.8111
2001-11-08,0.0517653226852417,0.103530645,13.621582508087158,0.0,43.9304,0.8095
2001-11-09,0.0,0.0,14.814312934875488,0.0,42.9753,0.808
2001-11-10,0.0,0.0,13.98119020462036,0.0,42.1547,0.8065
2001-11-11,0.0,0.0,14.44621753692627,0.0,41.3001,0.805
2001-11-12,0.0,0.0,12.260003089904783,0.0,40.4187,0.8035
2001-11-13,0.0110761523246765,0.022152305,14.72101593017578,0.0,39.8091,0.8019
2001-11-14,0.0,0.0,12.399214267730711,0.0,39.3057,0.8004
2001-11-15,0.0,0.0,10.001630783081056,0.0,38.716,0.7989
2001-11-16,0.0638856887817382,0.12777138,8.294677257537842,0.0,38.2497,0.7974
2001-11-17,1.2435047030448914,2.4870095,9.310429573059082,0.0,37.9735,0.8152
2001-11-18,0.5997644662857056,1.1995289,9.279714107513428,0.0,37.6724,0.8056
2001-11-19,0.1307992339134216,0.26159847,8.456329345703125,0.0,37.364,0.7929
2001-11-20,0.3478109240531921,0.69562185,8.489974975585938,0.0,37.1081,0.7966
2001-11-21,0.0,0.0,8.591935634613037,0.0,36.807,0.7899
2001-11-22,0.0142569541931152,0.028513908,8.743421077728271,0.0,36.5279,0.7885
2001-11-23,0.1321615576744079,0.26432312,9.289709091186523,0.0,36.2515,0.787
2001-11-24,0.0462256371974945,0.092451274,10.311818599700928,0.0,35.9638,0.7855
2001-11-25,0.0,0.0,11.269410610198976,0.0,35.6259,0.784
2001-11-26,0.0,0.0,11.509412288665771,0.0,35.3314,0.7825
2001-11-27,0.0,0.0,11.42595624923706,0.0,35.0564,0.7811
2001-11-28,0.1033554077148437,0.20671082,13.089224338531494,0.0,34.8311,0.7800999999999999
2001-11-29,0.7658511400222778,1.5317023,16.598003387451172,0.0,34.6635,0.7781
2001-11-30,6.726206541061401,13.452414,17.284650802612305,0.0,39.501,2.2698
2001-12-01,3.3817206621170044,6.763441,16.846826553344727,0.0,40.2524,1.0425
2001-12-02,0.0448755621910095,0.089751124,16.40009069442749,0.0,39.906,0.7737
2001-12-03,0.0,0.0,17.548901557922363,0.0,39.3617,0.7723
2001-12-04,0.0038139224052429,0.007627845,17.370254516601562,0.0,38.8206,0.7708
2001-12-05,0.1221134066581726,0.24422681,18.22218418121338,0.0,38.4022,0.7701
2001-12-06,1.00419881939888,2.0083976,12.189918994903564,0.0,38.1819,0.7679
2001-12-07,0.4122527986764908,0.82450557,10.852755546569824,0.0,38.1888,0.8169
2001-12-08,1.1231210827827454,2.246242,13.052690505981444,0.0,38.236,0.7928000000000001
2001-12-09,7.747687339782715,15.495375,14.783142566680908,0.0,43.5845,2.5162
2001-12-10,4.031578660011292,8.063157,13.91947603225708,0.0,45.0613,1.4769
2001-12-11,3.9141443967819214,7.828289,12.94395112991333,0.0,46.3587,1.5241
2001-12-12,0.7677195072174072,1.535439,14.595320224761965,0.0,45.4598,0.7594
2001-12-13,13.23619270324707,26.472385,9.74198579788208,0.0,51.43,4.4393
2001-12-14,0.0634478032588958,0.1268956,7.323179721832275,0.0,48.0784,0.7564
2001-12-15,0.0877276062965393,0.17545521,7.715837478637695,0.0,46.7617,0.7551
2001-12-16,0.1549968272447586,0.30999365,11.307360172271729,0.0,45.9676,0.7536
2001-12-17,2.578152656555176,5.1563053,11.932125568389893,0.0,46.6411,1.3639
2001-12-18,16.71938133239746,33.438763,9.870249271392822,0.0,52.2804,5.5976
2001-12-19,0.4909878671169281,0.98197573,10.612661838531494,0.0,48.4102,0.7494
2001-12-20,0.4595422595739364,0.91908455,11.32259464263916,0.0,47.1169,0.8139000000000001
2001-12-21,2.940026044845581,5.880052,6.391010999679565,0.0,46.5835,0.8959
2001-12-22,0.0139673352241516,0.02793467,3.036405563354492,0.0,45.9429,0.8051999999999999
2001-12-23,0.0644743740558624,0.12894875,3.4296607971191406,0.0,45.3504,0.7571
2001-12-24,0.0017544701695442,0.0035089403,4.201286315917969,0.0,44.8269,0.7518
2001-12-25,0.0087836980819702,0.017567396,4.6390464305877686,0.0,44.3663,0.7464999999999999
2001-12-26,0.1130067110061645,0.22601342,4.349579334259033,0.0,43.9802,0.7495
2001-12-27,0.0669870376586914,0.13397408,4.557437181472778,0.0,43.6418,0.7525999999999999
2001-12-28,0.0577703118324279,0.11554062,4.820614576339722,0.0,43.3051,0.7439
2001-12-29,0.0,0.0,4.407078504562378,0.0,42.9821,0.7404000000000001
2001-12-30,0.0547088980674743,0.109417796,4.1114890575408936,0.0,42.7109,0.7425
2001-12-31,0.0101951360702514,0.020390272,5.740520238876343,0.0,42.4209,0.7374999999999999
2002-01-01,0.0376284718513488,0.07525694,7.461560010910034,0.0,42.093,0.733
2002-01-02,0.1255545318126678,0.25110906,6.254990100860596,0.0,41.8021,0.7361
2002-01-03,0.1475943922996521,0.29518878,4.882360935211182,0.0,41.5914,0.7468
2002-01-04,0.2021427154541015,0.40428543,5.887661933898926,0.0,41.3869,0.7479
2002-01-05,0.0282474756240844,0.05649495,6.671085357666016,0.0,41.0966,0.7297999999999999
2002-01-06,0.0,0.0,7.548703193664551,0.0,40.8094,0.7266
2002-01-07,0.2224456071853637,0.4448912,9.794815063476562,0.0,40.4382,0.7266
2002-01-08,0.1230908632278442,0.24618173,7.571104526519775,0.0,40.1484,0.7223
2002-01-09,0.0811048746109008,0.16220975,7.679938316345215,0.0,39.8372,0.7213999999999999
2002-01-10,0.1835022270679474,0.36700445,8.786466121673584,0.0,39.4738,0.7196
2002-01-11,0.0,0.0,12.251211166381836,0.0,38.9931,0.7182
2002-01-12,0.0361740589141845,0.07234812,13.582436561584473,0.0,38.488,0.7169
2002-01-13,0.3844170570373535,0.7688341,13.41313648223877,0.0,38.1336,0.7156
2002-01-14,1.8137940168380733,3.627588,14.008549690246582,0.0,39.0188,1.2052999999999998
2002-01-15,23.802441596984863,47.60488,16.120831966400146,0.0,52.6775,7.7572
2002-01-16,2.069329619407654,4.1386595,17.44148540496826,0.0,48.4805,0.737
2002-01-17,0.4626235365867615,0.9252471,13.720322132110596,0.0,47.0879,0.7495
2002-01-18,10.109266519546509,20.218533,9.97678804397583,0.0,50.3999,3.7786
2002-01-19,3.235239028930664,6.470478,7.131936550140381,0.0,48.8898,1.5015
2002-01-20,2.2751917243003845,4.5503836,6.30025053024292,0.0,47.9668,1.1609
2002-01-21,0.255746841430664,0.5114937,5.254305124282837,0.0,46.8051,0.7263
2002-01-22,0.1376514434814453,0.2753029,5.026397705078125,0.0,45.9697,0.7096
2002-01-23,0.0521894693374633,0.10437894,5.830746650695801,0.0,45.3353,0.7103
2002-01-24,13.893788814544678,27.787579,5.810660123825073,0.0,51.175,5.6791
2002-01-25,36.8590202331543,73.71804,6.364844560623169,0.0,53.916,17.273600000000002
2002-01-26,2.349809408187866,4.699619,7.391335010528564,0.0,48.9547,1.3706999999999998
2002-01-27,0.1429168581962585,0.28583372,6.245230674743652,0.0,47.3866,0.7108
2002-01-28,2.402184844017029,4.80437,5.863231420516968,0.0,47.3826,1.6761
2002-01-29,0.0794575214385986,0.15891504,7.058812856674194,0.0,46.389,0.7157
2002-01-30,0.0,0.0,6.871023893356323,0.0,45.5745,0.7169
2002-01-31,1.4550929069519043,2.9101858,7.572569847106934,0.0,45.6722,1.2275
2002-02-01,11.692341327667236,23.384682,5.267834663391113,0.0,50.0799,5.5667
2002-02-02,0.618979811668396,1.2379596,5.714179754257202,0.0,47.7983,0.7184
2002-02-03,0.3515828847885132,0.70316577,5.648757219314575,0.0,46.67,0.758
2002-02-04,7.323662042617798,14.647324,7.001928806304932,0.0,48.8796,3.6738
2002-02-05,4.792342185974121,9.584684,8.440134525299072,0.0,48.6462,2.2151
2002-02-06,0.902219295501709,1.8044386,10.481451988220217,0.0,47.1682,0.7216
2002-02-07,0.0,0.0,11.683265209197998,0.0,46.1707,0.7226
2002-02-08,4.012962460517883,8.025925,11.312875270843506,0.0,47.2961,2.3259
2002-02-09,0.9994871616363524,1.9989743,11.93659210205078,0.0,46.4683,0.7311000000000001
2002-02-10,4.347651958465576,8.695304,10.578052043914797,0.0,47.2148,2.0101
2002-02-11,0.4931401014328003,0.9862802,8.800591945648193,0.0,46.186,0.7241
2002-02-12,1.6264933943748474,3.252987,9.127674102783203,0.0,46.0367,1.3121
2002-02-13,1.1585394144058228,2.3170788,9.762637615203856,0.0,45.3972,0.7239
2002-02-14,0.0,0.0,12.553913116455078,0.0,44.6874,0.7235
2002-02-15,1.6508574485778809,3.301715,10.559021949768066,0.0,45.044,1.2772
2002-02-16,0.0,0.0,13.278198719024658,0.0,44.2983,0.7224
2002-02-17,0.0,0.0,14.198163986206056,0.0,43.5395,0.7217
2002-02-18,0.0,0.0,14.356871604919434,0.0,42.831,0.7208
2002-02-19,0.0,0.0,12.164629936218262,0.0,42.3648,0.7198
2002-02-20,0.0,0.0,10.844929218292236,0.0,41.8331,0.7187
2002-02-21,1.6967564821243286,3.393513,12.726566314697266,0.0,42.1803,1.2178
2002-02-22,0.1574883460998535,0.3149767,15.207698822021484,0.0,41.5936,0.7165
2002-02-23,4.455898404121399,8.911797,13.296506404876707,0.0,43.8092,2.1293
2002-02-24,0.4083453416824341,0.8166907,11.67576789855957,0.0,43.4178,0.7141
2002-02-25,0.7242681980133057,1.4485364,13.02120590209961,0.0,43.1414,0.878
2002-02-26,0.5105463266372681,1.0210927,15.55849552154541,0.0,42.6041,0.7117
2002-02-27,0.0,0.0,17.350576400756836,0.0,41.8373,0.7104
2002-02-28,0.0,0.0,17.792125701904297,0.0,41.0838,0.7092
2002-03-01,0.4069864749908447,0.81397295,17.800554275512695,0.0,40.5839,0.7388
2002-03-02,0.0560579299926757,0.11211586,18.07296371459961,0.0,40.0742,0.7067
2002-03-03,0.0,0.0,16.21206760406494,0.0,39.5718,0.7054
2002-03-04,0.3952252864837646,0.7904506,16.816662788391113,0.0,39.046,0.7271
2002-03-05,3.606123447418213,7.212247,12.771340370178224,0.0,38.9986,0.7104
2002-03-06,0.1661838293075561,0.33236766,8.984882831573486,0.0,38.5802,0.7015
2002-03-07,0.2417550086975097,0.48351002,9.505917072296144,0.0,38.0914,0.7076
2002-03-08,0.4304687976837158,0.8609376,11.495807647705078,0.0,37.5753,0.7101999999999999
2002-03-09,0.0966029167175293,0.19320583,14.231262683868408,0.0,36.9695,0.6977
2002-03-10,0.2629662752151489,0.52593255,14.443119525909424,0.0,36.5236,0.6982
2002-03-11,0.3855373859405517,0.7710748,14.742740631103516,0.0,36.3204,0.7427
2002-03-12,0.5255591869354248,1.0511184,17.306056022644043,0.0,35.8835,0.7075
2002-03-13,13.563957214355469,27.127914,16.09268283843994,0.0,44.0368,4.0078000000000005
2002-03-14,9.157641887664797,18.315285,17.246562004089355,0.0,47.2738,2.5331
2002-03-15,20.47077369689941,40.941547,16.408196449279785,0.0,52.6569,6.8961
2002-03-16,16.3026704788208,32.60534,13.393035888671877,0.0,52.0797,6.306299999999999
2002-03-17,4.897937417030335,9.795875,13.515549659729004,0.0,49.4926,2.0609
2002-03-18,0.4923114776611328,0.98462296,14.463492393493652,0.0,47.3925,0.6885
2002-03-19,0.4373788833618164,0.87475777,15.141631603240969,0.0,46.0589,0.7146
2002-03-20,0.6850521564483643,1.3701043,17.464815139770508,0.0,45.0585,0.6884
2002-03-21,0.2884466648101806,0.5768933,19.90781211853028,0.0,44.0698,0.7
2002-03-22,0.7055995464324951,1.4111991,17.55759620666504,0.0,43.271,0.6872
2002-03-23,5.284821510314941,10.569643,11.474897861480711,0.0,46.321,2.7073
2002-03-24,36.72229766845703,73.444595,10.84942388534546,0.0,53.9996,15.7772
2002-03-25,5.660901784896851,11.321804,12.772067070007324,0.0,49.5447,2.3597
2002-03-26,0.0031285285949707,0.006257057,16.754660606384277,0.0,47.325,0.6911
2002-03-27,10.32273769378662,20.645475,18.408662796020508,0.0,49.7873,5.0118
2002-03-28,11.255409240722656,22.510818,16.27021884918213,0.0,50.3892,4.6282000000000005
2002-03-29,7.964904069900513,15.929808,16.892108917236328,0.0,49.7616,3.4719
2002-03-30,0.2809720039367676,0.561944,17.0756196975708,0.0,47.4353,0.6994
2002-03-31,0.4383680820465088,0.87673616,17.296110153198242,0.0,46.053,0.7908000000000001
2002-04-01,0.0,0.0,19.89957427978516,0.0,44.7236,0.7021
2002-04-02,0.0,0.0,20.88859748840332,0.0,43.4758,0.7021
2002-04-03,7.268617630004883,14.537235,21.86389541625977,0.0,46.0497,3.2633
2002-04-04,6.009631872177124,12.019264,19.283562660217285,0.0,46.6052,1.5366
2002-04-05,0.779813289642334,1.5596266,22.845918655395508,0.0,45.3019,0.7002
2002-04-06,2.14964246749878,4.299285,23.428152084350582,0.0,45.0854,1.3726
2002-04-07,0.0,0.0,22.583038330078125,0.0,43.7031,0.6985
2002-04-08,11.924487113952637,23.848974,20.203134536743164,0.0,48.8673,4.7875
2002-04-09,15.48115348815918,30.962307,14.23697566986084,0.0,51.3632,5.4222
2002-04-10,23.08683013916016,46.17366,12.154813766479492,0.0,52.7037,10.5255
2002-04-11,14.599617004394531,29.199234,11.855317115783691,0.0,51.2992,7.1687
2002-04-12,0.0,0.0,14.274208545684814,0.0,47.7343,0.7038
2002-04-13,0.2577378749847412,0.51547575,15.93060541152954,0.0,46.0199,0.7145
2002-04-14,0.0,0.0,18.34541893005371,0.0,44.6231,0.708
2002-04-15,0.0805569887161254,0.16111398,23.039098739624023,0.0,43.5158,0.7081
2002-04-16,0.2041196823120117,0.40823936,23.59855461120605,0.0,42.5395,0.7078
2002-04-17,1.3759331703186035,2.7518663,20.508410453796387,0.0,42.2716,1.1
2002-04-18,8.794519901275635,17.589039,14.351619243621826,0.0,45.5534,2.8325
2002-04-19,0.4026446342468261,0.80528927,16.713436126708984,0.0,44.5908,0.7054
2002-04-20,2.650249481201172,5.300499,20.498162269592285,0.0,44.8512,1.5458
2002-04-21,0.3392012119293213,0.6784024,22.638370513916016,0.0,43.8093,0.7035
2002-04-22,0.4453833103179931,0.8907666,23.69818115234375,0.0,42.7642,0.7181000000000001
2002-04-23,0.3250093460083008,0.6500187,24.41964054107666,0.0,41.798,0.7013
2002-04-24,36.49011421203613,72.980225,20.19720458984375,0.0,54.1088,14.7029
2002-04-25,24.708925247192383,49.41785,13.46894884109497,0.0,52.659,11.1074
2002-04-26,8.759665966033936,17.519333,13.82162380218506,0.0,50.1881,4.145
2002-04-27,0.5601861476898193,1.1203723,16.534388542175293,0.0,47.7099,0.7093
2002-04-28,0.6900432109832764,1.3800864,19.93922519683838,0.0,46.2494,0.8615
2002-04-29,0.1143913269042968,0.22878265,21.851752281188965,0.0,44.9634,0.7134
2002-04-30,0.0,0.0,23.11097240447998,0.0,43.588,0.7136
2002-05-01,1.8560442924499512,3.7120886,24.479177474975582,0.0,43.2537,1.2362
2002-05-02,0.3927874565124511,0.7855749,24.778295516967773,0.0,42.241,0.7125
2002-05-03,1.0503687858581543,2.1007376,24.91447162628174,0.0,41.5126,0.9063
2002-05-04,1.911879539489746,3.823759,25.013834953308105,0.0,40.8629,0.7106
2002-05-05,0.2790746688842773,0.55814934,24.16624164581299,0.0,39.943,0.7105
2002-05-06,0.0,0.0,24.84209442138672,0.0,38.7362,0.7083
2002-05-07,0.0,0.0,24.94429588317871,0.0,37.5035,0.7071
2002-05-08,0.6052265167236328,1.210453,21.564884185791016,0.0,37.0652,0.7944
2002-05-09,1.5824856758117676,3.1649714,21.9725923538208,0.0,36.6939,0.7046
2002-05-10,38.38539695739746,76.7708,20.3012113571167,0.0,54.2345,13.3453
2002-05-11,30.79022979736328,61.58046,19.285903930664062,0.0,53.4359,13.6027
2002-05-12,1.0934972763061523,2.1869946,20.891895294189453,0.0,48.4047,0.706
2002-05-13,0.3941657543182373,0.7883315,21.64962387084961,0.0,46.6679,0.7149
2002-05-14,7.53496527671814,15.069931,23.19451713562012,0.0,46.9987,1.6852
2002-05-15,16.370661735534668,32.741325,21.998581886291504,0.0,50.6053,5.6771
2002-05-16,0.0,0.0,20.264885902404785,0.0,47.4411,0.7118
2002-05-17,5.695319175720215,11.390638,19.272168159484863,0.0,48.3251,2.9586
2002-05-18,0.0,0.0,20.39668083190918,0.0,46.2631,0.7127
2002-05-19,0.1146533489227294,0.2293067,19.84756183624268,0.0,45.0812,0.7125
2002-05-20,4.947412490844727,9.894825,20.201215744018555,0.0,46.7088,2.293
2002-05-21,3.640944480895996,7.281889,21.238563537597656,0.0,46.4096,0.9964
2002-05-22,10.0966477394104,20.193295,22.865777015686035,0.0,48.5212,2.9645
2002-05-23,0.2387259006500244,0.4774518,19.88987445831299,0.0,46.9136,0.7106
2002-05-24,1.5122802257537842,3.0245605,19.81178855895996,0.0,46.2546,1.1679
2002-05-25,0.0428113937377929,0.08562279,20.25819969177246,0.0,45.0293,0.7095
2002-05-26,0.909254550933838,1.8185091,21.98055458068848,0.0,44.1021,0.9154
2002-05-27,0.3985867500305176,0.7971735,22.008251190185547,0.0,43.0156,0.7079
2002-05-28,0.1972036361694336,0.39440727,23.15299797058105,0.0,41.8882,0.7069
2002-05-29,0.0,0.0,24.49844551086425,0.0,40.5481,0.7058
2002-05-30,6.983961582183838,13.967923,23.09652805328369,0.0,43.7137,2.6822
2002-05-31,0.5422244071960449,1.0844488,23.78389263153076,0.0,42.7371,0.7034
2002-06-01,1.5373778343200684,3.0747557,24.713764190673828,0.0,42.506,1.1885
2002-06-02,0.0889139175415039,0.17782784,25.079079627990723,0.0,41.1572,0.701
2002-06-03,0.13759446144104,0.27518892,24.20267391204834,0.0,39.7006,0.6998
2002-06-04,0.3295736312866211,0.65914726,25.10128593444824,0.0,38.5789,0.6985
2002-06-05,0.0,0.0,26.071378707885746,0.0,37.0842,0.6972
2002-06-06,0.7508120536804199,1.5016241,26.11422061920166,0.0,36.5456,0.8039999999999999
2002-06-07,0.1798458099365234,0.35969162,26.262743949890137,0.0,35.801,0.6947
2002-06-08,0.6287293434143066,1.2574587,27.077756881713867,0.0,35.1096,0.6937
2002-06-09,0.1309287548065185,0.2618575,26.95141220092773,0.0,34.7416,0.6921
2002-06-10,1.069413661956787,2.1388273,26.622626304626465,0.0,34.8824,0.8261
2002-06-11,36.5671501159668,73.1343,23.5811071395874,0.0,52.6585,9.053
2002-06-12,0.0,0.0,24.929150581359863,0.0,47.3959,0.6882
2002-06-13,0.5142557621002197,1.0285115,25.84530639648437,0.0,45.0092,0.6917000000000001
2002-06-14,83.81522369384766,167.63045,20.99922180175781,0.0,55.6739,36.0782
2002-06-15,109.02322006225586,218.04645,21.639307975769043,0.0,52.71,93.277
2002-06-16,44.16951370239258,88.33903,21.590063095092773,0.0,52.3043,33.406
2002-06-17,42.20647048950195,84.41294,21.909451484680176,0.0,52.627,29.4597
2002-06-18,31.25743198394776,62.514862,20.13771915435791,0.0,52.2135,20.0349
2002-06-19,3.533977031707764,7.067954,24.160383224487305,0.0,48.3761,0.7727
2002-06-20,1.985572338104248,3.9711447,26.19924068450928,0.0,46.9777,1.3891
2002-06-21,0.227184772491455,0.45436954,27.16731357574463,0.0,45.4835,0.7835
2002-06-22,0.6485276222229004,1.2970552,27.90360164642334,0.0,44.2965,0.8718
2002-06-23,0.4539377689361572,0.90787554,28.235974311828613,0.0,43.2509,0.786
2002-06-24,0.0,0.0,28.2873592376709,0.0,42.1002,0.7839
2002-06-25,15.240942001342772,30.481884,26.52406883239746,0.0,48.9177,6.364800000000001
2002-06-26,11.26141357421875,22.522827,24.96537494659424,0.0,49.0126,2.4789000000000003
2002-06-27,7.876928806304932,15.753858,25.21010112762451,0.0,49.3665,2.8887
2002-06-28,2.6621510982513428,5.324302,26.278742790222168,0.0,47.3914,0.7811
2002-06-29,6.52695369720459,13.053907,24.82038688659668,0.0,48.6921,3.3376
2002-06-30,12.843830585479736,25.68766,23.942039489746094,0.0,50.2592,4.3697
2002-07-01,17.680611610412598,35.36122,24.721906661987305,0.0,51.2418,6.4465
2002-07-02,2.8482264280319214,5.696453,25.988035202026367,0.0,47.888,0.7826
2002-07-03,0.6612870693206787,1.3225741,26.61679649353028,0.0,46.0606,0.8645
2002-07-04,3.789482235908508,7.578964,27.073387145996094,0.0,45.2349,0.7848
2002-07-05,1.0848839282989502,2.1697679,26.93344497680664,0.0,44.2757,1.0793
2002-07-06,10.431611061096191,20.863222,26.43846893310547,0.0,46.6592,2.7095
2002-07-07,6.440190553665161,12.880381,25.018887519836422,0.0,46.9656,1.5882
2002-07-08,26.158806800842285,52.31761,23.468896865844727,0.0,52.7277,10.9629
2002-07-09,6.831321716308594,13.662643,22.38338184356689,0.0,49.8306,3.2711
2002-07-10,2.20609974861145,4.4121995,23.92750835418701,0.0,47.7721,0.7881
2002-07-11,2.61658787727356,5.2331758,25.59412384033203,0.0,46.8793,1.3501
2002-07-12,9.928202629089355,19.856405,26.209545135498047,0.0,48.2638,3.1625
2002-07-13,0.2287540435791015,0.4575081,27.3151330947876,0.0,46.3457,0.7933
2002-07-14,7.175092101097107,14.350184,28.6895751953125,0.0,48.13,3.7655
2002-07-15,1.6244562864303589,3.2489126,28.8021183013916,0.0,46.4219,0.7933
2002-07-16,0.7719427943229675,1.5438856,28.492490768432617,0.0,45.1772,0.9188
2002-07-17,12.997074604034424,25.994148,26.422986030578613,0.0,48.9861,4.183199999999999
2002-07-18,23.012451171875,46.024902,25.09068775177002,0.0,52.224,8.9459
2002-07-19,16.76088047027588,33.52176,24.701520919799805,0.0,51.3657,7.3923
2002-07-20,4.010734796524048,8.021469,24.92771625518799,0.0,48.5444,1.2977
2002-07-21,2.753621220588684,5.507242,25.940251350402832,0.0,47.0102,0.8018
2002-07-22,0.4621274471282959,0.9242549,26.446398735046387,0.0,45.4636,0.8086
2002-07-23,0.4298654794692993,0.85973096,26.95976448059082,0.0,44.2766,0.8049
2002-07-24,0.1880046129226684,0.37600923,27.482569694519043,0.0,43.0891,0.8047
2002-07-25,0.2281191349029541,0.45623827,27.532888412475582,0.0,42.0302,0.804
2002-07-26,3.592393159866333,7.1847863,28.026901245117188,0.0,41.8936,1.3851
2002-07-27,1.7286241054534912,3.4572482,27.26866912841797,0.0,41.1124,0.8019
2002-07-28,2.3021342754364014,4.6042686,26.951074600219727,0.0,41.1052,1.3974
2002-07-29,1.4017616510391235,2.8035233,27.077091217041016,0.0,40.3547,0.7994
2002-07-30,0.2737007141113281,0.5474014,27.365692138671875,0.0,39.3299,0.798
2002-07-31,5.606600284576416,11.213201,25.80597877502441,0.0,40.2743,1.5464
2002-08-01,10.766752243041992,21.533504,23.7949447631836,0.0,45.2928,3.4201
2002-08-02,5.455739259719849,10.911478,25.44192314147949,0.0,45.451,1.2514
2002-08-03,1.3457456827163696,2.6914914,25.84609317779541,0.0,44.5114,0.7925
2002-08-04,4.085695505142212,8.171391,25.56517601013184,0.0,45.719,2.0658
2002-08-05,4.328203201293945,8.656406,24.19550514221192,0.0,46.2308,1.4142
2002-08-06,16.72637939453125,33.45276,24.23811626434326,0.0,51.5019,5.7668
2002-08-07,4.8670289516448975,9.734058,24.51645469665528,0.0,49.0883,1.6573
2002-08-08,13.444577693939207,26.889156,24.4816255569458,0.0,50.9397,4.8561000000000005
2002-08-09,10.115555763244627,20.231112,24.03531646728516,0.0,50.3135,3.7732
2002-08-10,22.800040245056152,45.600082,23.284951210021973,0.0,52.4873,10.5542
2002-08-11,41.659481048583984,83.31896,23.4725399017334,0.0,53.392,23.3092
2002-08-12,4.61101222038269,9.222025,24.785927772521973,0.0,48.5719,0.8492000000000001
2002-08-13,0.6469192504882812,1.2938385,25.879844665527344,0.0,46.7121,0.8376
2002-08-14,0.0902402400970459,0.18048048,26.27662754058838,0.0,45.2849,0.8188
2002-08-15,0.0239050388336181,0.047810078,26.49526691436768,0.0,44.1074,0.8196
2002-08-16,15.537667751312256,31.075336,25.896328926086422,0.0,50.2851,7.4127
2002-08-17,1.4708693027496338,2.9417386,26.18812370300293,0.0,47.4788,0.819
2002-08-18,1.5045355558395386,3.009071,25.508015632629395,0.0,46.5901,1.4747
2002-08-19,0.6749380826950073,1.3498762,25.236109733581543,0.0,45.4332,0.8181
2002-08-20,1.0977554321289062,2.1955109,27.03740882873535,0.0,44.4361,0.9715
2002-08-21,0.7847275733947754,1.5694551,27.420948028564453,0.0,43.5169,0.8165
2002-08-22,3.513911485671997,7.027823,28.14175701141357,0.0,44.1682,1.8985
2002-08-23,6.493207931518555,12.986416,27.777711868286133,0.0,44.7106,1.3048
2002-08-24,2.474902391433716,4.949805,28.01528835296631,0.0,44.0481,0.8131
2002-08-25,2.881534695625305,5.763069,27.890299797058105,0.0,44.0525,1.4996999999999998
2002-08-26,0.2925180196762085,0.58503604,27.476367950439453,0.0,43.0604,0.8106
2002-08-27,5.704067945480347,11.408136,27.096381187438965,0.0,45.9335,3.0753
2002-08-28,20.70210647583008,41.404213,25.179667472839355,0.0,51.3778,5.7512
2002-08-29,3.598636507987976,7.1972733,25.977191925048828,0.0,48.1282,0.8068
2002-08-30,0.1929619312286377,0.38592386,25.89929580688477,0.0,46.2655,0.8059
2002-08-31,1.407299518585205,2.814599,25.401899337768555,0.0,45.0998,0.805
2002-09-01,0.1354968547821045,0.2709937,25.93570327758789,0.0,43.952,0.8109999999999999
2002-09-02,0.3185961246490478,0.63719225,26.13515567779541,0.0,42.9902,0.8028
2002-09-03,0.0976600646972656,0.19532013,25.392991065979004,0.0,41.9697,0.8016
2002-09-04,0.2778646945953369,0.5557294,24.71118354797364,0.0,40.9777,0.8003
2002-09-05,1.4441239833831787,2.888248,25.38521957397461,0.0,40.5305,1.1063
2002-09-06,0.0,0.0,24.353683471679688,0.0,39.3085,0.7976
2002-09-07,1.0348619222640991,2.0697238,21.80226230621338,0.0,38.7921,0.9133
2002-09-08,15.634167671203612,31.268335,22.365324020385746,0.0,46.1379,4.0909
2002-09-09,4.30792498588562,8.61585,24.128989219665527,0.0,45.3293,0.8095
2002-09-10,0.0,0.0,25.20004749298096,0.0,43.717,0.792
2002-09-11,3.750515937805176,7.501032,25.29257774353028,0.0,44.7094,1.9273
2002-09-12,2.066442131996155,4.132884,25.233492851257324,0.0,43.7599,0.7893
2002-09-13,3.250661849975586,6.5013237,24.22767734527588,0.0,44.5207,1.6957
2002-09-14,3.462556838989258,6.9251137,24.7736291885376,0.0,44.2845,0.8808
2002-09-15,14.561094760894775,29.122189,24.17120361328125,0.0,50.219,4.5764
2002-09-16,13.508710384368896,27.017422,22.504244804382324,0.0,51.2304,4.3573
2002-09-17,3.781105995178223,7.562212,21.366528511047363,0.0,49.0134,1.5775
2002-09-18,0.085924744606018,0.17184949,22.96285724639893,0.0,47.0313,0.7828
2002-09-19,0.0130165815353393,0.026033163,24.22512912750244,0.0,45.7672,0.7823
2002-09-20,0.3355647325515747,0.67112947,24.566710472106934,0.0,44.7385,0.7816
2002-09-21,0.0,0.0,24.00968074798584,0.0,43.5482,0.7807
2002-09-22,0.0,0.0,22.40906047821045,0.0,42.5478,0.7797
2002-09-23,0.025073766708374,0.050147533,19.82419490814209,0.0,41.7973,0.7786
2002-09-24,0.8696267604827881,1.7392535,18.19880771636963,0.0,41.5099,0.8883
2002-09-25,4.352587461471558,8.705175,17.06358814239502,0.0,43.253,1.6204
2002-09-26,0.0,0.0,18.538702964782715,0.0,42.1481,0.7751
2002-09-27,12.176397800445557,24.352795,17.362475395202637,0.0,48.8926,4.5472
2002-09-28,1.4037752151489258,2.8075504,18.32058811187744,0.0,47.1729,0.7727
2002-09-29,0.5204814672470093,1.0409629,19.75503730773925,0.0,45.7444,0.7845
2002-09-30,1.1382330060005188,2.276466,20.954809188842773,0.0,44.7423,0.7705
2002-10-01,0.1331757307052612,0.26635146,20.703941345214844,0.0,43.5202,0.7701
2002-10-02,0.1274734437465667,0.2549469,20.57421588897705,0.0,42.2701,0.7682
2002-10-03,0.0295193493366241,0.0590387,20.334582328796387,0.0,40.9194,0.767
2002-10-04,0.9147579669952391,1.8295159,20.35778045654297,0.0,39.7977,0.7659
2002-10-05,0.2615071535110473,0.5230143,21.16297721862793,0.0,38.8625,0.7656999999999999
2002-10-06,12.362785339355469,24.72557,17.837623596191406,0.0,46.2266,4.3493
2002-10-07,0.0989910364151001,0.19798207,16.060739040374756,0.0,44.6296,0.7618
2002-10-08,0.0799182057380676,0.15983641,15.553362846374512,0.0,43.2287,0.7616
2002-10-09,0.1757310628890991,0.35146213,15.6843900680542,0.0,41.9829,0.7593
2002-10-10,0.0,0.0,17.443751335144043,0.0,40.5931,0.758
2002-10-11,0.0883554816246032,0.17671096,19.384485244750977,0.0,39.466,0.758
2002-10-12,0.027789294719696,0.05557859,21.94338130950928,0.0,38.6983,0.7553
2002-10-13,0.1447025537490844,0.2894051,22.087072372436523,0.0,38.0986,0.7557
2002-10-14,0.1735424995422363,0.347085,22.22990226745605,0.0,37.6303,0.7527
2002-10-15,0.0258734226226806,0.051746845,21.664794921875,0.0,37.128,0.7513
2002-10-16,0.5986403226852417,1.1972806,21.27525806427002,0.0,36.7198,0.7499
2002-10-17,3.872863531112671,7.745727,21.647180557250977,0.0,38.0825,1.304
2002-10-18,39.24703979492188,78.49408,19.28545188903809,0.0,54.3778,12.5545
2002-10-19,0.0324400663375854,0.06488013,19.665946006774902,0.0,48.4166,0.7463
2002-10-20,22.08644962310791,44.172897,17.26709270477295,0.0,52.8593,9.5609
2002-10-21,3.024908781051636,6.0498176,17.44497776031494,0.0,48.964,1.3629
2002-10-22,13.443782329559326,26.887566,14.965855598449709,0.0,51.1659,5.909000000000001
2002-10-23,5.489777088165283,10.979554,14.301268100738524,0.0,49.507,2.612
2002-10-24,0.1450107097625732,0.29002142,15.070274829864502,0.0,47.5207,0.7522
2002-10-25,0.3377835750579834,0.67556715,17.643524169921875,0.0,46.2604,0.7672
2002-10-26,0.0,0.0,16.455496788024902,0.0,45.3566,0.7535
2002-10-27,0.1318229436874389,0.2636459,15.739498615264893,0.0,44.7516,0.7575999999999999
2002-10-28,1.0067741870880127,2.0135484,16.21620798110962,0.0,44.3876,0.753
2002-10-29,29.8819637298584,59.763927,15.732842922210692,0.0,53.4483,14.0667
2002-10-30,40.73036956787109,81.46074,15.63705587387085,0.0,53.4911,23.6597
2002-10-31,16.382271766662598,32.76454,17.310141563415527,0.0,51.0843,10.4004
2002-11-01,2.354262113571167,4.708524,16.56047821044922,0.0,48.5524,1.5
2002-11-02,1.9927042126655576,3.9854083,14.815022468566896,0.0,47.1849,0.7950999999999999
2002-11-03,0.0141542255878448,0.028308451,11.84616994857788,0.0,46.0367,0.7957
2002-11-04,0.0,0.0,10.452114582061768,0.0,45.1269,0.7975
2002-11-05,0.0,0.0,10.90170955657959,0.0,44.4189,0.7982
2002-11-06,0.1492869555950164,0.2985739,13.195090770721436,0.0,43.8711,0.7983
2002-11-07,0.1668519377708435,0.33370388,16.751432418823242,0.0,43.2787,0.8005
2002-11-08,0.0517653226852417,0.103530645,15.284010887145996,0.0,42.7058,0.7974
2002-11-09,0.0,0.0,12.90695333480835,0.0,42.1149,0.7966
2002-11-10,0.0,0.0,13.13527488708496,0.0,41.533,0.7956
2002-11-11,0.0,0.0,15.022525310516356,0.0,40.9499,0.7945
2002-11-12,0.0,0.0,17.271554946899414,0.0,40.383,0.7934
2002-11-13,2.519093096256256,5.038186,17.200002670288086,0.0,41.5179,1.5639
2002-11-14,0.1332009732723236,0.26640195,18.015429496765137,0.0,41.1631,0.7909
2002-11-15,20.90885066986084,41.817703,16.521409511566162,0.0,51.6714,8.608699999999999
2002-11-16,17.925786018371582,35.85157,13.146987438201904,0.0,52.1792,8.0796
2002-11-17,1.2625190615653992,2.5250382,14.127727031707764,0.0,48.321,0.7887
2002-11-18,0.5997644662857056,1.1995289,11.79481029510498,0.0,47.0011,0.9234
2002-11-19,0.7370289266109467,1.4740579,12.492741107940674,0.0,46.2405,0.7904
2002-11-20,5.877554893493652,11.75511,14.362417221069336,0.0,48.1935,3.2379
2002-11-21,0.3592974990606308,0.718595,14.86639165878296,0.0,46.9575,0.791
2002-11-22,0.2174596786499023,0.43491936,13.051531791687012,0.0,46.1371,0.7961
2002-11-23,0.1591734290122985,0.31834686,14.51991844177246,0.0,45.4653,0.7912
2002-11-24,0.2852834314107895,0.5705669,13.523705005645752,0.0,44.8605,0.8066
2002-11-25,0.0,0.0,10.2206130027771,0.0,44.282,0.7907
2002-11-26,0.0,0.0,8.91873025894165,0.0,43.735,0.7901
2002-11-27,0.0,0.0,11.25298309326172,0.0,43.2789,0.7893
2002-11-28,9.42388105392456,18.847763,10.990272045135498,0.0,48.1007,4.427
2002-11-29,0.0620197057723999,0.12403941,13.561152458190918,0.0,46.7908,0.7876
2002-11-30,0.0806061029434204,0.1612122,13.894007205963137,0.0,45.8916,0.7872
2002-12-01,1.060578227043152,2.1211565,14.26863956451416,0.0,45.5513,0.9286
2002-12-02,30.856518745422363,61.713036,13.518563270568848,0.0,53.4572,14.227
2002-12-03,7.200785160064697,14.40157,16.14434242248535,0.0,50.086,3.9027
2002-12-04,1.9519768953323364,3.9039538,17.255953788757324,0.0,48.1778,1.2298
2002-12-05,0.3593226075172424,0.7186452,19.24722576141357,0.0,46.8588,0.7952
2002-12-06,0.3462807536125183,0.6925615,19.79118156433105,0.0,45.8502,0.813
2002-12-07,4.1559998989105225,8.312,16.453051567077637,0.0,45.8366,1.2015
2002-12-08,4.8606345653533936,9.72127,9.038565635681152,0.0,46.7935,2.0733
2002-12-09,0.06461101770401,0.12922204,6.336366176605225,0.0,45.9698,0.7998
2002-12-10,0.0453703999519348,0.0907408,4.955686330795288,0.0,45.3381,0.8066000000000001
2002-12-11,1.8388651609420776,3.6777303,5.596309423446655,0.0,45.7127,1.4657
2002-12-12,1.1898560523986816,2.379712,8.103452205657959,0.0,45.264,0.8029999999999999
2002-12-13,0.0,0.0,7.486551284790039,0.0,44.7063,0.7992
2002-12-14,0.0214858353137969,0.04297167,8.390491962432861,0.0,44.2207,0.7987
2002-12-15,0.1208884418010711,0.24177688,12.722508907318115,0.0,43.7348,0.7981
2002-12-16,0.0304088294506073,0.06081766,13.70173978805542,0.0,43.2459,0.7973
2002-12-17,0.0566463321447372,0.113292664,13.927053451538086,0.0,42.8388,0.7964
2002-12-18,6.854451894760132,13.708904,14.466737747192385,0.0,45.9461,3.0261
2002-12-19,7.20865797996521,14.417316,14.367056846618652,0.0,48.0529,2.8381
2002-12-20,4.329042673110962,8.658085,12.801928520202637,0.0,48.3655,2.1316
2002-12-21,2.081501126289368,4.163002,12.875656604766846,0.0,47.7736,1.4205
2002-12-22,2.726240873336792,5.4524817,12.776594161987305,0.0,47.6205,1.5783
2002-12-23,0.1404589116573333,0.28091782,12.883447647094728,0.0,46.5398,0.7916
2002-12-24,0.0270424410700798,0.054084882,11.984493732452393,0.0,45.7821,0.7911
2002-12-25,0.110818862915039,0.22163773,9.80553102493286,0.0,45.1966,0.7906
2002-12-26,3.719753623008728,7.4395075,3.644261360168457,0.0,46.0706,1.7382
2002-12-27,11.90920114517212,23.818401,0.1164841651916503,2.4341,49.2605,4.231
2002-12-28,0.1187840104103088,0.23756802,2.737664699554444,1.4539,48.3225,1.7132
2002-12-29,0.1290048956871032,0.2580098,6.007614135742188,0.1696,47.8325,1.5914
2002-12-30,0.3016069531440735,0.6032139,7.678838729858398,0.0,46.7871,0.8741
2002-12-31,0.0891306400299072,0.17826128,7.476275444030762,0.0,45.9821,0.7896
2003-01-01,0.0376284718513488,0.07525694,6.133622169494629,0.0,45.3599,0.7891
2003-01-02,2.551554322242737,5.1031084,7.474632978439331,0.0,46.0888,1.7251
2003-01-03,1.823138535022736,3.646277,6.173746824264526,0.0,45.5949,0.8022999999999999
2003-01-04,0.2021427154541015,0.40428543,3.883295893669128,0.0,45.1305,0.8479
2003-01-05,0.0282474756240844,0.05649495,5.768743276596069,0.0,44.6838,0.7879
2003-01-06,4.010077476501465,8.020155,4.3572715520858765,0.0,46.3922,2.3297
2003-01-07,19.648155212402344,39.29631,2.9135873317718506,0.0,52.2202,9.2387
2003-01-08,0.1230908632278442,0.24618173,3.6217079162597656,0.0,48.3898,0.8316
2003-01-09,0.0811048746109008,0.16220975,6.593771934509277,0.0,47.0057,0.7889
2003-01-10,0.2974045574665069,0.5948091,7.353085517883301,0.0,46.1386,0.8167
2003-01-11,0.0,0.0,5.221715211868286,0.0,45.4149,0.7909
2003-01-12,0.0361740589141845,0.07234812,5.022296905517578,0.0,44.8718,0.7991
2003-01-13,0.3844170570373535,0.7688341,5.635275840759277,0.0,44.4381,0.8167
2003-01-14,0.0,0.0,6.714426279067993,0.0,43.8993,0.7909
2003-01-15,0.0684832334518432,0.13696647,6.821053504943848,0.0,43.5228,0.7944
2003-01-16,0.2427107095718383,0.48542142,8.86469316482544,0.0,43.135,0.7898
2003-01-17,0.4318717122077942,0.8637434,8.594045162200928,0.0,42.8033,0.8423
2003-01-18,0.0,0.0,9.87046480178833,0.0,42.3545,0.788
2003-01-19,0.0,0.0,10.10699462890625,0.0,41.901,0.787
2003-01-20,0.08987557888031,0.17975116,8.030202865600586,0.0,41.5182,0.7866000000000001
2003-01-21,0.176263689994812,0.35252738,8.903032779693604,0.0,41.1994,0.7848
2003-01-22,3.5510971546173096,7.1021943,10.125078678131104,0.0,43.107,2.0003
2003-01-23,0.0521894693374633,0.10437894,7.089741945266724,0.0,42.7593,0.7824
2003-01-24,0.1092479825019836,0.21849597,6.462443113327026,0.0,42.4652,0.7883
2003-01-25,4.923783540725708,9.847567,10.201258659362791,0.0,44.9329,2.3724
2003-01-26,24.98035049438477,49.9607,11.74626111984253,0.0,53.0307,10.5544
2003-01-27,13.10247039794922,26.20494,6.981524467468262,0.0,51.0321,5.4855
2003-01-28,0.1678254604339599,0.33565092,3.877562403678894,0.0,48.125,0.864
2003-01-29,0.0263646841049194,0.05272937,6.024265289306641,0.0,46.8311,0.7852
2003-01-30,0.0,0.0,8.119953870773315,0.0,45.9204,0.7823
2003-01-31,0.1826348304748535,0.36526966,11.751186847686768,0.0,45.1453,0.7863
2003-02-01,4.3686888217926025,8.737377,9.619324684143066,0.0,46.1567,1.8933
2003-02-02,0.5305980443954468,1.0611961,7.823325395584106,0.0,45.5086,0.7831
2003-02-03,0.4629426002502441,0.9258852,7.794292211532593,0.0,45.0846,0.8732000000000001
2003-02-04,0.1359522342681884,0.27190447,8.9130859375,0.0,44.5448,0.7825
2003-02-05,0.0730392932891845,0.14607859,6.331486225128174,0.0,44.0637,0.7901
2003-02-06,0.8893551826477051,1.7787104,6.352656841278076,0.0,43.8192,0.8699
2003-02-07,0.0,0.0,10.77026891708374,0.0,43.3179,0.7806
2003-02-08,12.651565074920654,25.303131,13.184264659881592,0.0,49.3294,5.5655
2003-02-09,0.2994645833969116,0.59892917,15.612706184387209,0.0,47.367,0.7788
2003-02-10,0.6030471324920654,1.2060943,16.85328483581543,0.0,46.2668,0.9116
2003-02-11,1.0197592973709106,2.0395186,12.483672618865969,0.0,45.5652,0.7772
2003-02-12,8.861234188079834,17.72247,6.681305646896362,0.0,49.2666,4.3046
2003-02-13,8.407890796661377,16.81578,6.244750738143921,0.0,50.3008,4.193
2003-02-14,10.711064338684082,21.422129,8.366304397583008,0.0,50.7473,5.1511
2003-02-15,10.924155712127686,21.848312,12.21238613128662,0.0,50.6682,5.381399999999999
2003-02-16,10.346724510192873,20.693449,13.87653398513794,0.0,50.2015,4.6612
2003-02-17,0.0,0.0,12.08312177658081,0.0,47.6958,0.7843
2003-02-18,0.0098049640655517,0.019609928,14.460105895996094,0.0,46.4099,0.7874
2003-02-19,4.261949777603149,8.523899,12.8297119140625,0.0,47.1584,2.1909
2003-02-20,0.0,0.0,10.5350022315979,0.0,46.0009,0.7901
2003-02-21,1.6967564821243286,3.393513,11.261231422424316,0.0,45.8478,1.3936
2003-02-22,0.0965005159378051,0.19300103,15.370054244995115,0.0,44.9798,0.7905
2003-02-23,1.382735252380371,2.7654705,16.401631832122803,0.0,44.7441,1.2182
2003-02-24,0.2190713882446289,0.43814278,13.61124849319458,0.0,44.156,0.7895
2003-02-25,0.7242681980133057,1.4485364,14.487651348114014,0.0,43.7918,0.9748
2003-02-26,0.5105463266372681,1.0210927,16.59529972076416,0.0,43.1857,0.7878
2003-02-27,0.2720208168029785,0.54404163,15.786242008209229,0.0,42.6701,0.7924000000000001
2003-02-28,0.0,0.0,17.044045448303223,0.0,41.9952,0.7857
2003-03-01,4.916074752807617,9.8321495,17.576624870300293,0.0,44.0208,2.3638
2003-03-02,0.0452330112457275,0.09046602,15.77019500732422,0.0,43.3482,0.7832
2003-03-03,6.252781629562378,12.505564,16.354162216186523,0.0,46.0534,2.8852
2003-03-04,20.957029342651367,41.91406,6.954908847808838,0.0,52.2195,7.7308
2003-03-05,11.919363021850586,23.838726,8.67753553390503,0.0,51.0353,5.066
2003-03-06,5.070955991744995,10.141912,8.096085548400879,0.0,49.1158,2.0887
2003-03-07,0.397963285446167,0.7959266,6.707999229431152,0.0,47.3558,0.781
2003-03-08,0.4304687976837158,0.8609376,7.76610803604126,0.0,46.2499,0.8373999999999999
2003-03-09,0.0966029167175293,0.19320583,8.160994052886963,0.0,45.4774,0.782
2003-03-10,0.0716561079025268,0.14331222,10.305383682250977,0.0,44.7098,0.7831
2003-03-11,0.1233828067779541,0.24676561,10.065337181091309,0.0,44.0525,0.7816
2003-03-12,3.0039411783218384,6.007882,12.213029861450195,0.0,45.0649,1.8229
2003-03-13,1.6640701293945312,3.3281403,13.04163122177124,0.0,44.7278,0.7807
2003-03-14,0.0266017913818359,0.053203583,14.503961086273192,0.0,44.0255,0.7795
2003-03-15,0.2233026027679443,0.4466052,15.628616333007812,0.0,43.3881,0.7802
2003-03-16,0.5303909778594971,1.060782,19.80736541748047,0.0,42.6736,0.8193999999999999
2003-03-17,0.4804883003234863,0.9609766,18.22988510131836,0.0,42.0131,0.8191999999999999
2003-03-18,12.043676853179932,24.087353,10.05175256729126,0.0,47.8358,4.6062
2003-03-19,11.543652534484863,23.087305,7.768958806991577,0.0,50.809,4.876899999999999
2003-03-20,4.593268156051636,9.186537,8.225743770599365,0.0,49.231,2.102
2003-03-21,0.1217391490936279,0.2434783,11.63465929031372,0.0,47.2328,0.7727
2003-03-22,0.1634345054626464,0.326869,12.31450653076172,0.0,45.9619,0.7753
2003-03-23,2.149759531021118,4.299519,11.880576133728027,0.0,45.4688,0.8303
2003-03-24,1.943575382232666,3.8871508,12.884520053863524,0.0,45.2709,1.0238
2003-03-25,0.1875176429748535,0.3750353,14.624349117279053,0.0,44.3659,0.7703
2003-03-26,0.0031285285949707,0.006257057,16.005322456359863,0.0,43.4516,0.7694
2003-03-27,1.368799924850464,2.7375998,16.296189308166504,0.0,43.4879,1.1475
2003-03-28,6.554047107696533,13.108094,12.50942325592041,0.0,45.5824,2.1634
2003-03-29,0.0286328792572021,0.05726576,14.950806140899658,0.0,44.6367,0.7662
2003-03-30,0.1752777099609375,0.35055542,17.55568218231201,0.0,43.7733,0.7733
2003-03-31,1.224738359451294,2.4494767,19.25094413757324,0.0,43.3021,0.7639
2003-04-01,0.0,0.0,21.81069660186768,0.0,42.1202,0.7626
2003-04-02,2.575766324996948,5.1515326,21.25293254852295,0.0,42.5319,1.4047
2003-04-03,24.85117721557617,49.702354,17.64520263671875,0.0,52.6427,8.6289
2003-04-04,10.739749431610107,21.4795,14.550349712371826,0.0,50.8719,4.2484
2003-04-05,1.3171486854553225,2.6342974,14.510649681091309,0.0,47.978,0.7588
2003-04-06,1.43827486038208,2.8765497,14.50248670578003,0.0,46.9407,1.1914
2003-04-07,15.306692600250244,30.613384,13.936988353729248,0.0,51.2284,6.272
2003-04-08,0.202761173248291,0.40552235,18.11014461517334,0.0,47.7706,0.7588
2003-04-09,8.484308004379272,16.968616,13.446264743804932,0.0,49.7163,4.3573
2003-04-10,6.836616396903992,13.673233,12.107990741729736,0.0,49.443,2.8317
2003-04-11,17.91640567779541,35.83281,16.125317096710205,0.0,51.6313,7.5467
2003-04-12,15.128064155578612,30.256128,20.645092010498047,0.0,51.1202,6.7223
2003-04-13,51.26838874816895,102.53677,17.684287071228027,0.0,53.7224,32.2577
2003-04-14,12.693274974822998,25.38655,14.120688438415527,0.0,50.3956,7.3831
2003-04-15,0.091823935508728,0.18364787,15.615480422973633,0.0,47.5479,0.8008
2003-04-16,0.1058137416839599,0.21162748,18.036614418029785,0.0,45.91,0.8067
2003-04-17,0.35323166847229,0.70646334,20.249850273132324,0.0,44.8895,0.8067
2003-04-18,0.0,0.0,22.35470676422119,0.0,43.7907,0.8070999999999999
2003-04-19,3.0089776515960693,6.0179553,23.29747200012207,0.0,43.5645,1.221
2003-04-20,3.865769624710083,7.7315392,23.59816169738769,0.0,43.2813,0.9244
2003-04-21,3.149224042892456,6.298448,21.52183628082276,0.0,44.1606,1.9136
2003-04-22,0.4280390739440918,0.85607815,22.32709312438965,0.0,43.2191,0.8119
2003-04-23,0.3250093460083008,0.6500187,23.650206565856934,0.0,42.1875,0.8025
2003-04-24,3.212631702423096,6.4252634,23.78580474853516,0.0,41.7649,0.8761
2003-04-25,15.825995445251465,31.65199,19.931415557861328,0.0,49.7208,6.6077
2003-04-26,0.0968551635742187,0.19371033,19.598376274108887,0.0,47.0749,0.7988
2003-04-27,0.0331001281738281,0.06620026,21.90069961547852,0.0,45.5094,0.7985
2003-04-28,0.3516426086425781,0.7032852,23.03799819946289,0.0,44.2907,0.7965
2003-04-29,1.762418270111084,3.5248365,23.5867338180542,0.0,43.8182,1.1955
2003-04-30,2.2059487104415894,4.4118977,18.69949722290039,0.0,43.2699,0.794
2003-05-01,0.197056770324707,0.39411354,17.425368309020996,0.0,42.2173,0.7961999999999999
2003-05-02,0.0,0.0,18.36673164367676,0.0,41.1211,0.7914
2003-05-03,8.907976627349854,17.815952,19.74713706970215,0.0,45.781,3.4441
2003-05-04,0.9579143524169922,1.9158287,21.60081577301025,0.0,44.7747,0.7886
2003-05-05,4.555928707122803,9.111857,23.171671867370605,0.0,45.9459,2.1433
2003-05-06,0.7701313495635986,1.5402627,24.4097900390625,0.0,44.5878,0.7859
2003-05-07,8.775347709655762,17.550695,24.61606884002685,0.0,47.6415,3.2635
2003-05-08,8.375020027160645,16.75004,22.08098602294922,0.0,48.7847,2.3305
2003-05-09,1.6530003547668457,3.3060007,20.45893955230713,0.0,47.0114,0.782
2003-05-10,0.1331501007080078,0.2663002,20.59279060363769,0.0,45.5312,0.7808
2003-05-11,8.999867916107178,17.999737,20.984569549560547,0.0,49.0918,3.5428
2003-05-12,1.1342384815216064,2.268477,22.834975242614743,0.0,47.0065,0.7785
2003-05-13,9.322190761566162,18.644382,22.95379447937012,0.0,49.5006,3.5869
2003-05-14,13.23484468460083,26.469688,21.332743644714355,0.0,51.0841,4.3675
2003-05-15,1.4724218845367432,2.9448438,23.31663703918457,0.0,47.9034,0.7758
2003-05-16,83.17989730834961,166.3598,18.708511352539062,0.0,55.2715,45.859100000000005
2003-05-17,19.6677188873291,39.335438,18.43468189239502,0.0,51.3697,12.6483
2003-05-18,5.728091239929199,11.4561825,19.457061767578125,0.0,48.904,2.1581
2003-05-19,0.0579597949981689,0.11591959,21.11183738708496,0.0,46.8407,0.8094
2003-05-20,0.0392637252807617,0.07852745,21.939127922058105,0.0,45.3108,0.811
2003-05-21,1.0629262924194336,2.1258526,21.668103218078613,0.0,44.3761,0.8105
2003-05-22,9.045310497283936,18.090622,19.220759391784668,0.0,48.121,4.5695
2003-05-23,6.678217649459839,13.356436,19.65059757232666,0.0,48.8225,2.7739000000000003
2003-05-24,46.79046249389648,93.580925,20.9774112701416,0.0,53.9712,23.3208
2003-05-25,0.0796051025390625,0.1592102,22.48717975616455,0.0,48.1894,0.819
2003-05-26,0.909254550933838,1.8185091,21.798752784729004,0.0,46.4345,1.0919
2003-05-27,0.3985867500305176,0.7971735,21.89445877075196,0.0,45.1119,0.8245
2003-05-28,0.1972036361694336,0.39440727,23.25303077697754,0.0,43.8511,0.823
2003-05-29,0.0,0.0,23.94784927368164,0.0,42.5621,0.8203
2003-05-30,0.0884613990783691,0.1769228,24.484827995300293,0.0,41.4337,0.8182
2003-05-31,0.4359011650085449,0.87180233,23.334763526916504,0.0,40.3331,0.817
2003-06-01,0.0,0.0,23.348124504089355,0.0,38.9962,0.8158
2003-06-02,0.0889139175415039,0.17782784,23.29039096832276,0.0,37.8499,0.8145
2003-06-03,1.6381497383117676,3.2762995,21.01358413696289,0.0,37.3003,0.8131
2003-06-04,0.3295736312866211,0.65914726,22.63465976715088,0.0,36.2808,0.8157
2003-06-05,5.145906448364258,10.291813,22.997424125671387,0.0,36.5289,0.9589
2003-06-06,30.86061668395996,61.721233,19.9463529586792,0.0,52.8803,10.7967
2003-06-07,4.827159643173218,9.65432,20.926305770874023,0.0,49.2632,1.6712
2003-06-08,3.922751426696777,7.845503,22.00015926361084,0.0,48.0503,1.2481
2003-06-09,0.1756415367126464,0.35128307,22.87417793273925,0.0,46.4043,0.8062
2003-06-10,1.479333519935608,2.958667,23.07788848876953,0.0,45.8385,1.1434
2003-06-11,9.116824626922607,18.23365,23.05407238006592,0.0,48.9174,3.3875
2003-06-12,0.902413845062256,1.8048277,24.17221641540528,0.0,46.9722,0.8038
2003-06-13,19.0041561126709,38.008312,22.76937484741211,0.0,52.3779,8.669
2003-06-14,26.41087245941162,52.821747,20.12683391571045,0.0,52.8733,12.0803
2003-06-15,5.345550060272217,10.6911,20.60698509216309,0.0,48.9861,1.6519
2003-06-16,4.71685528755188,9.43371,20.651785850524902,0.0,47.9396,1.4505
2003-06-17,0.0625720024108886,0.125144,23.536361694335938,0.0,46.1903,0.812
2003-06-18,1.9950542449951167,3.9901085,23.87524700164795,0.0,45.4315,1.3858
2003-06-19,0.75146484375,1.5029297,23.653194427490234,0.0,44.301,0.81
2003-06-20,2.0071001052856445,4.0142,24.833806037902832,0.0,44.0864,1.4191
2003-06-21,4.983462333679199,9.966925,24.059874534606934,0.0,44.5366,1.2606
2003-06-22,0.7790484428405762,1.5580969,25.841835975646973,0.0,43.5582,0.8075
2003-06-23,0.4597189426422119,0.9194379,26.30025863647461,0.0,42.4854,0.81
2003-06-24,0.1588749885559082,0.31774998,26.096656799316406,0.0,41.644,0.8053
2003-06-25,3.23832368850708,6.4766474,25.07313537597656,0.0,42.1948,1.4774
2003-06-26,2.4639683961868286,4.9279366,25.852076530456543,0.0,41.5937,0.8027
2003-06-27,11.827516555786133,23.655033,25.05020999908448,0.0,47.2901,4.6497
2003-06-28,2.1845295429229736,4.369059,25.9696683883667,0.0,45.9288,0.8001
2003-06-29,2.0279409885406494,4.055882,27.1308069229126,0.0,45.3766,1.3609
2003-06-30,0.2992496490478515,0.5984993,27.633639335632324,0.0,44.0508,0.7975
2003-07-01,0.0,0.0,27.5889892578125,0.0,42.5458,0.7961
2003-07-02,0.0735189914703369,0.14703798,28.12569999694824,0.0,41.1723,0.7947
2003-07-03,0.6556136608123779,1.3112273,28.211345672607425,0.0,39.7985,0.7933
2003-07-04,0.8394773006439209,1.6789546,28.14609813690185,0.0,38.2785,0.8265
2003-07-05,1.0323679447174072,2.064736,28.126049995422363,0.0,37.2112,0.7905
2003-07-06,0.4339916706085205,0.86798334,28.274452209472656,0.0,36.2406,0.791
2003-07-07,0.0,0.0,28.16026020050049,0.0,35.471,0.7876
2003-07-08,1.1121433973312378,2.2242868,28.27471923828125,0.0,35.3143,0.971
2003-07-09,0.0,0.0,29.118896484375,0.0,34.6469,0.7846
2003-07-10,0.0,0.0,29.05457305908203,0.0,34.3928,0.7832
2003-07-11,1.053504228591919,2.1070085,28.97684860229492,0.0,34.1779,0.7817
2003-07-12,0.1521282196044922,0.30425644,28.99440860748291,0.0,33.9532,0.7802
2003-07-13,0.1152095794677734,0.23041916,29.64753818511963,0.0,33.7188,0.7788
2003-07-14,0.0,0.0,29.993502616882324,0.0,33.427,0.7773
2003-07-15,0.0124796032905578,0.024959207,29.8823823928833,0.0,33.1779,0.7758
2003-07-16,0.3325568437576294,0.6651137,30.30318069458008,0.0,32.9346,0.7744
2003-07-17,0.1250604391098022,0.25012088,30.396388053894043,0.0,32.6988,0.7729
2003-07-18,0.5877033472061157,1.1754067,29.733068466186523,0.0,32.4821,0.7715
2003-07-19,0.3405025005340576,0.681005,29.95597648620605,0.0,32.2435,0.77
2003-07-20,0.8432729244232178,1.6865458,29.49373817443848,0.0,32.0669,0.7686
2003-07-21,0.0918707847595214,0.18374157,29.43814468383789,0.0,31.8403,0.7671
2003-07-22,0.6334292888641357,1.2668586,29.743855476379395,0.0,31.6286,0.7657
2003-07-23,0.4298654794692993,0.85973096,29.77571964263916,0.0,31.4115,0.7666999999999999
2003-07-24,0.1880046129226684,0.37600923,29.54275703430176,0.0,31.2166,0.7628
2003-07-25,0.222703218460083,0.44540644,29.519721031188965,0.0,30.9967,0.7613
2003-07-26,2.6149706840515137,5.2299414,29.09045791625977,0.0,30.8771,0.7599
2003-07-27,1.6186851263046265,3.2373703,27.486358642578125,0.0,31.8058,1.0676
2003-07-28,1.384758472442627,2.769517,28.09903621673584,0.0,31.1919,0.757
2003-07-29,0.9963219165802002,1.9926438,29.555326461791992,0.0,31.2305,0.8832
2003-07-30,0.5840771198272705,1.1681542,30.618708610534668,0.0,30.763,0.7542
2003-07-31,1.5526474714279177,3.105295,30.652878761291504,0.0,31.2719,0.9461
2003-08-01,0.6836948394775391,1.3673897,30.32754230499268,0.0,30.6889,0.7563
2003-08-02,0.1622838973999023,0.3245678,30.21939754486084,0.0,30.4205,0.7499
2003-08-03,0.2108429670333862,0.42168593,29.52596378326416,0.0,30.2302,0.7485
2003-08-04,3.807488441467285,7.614977,27.701435089111328,0.0,32.6666,1.4187
2003-08-05,12.40762996673584,24.81526,25.064435958862305,0.0,40.3355,2.9324000000000003
2003-08-06,7.799564838409424,15.59913,26.224794387817383,0.0,43.1628,1.6464
2003-08-07,0.150623083114624,0.30124617,28.24063968658448,0.0,41.5525,0.7429
2003-08-08,1.4507050514221191,2.90141,29.610811233520508,0.0,40.6414,1.0124
2003-08-09,0.4863001108169555,0.9726002,29.98384952545166,0.0,38.9815,0.7401
2003-08-10,0.0,0.0,30.859249114990234,0.0,37.4377,0.7387
2003-08-11,11.85009479522705,23.70019,29.32438850402832,0.0,44.3569,3.1999
2003-08-12,4.129885673522949,8.259771,27.84022426605225,0.0,43.1155,0.7359
2003-08-13,2.0290441513061523,4.0580883,27.65203285217285,0.0,42.5087,1.2091
2003-08-14,21.887496948242188,43.774994,26.12211513519287,0.0,52.0628,5.6564
2003-08-15,9.915467739105225,19.830936,25.706722259521484,0.0,50.3988,2.4019
2003-08-16,1.0592461824417114,2.1184924,26.345940589904785,0.0,47.6904,0.7304
2003-08-17,1.965306162834168,3.9306123,26.8685941696167,0.0,46.9666,1.1996
2003-08-18,0.9587116241455078,1.9174232,27.677658081054688,0.0,45.5113,0.7277
2003-08-19,0.9923467040061952,1.9846934,27.49280166625977,0.0,43.9407,0.8102999999999999
2003-08-20,4.405488848686218,8.810978,25.555986404418945,0.0,44.2165,0.932
2003-08-21,4.076571941375732,8.153144,26.017911911010746,0.0,43.8912,0.7575000000000001
2003-08-22,1.4813308715820312,2.9626617,27.080059051513672,0.0,43.032,1.0201
2003-08-23,0.0846569538116455,0.16931391,26.87660121917725,0.0,41.2949,0.7208
2003-08-24,1.1807334423065186,2.361467,27.883553504943848,0.0,39.9231,0.8374
2003-08-25,2.168851137161255,4.3377023,27.304816246032715,0.0,38.9544,0.8048
2003-08-26,0.0422673225402832,0.084534645,27.912303924560547,0.0,37.8627,0.7168
2003-08-27,0.0556116104125976,0.11122322,28.671358108520508,0.0,37.0887,0.7154
2003-08-28,0.0,0.0,28.837576866149902,0.0,36.1466,0.7141
2003-08-29,0.2204004526138305,0.4408009,28.86477565765381,0.0,35.4008,0.7127
2003-08-30,1.0404030084609983,2.080806,28.761308670043945,0.0,34.9352,0.7114
2003-08-31,10.140379428863524,20.280758,26.64910221099853,0.0,41.4648,2.9226
2003-09-01,0.2881753444671631,0.5763507,26.154008865356445,0.0,39.9266,0.7212
2003-09-02,0.7759590148925781,1.551918,27.606863021850582,0.0,39.6337,0.8672
2003-09-03,3.447872519493103,6.8957453,26.887364387512207,0.0,39.3338,0.7061
2003-09-04,0.2077856063842773,0.4155712,27.199413299560547,0.0,38.5497,0.7047
2003-09-05,0.6892197132110596,1.3784394,26.90738582611084,0.0,37.9019,0.7034
2003-09-06,0.0,0.0,27.18865394592285,0.0,37.1762,0.7021
2003-09-07,0.3419879674911499,0.68397593,27.724327087402344,0.0,36.4151,0.7007
2003-09-08,0.0348702669143676,0.069740534,27.906067848205566,0.0,35.6758,0.6994
2003-09-09,1.56091570854187,3.1218314,27.89452171325684,0.0,35.9546,0.9375
2003-09-10,1.2619327306747437,2.5238655,27.09692096710205,0.0,35.4735,0.6968
2003-09-11,6.223702907562256,12.447406,24.32211971282959,0.0,38.6568,1.7454
2003-09-12,0.0926084518432617,0.1852169,24.09245109558105,0.0,37.9087,0.6942
2003-09-13,0.7687540054321289,1.537508,24.896804809570312,0.0,37.3485,0.7626
2003-09-14,5.036512613296509,10.073025,26.67106914520264,0.0,37.2022,0.6928
2003-09-15,3.896065831184387,7.7921314,26.110663414001465,0.0,39.0582,1.4559
2003-09-16,4.74341893196106,9.486837,26.132906913757324,0.0,38.7599,0.6982999999999999
2003-09-17,1.45195734500885,2.9039147,26.862035751342773,0.0,38.7587,0.9222
2003-09-18,0.1412779092788696,0.28255582,27.51563835144043,0.0,37.995,0.6864
2003-09-19,7.0701093673706055,14.140219,26.981749534606934,0.0,42.541,2.4109
2003-09-20,14.641488075256348,29.282976,25.31404590606689,0.0,47.99,3.2148000000000003
2003-09-21,20.31834888458252,40.636696,21.252041816711422,0.0,52.5451,5.4308000000000005
2003-09-22,0.0,0.0,19.676847457885746,0.0,48.1751,0.6812
2003-09-23,5.211082935333252,10.422166,18.12735176086425,0.0,49.14,2.1469
2003-09-24,3.172119617462158,6.344239,20.10026741027832,0.0,47.4679,0.6794
2003-09-25,1.2004680633544922,2.4009361,21.58343505859375,0.0,46.3271,0.8729
2003-09-26,0.0,0.0,22.28589916229248,0.0,44.9122,0.6761
2003-09-27,0.2602721750736236,0.52054435,23.44358921051025,0.0,43.6267,0.6768
2003-09-28,0.0379921197891235,0.07598424,23.35818290710449,0.0,42.2967,0.6736
2003-09-29,0.1774742603302002,0.35494852,23.87695980072021,0.0,40.7928,0.6723
2003-09-30,0.4465919733047485,0.89318395,24.01722621917725,0.0,39.5242,0.6711
2003-10-01,0.1331757307052612,0.26635146,24.002674102783203,0.0,38.4471,0.6704
2003-10-02,0.1274734437465667,0.2549469,24.588930130004883,0.0,37.5496,0.6685
2003-10-03,2.564038038253784,5.128076,24.5251693725586,0.0,38.6535,1.2336
2003-10-04,1.8985295295715328,3.797059,21.496910095214844,0.0,38.4522,0.666
2003-10-05,0.2615071535110473,0.5230143,22.041240692138672,0.0,37.9049,0.6659999999999999
2003-10-06,0.3246567249298095,0.64931345,22.49980354309082,0.0,37.3842,0.6635
2003-10-07,0.1656633615493774,0.33132672,21.695384979248047,0.0,36.979,0.6638
2003-10-08,0.2400534451007843,0.4801069,22.006385803222656,0.0,36.6449,0.661
2003-10-09,0.1757310628890991,0.35146213,23.73036289215088,0.0,36.1539,0.6608
2003-10-10,0.0,0.0,23.65628242492676,0.0,35.5122,0.6585
2003-10-11,0.1937107145786285,0.38742143,24.449277877807617,0.0,35.0837,0.6595
2003-10-12,0.1065896153450012,0.21317923,25.39375114440918,0.0,34.7399,0.6561
2003-10-13,5.644211530685425,11.288424,21.0881404876709,0.0,39.941,2.3977
2003-10-14,2.4322811365127563,4.864562,15.240351676940918,0.0,40.1415,0.7676
2003-10-15,0.0258734226226806,0.051746845,17.449604988098145,0.0,39.3107,0.6524
2003-10-16,0.0,0.0,16.20527410507202,0.0,38.6098,0.6511
2003-10-17,0.0,0.0,15.901273250579834,0.0,38.0209,0.6499
2003-10-18,0.0006707906723022,0.0013415813,16.1926908493042,0.0,37.5078,0.6487
2003-10-19,0.0324400663375854,0.06488013,15.673750877380373,0.0,37.0087,0.6475
2003-10-20,0.0,0.0,16.068123817443848,0.0,36.4508,0.6462
2003-10-21,0.0,0.0,16.636991500854492,0.0,35.9093,0.645
2003-10-22,0.1741071939468383,0.3482144,16.71929931640625,0.0,35.4576,0.6453
2003-10-23,0.1301534175872802,0.26030684,15.681172847747805,0.0,35.1136,0.6426
2003-10-24,0.1149467229843139,0.22989345,14.693079471588137,0.0,34.8492,0.6426
2003-10-25,0.3377835750579834,0.67556715,15.396132946014404,0.0,34.6618,0.6402
2003-10-26,0.0,0.0,16.151219367980957,0.0,34.4703,0.639
2003-10-27,0.0288385152816772,0.05767703,17.257890701293945,0.0,34.3233,0.6382
2003-10-28,0.0803155899047851,0.16063118,17.473610877990723,0.0,34.1644,0.6366
2003-10-29,0.004107654094696,0.008215308,16.87001323699951,0.0,33.9988,0.6354
2003-10-30,0.0,0.0,16.840250968933105,0.0,33.8218,0.6342
2003-10-31,0.0,0.0,17.13507843017578,0.0,33.6544,0.633
2003-11-01,0.0,0.0,17.8056058883667,0.0,33.4802,0.6318
2003-11-02,0.2239829301834106,0.44796586,18.170708656311035,0.0,33.3367,0.6325000000000001
2003-11-03,0.0072686076164245,0.014537215,18.54664707183838,0.0,33.1824,0.6294
2003-11-04,0.0,0.0,17.887941360473633,0.0,33.0632,0.6282
2003-11-05,0.0,0.0,18.01451301574707,0.0,32.9407,0.627
2003-11-06,0.0891128480434417,0.1782257,18.726051330566406,0.0,32.8202,0.6258
2003-11-07,0.1558409035205841,0.3116818,20.61372947692871,0.0,32.7049,0.6264000000000001
2003-11-08,4.075806140899658,8.151612,20.308284759521484,0.0,34.7774,1.1961
2003-11-09,26.7358341217041,53.47167,15.396948337554932,0.0,51.9414,6.8853
2003-11-10,1.5163160860538485,3.032632,13.314551830291748,0.0,48.2894,0.6245999999999999
2003-11-11,0.0166987776756286,0.033397555,10.916871547698976,0.0,46.9221,0.62
2003-11-12,0.0,0.0,9.895017147064207,0.0,45.9107,0.6188
2003-11-13,0.0056601166725158,0.011320233,10.044032573699951,0.0,44.9875,0.6176
2003-11-14,0.0,0.0,13.11473560333252,0.0,43.9857,0.6165
2003-11-15,0.0,0.0,15.451397895812988,0.0,42.8965,0.6153
2003-11-16,0.0638856887817382,0.12777138,16.975964546203613,0.0,41.992,0.6142
2003-11-17,1.2435047030448914,2.4870095,17.093008995056152,0.0,41.8184,0.6849999999999999
2003-11-18,3.877535700798034,7.7550716,17.593836784362793,0.0,42.8848,1.0298
2003-11-19,0.1369496285915374,0.27389926,20.84638977050781,0.0,42.1518,0.6107
2003-11-20,2.2660903930664062,4.532181,21.08538818359375,0.0,42.567,1.0796
2003-11-21,18.25928020477295,36.518562,15.382153034210203,0.0,51.2166,4.7758
2003-11-22,0.9256249964237212,1.8512499,12.482287406921388,0.0,47.9789,0.6073
2003-11-23,0.1321615576744079,0.26432312,11.6782488822937,0.0,46.5355,0.6073999999999999
2003-11-24,0.0462256371974945,0.092451274,15.167292594909668,0.0,45.541,0.605
2003-11-25,0.0,0.0,14.57729148864746,0.0,44.5549,0.6038
2003-11-26,0.0,0.0,14.623859882354736,0.0,43.8172,0.6027
2003-11-27,0.0,0.0,13.45952844619751,0.0,43.1237,0.6016
2003-11-28,0.2145746946334839,0.4291494,12.790555477142334,0.0,42.7558,0.6030000000000001
2003-11-29,0.0035302639007568,0.007060528,10.359774112701416,0.0,42.3437,0.5993
2003-11-30,0.0751900672912597,0.15038013,6.968913793563843,0.0,41.8239,0.5983999999999999
2003-12-01,0.0480894446372985,0.09617889,7.066524267196655,0.0,41.3612,0.6003
2003-12-02,0.0219653844833374,0.04393077,7.475121021270752,0.0,40.8943,0.5971
2003-12-03,0.0,0.0,8.046101808547974,0.0,40.4279,0.5958
2003-12-04,0.0038139224052429,0.007627845,9.32692575454712,0.0,39.8853,0.5937
2003-12-05,0.1221134066581726,0.24422681,11.464058876037598,0.0,39.3023,0.5934
2003-12-06,0.0,0.0,12.597581386566162,0.0,38.6748,0.5915
2003-12-07,0.2713746428489685,0.5427493,10.76348066329956,0.0,38.4815,0.6072000000000001
2003-12-08,0.0935655534267425,0.1871311,10.57936954498291,0.0,38.3092,0.5892
2003-12-09,3.140127897262573,6.280256,11.159244537353516,0.0,40.2887,1.3238
2003-12-10,0.0512213110923767,0.10244262,12.002973079681396,0.0,39.832,0.587
2003-12-11,0.0,0.0,9.812542915344238,0.0,39.5098,0.5863999999999999
2003-12-12,0.1356177330017089,0.27123547,7.395285606384277,0.0,39.1737,0.5848
2003-12-13,0.0,0.0,5.385868310928345,0.0,38.8744,0.5869
2003-12-14,0.0214858353137969,0.04297167,4.893733024597168,0.0,38.5958,0.588
2003-12-15,0.0877276062965393,0.17545521,5.069396018981934,0.0,38.3658,0.5903
2003-12-16,0.0304088294506073,0.06081766,5.23844838142395,0.0,38.1607,0.5876
2003-12-17,0.037631943821907,0.07526389,6.110083341598511,0.0,37.9599,0.5848
2003-12-18,0.0,0.0,7.52003288269043,0.0,37.6577,0.5782
2003-12-19,0.0772748589515686,0.15454972,6.539429664611816,0.0,37.4813,0.5773999999999999
2003-12-20,0.0,0.0,3.1285645961761475,0.0,37.3834,0.597
2003-12-21,0.093922734260559,0.18784547,3.9350781440734863,0.0,37.2457,0.5828
2003-12-22,0.0139673352241516,0.02793467,6.837542533874512,0.0,37.0329,0.5758
2003-12-23,0.0644743740558624,0.12894875,8.799384117126465,0.0,36.7417,0.5728
2003-12-24,0.0017544701695442,0.0035089403,9.734821319580078,0.0,36.4425,0.5717
2003-12-25,0.0087836980819702,0.017567396,11.129812240600586,0.0,36.1381,0.5707
2003-12-26,0.1130067110061645,0.22601342,9.856969833374023,0.0,35.9332,0.57
2003-12-27,0.0669870376586914,0.13397408,4.756264925003052,0.0,35.8264,0.5812
2003-12-28,0.0577703118324279,0.11554062,4.790507316589356,0.0,35.6932,0.5734
2003-12-29,0.0,0.0,7.602252960205078,0.0,35.4995,0.5672
2003-12-30,0.0547088980674743,0.109417796,9.739617824554443,0.0,35.2432,0.5653
2003-12-31,0.0101951360702514,0.020390272,10.693320274353027,0.0,35.0012,0.5642
2004-01-01,0.0376284718513488,0.07525694,9.101889610290527,0.0,34.7911,0.5632
2004-01-02,0.1483558118343353,0.29671162,10.228498458862305,0.0,34.6495,0.5631
2004-01-03,0.1475943922996521,0.29518878,10.19454288482666,0.0,34.5024,0.5611
2004-01-04,0.2021427154541015,0.40428543,10.628086566925049,0.0,34.3317,0.5617000000000001
2004-01-05,0.0282474756240844,0.05649495,13.397632598876951,0.0,34.1497,0.5589
2004-01-06,0.0,0.0,13.3157000541687,0.0,33.984,0.5579
2004-01-07,0.2224456071853637,0.4448912,12.882652282714844,0.0,33.8771,0.5580999999999999
2004-01-08,0.1230908632278442,0.24618173,12.357451438903809,0.0,33.8184,0.5558
2004-01-09,0.0811048746109008,0.16220975,12.583757877349854,0.0,33.7091,0.5550999999999999
2004-01-10,1.3640780448913574,2.728156,13.253846645355225,0.0,33.6355,0.5537
2004-01-11,8.007529258728027,16.015059,10.841058731079102,0.0,39.056,2.141
2004-01-12,0.090621531009674,0.18124306,7.981831312179565,0.0,38.8805,0.5516
2004-01-13,0.3844170570373535,0.7688341,5.4554526805877686,0.0,38.6552,0.5579999999999999
2004-01-14,0.0,0.0,6.944056272506714,0.0,38.4023,0.5495
2004-01-15,0.9450545907020568,1.8901092,8.880229473114014,0.0,38.6994,0.7031
2004-01-16,5.511606216430664,11.023212,8.82538890838623,0.0,41.6952,1.506
2004-01-17,0.4318717122077942,0.8637434,7.347602605819702,0.0,41.4711,0.5464
2004-01-18,1.6432870626449585,3.2865741,7.5263991355896,0.0,42.1175,0.8683000000000001
2004-01-19,0.4047101736068725,0.80942035,5.740194082260132,0.0,41.9153,0.5444
2004-01-20,7.594356060028076,15.188712,3.4993317127227783,0.0,46.8843,2.4341
2004-01-21,0.2439222335815429,0.48784447,2.714794635772705,0.0,45.9386,0.6013
2004-01-22,0.1376514434814453,0.2753029,2.506622076034546,0.0,45.2537,0.5634
2004-01-23,0.8449244499206543,1.6898489,4.5973944664001465,0.0,44.7986,0.5507
2004-01-24,0.0976850986480712,0.1953702,2.136153221130371,0.0,44.3874,0.5774
2004-01-25,0.2215200662612915,0.44304013,1.1624362468719482,0.0,44.0694,0.5678
2004-01-26,0.0,0.0,4.211146354675293,0.0,43.684,0.5372
2004-01-27,0.0506952404975891,0.10139048,5.538251161575317,0.0,43.26,0.5362
2004-01-28,0.211613655090332,0.4232273,5.177671909332275,0.0,42.9016,0.5391
2004-01-29,8.261979579925537,16.52396,5.781153440475464,0.0,47.8992,2.5783
2004-01-30,0.0,0.0,8.959037780761719,0.0,46.4301,0.5332
2004-01-31,0.1826348304748535,0.36526966,9.518742561340332,0.0,45.4153,0.5343
2004-02-01,5.52986216545105,11.059725,11.90184497833252,0.0,47.1405,1.4643000000000002
2004-02-02,35.59927177429199,71.19855,9.56776475906372,0.0,54.1662,11.0563
2004-02-03,13.312757968902588,26.625515,3.6016381978988647,0.0,51.6366,5.1531
2004-02-04,2.481130301952362,4.9622607,2.151559591293335,0.0,48.8594,1.1725
2004-02-05,3.5825071334838867,7.1650143,4.78464150428772,0.0,48.3127,1.5207000000000002
2004-02-06,0.902219295501709,1.8044386,7.764423608779907,0.0,46.9523,0.5278
2004-02-07,1.248263955116272,2.496528,6.344287872314453,0.0,46.5442,0.9013
2004-02-08,20.14545249938965,40.290905,2.140336275100708,0.1727,52.2645,8.705400000000001
2004-02-09,1.223097801208496,2.4461956,5.483505725860596,0.0,48.5806,0.8360000000000001
2004-02-10,0.6030471324920654,1.2060943,6.347513914108276,0.0,47.0809,0.5829
2004-02-11,0.4931401014328003,0.9862802,8.660652160644531,0.0,46.109,0.5588000000000001
2004-02-12,1.6264933943748474,3.252987,11.689935207366943,0.0,45.4908,0.5861000000000001
2004-02-13,1.2125475406646729,2.425095,12.52606725692749,0.0,44.935,0.611
2004-02-14,0.0,0.0,9.4114408493042,0.0,44.1234,0.5326
2004-02-15,1.1057227849960327,2.2114456,9.479551315307615,0.0,43.9516,0.8572
2004-02-16,0.0,0.0,11.337000846862791,0.0,43.2422,0.5323
2004-02-17,0.0,0.0,13.6616473197937,0.0,42.5286,0.5318
2004-02-18,2.832697987556457,5.6653957,16.03769588470459,0.0,43.3977,1.4056
2004-02-19,2.024033069610596,4.048066,15.988993644714355,0.0,43.052,0.5306
2004-02-20,0.0,0.0,17.010071754455566,0.0,42.2727,0.5299
2004-02-21,1.6967564821243286,3.393513,17.340118408203125,0.0,42.4772,1.0274
2004-02-22,0.9149092435836792,1.8298185,15.440136432647703,0.0,42.0196,0.5283
2004-02-23,0.0,0.0,10.978984832763672,0.0,41.4264,0.5275
2004-02-24,3.676494598388672,7.352989,7.601538896560669,0.0,43.2192,1.639
2004-02-25,2.336790084838867,4.67358,10.460386276245115,0.0,43.0623,0.5382
2004-02-26,0.5105463266372681,1.0210927,11.800714015960692,0.0,42.6457,0.5439
2004-02-27,0.0,0.0,13.411601066589355,0.0,41.9586,0.524
2004-02-28,0.0,0.0,16.898822784423828,0.0,41.1263,0.5232
2004-02-29,19.32509422302246,38.65019,14.362431049346924,0.0,51.4904,7.3664
2004-03-01,38.65018844604492,77.30038,11.82603883743286,0.0,54.0057,16.0805
2004-03-02,19.070775032043457,38.14155,6.761025905609131,0.0,51.9663,9.9768
2004-03-03,2.2476011514663696,4.495202,7.715905666351318,0.0,48.5265,0.8272999999999999
2004-03-04,0.3709235191345215,0.74184704,6.835824728012085,0.0,46.9881,0.5679
2004-03-05,0.0356274843215942,0.07125497,9.10226058959961,0.0,45.9234,0.5472999999999999
2004-03-06,0.1661838293075561,0.33236766,12.813409805297852,0.0,45.0388,0.5426
2004-03-07,0.2417550086975097,0.48351002,10.780061721801758,0.0,44.3739,0.5566
2004-03-08,0.4304687976837158,0.8609376,9.104726791381836,0.0,43.7811,0.544
2004-03-09,0.0966029167175293,0.19320583,11.110569953918455,0.0,43.0724,0.544
2004-03-10,0.0534852743148803,0.10697055,14.42684555053711,0.0,42.3135,0.5438
2004-03-11,0.1233828067779541,0.24676561,17.054956436157227,0.0,41.5325,0.5609999999999999
2004-03-12,0.8761398792266846,1.7522798,14.34827184677124,0.0,41.0918,0.5428
2004-03-13,0.8567647933959961,1.7135296,11.930514335632324,0.0,41.1418,0.7657
2004-03-14,0.3593018054962158,0.7186036,13.86835527420044,0.0,40.8441,0.5414
2004-03-15,0.0,0.0,15.566146850585938,0.0,40.0496,0.5406
2004-03-16,0.3110370635986328,0.6220741,15.317429542541504,0.0,39.519,0.5498999999999999
2004-03-17,0.3893349170684814,0.77866983,19.218048095703125,0.0,38.8832,0.5389
2004-03-18,14.691823959350586,29.383648,13.745951175689695,0.0,47.2029,5.3786000000000005
2004-03-19,9.04643201828003,18.092865,11.41313934326172,0.0,49.4726,3.0969
2004-03-20,0.7594716548919678,1.5189433,15.253264904022217,0.0,47.3221,0.5363
2004-03-21,0.3611631393432617,0.7223263,13.777141094207764,0.0,46.1918,0.5641999999999999
2004-03-22,0.1634345054626464,0.326869,11.026593208312988,0.0,45.4822,0.5349
2004-03-23,14.281556129455566,28.563112,9.493340969085692,0.0,51.322,5.925400000000001
2004-03-24,10.301496505737305,20.602993,10.063747882843018,0.0,50.9798,4.4885
2004-03-25,38.01916313171387,76.03833,10.338919162750244,0.0,53.7638,19.4094
2004-03-26,11.8515362739563,23.703072,9.882830142974854,0.0,50.7839,7.0051
2004-03-27,0.1174485683441162,0.23489714,9.994629383087158,0.0,48.0561,0.5534
2004-03-28,0.1441049575805664,0.28820992,13.500357151031494,0.0,46.5509,0.5627
2004-03-29,0.4015161991119385,0.8030324,13.919292449951172,0.0,45.7544,0.5628
2004-03-30,0.1513400077819824,0.30268002,16.27994728088379,0.0,44.7975,0.5671
2004-03-31,17.789552688598633,35.579105,14.096427917480469,0.0,51.037,7.5237
2004-04-01,30.15491485595703,60.30983,13.082298755645752,0.0,52.9457,15.1042
2004-04-02,0.0,0.0,15.442671775817873,0.0,48.0832,0.575
2004-04-03,0.0,0.0,16.98268699645996,0.0,46.2211,0.5811
2004-04-04,0.0,0.0,15.19044828414917,0.0,44.9124,0.5836
2004-04-05,0.6492123603820801,1.2984247,15.630167961120604,0.0,44.0579,0.7427
2004-04-06,3.571516990661621,7.143034,15.066658020019531,0.0,43.8406,0.5945
2004-04-07,18.61503505706787,37.230072,15.429327964782717,0.0,51.4938,8.2781
2004-04-08,11.173691272735596,22.347382,12.459407806396484,0.0,50.6651,4.7638
2004-04-09,0.3305642604827881,0.6611285,14.690091133117676,0.0,47.6687,0.5874
2004-04-10,0.038313865661621,0.07662773,17.524849891662598,0.0,46.0472,0.5893
2004-04-11,0.2051301002502441,0.4102602,20.89815139770508,0.0,44.7872,0.5902
2004-04-12,15.489378452301024,30.978756,20.079405784606934,0.0,50.7652,7.158
2004-04-13,0.7006878852844238,1.4013758,21.461816787719727,0.0,47.6624,0.5907
2004-04-14,9.876965045928957,19.75393,18.298956871032715,0.0,50.178,4.9841
2004-04-15,2.0862563848495483,4.172513,16.63856029510498,0.0,47.8547,0.5916
2004-04-16,0.2867109775543213,0.57342196,18.169734001159668,0.0,46.3253,0.5975
2004-04-17,3.857602834701538,7.7152057,17.568565368652344,0.0,46.8339,1.5543
2004-04-18,12.519641399383543,25.039284,19.03681373596192,0.0,49.7884,4.333
2004-04-19,0.2933278083801269,0.5866556,19.54799175262451,0.0,47.1261,0.5935
2004-04-20,2.1181936264038086,4.2363873,20.761642456054688,0.0,46.2575,1.3495
2004-04-21,0.3218567371368408,0.6437135,22.311622619628903,0.0,44.7838,0.5936
2004-04-22,6.562596321105957,13.125193,21.57949924468994,0.0,46.6784,2.7233
2004-04-23,5.5861289501190186,11.172258,22.181529998779297,0.0,45.9021,0.5976
2004-04-24,28.713924407958984,57.42785,12.3997483253479,0.0,53.3053,12.8325
2004-04-25,9.257094383239746,18.514189,13.013598442077637,0.0,50.5144,4.3283
2004-04-26,5.323124647140503,10.64625,18.20862102508545,0.0,48.2085,0.8696
2004-04-27,2.880719542503357,5.7614393,20.26343536376953,0.0,46.8058,0.6428
2004-04-28,0.3516426086425781,0.7032852,18.811267852783203,0.0,45.4456,0.6244
2004-04-29,0.1143913269042968,0.22878265,20.380674362182617,0.0,44.4494,0.6017
2004-04-30,0.7475305795669556,1.4950612,22.838860511779785,0.0,43.5456,0.6482
2004-05-01,3.98637580871582,7.9727516,22.30684185028076,0.0,43.7274,0.9445
2004-05-02,0.2913703918457031,0.5827408,23.745667457580566,0.0,42.667,0.6012
2004-05-03,1.0771350860595703,2.1542702,26.43446350097656,0.0,41.8114,0.7749
2004-05-04,1.9674654006958008,3.9349308,19.1701717376709,0.0,41.2556,0.6624
2004-05-05,2.554372310638428,5.1087446,16.882179260253906,0.0,41.6439,1.2159
2004-05-06,0.0,0.0,17.80517578125,0.0,40.689,0.598
2004-05-07,7.2645158767700195,14.529032,15.47215461730957,0.0,44.493,2.8859000000000004
2004-05-08,40.68251419067383,81.36503,16.09752368927002,0.0,54.1985,15.8645
2004-05-09,0.953279972076416,1.90656,20.38666534423828,0.0,48.3049,0.597
2004-05-10,0.0,0.0,21.957672119140625,0.0,45.9891,0.5988
2004-05-11,0.1716604232788086,0.34332085,23.71968078613281,0.0,44.4723,0.6025
2004-05-12,2.5052266120910645,5.010453,25.00049591064453,0.0,43.7695,0.5994
2004-05-13,31.998321533203125,63.996643,22.112902641296387,0.0,53.4812,13.5023
2004-05-14,6.265689849853516,12.53138,19.97488594055176,0.0,49.3904,1.9334
2004-05-15,4.011029124259949,8.0220585,23.418984413146973,0.0,47.5123,0.607
2004-05-16,31.261399269104004,62.522797,21.49593544006348,0.0,53.1337,15.3406
2004-05-17,14.03374719619751,28.067493,17.60048198699951,0.0,50.9699,6.936
2004-05-18,0.0233008861541748,0.046601772,20.186856269836422,0.0,47.7345,0.6178
2004-05-19,0.4715113639831543,0.9430227,20.712956428527832,0.0,46.2616,0.6367999999999999
2004-05-20,10.12973403930664,20.259468,20.43748950958252,0.0,48.5631,3.5609
2004-05-21,1.4432587623596191,2.8865175,20.14127540588379,0.0,46.9519,0.6262
2004-05-22,0.0,0.0,21.143366813659668,0.0,45.1822,0.6273
2004-05-23,0.0645418167114257,0.12908363,23.215352058410645,0.0,43.8375,0.6275
2004-05-24,0.078460693359375,0.15692139,22.746374130249023,0.0,42.6797,0.6272
2004-05-25,0.0428113937377929,0.08562279,22.93515110015869,0.0,41.5294,0.6266
2004-05-26,0.9707584381103516,1.9415169,24.81719398498535,0.0,40.5863,0.6257
2004-05-27,0.4371781349182129,0.87435627,26.15370178222656,0.0,39.5819,0.6636
2004-05-28,0.549870491027832,1.099741,27.021096229553223,0.0,38.6405,0.6239
2004-05-29,15.063580989837646,30.127163,24.923992156982425,0.0,46.8533,5.555899999999999
2004-05-30,6.202090740203857,12.4041815,25.21422576904297,0.0,45.9385,0.6894
2004-05-31,25.98234367370605,51.964687,22.7090368270874,0.0,52.8402,8.8325
2004-06-01,41.52237510681152,83.044754,19.563859939575195,0.0,53.9226,19.2756
2004-06-02,4.509710788726807,9.019422,21.72084903717041,0.0,48.7462,0.9124
2004-06-03,0.3048160076141357,0.609632,22.87021446228028,0.0,46.8651,0.6335
2004-06-04,0.3547379970550537,0.709476,23.941041946411133,0.0,45.4043,0.6467999999999999
2004-06-05,0.0,0.0,23.184935569763184,0.0,44.1159,0.6374
2004-06-06,1.9595251083374023,3.9190502,20.75215148925781,0.0,44.1882,1.2378999999999998
2004-06-07,1.5161519050598145,3.0323038,20.39149379730225,0.0,43.8955,0.6373
2004-06-08,0.0246410369873046,0.049282074,22.84237098693848,0.0,42.8772,0.637
2004-06-09,0.1309287548065185,0.2618575,23.04111957550049,0.0,41.7739,0.6364
2004-06-10,0.4702646732330322,0.94052935,23.73893070220948,0.0,40.7449,0.6373000000000001
2004-06-11,0.0409102439880371,0.08182049,23.54709529876709,0.0,39.8232,0.6347
2004-06-12,0.0,0.0,24.138266563415527,0.0,38.5236,0.6337
2004-06-13,0.501392126083374,1.0027843,23.138612747192383,0.0,37.4003,0.6366
2004-06-14,0.0,0.0,23.95439052581787,0.0,36.3756,0.6315
2004-06-15,1.946591854095459,3.8931837,24.75253391265869,0.0,36.3427,1.0663
2004-06-16,10.326109409332275,20.652218,24.49880886077881,0.0,39.7921,2.0755
2004-06-17,9.6087007522583,19.217402,24.046764373779297,0.0,42.5883,1.9424
2004-06-18,1.9950542449951167,3.9901085,25.63801097869873,0.0,41.7012,0.627
2004-06-19,5.348005294799805,10.696011,26.95827579498291,0.0,42.7831,1.6417000000000002
2004-06-20,1.988636493682861,3.977273,25.3861722946167,0.0,42.054,0.6248
2004-06-21,0.2018971443176269,0.4037943,25.007412910461422,0.0,40.7167,0.6236
2004-06-22,19.95879364013672,39.917587,22.88497638702393,0.0,50.6712,6.287100000000001
2004-06-23,10.708104133605955,21.416208,24.52182674407959,0.0,50.2879,2.817
2004-06-24,0.0770063400268554,0.15401268,26.27595329284668,0.0,47.2013,0.6206
2004-06-25,0.5203473567962646,1.0406947,27.53990840911865,0.0,45.34,0.6439
2004-06-26,0.0900831222534179,0.18016624,28.43334197998047,0.0,43.7259,0.619
2004-06-27,1.2308030128479004,2.461606,28.84717845916748,0.0,42.9435,1.0993
2004-06-28,1.9875645637512207,3.9751291,27.765336990356445,0.0,41.7193,0.6171
2004-06-29,3.35374402999878,6.707488,26.583545684814453,0.0,41.6035,1.3864999999999998
2004-06-30,0.3604803085327148,0.7209606,27.087672233581543,0.0,40.0864,0.6151
2004-07-01,0.0797781944274902,0.15955639,27.3851900100708,0.0,38.7029,0.6141
2004-07-02,0.5557303428649902,1.1114607,27.05204677581787,0.0,37.9447,0.613
2004-07-03,3.8409059047698975,7.681812,27.24328994750977,0.0,39.3402,1.4802
2004-07-04,1.6014368534088137,3.2028737,27.565372467041016,0.0,38.5197,0.6109
2004-07-05,9.799543857574465,19.599087,25.71011734008789,0.0,43.9407,3.2469
2004-07-06,16.955359935760498,33.91072,25.18958950042725,0.0,48.9249,3.6938
2004-07-07,45.75692176818848,91.51384,22.421030044555664,0.0,54.4897,16.7661
2004-07-08,1.6353834867477417,3.270767,24.532416343688965,0.0,48.4201,0.6099
2004-07-09,0.0,0.0,26.21552085876465,0.0,46.207,0.6126
2004-07-10,1.0700135231018066,2.140027,27.12571144104004,0.0,45.0462,0.8626999999999999
2004-07-11,0.0014739036560058,0.0029478073,27.0657958984375,0.0,43.7554,0.6135
2004-07-12,2.700550436973572,5.401101,26.679746627807617,0.0,43.6425,1.2919999999999998
2004-07-13,0.1850757598876953,0.37015152,26.0413465499878,0.0,42.5604,0.6125
2004-07-14,0.1916916370391845,0.38338327,26.884052276611328,0.0,41.3502,0.6118
2004-07-15,0.0186299681663513,0.037259936,27.371378898620605,0.0,40.2809,0.6109
2004-07-16,7.547186136245727,15.094372,26.826199531555176,0.0,43.9301,2.9645
2004-07-17,1.325800597667694,2.6516013,25.325352668762207,0.0,42.5014,0.609
2004-07-18,1.7274363040924072,3.4548726,26.67045307159424,0.0,41.2779,0.8971
2004-07-19,1.1372413039207458,2.2744827,26.72553253173828,0.0,39.8887,0.607
2004-07-20,1.4337821006774902,2.8675642,26.808852195739743,0.0,39.2892,0.9401
2004-07-21,0.0918707847595214,0.18374157,27.794389724731445,0.0,38.3283,0.6049
2004-07-22,0.4328620433807373,0.8657241,27.34226417541504,0.0,37.476,0.6045
2004-07-23,0.4298654794692993,0.85973096,27.530261993408203,0.0,36.7057,0.6028
2004-07-24,0.9848543405532836,1.9697087,27.633378982543945,0.0,36.1055,0.7085
2004-07-25,0.4401450157165527,0.88029003,26.61774063110352,0.0,35.4336,0.6006
2004-07-26,0.3331811428070068,0.6663623,26.15392017364502,0.0,34.9654,0.6
2004-07-27,4.082512736320496,8.165026,26.33250999450684,0.0,34.9268,0.6021000000000001
2004-07-28,2.3776683807373047,4.7553368,26.07624244689941,0.0,35.5153,0.9103
2004-07-29,1.6665626764297483,3.3331254,26.982704162597656,0.0,35.3956,0.6507999999999999
2004-07-30,1.044552206993103,2.0891044,26.674131393432617,0.0,35.1906,0.7244999999999999
2004-07-31,3.0820751190185547,6.16415,27.15792942047119,0.0,35.9187,0.846
2004-08-01,10.068172454833984,20.136345,26.10037326812744,0.0,42.009,3.0178
2004-08-02,2.947057247161865,5.8941145,24.81399822235108,0.0,41.3103,0.5917
2004-08-03,4.627306938171387,9.254614,25.729723930358887,0.0,42.3686,1.7753
2004-08-04,0.2547292709350586,0.50945854,26.24260234832764,0.0,40.3693,0.5895
2004-08-05,2.5753729343414307,5.150746,27.41731357574463,0.0,40.7348,1.2304
2004-08-06,0.5755456686019897,1.1510913,27.47902107238769,0.0,39.4733,0.5873
2004-08-07,0.1213686466217041,0.2427373,27.636669158935547,0.0,38.5331,0.5862
2004-08-08,0.6212387084960938,1.2424774,28.57576560974121,0.0,37.7103,0.5851
2004-08-09,0.0,0.0,28.484193801879883,0.0,36.697,0.584
2004-08-10,3.54228138923645,7.084563,27.336743354797363,0.0,37.6032,1.1618
2004-08-11,0.7002875804901123,1.4005752,27.22107410430908,0.0,36.8168,0.5818
2004-08-12,3.7798221111297607,7.559644,26.09545135498047,0.0,38.5531,1.3853
2004-08-13,32.50229740142822,65.00459,25.697943687438965,0.0,53.5267,9.0269
2004-08-14,8.699833393096924,17.399666,26.57677459716797,0.0,49.991,1.9686
2004-08-15,0.0232037305831909,0.04640746,27.779587745666504,0.0,47.2262,0.5775
2004-08-16,0.3507207632064819,0.7014415,28.057826042175293,0.0,45.4917,0.5789
2004-08-17,4.915185451507568,9.830371,27.99737548828125,0.0,44.7261,0.5755
2004-08-18,0.5047347545623779,1.0094695,27.402823448181152,0.0,43.1111,0.5992
2004-08-19,5.615856170654297,11.231712,26.728285789489743,0.0,42.9475,0.6101
2004-08-20,16.991934776306152,33.98387,25.70234966278076,0.0,49.7457,4.4579
2004-08-21,2.8519279956817627,5.703856,26.05191898345948,0.0,47.26,0.5715
2004-08-22,8.86474323272705,17.729486,26.78441429138184,0.0,49.5587,3.346
2004-08-23,5.476568698883057,10.953137,26.398775100708008,0.0,47.5537,0.5707
2004-08-24,2.841676354408264,5.6833525,26.899054527282715,0.0,46.649,1.1368
2004-08-25,12.523494243621826,25.04699,24.593493461608887,0.0,50.8107,4.1902
2004-08-26,17.612392902374268,35.224785,24.77524185180664,0.0,52.2043,6.5242
2004-08-27,1.754357635974884,3.5087152,26.30578136444092,0.0,48.2592,0.5678
2004-08-28,3.0480445623397827,6.0960894,25.407930374145508,0.0,47.9716,1.7268
2004-08-29,4.567030906677246,9.134062,25.417967796325684,0.0,47.1365,0.7676
2004-08-30,1.9724501371383667,3.9449003,26.8971586227417,0.0,46.0314,0.5908000000000001
2004-08-31,9.000831127166748,18.001663,26.839733123779297,0.0,49.0489,3.7284
2004-09-01,2.0309263467788696,4.0618525,27.47537422180176,0.0,47.2165,0.5875999999999999
2004-09-02,17.69257354736328,35.385147,26.35962200164795,0.0,51.6961,6.7712
2004-09-03,9.24814510345459,18.49629,26.6947660446167,0.0,49.6594,2.2601
2004-09-04,9.113097667694092,18.226196,25.92417907714844,0.0,49.7674,2.9629
2004-09-05,3.2842278480529785,6.5684557,25.524638175964355,0.0,47.6042,0.5709
2004-09-06,0.4351825714111328,0.87036514,25.75100326538086,0.0,45.9783,0.5854
2004-09-07,2.598650574684143,5.197301,25.04429244995117,0.0,45.1495,0.5719
2004-09-08,3.576655864715576,7.1533117,22.892810821533203,0.0,46.0916,1.8025
2004-09-09,9.426449298858644,18.852898,20.634955406188965,0.0,49.2862,3.5488
2004-09-10,10.99699354171753,21.993988,18.41646194458008,0.0,50.6874,4.3822
2004-09-11,0.3277420997619629,0.6554842,20.95312118530273,0.0,47.7968,0.5717
2004-09-12,0.0926084518432617,0.1852169,22.599231719970703,0.0,46.1416,0.5721
2004-09-13,0.7687540054321289,1.537508,22.1299057006836,0.0,45.0691,0.5722
2004-09-14,1.8479318022727969,3.6958637,23.020358085632324,0.0,44.9201,1.1398
2004-09-15,19.82628536224365,39.652573,22.269221305847168,0.0,51.4951,6.7744
2004-09-16,0.911940336227417,1.8238807,23.2471227645874,0.0,48.0482,0.5716
2004-09-17,0.1981633901596069,0.39632678,24.227002143859863,0.0,46.2461,0.5718
2004-09-18,13.9280743598938,27.856148,23.91880702972412,0.0,49.7808,4.4214
2004-09-19,2.0690160393714905,4.138032,23.88427448272705,0.0,47.5675,0.5718
2004-09-20,2.669292688369751,5.3385854,24.632164001464844,0.0,47.0622,1.4918
2004-09-21,24.6378755569458,49.27575,22.18742179870605,0.0,52.5768,9.4757
2004-09-22,7.209096908569336,14.418194,19.551575660705566,0.0,50.0578,3.3121
2004-09-23,0.5297935009002686,1.059587,21.02517318725586,0.0,47.5108,0.5758
2004-09-24,0.5906744003295898,1.1813488,20.87063503265381,0.0,46.026,0.6221
2004-09-25,1.2004680633544922,2.4009361,20.67451763153076,0.0,45.0679,0.5785
2004-09-26,0.0,0.0,21.903133392333984,0.0,43.8447,0.5787
2004-09-27,0.2602721750736236,0.52054435,21.849699020385746,0.0,42.8888,0.5812
2004-09-28,0.0379921197891235,0.07598424,23.02970790863037,0.0,42.1422,0.5781
2004-09-29,0.1357671022415161,0.2715342,22.67352294921875,0.0,41.334,0.5775
2004-09-30,0.4352453947067261,0.8704908,23.74552154541016,0.0,40.5782,0.5767
2004-10-01,1.3975743055343628,2.7951486,23.56474781036377,0.0,40.2228,0.8251
2004-10-02,1.0968785881996157,2.193757,18.62831401824951,0.0,39.7708,0.5751
2004-10-03,0.0295193493366241,0.0590387,15.613729476928713,0.0,39.1015,0.5741
2004-10-04,0.9147579669952391,1.8295159,15.81289291381836,0.0,38.4969,0.5733
2004-10-05,0.2615071535110473,0.5230143,16.40433406829834,0.0,37.8557,0.5739000000000001
2004-10-06,0.3246567249298095,0.64931345,17.103792190551758,0.0,37.1899,0.5713
2004-10-07,0.0793070793151855,0.15861416,17.799487113952637,0.0,36.622,0.5706
2004-10-08,0.0799182057380676,0.15983641,17.635642051696777,0.0,35.9538,0.5693
2004-10-09,0.1757310628890991,0.35146213,17.02096462249756,0.0,35.3947,0.5694
2004-10-10,0.0,0.0,16.80504322052002,0.0,34.7384,0.5672
2004-10-11,0.0883554816246032,0.17671096,17.160176277160645,0.0,34.4041,0.5676
2004-10-12,0.027789294719696,0.05557859,17.579978942871094,0.0,34.1436,0.5651
2004-10-13,0.1447025537490844,0.2894051,17.54538059234619,0.0,33.9048,0.5658000000000001
2004-10-14,0.1735424995422363,0.347085,17.801745414733887,0.0,33.734,0.5631
2004-10-15,0.0258734226226806,0.051746845,16.241087913513184,0.0,33.5703,0.562
2004-10-16,0.0,0.0,16.213661193847656,0.0,33.3934,0.561
2004-10-17,0.0,0.0,17.05224323272705,0.0,33.2184,0.5599
2004-10-18,0.0006707906723022,0.0013415813,18.21625518798828,0.0,33.0523,0.5589
2004-10-19,0.0324400663375854,0.06488013,18.86981105804444,0.0,32.9136,0.5578
2004-10-20,0.0,0.0,17.727952003479004,0.0,32.7566,0.5568
2004-10-21,0.0,0.0,16.59297275543213,0.0,32.5985,0.5557
2004-10-22,0.1741071939468383,0.3482144,16.06755256652832,0.0,32.4723,0.5560999999999999
2004-10-23,0.1301534175872802,0.26030684,15.909297466278076,0.0,32.3601,0.5537
2004-10-24,0.1149467229843139,0.22989345,17.29206085205078,0.0,32.2431,0.5538
2004-10-25,0.6770124435424805,1.3540249,18.886171340942383,0.0,32.1954,0.5516
2004-10-26,0.0128383636474609,0.025676727,18.28189468383789,0.0,32.1212,0.5505
2004-10-27,0.0288385152816772,0.05767703,14.680274486541748,0.0,32.0134,0.5495
2004-10-28,0.0803155899047851,0.16063118,14.807246208190918,0.0,31.9017,0.5486
2004-10-29,0.004107654094696,0.008215308,15.828084945678713,0.0,31.7927,0.5474
2004-10-30,0.0,0.0,16.852681159973145,0.0,31.6661,0.5464
2004-10-31,0.0,0.0,17.245805740356445,0.0,31.5143,0.5454
2004-11-01,0.0,0.0,17.694519996643066,0.0,31.3973,0.5444
2004-11-02,0.2239829301834106,0.44796586,15.491002559661863,0.0,31.297,0.5452
2004-11-03,0.0072686076164245,0.014537215,15.125642776489258,0.0,31.1863,0.5423
2004-11-04,0.0,0.0,15.254501819610596,0.0,31.0567,0.5413
2004-11-05,0.0,0.0,15.924371719360352,0.0,30.9736,0.5403
2004-11-06,0.1148409247398376,0.22968185,17.085604667663574,0.0,30.8983,0.5392
2004-11-07,0.0630960166454315,0.12619203,16.40684223175049,0.0,30.7961,0.5382
2004-11-08,0.0517653226852417,0.103530645,17.187999725341797,0.0,30.6999,0.5372
2004-11-09,2.106921553611756,4.2138433,18.433971405029297,0.0,32.0472,0.9374
2004-11-10,31.6997594833374,63.39952,19.64774799346924,0.0,52.6897,7.994099999999999
2004-11-11,13.800810813903809,27.601622,19.742148399353027,0.0,51.7351,3.9267
2004-11-12,2.272200584411621,4.544401,18.06168556213379,0.0,48.8113,0.9187
2004-11-13,0.0056601166725158,0.011320233,19.46557903289795,0.0,47.0853,0.5322
2004-11-14,0.1909468472003936,0.3818937,19.64536190032959,0.0,45.9139,0.5367
2004-11-15,5.54837703704834,11.096754,14.416743755340576,0.0,47.5308,1.6671
2004-11-16,0.3019236326217651,0.60384727,13.516674518585203,0.0,46.4865,0.5292
2004-11-17,1.7654579281806946,3.5309157,11.90820026397705,0.0,46.6265,0.9964
2004-11-18,0.6055458784103394,1.2110918,10.812411785125732,0.0,45.7924,0.5273
2004-11-19,0.1307992339134216,0.26159847,9.530282974243164,0.0,45.0331,0.5277999999999999
2004-11-20,0.3478109240531921,0.69562185,10.096543788909912,0.0,44.456,0.5253
2004-11-21,0.0,0.0,11.121886253356934,0.0,43.868,0.5243
2004-11-22,0.0142569541931152,0.028513908,11.750036716461182,0.0,43.417,0.5234
2004-11-23,0.1321615576744079,0.26432312,14.110137462615969,0.0,43.0119,0.5236999999999999
2004-11-24,0.0462256371974945,0.092451274,15.625574111938477,0.0,42.6667,0.5214
2004-11-25,0.0,0.0,17.909746170043945,0.0,42.1718,0.5204
2004-11-26,0.0,0.0,14.381541728973389,0.0,41.8245,0.5195
2004-11-27,0.0,0.0,10.896862983703612,0.0,41.4978,0.5185
2004-11-28,0.1033554077148437,0.20671082,11.490736961364746,0.0,41.0643,0.5181
2004-11-29,0.0035302639007568,0.007060528,11.5447039604187,0.0,40.5687,0.5166
2004-11-30,0.0751900672912597,0.15038013,11.576853275299072,0.0,40.0155,0.5157999999999999
2004-12-01,0.0480894446372985,0.09617889,11.574117183685305,0.0,39.6574,0.5147
2004-12-02,0.0219653844833374,0.04393077,14.72936201095581,0.0,39.2553,0.5137
2004-12-03,3.3823763132095337,6.7647524,15.467283248901367,0.0,41.1761,1.3217
2004-12-04,12.107855319976808,24.21571,15.066713333129885,0.0,47.2924,3.1506
2004-12-05,0.1221134066581726,0.24422681,9.459600448608398,0.0,45.9463,0.5108
2004-12-06,0.0,0.0,8.220579147338867,0.0,44.9491,0.5099
2004-12-07,0.0,0.0,8.467244148254395,0.0,44.1711,0.5089
2004-12-08,0.0246935188770294,0.049387038,7.517363548278809,0.0,43.5087,0.508
2004-12-09,0.06461101770401,0.12922204,7.611861705780029,0.0,42.957,0.5094
2004-12-10,0.0453703999519348,0.0907408,8.637978553771973,0.0,42.323,0.5061
2004-12-11,0.0,0.0,8.425160884857178,0.0,41.6624,0.5051
2004-12-12,0.1356177330017089,0.27123547,9.473362922668455,0.0,41.0659,0.5048
2004-12-13,0.0,0.0,8.423981666564941,0.0,40.5189,0.5032
2004-12-14,0.0214858353137969,0.04297167,9.04865789413452,0.0,39.9878,0.5023
2004-12-15,0.0877276062965393,0.17545521,10.654571533203123,0.0,39.4513,0.5014
2004-12-16,0.0304088294506073,0.06081766,11.49253749847412,0.0,38.981,0.5004
2004-12-17,0.037631943821907,0.07526389,11.684544563293455,0.0,38.5759,0.4995
2004-12-18,0.0,0.0,12.31394100189209,0.0,38.0952,0.4986
2004-12-19,0.1061820387840271,0.21236408,14.031397819519045,0.0,37.7594,0.4984
2004-12-20,0.0,0.0,12.343871116638184,0.0,37.4982,0.4967
2004-12-21,0.093922734260559,0.18784547,13.09536838531494,0.0,37.2083,0.4959
2004-12-22,0.0139673352241516,0.02793467,13.261185646057127,0.0,36.9289,0.4948
2004-12-23,0.8192795068025589,1.638559,11.547121524810793,0.0,37.1385,0.6405000000000001
2004-12-24,9.730324745178224,19.46065,8.184785842895508,0.0,43.5964,2.8311
2004-12-25,4.274225473403931,8.54845,8.254807710647583,0.0,45.4453,1.4331
2004-12-26,1.497277855873108,2.9945557,9.56248903274536,0.0,45.14,0.6333
2004-12-27,2.7418214082717896,5.4836426,8.238616466522217,0.0,45.4163,0.8291
2004-12-28,6.715484380722046,13.430969,4.39518141746521,0.0,48.0919,2.0402
2004-12-29,0.0,0.0,3.656825065612793,0.0,46.792,0.5061
2004-12-30,3.30388617515564,6.6077724,3.350221872329712,0.0018,47.1733,1.0488
2004-12-31,0.0163456201553344,0.03269124,1.152726650238037,0.0,46.434,0.5624
2005-01-01,0.0376284718513488,0.07525694,-0.835634708404541,0.0,45.7711,0.4967
2005-01-02,0.1255545318126678,0.25110906,1.7250840663909912,0.0,45.2109,0.5052
2005-01-03,0.1475943922996521,0.29518878,2.40325665473938,0.0,44.8362,0.5032
2005-01-04,0.2021427154541015,0.40428543,6.63799786567688,0.0,44.4475,0.4831
2005-01-05,0.1964931488037109,0.3929863,7.444634437561035,0.0,44.0902,0.4844
2005-01-06,0.0779789686203002,0.15595794,8.122774362564087,0.0,43.6774,0.4813
2005-01-07,0.2224456071853637,0.4448912,8.0970938205719,0.0,43.2812,0.4846
2005-01-08,0.1230908632278442,0.24618173,9.145601272583008,0.0,42.8967,0.4796
2005-01-09,0.6892901062965393,1.3785802,5.924524307250977,0.0,42.9023,0.6015
2005-01-10,0.3091559708118438,0.61831194,5.053384780883789,0.0,42.7098,0.4778
2005-01-11,0.8165257573127747,1.6330515,6.844213485717773,0.0,42.9018,0.6603
2005-01-12,1.6189972162246704,3.2379944,5.821750640869141,0.0,43.1502,0.6343000000000001
2005-01-13,10.783347606658936,21.566696,3.0179686546325684,0.0,49.0416,3.4337
2005-01-14,0.0,0.0,2.8107988834381104,0.0,47.3679,0.4744
2005-01-15,0.0684832334518432,0.13696647,1.6062533855438232,0.0,46.4072,0.491
2005-01-16,0.2427107095718383,0.48542142,1.6303491592407229,0.0,45.7647,0.5085
2005-01-17,0.4318717122077942,0.8637434,2.926539659500122,0.0,45.3324,0.5392
2005-01-18,0.0,0.0,6.690696716308594,0.0,44.7811,0.4711
2005-01-19,2.64406681060791,5.2881336,6.298020839691162,0.0,45.9723,1.2284
2005-01-20,2.055963695049286,4.1119275,5.742830038070679,0.0,46.33,0.9141
2005-01-21,2.163854241371155,4.3277082,6.1647937297821045,0.0,46.4337,0.8327
2005-01-22,3.642040491104126,7.284081,7.576160669326782,0.0,47.0963,1.1814
2005-01-23,0.0666853189468383,0.13337064,8.057166814804077,0.0,46.1271,0.4671
2005-01-24,0.0976850986480712,0.1953702,12.228782176971436,0.0,45.2483,0.4664
2005-01-25,0.4092797040939331,0.8185594,15.554506301879885,0.0,44.5295,0.4656
2005-01-26,0.7622206211090088,1.5244412,9.89570665359497,0.0,44.1888,0.5811
2005-01-27,1.2779721021652222,2.5559442,9.795384407043455,0.0,43.9311,0.464
2005-01-28,9.555324792861938,19.11065,7.996474742889404,0.0,49.0277,3.3762
2005-01-29,0.3248928785324096,0.64978576,9.543953895568848,0.0,47.3283,0.4625
2005-01-30,7.817987442016602,15.635975,7.75024676322937,0.0,49.9409,3.0436
2005-01-31,0.3475706577301025,0.6951413,5.591084003448486,0.0,47.789,0.4611
2005-02-01,1.0700769424438477,2.140154,5.323089361190796,0.0,46.7752,0.5339
2005-02-02,1.3341721296310425,2.6683443,4.909343004226685,0.0,46.1653,0.5236999999999999
2005-02-03,10.714818000793455,21.429636,3.4194343090057373,0.0,50.3051,3.961
2005-02-04,3.704933643341065,7.4098673,7.272122859954834,0.0,48.6617,1.1318
2005-02-05,0.1149849891662597,0.22996998,13.20504093170166,0.0,46.9506,0.4587
2005-02-06,1.5241440534591677,3.048288,15.501328945159912,0.0,46.5328,0.911
2005-02-07,3.8312480449676514,7.662496,16.96886920928955,0.0,45.9372,0.4963
2005-02-08,2.393913984298706,4.787828,14.743379592895508,0.0,46.1286,0.9987
2005-02-09,0.6587474346160889,1.3174949,16.30080509185791,0.0,45.2174,0.4576
2005-02-10,9.639446258544922,19.278893,10.281527519226074,0.0,49.7324,4.1834
2005-02-11,1.5306813716888428,3.0613627,7.64237380027771,0.0,47.7536,0.4644
2005-02-12,5.520121574401856,11.040243,9.179605484008787,0.0,48.5978,1.9586
2005-02-13,1.5568265914916992,3.1136532,8.92214584350586,0.0,47.3252,0.5407
2005-02-14,0.0,0.0,11.708768844604492,0.0,46.1815,0.4564
2005-02-15,10.046017169952393,20.092033,13.249966621398926,0.0,49.9125,4.1965
2005-02-16,25.11415386199951,50.22831,13.55783224105835,0.0,52.7929,10.1042
2005-02-17,71.49629211425781,142.99258,9.428818702697754,0.0,54.2623,46.4211
2005-02-18,9.613014221191406,19.226028,7.067241907119751,0.0,50.0461,5.8997
2005-02-19,0.0,0.0,4.922912120819092,0.0,47.8128,0.4941
2005-02-20,0.0,0.0,3.822371482849121,0.0,46.6888,0.5007
2005-02-21,1.757258057594299,3.514516,4.548681259155273,0.0,46.6098,1.182
2005-02-22,0.2069647312164306,0.41392946,6.641089916229248,0.0,45.8536,0.5068
2005-02-23,0.0,0.0,10.909262657165527,0.0,45.0536,0.5084
2005-02-24,0.4114459753036499,0.82289195,14.364308834075928,0.0,44.3879,0.5450999999999999
2005-02-25,5.793679475784302,11.587358,10.418455123901367,0.0,46.2137,2.0999
2005-02-26,12.30023956298828,24.60048,7.1496522426605225,0.0,50.2155,5.1686
2005-02-27,16.89458656311035,33.789173,4.265967130661011,0.0,51.8559,8.312
2005-02-28,1.2583633661270142,2.5167267,6.31186056137085,0.0,48.3211,0.5143
2005-03-01,1.7063331604003906,3.4126663,6.201508760452271,0.0,47.4969,1.1805
2005-03-02,8.624404907226562,17.24881,6.203531742095947,0.0,49.5343,4.1514
2005-03-03,0.5813026428222656,1.1626053,7.050811767578125,0.0,47.6071,0.5244
2005-03-04,0.3709235191345215,0.74184704,7.244062900543213,0.0,46.4421,0.5546
2005-03-05,0.0356274843215942,0.07125497,5.64820408821106,0.0,45.6844,0.5633999999999999
2005-03-06,0.1661838293075561,0.33236766,5.464266538619995,0.0,45.0452,0.5615
2005-03-07,0.2417550086975097,0.48351002,7.56706976890564,0.0,44.4133,0.5393
2005-03-08,0.4304687976837158,0.8609376,10.10224437713623,0.0,43.7974,0.5307
2005-03-09,0.3469188213348388,0.69383764,13.292907238006592,0.0,43.1318,0.5549
2005-03-10,0.7905329465866089,1.5810659,15.386255741119385,0.0,42.6457,0.5304
2005-03-11,2.086265206336975,4.17253,17.596213340759277,0.0,42.9819,1.2171
2005-03-12,17.556097984313965,35.112198,5.4590020179748535,0.0,49.6383,5.5467
2005-03-13,1.164048671722412,2.3280973,3.763089179992676,0.0,47.6795,0.6421
2005-03-14,0.0032210350036621,0.00644207,6.012121677398682,0.0,46.507,0.5419999999999999
2005-03-15,0.0,0.0,11.19002103805542,0.0,45.5125,0.5283
2005-03-16,0.2596645355224609,0.5193291,13.90874195098877,0.0,44.7532,0.5336000000000001
2005-03-17,3.881567239761353,7.7631345,17.144142150878906,0.0,44.5351,0.6599999999999999
2005-03-18,0.7296023368835449,1.4592047,11.954317569732666,0.0,44.0173,0.5999
2005-03-19,0.4373788833618164,0.87475777,11.11589765548706,0.0,43.3901,0.5336
2005-03-20,0.6850521564483643,1.3701043,14.532861709594728,0.0,42.765,0.5947
2005-03-21,0.1338429450988769,0.2676859,17.672468185424805,0.0,42.0743,0.5264
2005-03-22,15.062397956848145,30.124796,18.922283172607425,0.0,49.6142,5.7873
2005-03-23,2.0844806432724,4.1689615,12.717122554779053,0.0,47.5413,0.5236
2005-03-24,0.2233064174652099,0.44661283,12.70175838470459,0.0,46.2347,0.5357000000000001
2005-03-25,0.1755609512329101,0.3511219,10.501916408538818,0.0,45.4017,0.5223
2005-03-26,2.522701382637024,5.0454025,11.401465892791748,0.0,46.0688,1.3307
2005-03-27,29.844707489013672,59.689415,13.124505519866943,0.0,53.3832,11.763000000000002
2005-03-28,8.261609315872192,16.523218,17.967262268066406,0.0,49.7876,2.5716
2005-03-29,13.438051223754885,26.876102,13.55272102355957,0.0,50.7096,5.305
2005-03-30,14.69389533996582,29.38779,9.482091903686523,0.0,51.2331,7.0311
2005-03-31,0.8493683338165283,1.6987367,10.737914085388184,0.0,48.1183,0.5326
2005-04-01,0.94187593460083,1.8837519,12.934849739074709,0.0,46.9889,0.7498
2005-04-02,0.0,0.0,15.54499101638794,0.0,45.7153,0.5398
2005-04-03,0.0,0.0,16.21301555633545,0.0,44.4152,0.5412
2005-04-04,0.0,0.0,15.432393074035645,0.0,43.2859,0.5416
2005-04-05,0.6676030158996582,1.335206,16.184497833251953,0.0,42.655,0.6955
2005-04-06,7.497224569320679,14.99445,14.581355571746826,0.0,45.4873,2.4914
2005-04-07,0.0,0.0,18.83853340148925,0.0,44.2189,0.5407
2005-04-08,0.202761173248291,0.40552235,21.0676794052124,0.0,43.0422,0.5418000000000001
2005-04-09,0.8022463321685791,1.6044927,22.390453338623047,0.0,42.0693,0.5394
2005-04-10,4.8100221157073975,9.620045,17.78450107574463,0.0,44.1282,2.1785
2005-04-11,15.169797897338867,30.339596,14.881155967712402,0.0,49.5548,4.5142
2005-04-12,8.737757205963135,17.475513,12.495880603790283,0.0,49.9433,2.9681
2005-04-13,0.3064579963684082,0.612916,13.817166805267334,0.0,47.4425,0.5368
2005-04-14,0.0,0.0,15.47321891784668,0.0,45.7715,0.5365
2005-04-15,0.0805569887161254,0.16111398,17.061325073242188,0.0,44.5397,0.5361
2005-04-16,1.7973101139068604,3.5946202,15.55835485458374,0.0,44.1992,0.7353
2005-04-17,0.6779820919036865,1.3559642,15.68299150466919,0.0,43.6844,0.552
2005-04-18,0.0,0.0,18.49972629547119,0.0,42.8851,0.5343
2005-04-19,3.047804832458496,6.0956097,20.881218910217285,0.0,42.9275,0.915
2005-04-20,2.329341411590576,4.658683,20.69411373138428,0.0,42.4296,0.5328
2005-04-21,0.3218567371368408,0.6437135,20.66326713562012,0.0,41.2886,0.5355
2005-04-22,0.5622189044952393,1.1244378,21.52221775054932,0.0,40.2942,0.5312
2005-04-23,26.644715309143063,53.28943,18.935686111450195,0.0,52.6718,9.0235
2005-04-24,4.979160308837891,9.958321,17.98480224609375,0.0,49.2749,1.3908999999999998
2005-04-25,0.0722188949584961,0.14443779,20.920635223388672,0.0,47.0754,0.5293
2005-04-26,0.7694833278656006,1.5389667,21.34883403778076,0.0,45.8021,0.6576000000000001
2005-04-27,0.0331001281738281,0.06620026,20.368968963623047,0.0,44.3246,0.5285
2005-04-28,1.2515504360198977,2.5031009,21.411096572875977,0.0,43.3831,0.7774000000000001
2005-04-29,0.1259541511535644,0.2519083,24.12639617919922,0.0,42.0245,0.5273
2005-04-30,0.0,0.0,25.77339744567871,0.0,40.4423,0.5266
2005-05-01,8.754968643188477,17.509937,24.36245346069336,0.0,45.3395,3.3429
2005-05-02,0.6654915809631348,1.3309832,21.229799270629883,0.0,43.9537,0.5249
2005-05-03,6.32800030708313,12.656,21.67725372314453,0.0,46.0058,2.3528
2005-05-04,26.471150398254395,52.9423,21.74904155731201,0.0,52.9239,8.0332
2005-05-05,20.472143173217773,40.944286,21.42221069335937,0.0,52.1017,6.8305
2005-05-06,12.83355712890625,25.667114,20.148633003234863,0.0,50.944,4.7424
2005-05-07,0.0,0.0,19.212100982666016,0.0,47.7396,0.5279
2005-05-08,17.888954162597656,35.77791,19.59523868560791,0.0,51.9195,8.188600000000001
2005-05-09,48.5018196105957,97.00364,18.8031702041626,0.0,53.9986,26.6905
2005-05-10,14.44313097000122,28.886261,17.05463409423828,0.0,50.7897,8.1959
2005-05-11,0.551905632019043,1.1038113,20.9661226272583,0.0,47.6798,0.5592
2005-05-12,38.82679557800293,77.653595,21.359362602233887,0.0,53.3469,20.8306
2005-05-13,43.597951889038086,87.19591,20.23350238800049,0.0,52.7509,29.320400000000003
2005-05-14,62.28509712219238,124.57019,21.85124969482422,0.0,52.4607,47.5456
2005-05-15,31.83201503753662,63.664032,21.73100757598877,0.0,52.2013,19.0311
2005-05-16,0.004404067993164,0.008808136,23.865327835083008,0.0,47.9429,0.6345
2005-05-17,2.2715113162994385,4.5430226,26.02286624908448,0.0,46.8069,1.5511
2005-05-18,7.544373989105225,15.088748,24.341551780700684,0.0,46.9071,1.4337
2005-05-19,11.70327091217041,23.406542,21.50671863555908,0.0,49.4715,4.3524
2005-05-20,18.75313949584961,37.50628,20.25400447845459,0.0,51.7204,8.6141
2005-05-21,7.169265985488892,14.3385315,22.83756923675537,0.0,48.694,1.3126
2005-05-22,11.38994312286377,22.779886,23.30695152282715,0.0,49.5714,4.0549
2005-05-23,24.95741558074951,49.914833,23.068652153015137,0.0,52.1803,11.6791
2005-05-24,50.144399642944336,100.2888,19.49821662902832,0.0,53.2707,33.57790000000001
2005-05-25,0.11627197265625,0.23254395,20.00176048278809,0.0,48.2887,0.6913
2005-05-26,10.800711631774902,21.601423,19.32621669769287,0.0,49.978,5.8406
2005-05-27,52.0554084777832,104.11082,19.341856956481934,0.0,53.8178,31.8335
2005-05-28,4.94805908203125,9.896118,21.60139846801757,0.0,48.6961,0.9924
2005-05-29,0.2751245498657226,0.5502491,22.30598735809326,0.0,46.7509,0.7373
2005-05-30,0.0884613990783691,0.1769228,22.025957107543945,0.0,45.2139,0.7411
2005-05-31,0.5803828239440918,1.1607656,21.244861602783203,0.0,44.2501,0.7436999999999999
2005-06-01,1.6357526779174805,3.2715054,23.79600524902344,0.0,43.7127,1.1453
2005-06-02,20.70431423187256,41.40863,23.35402202606201,0.0,51.0954,7.696400000000001
2005-06-03,0.4475470781326294,0.89509416,25.324950218200684,0.0,47.647,0.7421
2005-06-04,0.3295736312866211,0.65914726,25.04735851287841,0.0,45.7539,0.748
2005-06-05,0.0,0.0,23.543682098388672,0.0,44.1361,0.7418
2005-06-06,0.4924969673156738,0.98499393,23.401832580566406,0.0,42.9034,0.7629
2005-06-07,0.1798458099365234,0.35969162,24.04453182220459,0.0,41.8679,0.7401
2005-06-08,0.0246410369873046,0.049282074,24.417694091796875,0.0,40.8756,0.739
2005-06-09,0.2133090496063232,0.4266181,25.158194541931152,0.0,39.8553,0.7379
2005-06-10,0.4702646732330322,0.94052935,26.69330787658692,0.0,38.7136,0.7381
2005-06-11,16.20875644683838,32.41751,26.269112586975098,0.0,46.366,4.6758
2005-06-12,15.496870040893556,30.99374,24.528931617736816,0.0,50.5325,4.5783000000000005
2005-06-13,0.658092737197876,1.3161855,24.27483081817627,0.0,47.6525,0.7331
2005-06-14,20.60651588439941,41.21303,25.21766185760498,0.0,52.7258,9.329
2005-06-15,12.30712890625,24.614258,25.92716407775879,0.0,50.4096,3.6375
2005-06-16,0.3895416259765625,0.77908325,26.0964298248291,0.0,47.3494,0.7332
2005-06-17,13.909069061279297,27.818138,22.539934158325195,0.0,51.2116,6.796900000000001
2005-06-18,44.55979919433594,89.1196,22.60272693634033,0.0,53.9437,22.2421
2005-06-19,84.3334732055664,168.66695,22.10603427886963,0.0,52.9098,73.0502
2005-06-20,55.84346961975098,111.686935,22.57471466064453,0.0,52.3438,42.215900000000005
2005-06-21,62.47473335266113,124.94946,22.05355167388916,0.0,52.6483,51.0042
2005-06-22,68.96224594116211,137.9245,21.0719633102417,0.0,52.5217,57.3581
2005-06-23,25.08156681060791,50.16313,21.728099822998047,0.0,51.9599,16.5946
2005-06-24,7.211322784423828,14.422646,22.72527980804444,0.0,49.4311,3.3571
2005-06-25,4.698965311050415,9.39793,24.51640796661377,0.0,47.845,1.1713
2005-06-26,0.9215972423553468,1.8431945,26.12909889221192,0.0,46.2787,0.8537
2005-06-27,3.0380890369415283,6.076178,26.973920822143555,0.0,46.1852,2.0858
2005-06-28,1.0513086318969729,2.1026173,27.805594444274902,0.0,44.9453,0.852
2005-06-29,3.434705972671509,6.869412,25.97580051422119,0.0,45.494,2.1056
2005-06-30,0.3875577449798584,0.7751155,26.16795444488525,0.0,44.3762,0.8471
2005-07-01,0.0,0.0,27.04822254180908,0.0,42.9688,0.8439
2005-07-02,0.835706353187561,1.6714127,27.371325492858887,0.0,42.3246,1.1703
2005-07-03,0.6556136608123779,1.3112273,27.47614288330078,0.0,41.3217,0.8373
2005-07-04,0.8394773006439209,1.6789546,28.278523445129395,0.0,40.2174,0.8765
2005-07-05,1.0323679447174072,2.064736,28.78144359588623,0.0,39.3529,0.8326
2005-07-06,0.4339916706085205,0.86798334,28.51319122314453,0.0,38.1814,0.8334
2005-07-07,0.0,0.0,27.8422269821167,0.0,37.1802,0.8292
2005-07-08,0.0833656787872314,0.16673136,28.383252143859863,0.0,36.2136,0.8276
2005-07-09,0.0,0.0,27.87618637084961,0.0,35.0983,0.826
2005-07-10,0.0,0.0,28.31887435913086,0.0,34.4428,0.8243
2005-07-11,0.0,0.0,28.592707633972168,0.0,34.1693,0.8226
2005-07-12,0.7489328384399414,1.4978657,27.924591064453125,0.0,33.972,0.821
2005-07-13,0.1152095794677734,0.23041916,28.265602111816406,0.0,33.9376,0.8839
2005-07-14,2.145996570587158,4.291993,28.300341606140137,0.0,33.6713,0.8178
2005-07-15,1.0619344115257263,2.123869,28.29613494873047,0.0,33.8677,0.9583
2005-07-16,0.3325568437576294,0.6651137,27.932185173034668,0.0,33.4016,0.8147
2005-07-17,0.2661254405975342,0.5322509,28.24026679992676,0.0,33.1644,0.8132
2005-07-18,4.553157329559326,9.106315,26.51018047332764,0.0,34.6784,1.3312
2005-07-19,5.8309502601623535,11.6619005,24.21062469482422,0.0,37.3737,1.7005
2005-07-20,25.1127872467041,50.225574,22.12279319763184,0.0,52.0911,7.4454
2005-07-21,3.5225772857666016,7.0451546,23.50881099700928,0.0,49.1999,1.4828
2005-07-22,12.879630088806152,25.75926,24.5808744430542,0.0,51.5025,4.5411
2005-07-23,0.4728490710258484,0.94569814,25.927059173583984,0.0,47.8022,0.8042
2005-07-24,1.886659979820252,3.77332,27.184267044067383,0.0,46.8134,1.3523999999999998
2005-07-25,13.742033004760742,27.484066,27.023408889770508,0.0,49.8515,3.3685
2005-07-26,5.453091621398926,10.906183,27.23455810546875,0.0,48.1206,1.0685
2005-07-27,0.7561266422271729,1.5122533,27.330955505371094,0.0,46.3199,0.8034
2005-07-28,1.378608226776123,2.7572165,27.49999046325684,0.0,45.2621,1.0452
2005-07-29,0.867164134979248,1.7343283,27.25469207763672,0.0,44.04,0.8022
2005-07-30,0.1412506103515625,0.28250122,27.57223224639893,0.0,42.6602,0.7951
2005-07-31,0.0,0.0,27.708624839782715,0.0,40.8114,0.7938
2005-08-01,0.4028511047363281,0.8057022,28.2315092086792,0.0,39.089,0.7927
2005-08-02,0.1622838973999023,0.3245678,28.44446849822998,0.0,37.7919,0.791
2005-08-03,0.4199553728103637,0.83991075,28.69126319885254,0.0,36.8834,0.8282999999999999
2005-08-04,0.1883301734924316,0.37666035,27.90212821960449,0.0,36.2488,0.7881
2005-08-05,0.9436520338058472,1.8873041,26.621477127075195,0.0,36.0485,0.9115
2005-08-06,1.1872823238372805,2.3745646,26.43794059753418,0.0,35.8005,0.7852
2005-08-07,0.8421772718429565,1.6843545,26.393290519714355,0.0,35.5512,0.8915000000000001
2005-08-08,4.755192518234253,9.5103855,27.09961223602295,0.0,35.4864,0.7825
2005-08-09,0.0,0.0,28.41487216949463,0.0,34.7592,0.7809
2005-08-10,2.1187630891799927,4.237526,28.4543514251709,0.0,35.8006,1.2705
2005-08-11,0.9531280994415284,1.9062562,27.31324481964112,0.0,35.2655,0.778
2005-08-12,1.8428645133972168,3.685729,26.89033031463623,0.0,35.9924,1.2371
2005-08-13,23.550642013549805,47.101284,24.99540424346924,0.0,48.8001,6.1031
2005-08-14,17.374748706817627,34.749496,23.817249298095703,0.0,52.1586,5.5257000000000005
2005-08-15,0.1574001312255859,0.31480026,26.04279136657715,0.0,47.8564,0.7722
2005-08-16,0.7742980718612671,1.5485961,26.31757354736328,0.0,46.0867,0.8203
2005-08-17,1.2508575916290283,2.5017152,26.56945037841797,0.0,44.6033,0.7697
2005-08-18,1.5103812217712402,3.0207624,26.375609397888184,0.0,43.4064,1.0946
2005-08-19,1.2925662398338318,2.5851326,25.67045783996582,0.0,42.397,0.7671
2005-08-20,22.17220115661621,44.344402,24.95043182373047,0.0,52.0124,7.3706
2005-08-21,6.445851564407349,12.891703,25.01943302154541,0.0,49.1443,1.4996
2005-08-22,14.326990127563477,28.65398,25.16244983673096,0.0,51.0555,4.4167000000000005
2005-08-23,4.316566228866577,8.633133,25.3304500579834,0.0,48.2305,0.8268
2005-08-24,1.747095823287964,3.4941916,24.981574058532715,0.0,46.8265,0.8404
2005-08-25,1.370751976966858,2.741504,23.416460037231445,0.0,46.0356,1.0414
2005-08-26,1.6003236770629885,3.2006474,24.317466735839844,0.0,45.3435,0.841
2005-08-27,0.5497114658355713,1.0994229,26.45798397064209,0.0,44.3532,0.8623000000000001
2005-08-28,2.6020783185958862,5.204157,26.718165397644043,0.0,43.8764,0.8881000000000001
2005-08-29,2.0886441469192505,4.177288,27.17042350769043,0.0,43.7921,1.2883
2005-08-30,5.959161281585693,11.918323,26.501441955566406,0.0,44.1028,1.1105
2005-08-31,4.499516487121582,8.999033,26.014290809631348,0.0,43.6902,0.7965
2005-09-01,27.770299911499023,55.5406,23.85581111907959,0.0,53.663,11.3544
2005-09-02,31.49148464202881,62.98297,24.23439693450928,0.0,53.2893,13.3303
2005-09-03,5.839519023895264,11.679038,24.84255886077881,0.0,49.0897,1.6819000000000002
2005-09-04,5.960226535797119,11.920453,24.966766357421875,0.0,48.2591,1.7125
2005-09-05,0.7271323204040527,1.4542646,25.658109664916992,0.0,46.5605,0.7659
2005-09-06,0.0,0.0,24.79444980621338,0.0,45.2067,0.7666
2005-09-07,0.3306413888931274,0.6612828,23.937993049621586,0.0,44.0629,0.7665
2005-09-08,0.1209754943847656,0.24195099,23.89046573638916,0.0,43.1565,0.766
2005-09-09,1.9993104934692385,3.998621,23.32465362548828,0.0,43.4096,1.3223
2005-09-10,0.4407441616058349,0.8814883,24.0495662689209,0.0,42.6524,0.7643
2005-09-11,0.1419463157653808,0.28389263,24.99696159362793,0.0,41.6968,0.7707999999999999
2005-09-12,0.0926084518432617,0.1852169,26.240065574646,0.0,40.7596,0.7622
2005-09-13,0.9640684127807616,1.9281368,26.861451148986816,0.0,40.217,0.9583
2005-09-14,4.412702322006226,8.825405,26.59326934814453,0.0,40.0865,0.7606
2005-09-15,0.1209264993667602,0.241853,25.94474124908448,0.0,39.1835,0.7585
2005-09-16,0.0992000102996826,0.19840002,26.5035457611084,0.0,38.2412,0.7572
2005-09-17,0.0,0.0,26.09727382659912,0.0,37.1382,0.7558
2005-09-18,0.1095720529556274,0.2191441,26.392894744873047,0.0,36.2403,0.7545
2005-09-19,0.0130165815353393,0.026033163,26.73292732238769,0.0,35.3875,0.7531
2005-09-20,0.3300379514694214,0.6600759,26.55075168609619,0.0,34.5879,0.7531
2005-09-21,0.0,0.0,26.49492359161377,0.0,34.067,0.7504
2005-09-22,0.0,0.0,25.992462158203125,0.0,33.7863,0.749
2005-09-23,0.9170033931732178,1.8340068,24.297436714172363,0.0,33.9803,0.8456
2005-09-24,4.011276483535767,8.0225525,23.40012836456299,0.0,34.4027,0.8941
2005-09-25,1.5968637466430664,3.1937275,22.80406379699707,0.0,34.3012,0.7468
2005-09-26,0.902596116065979,1.8051922,22.89648151397705,0.0,34.3376,0.8657999999999999
2005-09-27,0.2602721750736236,0.52054435,24.33339500427246,0.0,33.9474,0.7421
2005-09-28,0.05203378200531,0.104067564,25.294628143310547,0.0,33.6277,0.7406
2005-09-29,0.1357671022415161,0.2715342,25.692127227783203,0.0,33.4203,0.7392
2005-09-30,2.234806060791016,4.469612,25.835712432861328,0.0,34.4742,1.1536
2005-10-01,0.1331757307052612,0.26635146,26.25214385986328,0.0,33.9575,0.7496
2005-10-02,9.74560546875,19.49121,24.16008377075196,0.0,41.3685,3.372
2005-10-03,56.24246025085449,112.484924,22.786136627197266,0.0,55.4568,20.5274
2005-10-04,3.187765598297119,6.375531,23.749982833862305,0.0,48.6574,0.7338
2005-10-05,3.451458215713501,6.9029164,22.43214702606201,0.0,48.0495,1.7949
2005-10-06,0.3246567249298095,0.64931345,24.209181785583496,0.0,46.5333,0.7341
2005-10-07,0.9535570740699768,1.9071141,24.54477500915528,0.0,45.6434,0.971
2005-10-08,3.993874549865722,7.987749,21.171463012695312,0.0,45.7503,1.1118
2005-10-09,0.1757310628890991,0.35146213,21.320375442504883,0.0,44.87,0.7332
2005-10-10,0.0,0.0,21.62479782104492,0.0,43.9871,0.7325
2005-10-11,0.0883554816246032,0.17671096,22.34580898284912,0.0,43.263,0.7337
2005-10-12,0.027789294719696,0.05557859,22.76540184020996,0.0,42.4827,0.7307
2005-10-13,0.1447025537490844,0.2894051,22.491783142089844,0.0,41.6688,0.7323000000000001
2005-10-14,0.1735424995422363,0.347085,22.348779678344727,0.0,41.0289,0.7286
2005-10-15,0.0258734226226806,0.051746845,19.749585151672363,0.0,40.5151,0.7274
2005-10-16,0.0,0.0,19.1900634765625,0.0,40.0496,0.7262
2005-10-17,0.0,0.0,19.697338104248047,0.0,39.3055,0.725
2005-10-18,0.0006707906723022,0.0013415813,19.47390556335449,0.0,38.669,0.7238
2005-10-19,0.0324400663375854,0.06488013,18.15882873535156,0.0,38.0258,0.7225
2005-10-20,0.0,0.0,18.01232147216797,0.0,37.2366,0.7213
2005-10-21,0.0,0.0,19.47248649597168,0.0,36.4171,0.72
2005-10-22,2.150011003017425,4.300022,16.69345474243164,0.0,37.3871,1.2552
2005-10-23,1.092539668083191,2.1850793,13.9201979637146,0.0,37.288,0.7174
2005-10-24,0.1149467229843139,0.22989345,14.381611347198486,0.0,36.7424,0.7177
2005-10-25,0.742371678352356,1.4847434,15.136230945587158,0.0,36.4323,0.7148
2005-10-26,0.0695645809173584,0.13912916,17.99338722229004,0.0,35.9233,0.7135
2005-10-27,0.0288385152816772,0.05767703,19.388931274414062,0.0,35.4606,0.7121
2005-10-28,0.0864659547805786,0.17293191,21.472990036010746,0.0,35.0013,0.711
2005-10-29,7.639008522033691,15.278017,16.770811080932617,0.0,39.3866,2.3769
2005-10-30,0.7486552596092224,1.4973105,13.859213829040527,0.0,39.0987,0.7082
2005-10-31,0.0,0.0,12.476901531219482,0.0,38.5756,0.7069
2005-11-01,0.0,0.0,13.174335956573486,0.0,38.1047,0.7055
2005-11-02,0.4190958738327026,0.83819175,16.85027503967285,0.0,37.7955,0.7324
2005-11-03,0.0769406557083129,0.15388131,20.24057579040528,0.0,37.4009,0.7029
2005-11-04,0.1216766536235809,0.2433533,21.25752544403076,0.0,36.9234,0.7025
2005-11-05,0.0,0.0,21.65618801116944,0.0,36.4274,0.7003
2005-11-06,0.1074709594249725,0.21494192,22.30815315246582,0.0,35.947,0.6997
2005-11-07,15.783217906951904,31.566437,20.563697814941406,0.0,46.2529,4.7194
2005-11-08,8.03350830078125,16.067017,20.473952293396,0.0,48.3789,2.399
2005-11-09,1.886112093925476,3.7722242,21.294991493225098,0.0,46.7224,0.6951
2005-11-10,0.0,0.0,21.3992338180542,0.0,45.3283,0.6938
2005-11-11,2.5869511365890503,5.1739025,21.00315952301025,0.0,45.5644,1.3155
2005-11-12,0.7107055485248566,1.421411,18.92090511322021,0.0,44.8615,0.6912
2005-11-13,0.8245494365692139,1.6490989,20.304887771606445,0.0,44.2222,0.8382
2005-11-14,11.16082763671875,22.321655,19.510621070861816,0.0,49.0215,3.2717
2005-11-15,8.770069599151611,17.540138,14.715509414672852,0.0,50.0307,2.6966
2005-11-16,0.2137316465377807,0.4274633,12.791683673858644,0.0,47.7575,0.6863
2005-11-17,1.324343979358673,2.6486878,12.882530689239502,0.0,47.1809,1.0236
2005-11-18,0.6113273203372955,1.2226546,12.903277397155762,0.0,46.317,0.6841
2005-11-19,0.1307992339134216,0.26159847,12.82785940170288,0.0,45.5953,0.6844
2005-11-20,0.4203972220420837,0.84079444,12.595784664154053,0.0,45.1048,0.6819
2005-11-21,0.0,0.0,12.57401990890503,0.0,44.5109,0.6808
2005-11-22,0.0142569541931152,0.028513908,11.241483688354492,0.0,43.9985,0.6797
2005-11-23,0.1321615576744079,0.26432312,14.094948768615724,0.0,43.4696,0.6799
2005-11-24,0.0462256371974945,0.092451274,13.07361936569214,0.0,42.9005,0.6775
2005-11-25,0.0,0.0,13.27419137954712,0.0,42.2751,0.6764
2005-11-26,0.0,0.0,13.211766242980955,0.0,41.5782,0.6753
2005-11-27,0.0,0.0,13.077414989471436,0.0,40.8554,0.6741
2005-11-28,0.1033554077148437,0.20671082,15.195751667022703,0.0,40.1104,0.6735000000000001
2005-11-29,0.0035302639007568,0.007060528,13.366931438446043,0.0,39.6931,0.6718
2005-11-30,0.0751900672912597,0.15038013,12.663521766662598,0.0,39.3119,0.6708
2005-12-01,0.0480894446372985,0.09617889,13.327846050262451,0.0,38.8472,0.6694
2005-12-02,0.4032246470451355,0.8064493,14.28156805038452,0.0,38.6225,0.7089
2005-12-03,1.6555975079536438,3.311195,13.41107940673828,0.0,38.6075,0.674
2005-12-04,2.496950626373291,4.9939013,10.195024967193604,0.0,39.5496,1.089
2005-12-05,0.1221134066581726,0.24422681,6.505385398864746,0.0,39.3785,0.6646
2005-12-06,0.0,0.0,4.3338611125946045,0.0,39.0562,0.6634
2005-12-07,0.0,0.0,4.312201499938965,0.0,38.8026,0.6727
2005-12-08,0.0246935188770294,0.049387038,6.595233917236328,0.0,38.5201,0.6652
2005-12-09,0.06461101770401,0.12922204,11.171261310577393,0.0,38.1438,0.6598
2005-12-10,4.146481513977051,8.292963,11.707600116729736,0.0,40.7579,1.7447
2005-12-11,2.4136444330215454,4.8272886,10.794011116027832,0.0,41.5422,1.0136
2005-12-12,0.216515302658081,0.4330306,8.553749084472656,0.0,41.1453,0.6562
2005-12-13,0.0,0.0,5.309197425842285,0.0,40.7271,0.6567000000000001
2005-12-14,0.0214858353137969,0.04297167,4.815213441848755,0.0,40.3402,0.658
2005-12-15,0.0877276062965393,0.17545521,3.1399521827697754,0.0,40.0529,0.6707
2005-12-16,0.0304088294506073,0.06081766,3.143939018249512,0.0,39.7679,0.6704
2005-12-17,0.037631943821907,0.07526389,5.935406923294067,0.0,39.4018,0.6521
2005-12-18,0.0,0.0,2.8115451335906982,0.0,39.1033,0.6491
2005-12-19,0.0772748589515686,0.15454972,4.567357301712036,0.0,38.8959,0.6626000000000001
2005-12-20,0.0,0.0,8.91309642791748,0.0,38.5508,0.6467
2005-12-21,0.093922734260559,0.18784547,6.979488372802734,0.0,38.3356,0.6456
2005-12-22,0.0139673352241516,0.02793467,2.0392086505889893,0.0,38.2548,0.669
2005-12-23,0.0644743740558624,0.12894875,3.4281742572784424,0.0,38.1424,0.66
2005-12-24,0.0017544701695442,0.0035089403,8.538490772247314,0.0,37.95,0.6419
2005-12-25,0.0087836980819702,0.017567396,10.4551739692688,0.0,37.7007,0.6407
2005-12-26,0.1130067110061645,0.22601342,8.784029006958008,0.0,37.5041,0.6396
2005-12-27,0.0669870376586914,0.13397408,10.595911026000977,0.0,37.3643,0.6396999999999999
2005-12-28,9.90603733062744,19.812075,8.936708450317383,0.0,43.6067,3.0779
2005-12-29,0.3955424427986145,0.7910849,11.045537948608398,0.0,43.1216,0.636
2005-12-30,0.060859203338623,0.12171841,13.703413009643556,0.0,42.5258,0.6348
2005-12-31,0.8576753735542297,1.7153507,15.165721893310549,0.0,41.9939,0.6337
2006-01-01,0.080509066581726,0.16101813,12.771570682525637,0.0,41.4577,0.6326999999999999
2006-01-02,0.1255545318126678,0.25110906,11.579883575439451,0.0,40.9798,0.6313
2006-01-03,0.1537447571754455,0.3074895,11.93158721923828,0.0,40.6934,0.6318
2006-01-04,0.2377218008041381,0.4754436,13.953882694244385,0.0,40.0524,0.6295
2006-01-05,8.189345836639404,16.378693,6.634834051132202,0.0,44.4073,2.4983
2006-01-06,0.9632115364074708,1.9264231,3.2536211013793945,0.0065,44.0805,0.6535000000000001
2006-01-07,0.2224456071853637,0.4448912,1.4883780479431152,0.0,43.8096,0.7019
2006-01-08,0.1538426876068115,0.30768538,1.2892825603485107,0.0,43.5013,0.6537999999999999
2006-01-09,0.1730447709560394,0.34608954,6.406640291213989,0.0,42.9777,0.6284
2006-01-10,0.1835022270679474,0.36700445,7.265623331069946,0.0,42.4623,0.6265
2006-01-11,0.0,0.0,11.548452854156494,0.0,41.8064,0.6209
2006-01-12,0.419142335653305,0.8382847,15.383386611938477,0.0,41.1841,0.6488
2006-01-13,0.3844170570373535,0.7688341,14.847800254821776,0.0,40.4823,0.6187
2006-01-14,0.0,0.0,15.883119583129885,0.0,39.647,0.6175
2006-01-15,0.1113499402999877,0.22269988,14.334108829498293,0.0,39.2274,0.6174999999999999
2006-01-16,0.2427107095718383,0.48542142,15.598779201507568,0.0,38.6708,0.6152
2006-01-17,0.4318717122077942,0.8637434,14.911375045776367,0.0,38.3515,0.655
2006-01-18,0.5958274900913239,1.1916549,17.088884353637695,0.0,37.9869,0.613
2006-01-19,4.90435802936554,9.808716,15.913578987121582,0.0,40.9995,1.8579
2006-01-20,11.634403228759766,23.268806,9.365371227264404,0.0,47.0467,3.2508
2006-01-21,0.4608020782470703,0.92160416,7.360306739807129,0.0,45.9495,0.6095
2006-01-22,0.7135273218154907,1.4270546,6.081960678100586,0.0,45.5918,0.7512000000000001
2006-01-23,0.9799798130989076,1.9599596,4.91618537902832,0.0,45.2638,0.6711999999999999
2006-01-24,0.0976850986480712,0.1953702,5.954380512237549,0.0,44.8229,0.6062
2006-01-25,0.2215200662612915,0.44304013,7.578532695770264,0.0,44.3826,0.6184999999999999
2006-01-26,0.0,0.0,7.836971044540405,0.0,43.9559,0.604
2006-01-27,0.0506952404975891,0.10139048,7.071037769317627,0.0,43.3673,0.6029
2006-01-28,0.1806895732879638,0.36137915,8.205346584320068,0.0,42.7696,0.6018
2006-01-29,0.0263646841049194,0.05272937,10.271974086761476,0.0,42.0142,0.6008
2006-01-30,0.0,0.0,12.444796562194824,0.0,41.0311,0.5996
2006-01-31,0.1826348304748535,0.36526966,14.656700611114502,0.0,40.148,0.6004
2006-02-01,1.0700769424438477,2.140154,12.396832942962646,0.0,39.7215,0.5983
2006-02-02,0.4016413688659668,0.80328274,13.091349124908447,0.0,39.058,0.6385000000000001
2006-02-03,2.532050967216492,5.064102,10.275953769683838,0.0,39.0885,0.6197999999999999
2006-02-04,2.515625476837158,5.031251,6.564167261123657,0.0,39.9199,0.9064
2006-02-05,0.0730392932891845,0.14607859,8.051023006439209,0.0,39.5795,0.593
2006-02-06,1.5214410424232483,3.042882,10.672539234161375,0.0,39.8788,0.9134
2006-02-07,0.0,0.0,10.906000137329102,0.0,39.0346,0.5908
2006-02-08,1.385819435119629,2.7716389,11.007226467132568,0.0,39.3892,0.8795999999999999
2006-02-09,0.280670166015625,0.56134033,7.957005262374878,0.0,39.0984,0.5886
2006-02-10,0.7538326978683472,1.5076654,8.398496150970459,0.0,39.1612,0.7101000000000001
2006-02-11,0.4931401014328003,0.9862802,11.397660255432127,0.0,38.7843,0.5864
2006-02-12,1.6264933943748474,3.252987,9.54704999923706,0.0,39.3838,0.952
2006-02-13,1.1585394144058228,2.3170788,11.274389266967772,0.0,38.8914,0.5842
2006-02-14,0.0,0.0,13.54640007019043,0.0,38.161,0.5832
2006-02-15,5.750241756439209,11.5004835,18.024206161499023,0.0,41.8067,2.1415
2006-02-16,1.475781798362732,2.9515636,14.25171947479248,0.0,40.8573,0.581
2006-02-17,0.0,0.0,6.903913736343384,0.0,40.3583,0.5799
2006-02-18,6.212189435958862,12.424379,5.937005281448364,0.0,44.1938,2.1904
2006-02-19,8.656379222869873,17.31276,7.27569580078125,0.0,47.9822,2.6197
2006-02-20,0.0,0.0,10.855953216552734,0.0,46.1626,0.5767
2006-02-21,1.6967564821243286,3.393513,15.452340602874756,0.0,45.6115,0.9876
2006-02-22,0.6912145614624023,1.3824291,13.781688690185549,0.0,44.6099,0.5745
2006-02-23,5.347253322601318,10.694507,8.350760698318481,0.0,47.1556,2.0377
2006-02-24,12.513360023498535,25.02672,8.796821594238281,0.0,51.0876,3.9227
2006-02-25,37.4019775390625,74.803955,9.348121166229248,0.0,54.2158,14.9681
2006-02-26,2.850106000900269,5.700212,10.970211505889893,0.0,48.9565,1.0615
2006-02-27,0.0,0.0,9.67958402633667,0.0,47.3199,0.5745
2006-02-28,19.268357276916504,38.536713,5.798810243606567,0.0,52.1606,9.1262
2006-03-01,1.840788960456848,3.681578,4.760555744171143,0.0,48.3881,0.578
2006-03-02,0.0329322814941406,0.06586456,5.210080862045288,0.0,46.8965,0.5898
2006-03-03,0.0,0.0,6.898854732513428,0.0,45.7488,0.5821
2006-03-04,0.4004702568054199,0.8009405,9.656839847564695,0.0,44.9374,0.6144
2006-03-05,4.456252574920654,8.912505,12.165655136108398,0.0,46.0227,1.6571000000000002
2006-03-06,12.587337493896484,25.174675,14.258678436279297,0.0,50.0405,5.0238000000000005
2006-03-07,2.104294896125793,4.2085896,14.335669040679932,0.0,47.8994,0.6336999999999999
2006-03-08,6.301885724067688,12.603771,14.63877248764038,0.0,48.4921,2.4444
2006-03-09,2.187574863433838,4.3751497,16.983349800109863,0.0,46.9815,0.5855
2006-03-10,0.0534852743148803,0.10697055,15.60625171661377,0.0,45.6749,0.5870000000000001
2006-03-11,0.1233828067779541,0.24676561,16.849157333374023,0.0,44.6491,0.5864
2006-03-12,25.743809700012207,51.487617,11.428505897521973,0.0,52.8987,11.985
2006-03-13,2.18372130393982,4.3674426,3.624650001525879,0.0,48.6542,0.8172
2006-03-14,0.0098626613616943,0.019725323,7.115349531173706,0.0,47.0519,0.6143000000000001
2006-03-15,14.122684001922607,28.245369,7.522164344787598,0.0,51.0936,7.105700000000001
2006-03-16,4.385726451873779,8.771453,11.45604944229126,0.0,48.69,1.3654000000000002
2006-03-17,0.4058992862701416,0.8117986,16.204565048217773,0.0,46.9168,0.5966
2006-03-18,0.5104122161865234,1.0208244,17.492682456970215,0.0,45.7343,0.6522
2006-03-19,0.5143952369689941,1.0287905,14.738711833953856,0.0,44.996,0.5994
2006-03-20,17.28749132156372,34.57498,9.25428867340088,0.0,51.4421,8.2184
2006-03-21,31.74260330200196,63.485207,11.23137092590332,0.0,53.1267,16.3682
2006-03-22,13.891575813293455,27.783152,16.006398677825928,0.0,50.4581,6.0197
2006-03-23,21.228160858154297,42.45632,12.975444316864014,0.0,51.8099,11.4892
2006-03-24,1.6238855123519895,3.247771,11.088327407836914,0.0,48.2689,0.6327
2006-03-25,1.895326375961304,3.7906528,10.9505295753479,0.0,47.5049,1.4345
2006-03-26,6.002962589263916,12.005925,12.395931243896484,0.0,48.1645,2.4488
2006-03-27,7.094288110733032,14.188576,10.55332088470459,0.0,49.1067,3.3068
2006-03-28,0.1441049575805664,0.28820992,13.52370262145996,0.0,47.0955,0.6492
2006-03-29,0.0103449821472167,0.020689964,14.211265087127686,0.0,45.7858,0.6509
2006-03-30,0.1513400077819824,0.30268002,15.841056823730469,0.0,44.7021,0.6516
2006-03-31,6.403636455535889,12.807273,12.823476791381836,0.0,47.3284,3.257
2006-04-01,24.287484169006348,48.574966,12.812199115753174,0.0,52.6978,11.1698
2006-04-02,0.0,0.0,17.5580472946167,0.0,48.0587,0.6537
2006-04-03,0.3160104751586914,0.63202095,20.33601474761963,0.0,46.3019,0.6735
2006-04-04,0.0,0.0,22.566529273986816,0.0,44.7797,0.6574
2006-04-05,2.077162504196167,4.154325,22.35702991485596,0.0,44.5373,1.3281999999999998
2006-04-06,26.68038272857666,53.360764,14.788175582885742,0.0,52.6541,10.5834
2006-04-07,0.0,0.0,17.33621597290039,0.0,47.9998,0.6581
2006-04-08,1.9318842887878416,3.8637686,16.485224723815918,0.0,46.801,1.1263
2006-04-09,4.129691123962402,8.259382,18.31001377105713,0.0,46.1497,0.7051000000000001
2006-04-10,13.981200695037842,27.962402,19.718892097473145,0.0,50.1401,5.442900000000001
2006-04-11,0.371190071105957,0.74238014,22.042046546936035,0.0,47.291,0.6608
2006-04-12,35.3007755279541,70.60155,21.134770393371586,0.0,53.5535,17.6991
2006-04-13,22.585083961486816,45.170166,13.85646390914917,0.0,51.8781,11.3593
2006-04-14,15.64796257019043,31.295925,11.052589416503906,0.0,51.0736,8.3946
2006-04-15,13.63988161087036,27.279762,10.804770946502686,0.0,50.8247,7.2603
2006-04-16,0.1058137416839599,0.21162748,14.052897453308104,0.0,47.7396,0.697
2006-04-17,0.0250306129455566,0.050061226,14.88891887664795,0.0,46.1844,0.7018
2006-04-18,0.0,0.0,17.90400218963623,0.0,44.9953,0.7039
2006-04-19,0.2933278083801269,0.5866556,20.950420379638672,0.0,43.8519,0.717
2006-04-20,2.1181936264038086,4.2363873,18.814764976501465,0.0,43.3669,0.7046
2006-04-21,2.347766876220703,4.6955338,15.848599433898926,0.0,43.8243,1.4625
2006-04-22,6.850746393203735,13.701492,18.040796279907227,0.0,44.7134,1.46
2006-04-23,1.2363731861114502,2.4727464,20.06489086151123,0.0,43.9014,0.703
2006-04-24,6.987425804138184,13.974852,18.427011489868164,0.0,46.9965,3.3062
2006-04-25,7.917608261108398,15.8352165,16.160888195037842,0.0,48.9293,3.1139
2006-04-26,23.94918537139893,47.89837,18.27742958068848,0.0,52.5166,9.8571
2006-04-27,16.96475315093994,33.929504,16.689955711364746,0.0,51.5228,7.9898
2006-04-28,8.300623655319214,16.601248,13.579254150390623,0.0,49.8488,3.8363
2006-04-29,0.3628909587860107,0.7257819,17.18653964996338,0.0,47.3658,0.714
2006-04-30,0.0,0.0,19.04068279266357,0.0,45.6283,0.7172
2006-05-01,29.23703098297119,58.47406,20.876373291015625,0.0,52.9987,14.5981
2006-05-02,9.43830680847168,18.876614,21.88498592376709,0.0,49.8149,3.3496
2006-05-03,1.0503687858581543,2.1007376,22.02365779876709,0.0,47.313,0.7264
2006-05-04,1.3492298126220703,2.6984596,22.33445930480957,0.0,46.011,1.1044
2006-05-05,2.6171655654907227,5.234331,21.84339809417725,0.0,45.3404,0.7303
2006-05-06,28.736824989318848,57.473648,23.267775535583496,0.0,53.042,14.2163
2006-05-07,9.479453086853027,18.958906,22.30037879943848,0.0,49.9879,3.6913
2006-05-08,2.000944137573242,4.0018883,23.98565673828125,0.0,47.5126,0.7378
2006-05-09,0.8267807960510254,1.6535616,25.90903949737549,0.0,45.861,0.8839
2006-05-10,7.167454719543457,14.334909,23.92930603027344,0.0,46.6594,1.8612
2006-05-11,1.8657331466674805,3.7314663,21.360600471496586,0.0,45.9324,0.7425
2006-05-12,0.7365231513977051,1.4730463,23.29606342315674,0.0,44.7255,0.8737
2006-05-13,18.154052734375,36.308105,18.16359806060791,0.0,51.0125,7.1751000000000005
2006-05-14,0.5543942451477051,1.1087885,17.85075855255127,0.0,47.7665,0.7427
2006-05-15,0.0,0.0,17.803714752197266,0.0,46.1173,0.743
2006-05-16,12.438669204711914,24.877338,15.538186073303224,0.0,50.1956,5.626799999999999
2006-05-17,43.57025337219238,87.1405,16.82840633392334,0.0,53.8898,22.5556
2006-05-18,37.081687927246094,74.163376,16.64345932006836,0.0,52.5216,26.2113
2006-05-19,0.0280196666717529,0.056039333,20.30019474029541,0.0,47.9821,0.7734
2006-05-20,0.0392637252807617,0.07852745,18.48258209228516,0.0,46.3061,0.7806
2006-05-21,6.116509675979614,12.233019,18.071017265319824,0.0,47.4473,2.7344
2006-05-22,46.20317077636719,92.40634,18.977928161621094,0.0,53.9317,24.3425
2006-05-23,8.524507522583008,17.049015,20.72679233551025,0.0,49.8635,4.6045
2006-05-24,0.1281290054321289,0.256258,21.28233337402344,0.0,47.3959,0.8091
2006-05-25,2.513974547386169,5.0279493,22.042299270629883,0.0,46.7571,1.8196
2006-05-26,16.412748336791992,32.825497,22.281593322753903,0.0,51.1027,7.4696
2006-05-27,0.8105988502502441,1.6211977,22.674723625183105,0.0,47.7684,0.8171
2006-05-28,4.091871976852417,8.183744,19.201950073242188,0.0,47.7102,2.5271
2006-05-29,0.0,0.0,18.445520401000977,0.0,46.1242,0.8187
2006-05-30,8.988638401031494,17.977276,16.918067932128906,0.0,49.1285,4.5716
2006-05-31,75.24776077270508,150.49551,16.176417350769043,0.0,54.7281,47.2123
2006-06-01,65.4725227355957,130.94504,18.65394401550293,0.0,51.2277,56.7288
2006-06-02,0.0889139175415039,0.17782784,22.10493564605713,0.0,47.6877,0.8565
2006-06-03,5.305801868438721,10.611604,20.01991081237793,0.0,48.1604,3.1644
2006-06-04,18.342363357543945,36.684727,20.861841201782227,0.0,51.5986,8.8027
2006-06-05,34.54764461517334,69.09529,22.03062629699707,0.0,52.953,19.2791
2006-06-06,66.64877700805664,133.29755,21.66075229644776,0.0,52.6133,55.0249
2006-06-07,73.7115478515625,147.4231,20.688651084899902,0.0,52.5318,62.1695
2006-06-08,46.90412139892578,93.80824,21.45869445800781,0.0,52.575,33.9024
2006-06-09,0.1309287548065185,0.2618575,22.82560539245605,0.0,48.0429,0.9386
2006-06-10,1.6747275590896606,3.349455,23.01642417907715,0.0,46.6159,1.4866
2006-06-11,0.0409102439880371,0.08182049,23.79005718231201,0.0,45.1399,0.9436
2006-06-12,0.0,0.0,25.713114738464355,0.0,43.6372,0.9413
2006-06-13,19.76652336120605,39.533047,23.179628372192383,0.0,51.4897,9.1911
2006-06-14,11.910158157348633,23.820316,23.944976806640625,0.0,50.3872,4.361
2006-06-15,28.37876892089844,56.757538,22.89716339111328,0.0,52.912,15.1053
2006-06-16,6.302468061447144,12.604937,24.18074893951416,0.0,48.9428,1.8791
2006-06-17,14.988969802856444,29.97794,24.140664100646973,0.0,50.7239,7.078900000000001
2006-06-18,12.78684663772583,25.573692,24.68416309356689,0.0,50.0267,4.7648
2006-06-19,0.7760663032531738,1.5521326,25.94417667388916,0.0,47.3029,0.9644
2006-06-20,3.810300350189209,7.6206007,26.50338077545166,0.0,47.1661,2.5923
2006-06-21,0.6508736610412598,1.3017473,26.85378360748291,0.0,45.6481,0.9634
2006-06-22,0.7479233741760254,1.4958467,27.37327766418457,0.0,44.6776,1.29
2006-06-23,0.4539377689361572,0.90787554,27.838424682617188,0.0,43.5023,0.9577
2006-06-24,1.8395116329193115,3.6790233,27.80870151519776,0.0,42.9614,1.3982
2006-06-25,13.035555362701416,26.07111,26.106921195983887,0.0,46.5787,3.4286000000000003
2006-06-26,6.292827844619751,12.585655,25.278040885925293,0.0,45.8858,0.9838
2006-06-27,5.61413049697876,11.228261,26.002158164978027,0.0,46.3193,1.9185
2006-06-28,7.307061910629272,14.614124,24.80403423309326,0.0,46.1823,1.2825
2006-06-29,2.05731737613678,4.1146345,25.736964225769043,0.0,45.1706,0.9445
2006-06-30,0.2992496490478515,0.5984993,27.528553009033203,0.0,43.8771,0.9413
2006-07-01,0.0,0.0,27.70577907562256,0.0,42.5253,0.9372
2006-07-02,0.0735189914703369,0.14703798,28.77754783630371,0.0,41.3308,0.933
2006-07-03,0.6556136608123779,1.3112273,28.72090530395508,0.0,40.3417,0.9289
2006-07-04,0.8394773006439209,1.6789546,28.568522453308105,0.0,39.3204,0.9631
2006-07-05,1.0323679447174072,2.064736,28.82551956176757,0.0,38.5264,0.9211
2006-07-06,0.7154829502105713,1.4309659,28.68678855895996,0.0,37.639,0.9841
2006-07-07,4.986364364624023,9.972729,27.13045215606689,0.0,37.4908,0.9144
2006-07-08,12.270546436309814,24.541092,26.03169345855713,0.0,44.854,4.5677
2006-07-09,2.091475486755371,4.182951,26.31999397277832,0.0,43.6859,0.9083
2006-07-10,0.6752015352249146,1.3504031,28.214763641357425,0.0,42.1935,0.9959
2006-07-11,0.4193536043167114,0.8387072,28.996283531188965,0.0,40.7369,0.9012
2006-07-12,3.45683217048645,6.9136643,29.020339012146,0.0,40.9484,1.7276
2006-07-13,1.8723089694976809,3.744618,27.14168739318848,0.0,39.9805,0.8945
2006-07-14,45.41876983642578,90.83754,24.071401596069336,0.0,54.8231,16.461000000000002
2006-07-15,15.161407470703123,30.322815,24.72450351715088,0.0,51.5578,6.1735
2006-07-16,21.192200660705566,42.3844,24.28292560577393,0.0,52.1069,9.0463
2006-07-17,4.092113971710205,8.184228,25.560675621032715,0.0,48.5073,1.0758
2006-07-18,0.5995904207229614,1.1991808,27.17257595062256,0.0,46.5843,0.9015
2006-07-19,0.3405025005340576,0.681005,28.02505874633789,0.0,45.1228,0.8967
2006-07-20,0.8374221324920654,1.6748443,28.50355339050293,0.0,44.0516,0.9013
2006-07-21,0.0918707847595214,0.18374157,28.97187042236328,0.0,42.8863,0.8915
2006-07-22,0.4328620433807373,0.8657241,28.545360565185547,0.0,41.8361,0.8886999999999999
2006-07-23,0.910336971282959,1.820674,28.56822872161865,0.0,40.919,0.9976
2006-07-24,8.816375494003296,17.632751,28.112607955932617,0.0,42.2355,1.6478000000000002
2006-07-25,16.292078018188477,32.584156,25.05590534210205,0.0,50.1082,6.1634
2006-07-26,5.189087986946106,10.378176,24.673513412475582,0.0,48.9612,2.0045
2006-07-27,4.095855951309204,8.191711,25.419857025146484,0.0,47.5378,1.0012
2006-07-28,2.380968809127808,4.7619376,25.85066318511963,0.0,46.4349,1.017
2006-07-29,2.958975672721863,5.9179516,26.38919734954834,0.0,46.112,1.6452
2006-07-30,0.1412506103515625,0.28250122,26.191118240356445,0.0,44.7141,0.8776
2006-07-31,0.0,0.0,25.94357204437256,0.0,43.4159,0.8763
2006-08-01,0.4028511047363281,0.8057022,26.904420852661133,0.0,42.2286,0.8752
2006-08-02,3.947826862335205,7.8956537,26.821003913879395,0.0,41.805,0.8734
2006-08-03,2.1103063821792603,4.2206125,26.277320861816406,0.0,42.3488,1.599
2006-08-04,16.025789737701416,32.05158,25.081700325012207,0.0,48.6484,4.4214
2006-08-05,3.827851414680481,7.6557026,25.04911708831787,0.0,47.0467,0.8691
2006-08-06,0.372589111328125,0.7451782,26.3275203704834,0.0,45.377,0.8677
2006-08-07,5.837451934814453,11.674904,25.636274337768555,0.0,45.2018,1.1903
2006-08-08,0.6774899959564209,1.35498,25.62911796569824,0.0,43.9692,0.8785
2006-08-09,0.0,0.0,26.73978042602539,0.0,42.2647,0.8635
2006-08-10,0.4763727188110351,0.95274544,27.113932609558105,0.0,40.8901,0.9159
2006-08-11,25.799039363861084,51.59808,27.14421272277832,0.0,52.424,8.0566
2006-08-12,0.3626978397369385,0.7253957,28.187400817871094,0.0,47.679,0.8593
2006-08-13,0.5095856189727783,1.0191712,28.220378875732425,0.0,45.5425,0.8635999999999999
2006-08-14,2.9866974353790283,5.973395,28.060853958129883,0.0,44.4632,0.8571
2006-08-15,7.921152591705322,15.842305,27.33485984802246,0.0,46.4393,2.8640000000000003
2006-08-16,11.080684661865234,22.16137,27.12978458404541,0.0,48.5351,2.6457
2006-08-17,1.7993853092193604,3.5987706,28.07133674621582,0.0,46.3545,0.8535
2006-08-18,2.962277293205261,5.924555,26.967390060424805,0.0,46.3059,1.8749
2006-08-19,0.2774823904037475,0.5549648,25.982845306396484,0.0,44.3707,0.8512
2006-08-20,2.3994022607803345,4.7988043,25.393096923828125,0.0,43.7515,1.4068999999999998
2006-08-21,16.45823574066162,32.916473,24.27623081207276,0.0,50.0048,4.7332
2006-08-22,4.0970680713653564,8.194136,24.33706283569336,0.0,47.7985,0.8793
2006-08-23,11.442304611206056,22.88461,24.39890956878662,0.0,50.6327,4.2472
2006-08-24,17.87899398803711,35.757988,23.7462797164917,0.0,52.1636,7.0847
2006-08-25,7.125845909118652,14.251692,24.200023651123047,0.0,49.4621,2.2261
2006-08-26,0.0491529703140258,0.09830594,25.84961986541748,0.0,47.091,0.8482
2006-08-27,2.077653408050537,4.155307,27.20890045166016,0.0,47.0219,1.9825
2006-08-28,2.246035933494568,4.492072,27.05454921722412,0.0,45.8119,0.8483
2006-08-29,0.0741276741027832,0.14825535,27.497279167175293,0.0,44.4737,0.8477
2006-08-30,0.1861088275909423,0.37221766,27.529358863830566,0.0,43.3615,0.8468
2006-08-31,0.9766864776611328,1.953373,27.990941047668457,0.0,42.4603,0.9715
2006-09-01,0.7193025350570679,1.4386051,27.33806610107422,0.0,41.6319,0.8598
2006-09-02,2.5863828659057617,5.1727657,26.92022132873535,0.0,41.3553,1.2593
2006-09-03,0.6952028870582581,1.3904058,26.567296981811523,0.0,40.3019,0.8419
2006-09-04,7.295503616333008,14.591007,25.857894897460938,0.0,43.0675,2.6774
2006-09-05,20.52416610717773,41.048332,25.317143440246586,0.0,50.6716,5.5284
2006-09-06,1.2403497695922852,2.4806995,24.37731075286865,0.0,47.6403,0.8378
2006-09-07,2.525962710380554,5.0519257,24.894569396972656,0.0,46.8177,1.4712
2006-09-08,2.412020802497864,4.8240414,25.59886360168457,0.0,45.7398,0.8356
2006-09-09,4.898397207260132,9.796795,24.460383415222168,0.0,47.3317,2.6243
2006-09-10,9.58102035522461,19.16204,19.23312473297119,0.0,49.8483,3.3408
2006-09-11,3.709663391113281,7.419327,17.118553161621094,0.0,48.8146,1.7096
2006-09-12,15.503514766693115,31.00703,17.729723930358887,0.0,51.7506,6.009600000000001
2006-09-13,3.0494062900543213,6.0988126,20.570560455322266,0.0,48.3495,0.8601
2006-09-14,6.587439060211182,13.174878,22.86194896697998,0.0,48.3813,2.0331
2006-09-15,2.941501259803772,5.8830023,23.39878749847412,0.0,46.9073,0.8323
2006-09-16,0.2204872965812683,0.4409746,22.30699920654297,0.0,45.8268,0.8321
2006-09-17,0.0,0.0,21.94793033599853,0.0,44.5902,0.8316
2006-09-18,0.085924744606018,0.17184949,19.648740768432617,0.0,43.5546,0.8308
2006-09-19,0.0130165815353393,0.026033163,19.876181602478027,0.0,42.5694,0.8298
2006-09-20,0.3300379514694214,0.6600759,19.164252281188965,0.0,41.6718,0.8303
2006-09-21,0.0,0.0,20.09285449981689,0.0,40.5653,0.8274
2006-09-22,0.0,0.0,21.46637535095215,0.0,39.1352,0.826
2006-09-23,0.0,0.0,21.782615661621094,0.0,37.7855,0.8246
2006-09-24,0.5906744003295898,1.1813488,22.15990924835205,0.0,37.0821,0.8496
2006-09-25,1.2004680633544922,2.4009361,21.947982788085938,0.0,36.5661,0.8218
2006-09-26,0.0,0.0,21.340940475463867,0.0,35.6517,0.8203
2006-09-27,0.2602721750736236,0.52054435,21.621590614318848,0.0,35.0095,0.8202999999999999
2006-09-28,0.0379921197891235,0.07598424,22.08701133728028,0.0,34.5131,0.8173
2006-09-29,0.1357671022415161,0.2715342,22.75606918334961,0.0,34.1695,0.8158
2006-09-30,0.4352453947067261,0.8704908,23.584754943847656,0.0,33.9365,0.8143
2006-10-01,0.30302494764328,0.6060499,23.17723178863525,0.0,33.7738,0.8159
2006-10-02,0.5532439947128296,1.106488,22.72612571716309,0.0,33.6866,0.8113
2006-10-03,0.8331537544727325,1.6663074,22.0437879562378,0.0,34.0003,0.9461
2006-10-04,1.4100182056427002,2.8200364,21.65646743774414,0.0,33.8046,0.8083
2006-10-05,0.2615071535110473,0.5230143,19.358530044555664,0.0,33.5147,0.8079999999999999
2006-10-06,0.3246567249298095,0.64931345,19.25661277770996,0.0,33.3465,0.8053
2006-10-07,0.0793070793151855,0.15861416,19.614702224731445,0.0,33.1835,0.8039999999999999
2006-10-08,0.0799182057380676,0.15983641,20.164082527160645,0.0,33.1029,0.8022
2006-10-09,0.1757310628890991,0.35146213,20.594035148620605,0.0,33.0201,0.8017
2006-10-10,0.0,0.0,22.84313201904297,0.0,32.8552,0.7992
2006-10-11,0.0883554816246032,0.17671096,22.72568130493164,0.0,32.7183,0.7988999999999999
2006-10-12,0.027789294719696,0.05557859,23.02987575531006,0.0,32.5739,0.7962
2006-10-13,0.1700721979141235,0.3401444,22.998929977416992,0.0,32.433,0.7966
2006-10-14,0.1735424995422363,0.347085,22.57728672027588,0.0,32.3086,0.7932
2006-10-15,0.0258734226226806,0.051746845,22.719463348388672,0.0,32.1615,0.7918
2006-10-16,0.0,0.0,21.76529884338379,0.0,31.986,0.7903
2006-10-17,0.0,0.0,21.8255262374878,0.0,31.8252,0.7888
2006-10-18,0.3681674003601074,0.7363348,21.67365837097168,0.0,31.7491,0.7932
2006-10-19,0.0324400663375854,0.06488013,22.252302169799805,0.0,31.6106,0.7858
2006-10-20,0.0,0.0,22.70215511322021,0.0,31.4406,0.7843
2006-10-21,0.0,0.0,23.098478317260746,0.0,31.2853,0.7828
2006-10-22,0.1906126737594604,0.38122535,22.657739639282227,0.0,31.1423,0.7828999999999999
2006-10-23,8.59434700012207,17.188694,21.992226600646973,0.0,36.1618,2.2683
2006-10-24,0.3278120756149292,0.65562415,20.93822956085205,0.0,35.9849,0.7784
2006-10-25,0.3377835750579834,0.67556715,20.784314155578613,0.0,35.5829,0.7845
2006-10-26,0.0,0.0,19.41116237640381,0.0,35.0743,0.7755
2006-10-27,0.0288385152816772,0.05767703,20.156867027282715,0.0,34.6716,0.7744
2006-10-28,0.0803155899047851,0.16063118,20.779953956604004,0.0,34.2634,0.7726
2006-10-29,0.004107654094696,0.008215308,20.90797615051269,0.0,33.8239,0.7711
2006-10-30,0.0,0.0,20.20533847808838,0.0,33.3601,0.7697
2006-10-31,0.0,0.0,19.32057857513428,0.0,32.8804,0.7682
2006-11-01,0.0,0.0,17.899821281433105,0.0,32.5293,0.7668
2006-11-02,0.2239829301834106,0.44796586,15.844961643218994,0.0,32.29,0.7672
2006-11-03,0.0072686076164245,0.014537215,14.929930686950684,0.0,32.0864,0.7639
2006-11-04,0.0,0.0,15.222455024719238,0.0,31.873,0.7625
2006-11-05,0.0,0.0,15.723394870758057,0.0,31.7166,0.761
2006-11-06,0.0891128480434417,0.1782257,17.3616943359375,0.0,31.58,0.7596
2006-11-07,0.0630960166454315,0.12619203,16.08220911026001,0.0,31.4583,0.7582
2006-11-08,0.0517653226852417,0.103530645,14.632190227508543,0.0,31.3275,0.7567
2006-11-09,0.0,0.0,16.29073429107666,0.0,31.1631,0.7553
2006-11-10,0.0,0.0,18.28920841217041,0.0,31.0079,0.7539
2006-11-11,0.0,0.0,18.78165435791016,0.0,30.8668,0.7525
2006-11-12,0.0,0.0,14.532577991485596,0.0,30.7423,0.751
2006-11-13,0.0056601166725158,0.011320233,14.416874408721924,0.0,30.6236,0.7496
2006-11-14,0.0,0.0,14.323665618896484,0.0,30.5279,0.7482
2006-11-15,0.0,0.0,15.527713775634766,0.0,30.4423,0.7468
2006-11-16,0.0694127082824707,0.13882542,16.90247917175293,0.0,30.3561,0.7454
2006-11-17,6.178987503051758,12.357975,17.344279289245605,0.0,34.1564,1.7622
2006-11-18,23.897783279418945,47.795567,17.00811767578125,0.0,50.9163,6.305400000000001
2006-11-19,5.82574725151062,11.651495,16.86420726776123,0.0,49.9512,1.9624
2006-11-20,6.546755790710449,13.093512,14.620585918426514,0.0,50.0255,2.2196
2006-11-21,22.951313018798828,45.902626,14.855188369750977,0.0,53.249,7.975899999999999
2006-11-22,14.138861179351808,28.277721,15.678303241729736,0.0,51.9308,5.8101
2006-11-23,0.6389636695384979,1.2779274,16.437369346618652,0.0,48.2545,0.7358
2006-11-24,1.5486664175987244,3.097333,15.00817346572876,0.0,47.4492,1.1964
2006-11-25,21.49101734161377,42.982033,14.78990364074707,0.0,52.5809,9.3612
2006-11-26,30.47422790527344,60.948456,15.120397567749023,0.0,53.1364,15.9792
2006-11-27,0.0491641759872436,0.09832835,14.60040283203125,0.0,48.4674,0.7417
2006-11-28,8.566142797470093,17.132286,12.351613998413086,0.0,49.8922,5.1267
2006-11-29,4.2318198680877686,8.46364,12.83940362930298,0.0,48.8881,2.4158
2006-11-30,0.4338711500167846,0.8677423,12.204625129699709,0.0,47.3377,0.7587
2006-12-01,0.4135571420192718,0.8271143,11.57961654663086,0.0,46.4928,0.8535
2006-12-02,0.0419234037399292,0.08384681,10.905281066894531,0.0,45.8076,0.7636
2006-12-03,0.0,0.0,10.857816696166992,0.0,45.153,0.7648
2006-12-04,0.0038139224052429,0.007627845,11.370011806488035,0.0,44.6822,0.7653
2006-12-05,0.1221134066581726,0.24422681,12.251356601715088,0.0,44.126,0.7667999999999999
2006-12-06,0.0,0.0,13.200016498565674,0.0,43.5359,0.7653
2006-12-07,0.0436770617961883,0.08735412,16.034006595611572,0.0,42.9985,0.7652
2006-12-08,0.3055682629346847,0.61113656,17.312687873840332,0.0,42.5523,0.7641
2006-12-09,2.0894975066185,4.178995,11.397387504577637,0.0,43.271,1.4802
2006-12-10,0.3157457262277603,0.6314914,9.032784461975098,0.0,43.0895,0.7624
2006-12-11,0.0,0.0,10.85026788711548,0.0,42.777,0.7614
2006-12-12,0.1356177330017089,0.27123547,12.27032232284546,0.0,42.4713,0.7604
2006-12-13,11.718071460723875,23.436142,12.320100784301758,0.0,48.7212,5.2024
2006-12-14,31.93913745880127,63.878273,10.850193977355955,0.0,53.5179,14.9744
2006-12-15,0.1271379888057708,0.25427598,10.178102016448976,0.0,48.4958,0.7608
2006-12-16,0.0304088294506073,0.06081766,9.399623394012451,0.0,46.9858,0.765
2006-12-17,0.037631943821907,0.07526389,5.234365463256836,0.0,46.0815,0.7766
2006-12-18,0.0,0.0,4.608853578567505,0.0,45.3587,0.7689
2006-12-19,0.0772748589515686,0.15454972,6.14168643951416,0.0,44.8301,0.7837
2006-12-20,5.305680513381958,10.611361,7.824280261993408,0.0,47.1111,2.961
2006-12-21,1.9799643158912656,3.9599285,9.845173358917236,0.0,46.3198,0.7882
2006-12-22,0.0139673352241516,0.02793467,7.03848934173584,0.0,45.5066,0.7699
2006-12-23,0.0644743740558624,0.12894875,6.603376388549805,0.0,44.9192,0.7776000000000001
2006-12-24,0.0958667621016502,0.19173352,7.335319757461548,0.0,44.4365,0.7693
2006-12-25,0.0087836980819702,0.017567396,7.910662651062012,0.0,43.9655,0.7688
2006-12-26,0.1130067110061645,0.22601342,7.529445171356201,0.0,43.5146,0.7681
2006-12-27,0.0669870376586914,0.13397408,7.6534364223480225,0.0,43.0809,0.7693
2006-12-28,0.0577703118324279,0.11554062,8.092299938201904,0.0,42.7436,0.7664
2006-12-29,0.0,0.0,6.431145429611206,0.0,42.4512,0.7689999999999999
2006-12-30,0.0547088980674743,0.109417796,6.135173797607422,0.0,42.1963,0.7679999999999999
2006-12-31,0.0101951360702514,0.020390272,10.711519241333008,0.0,41.8759,0.7634
2007-01-01,0.0376284718513488,0.07525694,13.206283569335938,0.0,41.5314,0.7623
2007-01-02,0.445481538772583,0.8909631,14.000892639160156,0.0,41.2578,0.7611
2007-01-03,7.416284561157227,14.832569,11.914380073547363,0.0,45.3882,3.3154000000000003
2007-01-04,0.9071171283721924,1.8142343,8.566983222961426,0.0,45.006,0.7599
2007-01-05,0.0282474756240844,0.05649495,8.065274238586426,0.0,44.6063,0.7576
2007-01-06,0.0,0.0,7.793046951293945,0.0,44.221,0.7564
2007-01-07,0.2224456071853637,0.4448912,4.546023845672607,0.0,43.8958,0.7767
2007-01-08,0.1230908632278442,0.24618173,4.571239709854126,0.0,43.584,0.7725
2007-01-09,0.0811048746109008,0.16220975,4.407868385314941,0.0,43.2808,0.7665000000000001
2007-01-10,0.1835022270679474,0.36700445,5.781404495239258,0.0,43.0046,0.777
2007-01-11,0.3385716378688812,0.6771433,8.575223445892334,0.0,42.7608,0.7504
2007-01-12,2.2192533016204834,4.4385066,9.90921926498413,0.0,43.4522,1.2281
2007-01-13,0.5721590518951416,1.1443181,8.317155838012695,0.0,43.2943,0.7479
2007-01-14,0.0,0.0,8.325394630432129,0.0,43.071,0.7467
2007-01-15,0.0684832334518432,0.13696647,11.611932754516602,0.0,42.6859,0.7461000000000001
2007-01-16,0.5638266205787659,1.1276532,12.769294261932371,0.0,42.4264,0.7442
2007-01-17,3.91042160987854,7.820843,10.309886455535889,0.0,44.4306,2.0045
2007-01-18,0.017872154712677,0.03574431,8.86315107345581,0.0,44.1255,0.7417
2007-01-19,0.1991050243377685,0.39821005,8.588982582092285,0.0,43.867,0.7466999999999999
2007-01-20,5.964301586151123,11.928603,8.86819314956665,0.0,46.6144,2.5079
2007-01-21,11.548979759216309,23.09796,9.263612747192385,0.0,50.7581,4.9215
2007-01-22,0.6399734616279602,1.2799469,9.66836404800415,0.0,48.0747,0.7368
2007-01-23,4.587925672531128,9.175852,9.055395126342772,0.0,48.8277,2.5332
2007-01-24,0.0976850986480712,0.1953702,7.359927177429199,0.0,47.2312,0.735
2007-01-25,0.2215200662612915,0.44304013,6.400907039642334,0.0,46.2524,0.7443
2007-01-26,0.0,0.0,6.867242097854614,0.0,45.4769,0.7336
2007-01-27,0.0506952404975891,0.10139048,8.01818561553955,0.0,44.8324,0.7328
2007-01-28,0.1678254604339599,0.33565092,5.139860153198242,0.0,44.3787,0.7453
2007-01-29,0.0263646841049194,0.05272937,3.866634368896485,0.0,44.0025,0.756
2007-01-30,0.0,0.0,5.637757301330566,0.0,43.4814,0.7301
2007-01-31,0.1826348304748535,0.36526966,7.411455154418945,0.0,43.085,0.7404
2007-02-01,1.0700769424438477,2.140154,7.031874895095825,0.0,42.8249,0.7801
2007-02-02,0.4016413688659668,0.80328274,4.936767578125,0.0,42.7193,0.8398
2007-02-03,0.3515828847885132,0.70316577,5.520927667617798,0.0,42.513,0.7837
2007-02-04,0.0529485940933227,0.10589719,7.97578763961792,0.0,42.1563,0.7378
2007-02-05,0.0730392932891845,0.14607859,11.03126096725464,0.0,41.6208,0.7235
2007-02-06,0.8893551826477051,1.7787104,12.025667667388916,0.0,41.4651,0.9376
2007-02-07,0.0,0.0,14.55717945098877,0.0,40.8278,0.7211
2007-02-08,1.385819435119629,2.7716389,16.64941692352295,0.0,40.958,1.0805
2007-02-09,0.280670166015625,0.56134033,17.1226749420166,0.0,40.4226,0.7186
2007-02-10,7.514099836349487,15.0282,14.427058219909668,0.0,44.747,3.0611
2007-02-11,0.5733511447906494,1.1467023,13.199609756469728,0.0,44.1994,0.7161
2007-02-12,1.6264933943748474,3.252987,13.158122062683104,0.0,44.4105,1.1764
2007-02-13,1.1585394144058228,2.3170788,15.83344793319702,0.0,43.8402,0.7135
2007-02-14,1.893406867980957,3.7868137,14.250718116760254,0.0,44.3266,1.2597
2007-02-15,5.918660879135132,11.837322,10.438876628875732,0.0,46.6919,2.1393
2007-02-16,8.765114307403564,17.530228,11.370979309082031,0.0,49.4005,3.053
2007-02-17,9.323752403259276,18.647505,15.37980890274048,0.0,49.9909,2.928
2007-02-18,17.19846534729004,34.39693,14.791358470916748,0.0,51.9248,6.4432
2007-02-19,0.0,0.0,11.565750122070312,0.0,48.2677,0.7068
2007-02-20,10.89049243927002,21.780985,12.221669673919678,0.0,50.7802,5.3066
2007-02-21,3.5312386751174927,7.062477,13.090835571289062,0.0,48.7277,1.5072
2007-02-22,2.2524089217185974,4.504818,12.808034896850586,0.0,47.458,0.8783
2007-02-23,0.0,0.0,12.602046966552734,0.0,46.2116,0.7087
2007-02-24,9.339628219604492,18.679256,9.038527011871338,0.0,49.6395,4.7089
2007-02-25,3.252545714378357,6.5050917,11.822711944580078,0.0,47.8143,0.8358000000000001
2007-02-26,0.5105463266372681,1.0210927,10.773694515228271,0.0,46.5453,0.7346
2007-02-27,0.0,0.0,11.739580631256104,0.0,45.5033,0.71
2007-02-28,0.0,0.0,13.681042671203612,0.0,44.7137,0.7098
2007-03-01,2.1338335275650024,4.267667,13.667288780212402,0.0,45.1761,1.4256
2007-03-02,1.7326331734657288,3.4652662,16.215500831604004,0.0,44.7084,0.7089
2007-03-03,0.0,0.0,18.46930885314941,0.0,43.7235,0.7083
2007-03-04,5.727747201919556,11.455494,16.79486083984375,0.0,46.0028,2.736
2007-03-05,0.0417778491973876,0.0835557,12.409395217895508,0.0,45.1959,0.7066
2007-03-06,3.196227192878723,6.392454,6.990171194076538,0.0,46.2968,1.8078
2007-03-07,1.9918793439865112,3.9837587,6.668458938598633,0.0,46.1032,0.9682
2007-03-08,15.203010559082031,30.406021,6.221858739852905,0.0,51.372,6.3815
2007-03-09,10.645866394042969,21.291733,8.511507034301758,0.0,50.8006,4.6949
2007-03-10,8.228878259658813,16.457756,10.614469528198242,0.0,50.0838,3.7457
2007-03-11,4.328666925430298,8.657333,9.360933303833008,0.0,48.9706,2.2204
2007-03-12,7.687515020370483,15.3750305,7.904711723327637,0.0,49.6915,3.8495
2007-03-13,1.5969529151916504,3.1939058,12.967618465423584,0.0,47.554,0.7104
2007-03-14,0.0032210350036621,0.00644207,17.253520965576172,0.0,46.1118,0.7123
2007-03-15,0.0,0.0,19.501023292541504,0.0,44.8379,0.7133
2007-03-16,0.9058585166931152,1.811717,16.775991439819336,0.0,44.2302,0.9374
2007-03-17,2.206334590911865,4.412669,10.857323169708252,0.0,43.9864,0.713
2007-03-18,6.398369789123535,12.79674,8.934520721435547,0.0,46.7487,2.9815
2007-03-19,12.822326183319092,25.644653,9.264806747436523,0.0,50.5658,5.41
2007-03-20,0.6850521564483643,1.3701043,8.745414733886719,0.0,47.9441,0.712
2007-03-21,0.1157605648040771,0.23152113,11.221428394317629,0.0,46.4276,0.7133
2007-03-22,0.1634345054626464,0.326869,14.069135665893556,0.0,45.3206,0.7123
2007-03-23,0.0543437004089355,0.1086874,16.245649814605713,0.0,44.3963,0.712
2007-03-24,10.715272903442385,21.430546,17.028037071228027,0.0,48.7072,4.5738
2007-03-25,0.9606351852416992,1.9212704,17.949833869934082,0.0,46.9107,0.7109
2007-03-26,25.96292400360108,51.92585,12.877710819244385,0.0,52.9863,12.0703
2007-03-27,10.320242881774902,20.640486,16.006167888641357,0.0,50.1629,3.8293
2007-03-28,0.1817820072174072,0.363564,16.09859848022461,0.0,47.588,0.7147
2007-03-29,0.0103449821472167,0.020689964,18.72499084472656,0.0,46.0411,0.717
2007-03-30,0.1513400077819824,0.30268002,21.49250602722168,0.0,44.7919,0.718
2007-03-31,0.4445183277130127,0.88903666,22.454435348510746,0.0,43.935,0.832
2007-04-01,31.48562812805176,62.971256,21.689005851745605,0.0,52.999,12.178
2007-04-02,23.45118522644043,46.90237,14.124709606170654,0.0,52.0484,10.1918
2007-04-03,1.5571675300598145,3.114335,10.352636337280272,0.0,48.3178,0.7254
2007-04-04,0.2396914958953857,0.479383,10.804412841796877,0.0,46.7103,0.7351
2007-04-05,2.2458534240722656,4.491707,8.890357971191406,0.0,46.3946,1.1411
2007-04-06,1.2066864967346191,2.413373,12.727463245391846,0.0,45.5569,0.7353
2007-04-07,0.0,0.0,14.791947364807127,0.0,44.4338,0.7361
2007-04-08,0.9106554985046388,1.821311,14.14407444000244,0.0,43.9542,0.9741
2007-04-09,0.3305642604827881,0.6611285,13.863062858581545,0.0,43.2041,0.7357
2007-04-10,0.5548062324523926,1.1096125,14.01698875427246,0.0,42.7498,0.8258
2007-04-11,0.2051301002502441,0.4102602,14.582732677459717,0.0,41.9757,0.7343
2007-04-12,0.0,0.0,15.59783411026001,0.0,40.9058,0.7333
2007-04-13,0.2577378749847412,0.51547575,17.212082862854004,0.0,40.0089,0.7379
2007-04-14,1.340315818786621,2.6806316,17.68413543701172,0.0,39.4736,0.7311
2007-04-15,14.799567222595217,29.599134,18.203669548034668,0.0,47.5602,5.8202
2007-04-16,0.1058137416839599,0.21162748,19.30112266540528,0.0,45.7174,0.7287
2007-04-17,6.164936780929565,12.329874,17.023051261901855,0.0,47.8793,2.8575
2007-04-18,5.902626276016235,11.805252,14.469898223876951,0.0,47.2829,1.13
2007-04-19,0.2933278083801269,0.5866556,15.14436149597168,0.0,45.7586,0.7252
2007-04-20,2.1181936264038086,4.2363873,18.463690757751465,0.0,45.5029,1.3512
2007-04-21,1.3923428058624268,2.7846856,21.030646324157715,0.0,44.4777,0.723
2007-04-22,14.740136623382568,29.480274,21.68385124206543,0.0,50.819,5.7273
2007-04-23,39.429317474365234,78.858635,17.55783748626709,0.0,54.0333,16.2028
2007-04-24,27.77700996398925,55.55402,14.987421035766602,0.0,52.6724,14.3426
2007-04-25,0.0,0.0,16.442757606506348,0.0,48.1354,0.7322
2007-04-26,0.0968551635742187,0.19371033,17.713632583618164,0.0,46.4101,0.7371
2007-04-27,0.0388813018798828,0.077762604,19.03616619110108,0.0,45.3323,0.7391
2007-04-28,9.791416645050049,19.582832,16.311869621276855,0.0,49.2633,5.1056
2007-04-29,2.906879186630249,5.8137584,16.628007888793945,0.0,47.7615,0.979
2007-04-30,20.85587978363037,41.71176,17.25835132598877,0.0,51.7995,8.565100000000001
2007-05-01,0.197056770324707,0.39411354,17.974536895751953,0.0,47.799,0.7444999999999999
2007-05-02,0.0,0.0,19.869912147521973,0.0,45.7237,0.7453
2007-05-03,1.0503687858581543,2.1007376,21.67079067230225,0.0,44.5427,0.973
2007-05-04,0.4193587303161621,0.83871746,21.45530796051025,0.0,43.4928,0.7455
2007-05-05,8.954385757446289,17.908772,18.860021591186523,0.0,47.5153,4.1317
2007-05-06,0.0,0.0,20.45889186859131,0.0,45.6254,0.7442
2007-05-07,0.0,0.0,19.9384822845459,0.0,44.017,0.7433
2007-05-08,0.1689958572387695,0.3379917,21.26171112060547,0.0,42.769,0.7424999999999999
2007-05-09,0.8267807960510254,1.6535616,22.458806037902832,0.0,41.7208,0.7412
2007-05-10,0.0,0.0,22.93514633178711,0.0,40.3412,0.7401
2007-05-11,0.1716604232788086,0.34332085,23.709433555603027,0.0,39.2179,0.7411
2007-05-12,0.7311067581176758,1.4622135,23.45288753509521,0.0,38.1536,0.7376
2007-05-13,11.76007604598999,23.520153,17.062856674194336,0.0,44.7625,4.1384
2007-05-14,0.6073493957519531,1.2146988,20.192831993103027,0.0,43.3059,0.735
2007-05-15,0.0,0.0,22.2913875579834,0.0,41.4728,0.7337
2007-05-16,3.291824579238892,6.583649,20.764827728271484,0.0,41.8952,1.5517
2007-05-17,0.1987695693969726,0.39753914,21.539406776428223,0.0,40.4995,0.731
2007-05-18,2.386038303375244,4.7720766,19.17030239105225,0.0,40.9718,1.2545000000000002
2007-05-19,0.0280196666717529,0.056039333,20.17969512939453,0.0,39.956,0.7284
2007-05-20,0.0392637252807617,0.07852745,19.965532302856445,0.0,39.1169,0.7271
2007-05-21,1.0629262924194336,2.1258526,22.47682857513428,0.0,38.4502,0.7257
2007-05-22,0.3952157497406006,0.7904315,23.24167823791504,0.0,37.6723,0.7254
2007-05-23,0.9827985763549804,1.9655972,24.63203716278076,0.0,37.086,0.7231
2007-05-24,0.1029047966003418,0.2058096,26.75360870361328,0.0,36.3591,0.7217
2007-05-25,10.789087295532228,21.578175,25.238903999328613,0.0,41.3842,2.7725
2007-05-26,7.659597396850586,15.319195,24.54158115386963,0.0,42.7591,1.4489999999999998
2007-05-27,15.662827968597412,31.325657,22.814956665039062,0.0,49.2436,4.3286
2007-05-28,8.532265424728394,17.064531,24.21536922454834,0.0,48.7391,1.7279
2007-05-29,3.418862223625183,6.8377247,24.135554313659668,0.0,47.0276,0.7152999999999999
2007-05-30,2.314188241958618,4.6283765,24.22928237915039,0.0,46.2878,1.367
2007-05-31,0.6544928550720215,1.3089857,25.182581901550293,0.0,44.6866,0.7143999999999999
2007-06-01,11.510775089263916,23.02155,26.13413047790528,0.0,49.2961,4.3987
2007-06-02,20.31645393371582,40.632908,24.73080348968506,0.0,52.1354,6.0051000000000005
2007-06-03,9.924795150756836,19.84959,24.78656959533692,0.0,49.4377,1.8681
2007-06-04,22.67575454711914,45.35151,23.1891508102417,0.0,52.4937,8.5087
2007-06-05,30.27953147888184,60.559063,22.916372299194336,0.0,52.8133,12.3705
2007-06-06,17.820392608642578,35.640785,22.415992736816406,0.0,51.5999,8.856
2007-06-07,9.16669988632202,18.3334,22.784958839416504,0.0,49.7447,3.5933
2007-06-08,20.540760040283203,41.08152,21.59638500213623,0.0,51.8561,10.5686
2007-06-09,1.6574640274047852,3.314928,22.43337059020996,0.0,48.1416,0.7384
2007-06-10,30.853320121765137,61.706642,20.079163551330566,0.0,52.9644,17.61
2007-06-11,11.455379486083984,22.910759,22.0352840423584,0.0,50.2632,5.4842
2007-06-12,0.0,0.0,24.45284748077393,0.0,47.283,0.7641
2007-06-13,14.338608264923096,28.677216,23.949678421020508,0.0,50.5266,7.1122
2007-06-14,29.827277183532715,59.654556,22.97083854675293,0.0,52.7868,15.296
2007-06-15,3.0846176147460938,6.169235,24.325767517089844,0.0,48.3421,0.7809
2007-06-16,1.6342873573303225,3.2685747,24.36305904388428,0.0,46.9974,1.5308000000000002
2007-06-17,4.3321309089660645,8.664262,25.1378812789917,0.0,46.2039,0.7933
2007-06-18,3.50609827041626,7.0121965,25.109458923339844,0.0,46.0815,1.6639
2007-06-19,9.438079595565796,18.87616,24.233354568481445,0.0,47.9642,3.143
2007-06-20,5.456911087036133,10.913822,24.972148895263672,0.0,47.0623,0.9833
2007-06-21,5.618466377258301,11.236933,26.03336238861084,0.0,46.3066,0.9416
2007-06-22,5.984881639480591,11.969763,25.706850051879883,0.0,46.7741,2.2274
2007-06-23,2.0762221813201904,4.1524444,27.23789978027344,0.0,45.6454,0.8953
2007-06-24,3.935812473297119,7.871625,27.82777690887451,0.0,45.8873,2.0322
2007-06-25,18.2067985534668,36.413597,25.013336181640625,0.0,50.804,6.1861
2007-06-26,13.265589714050291,26.53118,25.11905765533448,0.0,50.5046,4.4185
2007-06-27,5.313617706298828,10.627235,26.078755378723145,0.0,47.999,0.8085
2007-06-28,6.878336429595947,13.756673,25.98777484893799,0.0,48.5525,2.9965
2007-06-29,4.511542201042175,9.023085,26.271181106567383,0.0,47.0594,0.794
2007-06-30,0.3047583103179931,0.6095166,26.65394878387451,0.0,45.4435,0.7946
2007-07-01,2.673749685287476,5.3474994,27.15725040435791,0.0,44.6478,0.7943
2007-07-02,5.654178619384766,11.308357,26.57201766967773,0.0,46.3339,2.9942
2007-07-03,0.6887743473052979,1.3775487,28.2594575881958,0.0,44.9418,0.793
2007-07-04,0.8394773006439209,1.6789546,28.693613052368164,0.0,43.6562,0.8382000000000001
2007-07-05,1.0323679447174072,2.064736,28.233349800109863,0.0,42.7622,0.7909
2007-07-06,0.4339916706085205,0.86798334,28.721683502197266,0.0,41.5752,0.7927
2007-07-07,0.0,0.0,29.036619186401367,0.0,40.2931,0.7885
2007-07-08,0.4227185249328613,0.84543705,28.62817668914795,0.0,39.2582,0.8557
2007-07-09,0.0,0.0,28.668323516845703,0.0,37.9381,0.7858
2007-07-10,0.0,0.0,28.101430892944336,0.0,36.5798,0.7844
2007-07-11,0.0,0.0,28.442715644836422,0.0,35.5042,0.783
2007-07-12,5.026799917221069,10.0536,28.45000648498535,0.0,37.3708,1.7367
2007-07-13,0.8016788959503174,1.6033578,28.320040702819824,0.0,36.4381,0.7801
2007-07-14,8.664641380310059,17.329283,27.25316619873047,0.0,42.3601,3.3818
2007-07-15,2.15146267414093,4.302925,27.281773567199707,0.0,40.9214,0.7772
2007-07-16,10.517568588256836,21.035137,26.469870567321777,0.0,45.8734,3.8728
2007-07-17,1.9947547316551208,3.9895096,26.760412216186523,0.0,43.9882,0.7743
2007-07-18,0.5706833600997925,1.1413667,28.352763175964355,0.0,41.8569,0.7945
2007-07-19,0.3405025005340576,0.681005,28.415791511535645,0.0,40.0466,0.7715
2007-07-20,0.8374221324920654,1.6748443,28.81376361846924,0.0,38.9099,0.8689
2007-07-21,0.0918707847595214,0.18374157,29.26811408996582,0.0,38.08,0.7686
2007-07-22,0.9820539951324464,1.964108,29.04304599761963,0.0,37.4644,0.8786
2007-07-23,4.865965127944946,9.73193,27.80290126800537,0.0,37.133,0.7658
2007-07-24,0.604102373123169,1.2082047,28.65386009216309,0.0,36.2788,0.7691
2007-07-25,4.3497633934021,8.699527,28.31723594665528,0.0,36.2347,0.7809
2007-07-26,0.4068260192871094,0.81365204,28.11762523651123,0.0,35.5738,0.7635
2007-07-27,1.591623067855835,3.1832461,28.036425590515137,0.0,35.3508,0.825
2007-07-28,2.1669580936431885,4.333916,28.1782865524292,0.0,35.5985,1.0077
2007-07-29,0.8364124298095703,1.6728249,28.4340763092041,0.0,35.2068,0.7831
2007-07-30,0.1412506103515625,0.28250122,28.226806640625,0.0,34.7774,0.7558
2007-07-31,0.0,0.0,28.40344524383545,0.0,34.4925,0.7544
2007-08-01,1.5150437355041504,3.0300875,28.40908145904541,0.0,34.9318,0.9663
2007-08-02,2.692551612854004,5.385103,28.057971000671387,0.0,34.609,0.7515
2007-08-03,14.990715503692629,29.98143,26.515097618103027,0.0,44.0176,4.1254
2007-08-04,9.1664719581604,18.332943,24.54319477081299,0.0,45.9046,1.8232
2007-08-05,8.439840316772461,16.87968,25.02530765533448,0.0,47.473,1.876
2007-08-06,2.888423204421997,5.7768464,25.84094524383545,0.0,45.8877,0.7459
2007-08-07,0.2732894420623779,0.5465789,27.383543014526367,0.0,43.6926,0.7445
2007-08-08,1.657557487487793,3.315115,26.15219020843506,0.0,42.6013,0.7431
2007-08-09,1.5753883123397827,3.1507766,27.18104648590088,0.0,41.8551,0.9942
2007-08-10,0.8826603889465332,1.7653208,27.00902938842773,0.0,40.715,0.7403
2007-08-11,1.100698471069336,2.201397,26.628400802612305,0.0,39.5305,0.9174
2007-08-12,19.49241352081299,38.984825,24.61801624298096,0.0,50.3309,5.6741
2007-08-13,0.7232668399810791,1.4465337,26.114144325256348,0.0,46.8775,0.7361
2007-08-14,27.70195579528809,55.40391,24.43257427215576,0.0,53.5449,9.7222
2007-08-15,16.67818832397461,33.356377,23.51303768157959,0.0,52.2538,6.9516
2007-08-16,2.0444998741149902,4.0889997,26.243728637695312,0.0,48.183,0.7332
2007-08-17,0.9701981544494628,1.9403963,26.0420503616333,0.0,46.6234,0.9672
2007-08-18,8.494568824768066,16.989138,24.99772453308105,0.0,48.4298,2.6814
2007-08-19,43.12232971191406,86.24466,23.17563915252685,0.0,54.2013,21.0591
2007-08-20,26.20083236694336,52.401665,23.73521614074707,0.0,52.2638,15.3548
2007-08-21,5.257187604904175,10.514376,24.32130241394043,0.0,48.901,1.8221
2007-08-22,7.031397581100464,14.062796,24.616912841796875,0.0,48.6636,2.6475
2007-08-23,0.7145516872406006,1.4291034,23.897852897644043,0.0,47.0331,0.7661
2007-08-24,1.0514194965362549,2.102839,25.21333312988281,0.0,45.7522,0.962
2007-08-25,1.660725474357605,3.321451,25.046003341674805,0.0,44.8405,0.7698
2007-08-26,9.763826370239258,19.527653,24.209613800048828,0.0,47.9295,4.106199999999999
2007-08-27,4.095715761184692,8.191431,25.48837280273437,0.0,46.7991,0.7708
2007-08-28,3.372202754020691,6.7444057,26.02773666381836,0.0,46.8657,1.9794
2007-08-29,2.5485548973083496,5.09711,25.618221282958984,0.0,45.7911,0.8017
2007-08-30,9.897475242614746,19.79495,24.573766708374023,0.0,49.3057,4.9283
2007-08-31,6.674421072006226,13.348843,25.63901710510254,0.0,48.0051,1.2338
2007-09-01,39.36566925048828,78.73134,24.90206718444824,0.0,53.5061,16.3254
2007-09-02,17.625125885009766,35.25025,24.17553329467773,0.0,51.2997,8.7905
2007-09-03,13.58515167236328,27.170303,23.8057861328125,0.0,50.5016,6.1862
2007-09-04,11.922276496887209,23.844553,23.15061092376709,0.0,50.2108,5.298
2007-09-05,0.9999675750732422,1.9999352,21.307185173034668,0.0,47.8316,0.799
2007-09-06,0.0,0.0,22.52201461791992,0.0,46.251,0.8034
2007-09-07,0.3675435781478882,0.73508716,22.69316005706787,0.0,45.1781,0.8052
2007-09-08,0.0348702669143676,0.069740534,23.84313678741455,0.0,44.083,0.8057
2007-09-09,1.7558331489562988,3.5116663,22.243496894836422,0.0,44.0073,1.2349
2007-09-10,1.9059934616088867,3.811987,21.164694786071777,0.0,43.6978,0.805
2007-09-11,1.437208890914917,2.8744178,20.73611354827881,0.0,43.9163,1.3262
2007-09-12,0.1091890335083007,0.21837807,23.25934791564941,0.0,42.997,0.8035
2007-09-13,0.7687540054321289,1.537508,22.65261459350586,0.0,42.1327,0.9184
2007-09-14,0.1414796113967895,0.28295922,23.304174423217773,0.0,41.2073,0.8013
2007-09-15,0.1209264993667602,0.241853,23.986757278442383,0.0,40.3084,0.8
2007-09-16,0.3971006274223327,0.79420125,23.91718292236328,0.0,39.6881,0.7987
2007-09-17,0.0,0.0,24.593711853027344,0.0,38.6999,0.7974
2007-09-18,1.5822102427482605,3.1644206,21.240528106689453,0.0,38.9071,1.1532
2007-09-19,3.019129574298858,6.038259,20.252635955810547,0.0,38.9477,0.8338
2007-09-20,0.4065625667572021,0.81312513,21.68643474578857,0.0,38.374,0.8
2007-09-21,1.0843279361724854,2.1686559,22.20324993133545,0.0,38.4382,1.0423
2007-09-22,0.0,0.0,22.80858612060547,0.0,37.7829,0.7903
2007-09-23,0.570556640625,1.1411133,24.44083023071289,0.0,37.0399,0.7943
2007-09-24,0.6496238708496094,1.2992477,24.69795036315918,0.0,36.4822,0.7875
2007-09-25,1.2004680633544922,2.4009361,24.09542942047119,0.0,36.3517,1.0463
2007-09-26,0.0,0.0,23.836515426635746,0.0,35.5047,0.7846
2007-09-27,0.2602721750736236,0.52054435,24.81953430175781,0.0,34.9318,0.7847000000000001
2007-09-28,0.6359979510307312,1.2719959,24.60678195953369,0.0,34.5891,0.7817
2007-09-29,0.1357671022415161,0.2715342,25.010087966918945,0.0,34.2846,0.7802
2007-09-30,0.4352453947067261,0.8704908,24.700942993164062,0.0,34.1429,0.7788
2007-10-01,0.1393260955810547,0.2786522,24.329659461975098,0.0,34.0059,0.778
2007-10-02,0.1332548558712005,0.2665097,25.47594165802002,0.0,33.8499,0.7758
2007-10-03,0.0295193493366241,0.0590387,24.415934562683105,0.0,33.6901,0.7744
2007-10-04,0.9147579669952391,1.8295159,23.951509475708008,0.0,33.5384,0.7729
2007-10-05,0.2615071535110473,0.5230143,23.47929000854492,0.0,33.3817,0.7726
2007-10-06,0.4463632106781006,0.8927264,23.124500274658203,0.0,33.2422,0.7729
2007-10-07,7.5397443771362305,15.079489,23.34415340423584,0.0,37.2985,2.0437
2007-10-08,3.9791650772094727,7.95833,21.24399185180664,0.0,37.479,0.8359
2007-10-09,0.2168905735015869,0.43378115,18.184081077575684,0.0,37.2642,0.7668
2007-10-10,0.0,0.0,18.21855640411377,0.0,36.9923,0.7643
2007-10-11,0.0883554816246032,0.17671096,20.7564058303833,0.0,36.5947,0.7641
2007-10-12,0.027789294719696,0.05557859,22.16923236846924,0.0,36.1668,0.7614
2007-10-13,0.1447025537490844,0.2894051,21.026190757751465,0.0,35.7541,0.7617
2007-10-14,0.1735424995422363,0.347085,20.70237922668457,0.0,35.3532,0.7585
2007-10-15,0.0258734226226806,0.051746845,19.390116691589355,0.0,34.9963,0.7571
2007-10-16,0.0,0.0,17.602892875671387,0.0,34.7515,0.7557
2007-10-17,0.0,0.0,16.549302101135254,0.0,34.3168,0.7542
2007-10-18,0.0006707906723022,0.0013415813,16.688390731811523,0.0,33.9848,0.7528
2007-10-19,0.0324400663375854,0.06488013,17.95017147064209,0.0,33.7018,0.7514
2007-10-20,0.0,0.0,15.821166038513184,0.0,33.4463,0.75
2007-10-21,0.0,0.0,15.827667236328123,0.0,33.2471,0.7486
2007-10-22,0.1741071939468383,0.3482144,17.05742359161377,0.0,33.0988,0.7485999999999999
2007-10-23,0.1301534175872802,0.26030684,18.5374174118042,0.0,32.9496,0.7458
2007-10-24,0.1149467229843139,0.22989345,19.314268112182617,0.0,32.8066,0.7455999999999999
2007-10-25,0.3377835750579834,0.67556715,20.125438690185547,0.0,32.6623,0.743
2007-10-26,0.0,0.0,19.82399845123291,0.0,32.4791,0.7416
2007-10-27,0.0288385152816772,0.05767703,19.009737968444824,0.0,32.3377,0.7405999999999999
2007-10-28,0.0803155899047851,0.16063118,17.85086441040039,0.0,32.2068,0.7388
2007-10-29,0.004107654094696,0.008215308,18.422340393066406,0.0,32.0816,0.7374
2007-10-30,0.0,0.0,17.85545063018799,0.0,31.9691,0.736
2007-10-31,3.715951204299927,7.4319024,17.88623046875,0.0,34.655,1.4912
2007-11-01,5.343584775924683,10.68717,16.570011138916016,0.0,37.3569,1.5134
2007-11-02,0.8286694288253784,1.6573389,14.225042343139648,0.0,37.1891,0.7318
2007-11-03,0.0072686076164245,0.014537215,13.160061836242676,0.0,36.8245,0.7305
2007-11-04,0.0,0.0,14.40093755722046,0.0,36.4473,0.7291
2007-11-05,0.0,0.0,15.002027988433838,0.0,36.1745,0.7277
2007-11-06,0.1396887898445129,0.27937758,16.9188232421875,0.0,35.8898,0.7263
2007-11-07,0.0630960166454315,0.12619203,15.58319091796875,0.0,35.553,0.725
2007-11-08,0.0517653226852417,0.103530645,16.012662887573242,0.0,35.2482,0.7236
2007-11-09,0.0,0.0,16.23845100402832,0.0,34.8094,0.7222
2007-11-10,0.0,0.0,13.374145984649658,0.0,34.4051,0.7209
2007-11-11,0.0,0.0,12.953108310699465,0.0,34.0515,0.7195
2007-11-12,0.0,0.0,12.762890815734863,0.0,33.7356,0.7182
2007-11-13,0.0056601166725158,0.011320233,13.546523094177246,0.0,33.4635,0.7168
2007-11-14,0.0,0.0,14.584020137786863,0.0,33.1772,0.7155
2007-11-15,0.0,0.0,15.807905673980711,0.0,32.9193,0.7141
2007-11-16,0.0638856887817382,0.12777138,16.604881286621094,0.0,32.738,0.7128
2007-11-17,1.2435047030448914,2.4870095,17.086546897888184,0.0,32.6768,0.7209
2007-11-18,3.073095679283142,6.1461916,13.91795301437378,0.0,33.8742,1.032
2007-11-19,1.125499248504639,2.2509985,10.71272611618042,0.0,33.9642,0.7338
2007-11-20,0.3539612889289856,0.7079226,12.709253311157228,0.0,33.7802,0.7082
2007-11-21,0.0,0.0,12.602436542510986,0.0,33.5301,0.7061
2007-11-22,0.0142569541931152,0.028513908,12.617474555969238,0.0,33.2882,0.7047
2007-11-23,0.1321615576744079,0.26432312,14.012950897216797,0.0,33.0597,0.7043
2007-11-24,0.0462256371974945,0.092451274,14.577911853790283,0.0,32.8509,0.7021
2007-11-25,0.0,0.0,13.353402137756348,0.0,32.7545,0.7008
2007-11-26,0.6012974977493286,1.202595,15.393824100494385,0.0,32.9298,0.7706
2007-11-27,0.6759077310562134,1.3518155,12.999341011047363,0.0,32.8405,0.6981
2007-11-28,0.1033554077148437,0.20671082,7.47056245803833,0.0,32.7008,0.6972999999999999
2007-11-29,0.0035302639007568,0.007060528,6.6051719188690186,0.0,32.6012,0.7025
2007-11-30,0.0751900672912597,0.15038013,7.454660415649414,0.0,32.4978,0.6975
2007-12-01,0.0480894446372985,0.09617889,9.65484619140625,0.0,32.3642,0.6929
2007-12-02,0.0219653844833374,0.04393077,11.826778888702393,0.0,32.2275,0.6916
2007-12-03,0.0,0.0,9.90956687927246,0.0,32.1182,0.6903
2007-12-04,0.0038139224052429,0.007627845,10.021695137023926,0.0,32.0155,0.689
2007-12-05,0.1221134066581726,0.24422681,11.462135314941406,0.0,31.9201,0.6877
2007-12-06,0.0,0.0,11.71796417236328,0.0,31.8071,0.6864
2007-12-07,0.0,0.0,10.42212438583374,0.0,31.7228,0.6851
2007-12-08,0.0246935188770294,0.049387038,9.590251445770264,0.0,31.6254,0.6838
2007-12-09,0.06461101770401,0.12922204,10.86267900466919,0.0,31.5344,0.6828
2007-12-10,0.0453703999519348,0.0907408,14.351736545562744,0.0,31.4103,0.6812
2007-12-11,0.0,0.0,14.986905097961426,0.0,31.2465,0.6799
2007-12-12,0.1938501596450805,0.38770032,17.32195472717285,0.0,31.0987,0.6799999999999999
2007-12-13,0.0,0.0,13.23059368133545,0.0,30.9941,0.6774
2007-12-14,0.0274915397167205,0.05498308,10.831986427307127,0.0,30.9224,0.6768000000000001
2007-12-15,0.0877276062965393,0.17545521,12.974493980407717,0.0,30.8329,0.6748
2007-12-16,0.0365591943264007,0.07311839,13.272125244140623,0.0,30.7424,0.6736
2007-12-17,0.037631943821907,0.07526389,13.324304103851318,0.0,30.6323,0.6723
2007-12-18,4.080999612808228,8.161999,12.025256633758543,0.0,33.561,1.4619
2007-12-19,7.040433406829834,14.080867,10.62255334854126,0.0,37.7636,1.8509
2007-12-20,0.0,0.0,12.007474899291992,0.0,37.4226,0.6685
2007-12-21,1.9585747718811035,3.9171495,14.675427436828612,0.0,37.8967,1.0011
2007-12-22,11.679646015167236,23.359291,14.27732276916504,0.0,45.5767,3.1049
2007-12-23,34.33668899536133,68.67338,12.725143432617188,0.0,54.229,10.042
2007-12-24,17.888586044311523,35.777172,10.691251277923584,0.0,52.4655,6.6256
2007-12-25,0.014310598373413,0.028621197,11.741914749145508,0.0,48.3734,0.6623
2007-12-26,0.1130067110061645,0.22601342,12.156092643737791,0.0,46.9197,0.6619
2007-12-27,0.0669870376586914,0.13397408,13.454785346984863,0.0,45.9171,0.6601
2007-12-28,0.0577703118324279,0.11554062,13.42248249053955,0.0,45.1545,0.659
2007-12-29,3.830789804458618,7.6615796,10.207478523254396,0.0,46.4249,1.7715
2007-12-30,0.0547088980674743,0.109417796,7.282185554504394,0.0,45.6675,0.6569
2007-12-31,0.0101951360702514,0.020390272,5.671132564544678,0.0,45.0907,0.6558
2008-01-01,0.0376284718513488,0.07525694,3.4900500774383545,0.0,44.6379,0.6670999999999999
2008-01-02,0.1255545318126678,0.25110906,3.025952339172364,0.0,44.2774,0.6753
2008-01-03,0.1475943922996521,0.29518878,3.993586778640747,0.0,43.9418,0.6773
2008-01-04,0.2021427154541015,0.40428543,6.281120538711548,0.0,43.5663,0.6613
2008-01-05,0.0282474756240844,0.05649495,8.316885471343994,0.0,43.1146,0.6504
2008-01-06,0.0,0.0,9.49893045425415,0.0,42.649,0.6493
2008-01-07,0.2224456071853637,0.4448912,10.629228591918944,0.0,42.181,0.6499
2008-01-08,0.1230908632278442,0.24618173,12.677793502807615,0.0,41.8117,0.647
2008-01-09,0.0811048746109008,0.16220975,13.479970455169678,0.0,41.3561,0.6465000000000001
2008-01-10,0.1835022270679474,0.36700445,16.452919960021973,0.0,40.8817,0.6448
2008-01-11,0.0,0.0,17.97476291656494,0.0,40.3045,0.6436
2008-01-12,0.042324423789978,0.08464885,16.652291297912598,0.0,39.7189,0.6424
2008-01-13,0.989412784576416,1.9788256,8.931285858154297,0.0,40.0312,0.9232
2008-01-14,0.0,0.0,6.078188896179199,0.0,39.9287,0.6401
2008-01-15,0.0807839632034301,0.16156793,6.229973077774048,0.0,39.8284,0.6398
2008-01-16,0.2833794355392456,0.5667589,5.218752861022949,0.0,39.7683,0.6378
2008-01-17,0.4586380124092102,0.917276,4.841714859008789,0.0,39.8285,0.6940000000000001
2008-01-18,0.0,0.0,6.158451557159424,0.0,39.7082,0.6354
2008-01-19,0.0,0.0,9.379124641418455,0.0,39.4774,0.6343
2008-01-20,0.0960259437561035,0.19205189,12.17400884628296,0.0,39.0996,0.6339
2008-01-21,0.2186479568481445,0.4372959,8.340230464935303,0.0,38.9285,0.6319
2008-01-22,0.25401371717453,0.50802743,7.617326021194458,0.0,38.845,0.6484
2008-01-23,0.1947306394577026,0.38946128,7.110167741775513,0.0,38.7545,0.6296
2008-01-24,0.1562345623970031,0.31246912,6.224957942962647,0.0,38.6463,0.63
2008-01-25,4.868326902389526,9.736654,5.166217088699341,0.0,41.5234,1.8647
2008-01-26,16.13291835784912,32.26584,5.218259811401367,0.0,50.5312,5.526
2008-01-27,16.04467248916626,32.089344,4.594571590423584,0.0,52.2235,6.284
2008-01-28,1.809443950653076,3.618888,5.384908437728882,0.0,48.6754,0.9118
2008-01-29,12.769550800323486,25.5391,4.642371654510498,0.0,51.298,5.5107
2008-01-30,21.188926696777344,42.377853,3.803841590881348,0.0,52.5272,10.2081
2008-01-31,9.071988105773926,18.143976,3.1564648151397705,0.0,50.4892,4.8415
2008-02-01,23.08299827575684,46.165997,2.609051465988159,0.0,52.3687,13.1369
2008-02-02,27.271828651428223,54.543655,3.0579328536987305,0.0487,52.3144,16.5816
2008-02-03,0.4214773178100586,0.84295464,2.13110899925232,0.0,48.5019,0.8759
2008-02-04,2.0564913153648376,4.1129827,4.098468899726868,0.0,47.5794,1.2666
2008-02-05,9.02861785888672,18.057236,5.8822760581970215,0.0,49.4586,4.3345
2008-02-06,1.942819118499756,3.8856382,4.696640968322754,0.0,47.8611,0.9669
2008-02-07,0.2555232048034668,0.5110464,4.424615859985352,0.0,46.7854,0.6775
2008-02-08,2.758535146713257,5.5170703,4.476879119873047,0.0,47.2232,1.8301
2008-02-09,0.3084748983383178,0.6169498,4.848791122436523,0.0,46.312,0.6813
2008-02-10,0.6030471324920654,1.2060943,4.38783073425293,0.0,45.6998,0.7267
2008-02-11,0.6099518537521362,1.2199037,4.710971117019653,0.0,45.2594,0.6832
2008-02-12,1.6399993300437927,3.2799988,5.556118488311768,0.0,44.9206,0.7399
2008-02-13,1.1585394144058228,2.3170788,4.881191968917847,0.0,44.6731,0.8314999999999999
2008-02-14,0.0,0.0,5.545907497406006,0.0,44.1738,0.6839
2008-02-15,1.1057227849960327,2.2114456,5.192922830581665,0.0,44.0286,0.8492
2008-02-16,0.0,0.0,5.3477463722229,0.0,43.5428,0.6833
2008-02-17,0.0,0.0,8.348108768463135,0.0,43.0427,0.6827
2008-02-18,3.122199058532715,6.244398,6.758261442184448,0.0,44.3855,1.7717
2008-02-19,0.0,0.0,8.133922576904297,0.0,43.9166,0.6813
2008-02-20,0.0,0.0,10.112521171569824,0.0,43.3936,0.6804
2008-02-21,1.6967564821243286,3.393513,12.048873901367188,0.0,43.6627,1.2078
2008-02-22,0.0965005159378051,0.19300103,13.567216396331789,0.0,43.0418,0.6786
2008-02-23,0.0,0.0,12.418588638305664,0.0,42.5616,0.6776
2008-02-24,0.7886315584182739,1.5772631,9.912716388702393,0.0,42.4787,0.8461
2008-02-25,2.0622153282165527,4.1244307,8.386417865753174,0.0,42.385,0.6814
2008-02-26,4.122039556503296,8.24408,7.100632429122925,0.0,43.8077,1.5645
2008-02-27,0.0,0.0,6.031650543212891,0.0,43.3625,0.6733
2008-02-28,0.0,0.0,6.528926372528076,0.0,42.8613,0.6722
2008-02-29,0.1942676305770874,0.38853526,7.859492063522339,0.0,42.4474,0.6822
2008-03-01,0.3885352611541748,0.7770705,9.190057277679443,0.0,42.0022,0.6806000000000001
2008-03-02,0.0329322814941406,0.06586456,10.051115036010742,0.0,41.39,0.6688
2008-03-03,0.0,0.0,10.419747352600098,0.0,40.7278,0.6676
2008-03-04,0.3709235191345215,0.74184704,8.810755729675293,0.0,40.3327,0.6758
2008-03-05,0.0356274843215942,0.07125497,9.744864463806152,0.0,39.8482,0.6653
2008-03-06,0.1661838293075561,0.33236766,11.685540199279783,0.0,39.3137,0.6654
2008-03-07,0.2417550086975097,0.48351002,12.584772109985352,0.0,38.8315,0.6629
2008-03-08,1.54291033744812,3.0858207,10.792037963867188,0.0,39.3013,1.0028
2008-03-09,0.0966029167175293,0.19320583,12.71623182296753,0.0,38.834,0.6604
2008-03-10,0.0534852743148803,0.10697055,12.884404182434082,0.0,38.3007,0.6597
2008-03-11,0.1233828067779541,0.24676561,15.203187942504885,0.0,37.7116,0.658
2008-03-12,0.2691562175750732,0.53831244,15.840802192687988,0.0,37.0002,0.6611
2008-03-13,4.129601955413818,8.259204,14.153729438781738,0.0,38.2512,1.1795
2008-03-14,1.5213006734848022,3.0426013,15.999497890472412,0.0,37.8411,0.6544
2008-03-15,0.0,0.0,15.586065292358398,0.0,37.093,0.6531
2008-03-16,0.3820834159851074,0.76416683,15.422054290771484,0.0,36.7519,0.6655
2008-03-17,3.855658054351807,7.711316,13.255598545074465,0.0,37.7401,1.0307
2008-03-18,23.34524154663086,46.690483,14.299474716186523,0.0,50.9295,6.8885
2008-03-19,0.4853944778442383,0.97078896,17.03547191619873,0.0,47.5304,0.6483
2008-03-20,0.6850521564483643,1.3701043,15.298226356506348,0.0,46.0972,0.7557
2008-03-21,18.719482421875,37.438965,12.010092735290527,0.0,52.1607,6.0049
2008-03-22,10.784802913665771,21.569607,13.19235610961914,0.0,51.1037,4.0662
2008-03-23,2.719426989555359,5.438854,15.353939056396484,0.0,48.0716,0.6442
2008-03-24,0.2233064174652099,0.44661283,12.890969276428224,0.0,46.4343,0.6559
2008-03-25,0.1755609512329101,0.3511219,14.278146743774414,0.0,45.3138,0.6432
2008-03-26,0.0031285285949707,0.006257057,15.922807216644289,0.0,44.2809,0.6426
2008-03-27,0.0690422058105468,0.13808441,16.387110710144043,0.0,43.2919,0.6418
2008-03-28,6.7668657302856445,13.533731,14.06123971939087,0.0,46.7175,2.8753
2008-03-29,34.50275135040283,69.0055,14.624200820922852,0.0,53.9065,13.866
2008-03-30,8.158321619033813,16.316643,15.912169933319092,0.0,49.9233,2.8656
2008-03-31,19.75169563293457,39.50339,9.596415519714355,0.0,52.0053,9.0533
2008-04-01,0.8377823829650879,1.6755648,8.86234998703003,0.0,48.3233,0.6484
2008-04-02,1.8202825784683228,3.6405652,11.1157488822937,0.0,47.4235,1.3076
2008-04-03,13.97675323486328,27.953506,11.79541015625,0.0,50.9268,6.5956
2008-04-04,6.25499415397644,12.509989,13.527874946594238,0.0,49.459,2.8
2008-04-05,0.9202446937561036,1.8404894,19.74961471557617,0.0,47.2003,0.6602
2008-04-06,0.9903059005737304,1.9806118,22.03771495819092,0.0,45.8928,0.9267
2008-04-07,0.0,0.0,23.039024353027344,0.0,44.4445,0.663
2008-04-08,0.2629373073577881,0.5258746,24.717029571533203,0.0,43.2397,0.6671
2008-04-09,16.66788959503174,33.335777,22.67091178894043,0.0,49.3548,5.6822
2008-04-10,0.6611530780792236,1.3223062,20.52071857452393,0.0,47.0005,0.6621
2008-04-11,7.483965873718262,14.967932,14.892447471618652,0.0,49.0011,3.5851
2008-04-12,30.737266540527344,61.474533,14.674705505371094,0.0,53.3529,14.406
2008-04-13,13.542593955993652,27.085188,15.75579023361206,0.0,51.1026,7.2074
2008-04-14,1.0305817127227783,2.0611634,16.77471351623535,0.0,48.0235,0.6727
2008-04-15,2.002555727958679,4.0051117,20.351130485534668,0.0,46.9438,1.4884
2008-04-16,5.031337022781372,10.062674,21.089577674865723,0.0,46.4471,0.9099
2008-04-17,3.507122755050659,7.0142455,20.1695203781128,0.0,45.888,0.9127
2008-04-18,0.0814349651336669,0.16286993,19.28975772857666,0.0,44.7809,0.6847000000000001
2008-04-19,0.3068339824676513,0.61366796,19.202635765075684,0.0,43.8969,0.6839000000000001
2008-04-20,21.24186992645264,42.48374,18.279083251953125,0.0,52.129,9.5837
2008-04-21,3.6810460090637207,7.362092,20.034168243408203,0.0,48.4795,0.8033
2008-04-22,0.6078653335571289,1.2157307,19.48629379272461,0.0,46.8723,0.6892
2008-04-23,3.418524742126465,6.8370495,16.608386039733887,0.0,47.0809,1.8791
2008-04-24,0.2757844924926758,0.551569,15.630894184112549,0.0,45.7456,0.6849
2008-04-25,0.0,0.0,17.28626823425293,0.0,44.3998,0.6849
2008-04-26,0.0968551635742187,0.19371033,18.55129337310791,0.0,43.224,0.6845
2008-04-27,0.0331001281738281,0.06620026,19.307132720947266,0.0,42.1828,0.6838
2008-04-28,1.0168423652648926,2.0336847,19.59610080718994,0.0,41.7078,0.9276
2008-04-29,0.2024028301239013,0.40480566,19.10744857788086,0.0,40.9338,0.6819
2008-04-30,0.0,0.0,18.84336948394776,0.0,40.1428,0.6809
2008-05-01,0.2028384208679199,0.40567684,21.74635410308838,0.0,39.1358,0.6832999999999999
2008-05-02,0.0123696327209472,0.024739265,22.83458137512207,0.0,38.1145,0.6786
2008-05-03,1.088945388793945,2.1778908,23.564821243286133,0.0,37.6468,0.8544
2008-05-04,2.23900842666626,4.478017,23.026660919189453,0.0,37.3045,0.6763
2008-05-05,20.032139778137207,40.064278,18.57816219329834,0.0,49.049,7.0022
2008-05-06,17.702582359313965,35.405167,13.599514961242676,0.0,52.1347,6.2397
2008-05-07,22.518914222717285,45.037827,14.62334966659546,0.0,52.616,8.953899999999999
2008-05-08,0.2171261310577392,0.43425226,20.60857391357422,0.0,48.045,0.6744
2008-05-09,27.445924758911133,54.89185,21.79798889160156,0.0,52.9615,12.9917
2008-05-10,0.0,0.0,20.00729274749756,0.0,48.0598,0.6789
2008-05-11,0.1716604232788086,0.34332085,18.66061782836914,0.0,46.1733,0.6849
2008-05-12,0.7311067581176758,1.4622135,19.57051658630371,0.0,44.8284,0.6823
2008-05-13,0.3695642948150635,0.7391286,19.454264640808105,0.0,43.6435,0.6869000000000001
2008-05-14,0.2711415290832519,0.54228306,18.436589241027832,0.0,42.6331,0.6819
2008-05-15,0.0,0.0,20.01375198364257,0.0,41.4209,0.6813
2008-05-16,0.0,0.0,20.77970218658448,0.0,40.0755,0.6804
2008-05-17,0.1859054565429687,0.3718109,21.11575698852539,0.0,38.9642,0.6794
2008-05-18,0.7279696464538574,1.4559393,21.882996559143063,0.0,38.0484,0.6783
2008-05-19,6.863473892211914,13.726948,19.78371334075928,0.0,41.7788,2.6765
2008-05-20,0.0392637252807617,0.07852745,20.21129322052002,0.0,40.686,0.6761
2008-05-21,45.36992263793945,90.739845,14.693091869354248,0.0,54.6631,17.0716
2008-05-22,2.2757256031036377,4.551451,19.5717716217041,0.0,48.4533,0.6753
2008-05-23,7.723075866699219,15.446152,23.41731739044189,0.0,49.58,3.8677
2008-05-24,33.18762397766113,66.375244,22.255969047546387,0.0,53.3579,14.4699
2008-05-25,1.795079231262207,3.5901585,23.10479736328125,0.0,48.2964,0.6823
2008-05-26,1.085926532745361,2.171853,25.45520305633545,0.0,46.6071,1.0031
2008-05-27,4.684734344482422,9.369469,25.40307140350341,0.0,45.9587,0.7212000000000001
2008-05-28,10.314960956573486,20.629921,25.398686408996586,0.0,48.6837,4.0964
2008-05-29,14.26527500152588,28.53055,24.017549514770508,0.0,50.5375,4.96
2008-05-30,27.447967529296875,54.895935,22.42150402069092,0.0,52.7393,13.1287
2008-05-31,0.6113810539245605,1.2227621,20.933433532714844,0.0,48.1184,0.6958
2008-06-01,6.381969451904297,12.763939,17.621212005615234,0.0,48.724,3.4775
2008-06-02,4.113941431045532,8.227882,19.23879337310791,0.0,47.4391,0.8698
2008-06-03,0.13759446144104,0.27518892,21.76633358001709,0.0,45.9092,0.7056
2008-06-04,0.3295736312866211,0.65914726,23.54395198822021,0.0,44.4614,0.7125
2008-06-05,0.0,0.0,24.892236709594727,0.0,42.9925,0.7064
2008-06-06,1.019648551940918,2.039297,23.64497184753418,0.0,42.3778,0.8585
2008-06-07,7.195159196853638,14.390318,22.14537525177002,0.0,44.0878,1.8442
2008-06-08,9.029589653015137,18.05918,22.659626960754395,0.0,47.3034,3.1332
2008-06-09,4.088202476501465,8.176405,24.599061012268063,0.0,46.2809,0.7034
2008-06-10,1.9471948146820068,3.8943896,25.129101753234863,0.0,45.5861,1.2566000000000002
2008-06-11,23.918919563293457,47.837837,23.10755443572998,0.0,52.4613,8.9669
2008-06-12,2.592037916183472,5.184076,22.15043544769287,0.0,48.5529,0.8424
2008-06-13,35.73771095275879,71.47542,21.09117031097412,0.0,53.5173,17.8816
2008-06-14,27.30165100097656,54.603302,22.463197708129883,0.0,52.1301,15.0808
2008-06-15,9.345784187316896,18.691568,24.93136501312256,0.0,49.3291,2.915
2008-06-16,4.04730224609375,8.0946045,24.935379028320312,0.0,47.4533,0.7342
2008-06-17,10.496209144592283,20.992418,23.39643955230713,0.0,50.0399,5.9775
2008-06-18,6.7301061153411865,13.460213,23.556710243225098,0.0,48.9309,2.3218
2008-06-19,1.0933637619018557,2.1867275,25.518537521362305,0.0,46.9155,0.7452
2008-06-20,1.720048427581787,3.4400969,26.84419631958008,0.0,45.9578,1.3738
2008-06-21,0.2018971443176269,0.4037943,27.005602836608887,0.0,44.5606,0.7473
2008-06-22,0.6485276222229004,1.2970552,27.12845230102539,0.0,43.4319,0.8414
2008-06-23,0.4539377689361572,0.90787554,27.584840774536133,0.0,42.3268,0.7463
2008-06-24,0.0,0.0,28.22289562225341,0.0,41.1363,0.7454
2008-06-25,0.2652277946472168,0.5304556,26.952682495117188,0.0,40.2431,0.7443
2008-06-26,3.905363917350769,7.810728,25.6277494430542,0.0,41.5863,1.9244
2008-06-27,12.791747093200684,25.583494,23.486889839172363,0.0,47.5859,4.3478
2008-06-28,16.620657920837402,33.241318,23.18868350982666,0.0,51.6618,6.2153
2008-06-29,16.88324785232544,33.766495,24.09269142150879,0.0,51.4637,5.9923
2008-06-30,9.958624839782717,19.91725,25.386564254760746,0.0,49.5267,2.5799
2008-07-01,0.2997355461120605,0.5994711,26.563027381896973,0.0,47.0119,0.742
2008-07-02,0.0735189914703369,0.14703798,27.179420471191406,0.0,45.3708,0.7426
2008-07-03,0.6556136608123779,1.3112273,27.458971977233887,0.0,44.0886,0.7425
2008-07-04,0.8394773006439209,1.6789546,28.41619205474853,0.0,42.8403,0.7883
2008-07-05,1.0323679447174072,2.064736,28.521540641784668,0.0,41.8603,0.7411
2008-07-06,1.2814958095550537,2.5629916,27.90735626220703,0.0,41.0746,0.9967
2008-07-07,7.589248180389404,15.178496,26.1625919342041,0.0,42.2491,1.4057
2008-07-08,2.0030596256256104,4.0061193,24.750065803527832,0.0,41.7967,0.7379
2008-07-09,0.0147210359573364,0.029442072,25.54825782775879,0.0,40.8197,0.7367
2008-07-10,3.873643159866333,7.7472863,26.65982151031494,0.0,42.0445,1.844
2008-07-11,9.669129371643066,19.338259,26.142820358276367,0.0,44.7194,2.1965
2008-07-12,0.6571083068847656,1.3142166,27.08598232269287,0.0,43.5875,0.7331
2008-07-13,2.6568347215652466,5.313669,27.58320426940918,0.0,43.5823,1.3816000000000002
2008-07-14,0.5958184003829956,1.1916368,27.93935871124268,0.0,42.392,0.7306
2008-07-15,0.0124796032905578,0.024959207,28.351441383361816,0.0,40.9445,0.7293
2008-07-16,0.666696310043335,1.3333926,27.92654800415039,0.0,39.4167,0.7281
2008-07-17,1.203791081905365,2.4075823,28.330745697021484,0.0,38.2765,0.8533
2008-07-18,11.415423393249512,22.830847,26.880948066711422,0.0,43.0585,2.8761
2008-07-19,25.451891899108887,50.903786,23.81304359436035,0.0,52.6806,7.832899999999999
2008-07-20,1.2170653343200684,2.4341307,26.17348003387451,0.0,47.9753,0.723
2008-07-21,0.3629492521286011,0.7258985,26.40804004669189,0.0,45.8368,0.7223999999999999
2008-07-22,0.4328620433807373,0.8657241,27.877572059631348,0.0,44.2135,0.7213
2008-07-23,0.4298654794692993,0.85973096,28.17402172088623,0.0,42.3235,0.7232000000000001
2008-07-24,0.1880046129226684,0.37600923,28.57775402069092,0.0,40.4672,0.7193
2008-07-25,5.970360517501831,11.9407215,27.96063232421875,0.0,41.5371,2.0167
2008-07-26,3.210012912750244,6.420026,27.045658111572266,0.0,40.325,0.7169
2008-07-27,2.858928918838501,5.717858,26.223029136657715,0.0,40.5212,1.4788
2008-07-28,9.50679349899292,19.013588,24.42728042602539,0.0,45.0585,2.9187000000000003
2008-07-29,61.90245819091797,123.80492,23.23949241638184,0.0,55.3268,25.7495
2008-07-30,32.87898063659668,65.757965,24.016743659973145,0.0,52.7802,19.1446
2008-07-31,1.0160930156707764,2.032186,26.280580520629883,0.0,48.1442,0.7287
2008-08-01,0.4028511047363281,0.8057022,26.33041381835937,0.0,46.284,0.7344
2008-08-02,0.2750823497772217,0.5501647,27.35647869110108,0.0,44.9787,0.7358
2008-08-03,0.4065736532211303,0.8131473,27.51232051849365,0.0,43.7197,0.7710999999999999
2008-08-04,0.4171379804611206,0.83427596,26.917463302612305,0.0,42.7231,0.7361
2008-08-05,0.3937113285064697,0.78742266,26.398383140563965,0.0,41.8921,0.7442000000000001
2008-08-06,1.564863920211792,3.1297278,26.370539665222168,0.0,41.2918,0.7347
2008-08-07,0.1899473667144775,0.37989473,25.054208755493164,0.0,40.4995,0.7438
2008-08-08,0.7319450378417969,1.4638901,25.592756271362305,0.0,39.6331,0.7326
2008-08-09,5.100006818771362,10.200014,26.47202968597412,0.0,41.6358,2.3262
2008-08-10,10.927781581878662,21.855564,24.72553825378418,0.0,45.7052,3.0974000000000004
2008-08-11,9.003789901733398,18.00758,25.157703399658203,0.0,47.2824,2.1957
2008-08-12,0.3681139945983886,0.736228,26.82822132110596,0.0,45.613,0.728
2008-08-13,0.5258731842041016,1.0517464,27.34442043304444,0.0,44.2605,0.7694
2008-08-14,0.0844588279724121,0.16891766,27.71233367919922,0.0,43.0837,0.7258
2008-08-15,4.374718189239502,8.749436,26.492328643798828,0.0,44.4843,2.0521
2008-08-16,3.7396321296691895,7.4792643,26.9664249420166,0.0,43.9334,0.7234
2008-08-17,0.5322185754776001,1.0644372,28.06620407104492,0.0,42.7811,0.7584
2008-08-18,0.4555315971374511,0.9110632,28.00686550140381,0.0,41.6239,0.7209
2008-08-19,0.2774823904037475,0.5549648,28.46687889099121,0.0,40.2147,0.7197
2008-08-20,0.5776090621948242,1.1552181,28.66814613342285,0.0,38.8327,0.7184
2008-08-21,0.7601261138916016,1.5202522,27.92154788970948,0.0,37.6503,0.7757
2008-08-22,0.1686522960662841,0.3373046,27.04471492767334,0.0,36.9605,0.7158
2008-08-23,0.0846569538116455,0.16931391,26.470224380493164,0.0,36.2942,0.7145
2008-08-24,1.0111148357391355,2.0222297,27.00861358642578,0.0,35.733,0.7132
2008-08-25,3.3891050815582275,6.77821,25.99622344970703,0.0,37.0687,1.3991
2008-08-26,0.3829594850540161,0.76591897,25.56288146972656,0.0,36.6351,0.7105
2008-08-27,5.139116764068604,10.278234,24.697986602783203,0.0,39.9016,2.115
2008-08-28,16.932650566101074,33.865303,24.29043865203857,0.0,46.5985,3.68
2008-08-29,0.745830774307251,1.4916615,26.347243309021,0.0,44.3195,0.7066
2008-08-30,0.1861088275909423,0.37221766,26.937707901000977,0.0,42.4132,0.7053
2008-08-31,3.002995729446411,6.0059915,26.33277130126953,0.0,41.6634,0.8497
2008-09-01,1.8530610799789429,3.7061222,25.120020866394043,0.0,40.8678,0.7158
2008-09-02,0.3185961246490478,0.63719225,23.8776969909668,0.0,39.5059,0.7065
2008-09-03,0.0976600646972656,0.19532013,24.193506240844727,0.0,38.6346,0.7001
2008-09-04,3.2424134016036987,6.484827,24.745829582214355,0.0,40.1834,1.5571
2008-09-05,16.307490825653076,32.614983,24.007115364074707,0.0,47.3156,3.9683
2008-09-06,12.58430242538452,25.168606,24.441207885742188,0.0,49.113,2.5816
2008-09-07,4.200881123542786,8.401762,25.05929279327393,0.0,47.2775,0.695
2008-09-08,0.0811216831207275,0.16224337,25.468563079833984,0.0,45.1197,0.6937
2008-09-09,2.296633243560791,4.5932665,25.712736129760746,0.0,44.0316,0.8664000000000001
2008-09-10,0.0,0.0,25.70885181427002,0.0,42.1271,0.6913
2008-09-11,6.996819734573364,13.993639,25.71457862854004,0.0,44.5935,2.5437
2008-09-12,0.1596148014068603,0.3192296,25.657784461975098,0.0,42.8236,0.6889
2008-09-13,0.7687540054321289,1.537508,25.40858554840088,0.0,41.3614,0.7759
2008-09-14,0.153780460357666,0.30756092,25.95159339904785,0.0,40.2226,0.6864
2008-09-15,0.2778891324996948,0.55577826,26.305482864379883,0.0,39.3882,0.6852
2008-09-16,0.0992000102996826,0.19840002,25.68403053283692,0.0,38.443,0.684
2008-09-17,0.0,0.0,25.893383026123047,0.0,37.5913,0.6827
2008-09-18,1.36005699634552,2.720114,26.33059597015381,0.0,37.2687,0.8069999999999999
2008-09-19,0.0314676761627197,0.06293535,26.87219524383545,0.0,36.6198,0.6802
2008-09-20,1.0768218636512756,2.1536436,26.62621116638184,0.0,36.7257,0.9465
2008-09-21,9.269493579864502,18.538986,26.987839698791504,0.0,39.1573,1.5949
2008-09-22,0.0,0.0,27.054851531982425,0.0,38.1303,0.6764
2008-09-23,0.0,0.0,27.197041511535645,0.0,37.3428,0.6751
2008-09-24,7.1783223152160645,14.356645,26.58484649658203,0.0,41.6701,2.5272
2008-09-25,1.222132444381714,2.444265,27.042468070983887,0.0,40.4108,0.6726
2008-09-26,4.026095032691956,8.05219,26.892332077026367,0.0,41.5167,1.6204
2008-09-27,1.5578245520591736,3.1156492,23.97456455230713,0.0,40.634,0.6701
2008-09-28,0.0379921197891235,0.07598424,23.101502418518063,0.0,39.2456,0.6689
2008-09-29,0.1581983566284179,0.3163967,22.349597930908203,0.0,38.7725,0.6676
2008-09-30,0.4352453947067261,0.8704908,23.177181243896484,0.0,38.1484,0.6736
2008-10-01,0.1331757307052612,0.26635146,21.720105171203613,0.0,37.745,0.6747000000000001
2008-10-02,0.1274734437465667,0.2549469,21.159807205200195,0.0,37.271,0.6648000000000001
2008-10-03,0.0295193493366241,0.0590387,22.237255096435547,0.0,36.7232,0.6626
2008-10-04,2.7099478244781494,5.4198956,21.95326232910156,0.0,37.9503,1.2353
2008-10-05,11.643674850463867,23.28735,22.146382331848145,0.0,43.2404,2.6885
2008-10-06,63.83123779296875,127.662476,18.47787380218506,0.0,55.5612,23.2105
2008-10-07,8.492454528808594,16.98491,19.264628410339355,0.0,50.1831,3.4278
2008-10-08,0.0799182057380676,0.15983641,20.228327751159668,0.0,47.5611,0.6632
2008-10-09,0.1757310628890991,0.35146213,21.55665111541748,0.0,46.1186,0.6669
2008-10-10,0.0,0.0,22.32046699523925,0.0,44.8815,0.6654
2008-10-11,0.0883554816246032,0.17671096,21.342575073242188,0.0,44.0615,0.6676
2008-10-12,0.9516688585281372,1.9033377,20.28468513488769,0.0,43.6884,0.665
2008-10-13,0.2392441034317016,0.4784882,20.1678113937378,0.0,43.1342,0.6697
2008-10-14,0.1735424995422363,0.347085,20.851496696472168,0.0,42.6157,0.6638
2008-10-15,0.0258734226226806,0.051746845,21.154641151428223,0.0,41.925,0.6631
2008-10-16,0.0,0.0,21.39223861694336,0.0,41.2636,0.6622
2008-10-17,13.06796932220459,26.135939,19.93473148345948,0.0,48.5839,5.3128
2008-10-18,2.657789349555969,5.3155785,20.93639373779297,0.0,47.3073,0.7589
2008-10-19,0.0382214784622192,0.07644296,21.29422950744629,0.0,46.0223,0.6595
2008-10-20,0.0,0.0,20.869844436645508,0.0,44.876,0.6586
2008-10-21,0.0,0.0,20.397852897644043,0.0,43.8583,0.6577
2008-10-22,0.1741071939468383,0.3482144,21.53508186340332,0.0,43.0478,0.6591
2008-10-23,1.85883629322052,3.7176726,22.282673835754395,0.0,42.5853,0.6558
2008-10-24,1.0632409453392029,2.126482,19.94927406311035,0.0,42.7327,0.953
2008-10-25,0.4885177612304687,0.9770355,20.212868690490723,0.0,42.3166,0.6537
2008-10-26,0.0,0.0,21.020407676696777,0.0,41.6206,0.6526
2008-10-27,0.1607172489166259,0.3214345,19.261427879333496,0.0,41.2481,0.6557999999999999
2008-10-28,0.0862940549850463,0.17258811,19.92032527923584,0.0,40.719,0.6504
2008-10-29,0.004107654094696,0.008215308,20.19164562225341,0.0,40.0341,0.6493
2008-10-30,0.0059319250285625,0.01186385,21.719194412231445,0.0,39.3707,0.6482
2008-10-31,2.8618834018707275,5.723767,21.33862590789795,0.0,40.4427,1.3124
2008-11-01,0.0030806958675384,0.0061613917,19.77827739715576,0.0,40.0676,0.6566000000000001
2008-11-02,2.064667969942093,4.129336,20.22313499450684,0.0,40.7382,1.1709
2008-11-03,18.530298233032227,37.060596,17.7950382232666,0.0,50.9047,6.1023000000000005
2008-11-04,0.2202566266059875,0.44051325,18.8154411315918,0.0,47.8246,0.6425
2008-11-05,2.2063923478126526,4.4127846,19.74578285217285,0.0,47.4386,1.2831
2008-11-06,0.1004594564437866,0.20091891,21.33667755126953,0.0,46.1165,0.6405
2008-11-07,3.216503143310547,6.4330063,22.60241985321045,0.0,46.4083,1.4693999999999998
2008-11-08,14.647576332092283,29.295153,16.87124729156494,0.0,51.2289,4.880299999999999
2008-11-09,0.0,0.0,13.65894603729248,0.0,47.9937,0.6377
2008-11-10,0.0,0.0,10.870869636535645,0.0,46.543,0.6371
2008-11-11,0.0,0.0,10.075807094573976,0.0,45.5355,0.6364
2008-11-12,0.0,0.0,11.02930212020874,0.0,44.6811,0.6357
2008-11-13,0.0056601166725158,0.011320233,14.38063097000122,0.0,43.8872,0.6349
2008-11-14,0.0,0.0,15.615114212036133,0.0,43.0033,0.6341
2008-11-15,0.0,0.0,15.97349500656128,0.0,42.1199,0.6332
2008-11-16,0.0638856887817382,0.12777138,15.5213623046875,0.0,41.4077,0.6322
2008-11-17,1.2435047030448914,2.4870095,15.362103939056396,0.0,41.0036,0.6591
2008-11-18,2.78887677192688,5.5777535,13.050867557525637,0.0,41.5199,0.9143
2008-11-19,0.3457470089197159,0.691494,10.406906127929688,0.0,41.156,0.6293
2008-11-20,0.3478109240531921,0.69562185,7.620272636413574,0.0,40.7418,0.6476
2008-11-21,0.0,0.0,10.579720973968506,0.0,40.3354,0.6272
2008-11-22,0.0142569541931152,0.028513908,13.89472246170044,0.0,39.7893,0.6262
2008-11-23,0.182475745677948,0.3649515,16.208701610565186,0.0,39.3542,0.6251
2008-11-24,0.0877254605293273,0.17545092,14.330853462219238,0.0,38.8818,0.6248
2008-11-25,0.0,0.0,12.226165771484377,0.0,38.3573,0.6229
2008-11-26,0.0,0.0,11.124454498291016,0.0,37.8126,0.6219
2008-11-27,0.0,0.0,9.55998992919922,0.0,37.4744,0.6208
2008-11-28,0.1033554077148437,0.20671082,5.404874801635742,0.0,37.2582,0.6317
2008-11-29,0.0035302639007568,0.007060528,5.766339540481567,0.0,37.0318,0.6274000000000001
2008-11-30,0.0751900672912597,0.15038013,6.42996072769165,0.0,36.8173,0.6244
2008-12-01,0.0480894446372985,0.09617889,7.355056285858154,0.0,36.6036,0.6191
2008-12-02,0.0219653844833374,0.04393077,8.101698875427246,0.0,36.3799,0.6174999999999999
2008-12-03,0.0,0.0,9.407192707061768,0.0,36.1105,0.6141
2008-12-04,0.0038139224052429,0.007627845,11.828866481781006,0.0,35.8865,0.613
2008-12-05,0.1221134066581726,0.24422681,9.93402624130249,0.0,35.706,0.6118
2008-12-06,0.0,0.0,4.915421962738037,0.0,35.528,0.6107
2008-12-07,0.0,0.0,4.956970930099487,0.0,35.4021,0.6169
2008-12-08,0.0246935188770294,0.049387038,6.5498528480529785,0.0,35.2409,0.6105
2008-12-09,0.06461101770401,0.12922204,6.858651161193848,0.0,35.0757,0.6122
2008-12-10,0.0453703999519348,0.0907408,7.772010564804077,0.0,34.8956,0.6085999999999999
2008-12-11,0.0,0.0,8.347134113311768,0.0,34.6381,0.6051
2008-12-12,0.1356177330017089,0.27123547,9.337111949920654,0.0,34.4409,0.6044999999999999
2008-12-13,0.0033614039421081,0.006722808,12.913173198699951,0.0,34.2531,0.6029
2008-12-14,0.0214858353137969,0.04297167,11.080291748046877,0.0,34.1355,0.6017
2008-12-15,0.0877276062965393,0.17545521,6.926446437835693,0.0,34.0124,0.6006
2008-12-16,0.0304088294506073,0.06081766,6.689951658248901,0.0,33.8931,0.6019
2008-12-17,0.037631943821907,0.07526389,7.861212730407715,0.0,33.7365,0.5984
2008-12-18,0.0,0.0,8.18846321105957,0.0,33.5677,0.5972
2008-12-19,0.0772748589515686,0.15454972,8.84415864944458,0.0,33.4483,0.5963999999999999
2008-12-20,0.0,0.0,10.386659145355225,0.0,33.3305,0.595
2008-12-21,0.093922734260559,0.18784547,11.747551441192629,0.0,33.2078,0.594
2008-12-22,0.264279305934906,0.5285586,5.866845369338989,0.0,33.1398,0.5928
2008-12-23,0.2192109078168869,0.43842182,4.454647779464722,0.0,33.1328,0.5967
2008-12-24,0.0079048499464988,0.0158097,8.939013481140137,0.0,33.0633,0.5906
2008-12-25,0.0087836980819702,0.017567396,10.52733278274536,0.0,32.9769,0.5895
2008-12-26,0.1314578652381897,0.26291573,11.529848098754885,0.0,32.9153,0.5883
2008-12-27,2.552862763404846,5.1057253,11.020535469055176,0.0,34.6739,1.1547
2008-12-28,2.2793067693710327,4.558614,12.397513389587402,0.0,35.4263,0.8325
2008-12-29,0.4140511751174927,0.82810235,12.67582368850708,0.0,35.3868,0.585
2008-12-30,0.6930098533630371,1.3860197,9.764397621154783,0.0,35.6297,0.6895
2008-12-31,0.5523250699043274,1.1046501,7.806552886962891,0.0,35.5473,0.5828
2009-01-01,0.0376284718513488,0.07525694,4.417852878570557,0.0,35.4162,0.5879
2009-01-02,0.1255545318126678,0.25110906,3.891544103622437,0.0,35.3348,0.5958
2009-01-03,0.1475943922996521,0.29518878,4.8220415115356445,0.0,35.2633,0.5987
2009-01-04,0.2021427154541015,0.40428543,7.936044931411743,0.0,35.0873,0.5785
2009-01-05,0.0282474756240844,0.05649495,8.977651119232178,0.0,34.8323,0.5774
2009-01-06,0.0,0.0,9.863511562347412,0.0,34.6001,0.5763
2009-01-07,0.3322926759719848,0.66458535,8.86851167678833,0.0,34.5512,0.5919000000000001
2009-01-08,0.2300069332122802,0.46001387,6.853197574615479,0.0,34.4998,0.5741
2009-01-09,0.0811048746109008,0.16220975,5.912996053695679,0.0,34.3794,0.5751000000000001
2009-01-10,0.1835022270679474,0.36700445,2.025487184524536,0.0,34.3378,0.5889
2009-01-11,0.0,0.0,1.851543426513672,0.0,34.1985,0.5711999999999999
2009-01-12,0.0361740589141845,0.07234812,3.2993741035461426,0.0,34.1018,0.5755
2009-01-13,0.3844170570373535,0.7688341,2.414646625518799,0.0,34.1256,0.6013
2009-01-14,0.0,0.0,1.8567793369293213,0.0,34.0073,0.5699
2009-01-15,0.0684832334518432,0.13696647,2.8166511058807373,0.0,33.9257,0.5747
2009-01-16,0.2427107095718383,0.48542142,4.5413453578948975,0.0,33.8592,0.5846
2009-01-17,0.4318717122077942,0.8637434,6.982950448989868,0.0,33.7813,0.587
2009-01-18,0.0,0.0,8.989184856414795,0.0,33.5079,0.5634
2009-01-19,0.0,0.0,10.436551570892334,0.0,33.273,0.5624
2009-01-20,0.08987557888031,0.17975116,10.714107513427734,0.0,33.0977,0.5617
2009-01-21,0.176263689994812,0.35252738,11.173608779907228,0.0,32.9663,0.5603
2009-01-22,7.139464616775513,14.278929,10.28176736831665,0.0,38.1556,2.174
2009-01-23,0.0608344078063964,0.121668816,8.052395582199097,0.0,37.9634,0.5581
2009-01-24,0.0976850986480712,0.1953702,2.7990376949310303,0.0,37.8722,0.5597000000000001
2009-01-25,0.2215200662612915,0.44304013,2.2909085750579834,0.0,37.8345,0.5791000000000001
2009-01-26,8.955100536346436,17.910202,2.8499999046325684,0.0,43.5567,2.4907
2009-01-27,11.255853176116943,22.511707,3.1341986656188965,0.0,49.8597,3.4898
2009-01-28,0.3534088730812073,0.70681775,6.149113416671753,0.0,47.6963,0.5529
2009-01-29,6.1312255859375,12.262451,8.62310266494751,0.0,49.5965,2.2797
2009-01-30,4.01011049747467,8.020221,9.982000827789308,0.0,48.6087,1.1378
2009-01-31,0.1826348304748535,0.36526966,10.777443885803224,0.0,46.9721,0.5498
2009-02-01,1.0700769424438477,2.140154,9.668561935424805,0.0,46.4032,0.7822
2009-02-02,0.4016413688659668,0.80328274,13.032421112060549,0.0,45.4784,0.5477
2009-02-03,0.7979079484939575,1.5958159,13.786534309387209,0.0,44.9072,0.6984999999999999
2009-02-04,0.0529485940933227,0.10589719,14.702282905578612,0.0,44.0758,0.5457
2009-02-05,2.0851651430130005,4.17033,15.42954158782959,0.0,44.3783,1.064
2009-02-06,0.8893551826477051,1.7787104,15.195918083190918,0.0,43.5249,0.5437
2009-02-07,0.0,0.0,15.09651231765747,0.0,42.2884,0.5427
2009-02-08,1.385819435119629,2.7716389,15.159892082214355,0.0,42.0559,0.8389
2009-02-09,0.280670166015625,0.56134033,15.556981086730955,0.0,40.9901,0.5406
2009-02-10,0.6030471324920654,1.2060943,15.765494346618652,0.0,40.2094,0.6244999999999999
2009-02-11,0.4931401014328003,0.9862802,16.297600269317627,0.0,39.4591,0.5386
2009-02-12,1.6264933943748474,3.252987,17.63552951812744,0.0,39.5328,0.8955
2009-02-13,1.1585394144058228,2.3170788,19.61962985992432,0.0,38.7679,0.5366
2009-02-14,0.0,0.0,18.42392921447754,0.0,37.8094,0.5356
2009-02-15,1.1750998497009275,2.3501997,19.0913143157959,0.0,37.8789,0.7527999999999999
2009-02-16,7.279156684875488,14.558313,13.07562017440796,0.0,39.465,1.0949
2009-02-17,0.0,0.0,9.492283821105955,0.0,39.1502,0.5326
2009-02-18,0.0,0.0,12.502773761749268,0.0,38.4882,0.5316
2009-02-19,0.3142285346984863,0.62845707,15.962957382202148,0.0,38.0742,0.5813999999999999
2009-02-20,0.0,0.0,13.69252061843872,0.0,37.562,0.5296
2009-02-21,1.6967564821243286,3.393513,11.26519775390625,0.0,38.3793,0.8679999999999999
2009-02-22,0.0965005159378051,0.19300103,16.198888778686523,0.0,37.8134,0.5276
2009-02-23,0.0,0.0,18.736963272094727,0.0,37.145,0.5266
2009-02-24,0.2129209041595459,0.4258418,20.45229721069336,0.0,36.5309,0.5269999999999999
2009-02-25,0.8015322685241699,1.6030645,20.81605815887451,0.0,36.0439,0.5246
2009-02-26,1.392274260520935,2.7845485,16.536605834960938,0.0,36.6781,0.8082
2009-02-27,0.4290542602539062,0.8581085,12.534181118011476,0.0,36.4856,0.5226
2009-02-28,0.6408251523971558,1.2816503,9.832644939422607,0.0,36.6853,0.6092
2009-03-01,4.605744242668152,9.211489,8.922293663024902,0.0,39.1615,1.3006
2009-03-02,8.892841815948486,17.785683,7.6487390995025635,0.0,44.4932,2.405
2009-03-03,7.46315336227417,14.926307,8.331957340240479,0.0,47.3981,2.0698
2009-03-04,22.222784996032715,44.44557,8.423446655273438,0.0,53.1189,6.7431
2009-03-05,31.80475807189941,63.609516,10.564823627471924,0.0,53.7297,11.3686
2009-03-06,8.730092525482178,17.460186,8.298397064208984,0.0,50.4177,3.314
2009-03-07,7.846097946166992,15.692196,5.1679301261901855,0.0,50.1193,3.4699
2009-03-08,8.406772136688232,16.813545,6.5747389793396,0.0,50.212,3.9468
2009-03-09,5.160697937011719,10.321396,10.40887689590454,0.0,48.6006,1.4411
2009-03-10,0.0534852743148803,0.10697055,11.464665412902832,0.0,46.8877,0.522
2009-03-11,2.951920986175537,5.903842,12.371057987213137,0.0,47.3326,1.8102
2009-03-12,0.3192231655120849,0.63844633,16.780518531799316,0.0,45.9865,0.5246
2009-03-13,16.519450187683105,33.038902,12.25434637069702,0.0,51.3049,7.6879
2009-03-14,4.095764636993408,8.191529,7.987616539001465,0.0,48.3594,0.7115
2009-03-15,0.0,0.0,9.477509498596191,0.0,46.6168,0.5277
2009-03-16,0.2596645355224609,0.5193291,13.175386428833008,0.0,45.3688,0.5348999999999999
2009-03-17,0.3557488918304443,0.7114978,15.533332347869871,0.0,44.408,0.5291
2009-03-18,0.4923114776611328,0.98462296,17.713319778442383,0.0,43.5598,0.5704
2009-03-19,0.4373788833618164,0.87475777,19.35030746459961,0.0,42.8104,0.5288
2009-03-20,1.5806026458740234,3.1612053,19.124476432800293,0.0,43.0299,1.0143
2009-03-21,0.8498573303222656,1.6997147,17.851141929626465,0.0,42.6055,0.5278
2009-03-22,3.275120973587036,6.550242,18.468825340271,0.0,43.7457,1.6374
2009-03-23,2.7633204460144043,5.526641,15.378493785858154,0.0,43.3903,0.5265
2009-03-24,5.684431076049805,11.368862,11.99768877029419,0.0,46.0055,2.475
2009-03-25,0.1755609512329101,0.3511219,13.207458019256592,0.0,44.982,0.5251
2009-03-26,0.0378171205520629,0.07563424,13.840630054473875,0.0,44.0519,0.5243
2009-03-27,17.13484477996826,34.26969,14.221464157104492,0.0,51.428,6.6019
2009-03-28,24.36471271514893,48.729424,13.77821445465088,0.0,52.8766,10.4769
2009-03-29,6.055472612380981,12.110945,11.17484998703003,0.0,49.583,2.3706
2009-03-30,0.3152699470520019,0.6305399,10.93333864212036,0.0,47.5768,0.5278
2009-03-31,0.4863309860229492,0.972662,13.204541206359863,0.0,46.3877,0.6464
2009-04-01,0.0,0.0,13.682984828948976,0.0,45.2916,0.5315
2009-04-02,0.0,0.0,11.385167598724363,0.0,44.5207,0.5321
2009-04-03,13.391541481018066,26.783083,10.960896492004396,0.0,50.2368,6.154100000000001
2009-04-04,0.7565429210662842,1.5130858,17.584025382995605,0.0,47.4785,0.5326
2009-04-05,24.672420501708984,49.34484,15.025596618652344,0.0,52.758,11.7114
2009-04-06,1.395103931427002,2.7902079,13.841293811798096,0.0,48.3106,0.5351
2009-04-07,0.0638837814331054,0.12776756,12.740513801574709,0.0,46.6677,0.538
2009-04-08,0.202761173248291,0.40552235,14.004448890686035,0.0,45.3725,0.5397
2009-04-09,0.3305642604827881,0.6611285,15.19398546218872,0.0,44.2739,0.5538
2009-04-10,0.0151882171630859,0.030376434,15.700523376464844,0.0,43.4362,0.5406
2009-04-11,0.2159624099731445,0.43192482,17.519567489624023,0.0,42.4623,0.552
2009-04-12,1.5140948295593262,3.0281897,19.134126663208008,0.0,41.9162,0.54
2009-04-13,21.210750579833984,42.4215,19.86908721923828,0.0,51.7114,8.8886
2009-04-14,0.7251205444335938,1.4502411,20.32718849182129,0.0,47.9477,0.539
2009-04-15,0.0805569887161254,0.16111398,20.745903968811035,0.0,46.0726,0.5389
2009-04-16,3.9479317665100098,7.8958635,19.59782886505127,0.0,46.2404,1.385
2009-04-17,18.23064994812012,36.4613,19.21269130706787,0.0,51.4643,6.3683
2009-04-18,0.0,0.0,18.52028083801269,0.0,47.9163,0.5384
2009-04-19,20.64190101623535,41.283802,18.287253379821777,0.0,52.459,9.829
2009-04-20,24.11923885345459,48.23848,19.86387538909912,0.0,52.3794,11.3589
2009-04-21,0.3218567371368408,0.6437135,19.04178142547608,0.0,47.9656,0.5473
2009-04-22,2.496736764907837,4.9934735,17.668971061706543,0.0,47.1294,1.4467
2009-04-23,0.3250093460083008,0.6500187,18.78850173950196,0.0,45.7481,0.554
2009-04-24,0.7563445568084717,1.5126891,21.36513328552246,0.0,44.8127,0.7632000000000001
2009-04-25,15.208640575408936,30.417282,17.570334434509277,0.0,50.0243,5.5838
2009-04-26,0.5043933391571045,1.0087867,16.737855911254883,0.0,47.4655,0.5558
2009-04-27,0.0331001281738281,0.06620026,16.703866004943848,0.0,45.9469,0.5573
2009-04-28,0.3516426086425781,0.7032852,18.288304328918457,0.0,44.7894,0.5564
2009-04-29,0.1143913269042968,0.22878265,17.10997772216797,0.0,43.8309,0.5582
2009-04-30,0.0,0.0,18.198545455932617,0.0,42.8212,0.5558
2009-05-01,0.197056770324707,0.39411354,19.09939861297608,0.0,41.8152,0.5591
2009-05-02,0.0,0.0,20.30079460144043,0.0,40.5931,0.5545
2009-05-03,7.294429063796997,14.588858,17.11651039123535,0.0,44.3395,2.9204
2009-05-04,0.4651393890380859,0.9302788,19.26175117492676,0.0,43.3121,0.5528
2009-05-05,0.2459139823913574,0.49182796,19.3633394241333,0.0,42.1552,0.5526000000000001
2009-05-06,0.0,0.0,19.811760902404785,0.0,40.9674,0.5511
2009-05-07,0.0,0.0,19.152615547180176,0.0,39.6586,0.5502
2009-05-08,0.1689958572387695,0.3379917,18.7277774810791,0.0,38.1738,0.5493
2009-05-09,0.8267807960510254,1.6535616,19.535472869873047,0.0,37.2492,0.5482
2009-05-10,0.0,0.0,21.609816551208496,0.0,35.7415,0.5472
2009-05-11,0.1716604232788086,0.34332085,23.613815307617188,0.0,35.1613,0.548
2009-05-12,0.7311067581176758,1.4622135,25.57347011566162,0.0,34.7802,0.5452
2009-05-13,6.199522376060486,12.399045,23.80306053161621,0.0,39.2995,2.2728
2009-05-14,0.4320578575134277,0.8641157,23.50452709197998,0.0,38.5214,0.5432
2009-05-15,0.0,0.0,24.66731357574463,0.0,37.3811,0.5422
2009-05-16,0.0,0.0,25.9936752319336,0.0,36.3183,0.5412
2009-05-17,5.973092079162598,11.946184,22.57214641571045,0.0,39.6031,1.8927
2009-05-18,8.50702428817749,17.01405,18.750804901123047,0.0,44.0061,2.3443
2009-05-19,7.260276794433594,14.520554,19.44420528411865,0.0,46.0598,1.7869
2009-05-20,4.690151214599609,9.380302,22.912888526916504,0.0,45.077,0.5494
2009-05-21,5.669528961181641,11.339058,23.294346809387207,0.0,46.3676,1.9845
2009-05-22,2.3183399438858032,4.6366796,22.631232261657715,0.0,45.0112,0.5351
2009-05-23,4.734271049499512,9.468542,23.19969367980957,0.0,46.4531,1.8798
2009-05-24,4.793378829956055,9.586758,21.47092628479004,0.0,46.4703,0.9267
2009-05-25,1.5445594787597656,3.089119,21.45962142944336,0.0,45.2861,0.5322
2009-05-26,49.68918228149414,99.378365,18.22279453277588,0.0,54.9099,18.6445
2009-05-27,3.100851058959961,6.201702,18.72530937194824,0.0,48.7378,0.6262
2009-05-28,2.7854154109954834,5.570831,17.28620719909668,0.0,47.3722,0.6557
2009-05-29,0.0,0.0,19.81618881225586,0.0,45.6692,0.5357
2009-05-30,0.0884613990783691,0.1769228,21.51722812652588,0.0,44.4453,0.5361
2009-05-31,0.4359011650085449,0.87180233,22.19044685363769,0.0,43.4566,0.536
2009-06-01,0.0,0.0,21.31343936920166,0.0,42.6154,0.5357
2009-06-02,1.036799669265747,2.0735993,23.61004447937012,0.0,42.0831,0.7706
2009-06-03,45.957292556762695,91.91458,20.80842971801757,0.0,54.4917,18.1008
2009-06-04,49.59732437133789,99.19465,18.273860931396484,0.0,53.7919,29.4815
2009-06-05,0.0,0.0,21.40281867980957,0.0,47.9735,0.552
2009-06-06,0.4924969673156738,0.98499393,23.22883033752441,0.0,45.9809,0.5882999999999999
2009-06-07,0.8351480960845947,1.6702962,24.497323036193848,0.0,44.6989,0.5622
2009-06-08,0.0246410369873046,0.049282074,25.5456657409668,0.0,43.3937,0.5631
2009-06-09,0.1309287548065185,0.2618575,25.142147064208984,0.0,42.4337,0.5632
2009-06-10,3.749011754989624,7.4980235,25.678211212158203,0.0,43.1987,1.6783
2009-06-11,35.827531814575195,71.65506,20.46113395690918,0.0,53.6485,14.1925
2009-06-12,20.12492609024048,40.24985,21.13500022888184,0.0,51.8876,9.3185
2009-06-13,12.389692306518556,24.779385,24.1737699508667,0.0,49.8908,3.8045
2009-06-14,3.9492692947387695,7.8985386,23.025718688964844,0.0,47.836,0.6333
2009-06-15,16.702173233032227,33.404346,22.881300926208496,0.0,50.8464,7.1701
2009-06-16,3.02196741104126,6.043935,24.27773952484131,0.0,48.0074,0.5868
2009-06-17,2.025270462036133,4.050541,25.72490406036377,0.0,47.2145,1.8325
2009-06-18,5.360795021057129,10.72159,26.209431648254395,0.0,46.3009,0.5923
2009-06-19,1.0017962455749512,2.0035925,27.207987785339355,0.0,45.0177,0.7507
2009-06-20,1.720048427581787,3.4400969,28.05743408203125,0.0,44.1035,0.6334
2009-06-21,1.233351469039917,2.466703,26.835734367370605,0.0,43.13,0.7287
2009-06-22,18.10290050506592,36.205803,25.66849708557129,0.0,49.2916,5.4087
2009-06-23,25.237013816833496,50.47403,23.608715057373047,0.0,52.4356,9.4612
2009-06-24,20.577667236328125,41.155334,23.752635955810547,0.0,51.8172,9.1033
2009-06-25,12.5563702583313,25.11274,23.366475105285645,0.0,50.5841,5.8154
2009-06-26,1.0038856267929075,2.0077713,25.61353302001953,0.0,47.6003,0.6086
2009-06-27,1.5880186557769775,3.1760373,25.321292877197266,0.0,46.7286,1.3504
2009-06-28,2.1091047525405884,4.2182093,25.47686195373535,0.0,45.7248,0.6148
2009-06-29,2.490889310836792,4.9817786,27.002047538757324,0.0,45.4199,1.5196
2009-06-30,0.2992496490478515,0.5984993,27.25980281829834,0.0,44.1418,0.616
2009-07-01,14.241724967956545,28.48345,25.35838031768799,0.0,49.7505,6.187200000000001
2009-07-02,43.44449615478516,86.88899,21.18758773803711,0.0,53.9916,20.9005
2009-07-03,54.44240379333496,108.88481,21.37707805633545,0.0,52.9334,37.4914
2009-07-04,3.726351499557495,7.452703,24.270526885986328,0.0,48.331,0.6445
2009-07-05,5.3829615116119385,10.765923,25.45167827606201,0.0,48.2411,3.2713
2009-07-06,3.714235901832581,7.4284716,26.29666423797608,0.0,46.7603,0.6572
2009-07-07,0.6945385932922363,1.3890772,26.540881156921387,0.0,45.3166,0.77
2009-07-08,0.0833656787872314,0.16673136,27.826324462890625,0.0,43.9904,0.6596
2009-07-09,0.0,0.0,28.83354091644287,0.0,42.5243,0.6594
2009-07-10,0.0,0.0,28.809833526611328,0.0,41.1065,0.6588
2009-07-11,0.0250695943832397,0.05013919,28.855100631713867,0.0,40.037,0.658
2009-07-12,4.091175198554993,8.18235,28.289321899414062,0.0,40.2457,1.1567
2009-07-13,6.563623666763306,13.127247,25.82030868530273,0.0,40.9094,1.0434
2009-07-14,6.620402812957764,13.240806,24.74120140075684,0.0,42.8006,1.7297
2009-07-15,0.4735232591629028,0.9470465,26.91568279266357,0.0,41.7619,0.6539
2009-07-16,0.6154736876487732,1.2309474,28.117599487304688,0.0,40.7033,0.7209000000000001
2009-07-17,0.1250604391098022,0.25012088,28.2327527999878,0.0,39.6351,0.6518
2009-07-18,3.05824875831604,6.1164975,27.63870906829834,0.0,40.9139,1.7300999999999995
2009-07-19,0.481613278388977,0.96322656,27.128978729248047,0.0,40.079,0.6495
2009-07-20,0.8374221324920654,1.6748443,27.482521057128903,0.0,39.1934,0.7545999999999999
2009-07-21,0.0918707847595214,0.18374157,27.956445693969727,0.0,38.0843,0.6472
2009-07-22,0.4328620433807373,0.8657241,28.35385036468506,0.0,36.8481,0.6466000000000001
2009-07-23,0.4298654794692993,0.85973096,28.421539306640625,0.0,36.0414,0.6448
2009-07-24,0.9535757899284364,1.9071516,27.73637008666992,0.0,35.7286,0.7445999999999999
2009-07-25,7.355758786201477,14.711517,25.52239799499512,0.0,37.5434,1.3083
2009-07-26,5.075292348861694,10.150585,25.73666763305664,0.0,38.1151,0.8828
2009-07-27,4.578377366065979,9.1567545,26.483906745910645,0.0,37.8768,0.6401
2009-07-28,2.4878199100494385,4.97564,27.548110961914062,0.0,38.4669,1.146
2009-07-29,0.8364124298095703,1.6728249,28.52840614318848,0.0,37.7662,0.6377
2009-07-30,0.1875019073486328,0.3750038,28.694766998291016,0.0,36.9748,0.6365
2009-07-31,0.6413190364837646,1.2826381,28.60841655731201,0.0,36.2995,0.6353
2009-08-01,0.9867520332336426,1.9735041,27.826594352722168,0.0,35.9709,0.7295
2009-08-02,0.1622838973999023,0.3245678,28.222490310668945,0.0,35.4139,0.6329
2009-08-03,0.2108429670333862,0.42168593,28.305968284606934,0.0,35.0072,0.6325000000000001
2009-08-04,1.7766281366348269,3.5532563,27.55762958526612,0.0,34.839,0.6306
2009-08-05,3.0464712381362915,6.092942,27.950170516967773,0.0,36.8022,1.359
2009-08-06,9.053910732269289,18.107822,27.29118728637696,0.0,38.9678,1.3852
2009-08-07,1.074377179145813,2.1487544,26.41978549957276,0.0,38.521,0.627
2009-08-08,6.136858940124512,12.273718,26.760448455810547,0.0,42.6669,2.3785
2009-08-09,49.25658226013184,98.51317,24.041661262512207,0.0,54.9681,15.8742
2009-08-10,28.139083862304688,56.278168,23.85112190246582,0.0,53.1318,11.8919
2009-08-11,7.097928047180176,14.195856,24.70510959625244,0.0,49.293,1.9203
2009-08-12,9.187066078186035,18.374132,25.22008419036865,0.0,49.034,2.5707
2009-08-13,7.264918327331543,14.529837,25.73662567138672,0.0,48.4168,1.8324
2009-08-14,0.8215819597244263,1.6431639,27.080320358276367,0.0,46.5688,0.6344
2009-08-15,16.402084827423096,32.80417,26.266088485717773,0.0,51.0451,7.799399999999999
2009-08-16,21.08071994781494,42.161438,23.8691520690918,0.0,51.807,8.4593
2009-08-17,5.968256235122681,11.936512,25.33695697784424,0.0,48.4927,0.9119
2009-08-18,0.4555315971374511,0.9110632,26.6687240600586,0.0,46.5127,0.6549
2009-08-19,0.7553027272224426,1.5106055,27.31814384460449,0.0,45.165,0.7741
2009-08-20,1.837354302406311,3.6747086,26.454490661621094,0.0,44.3218,0.7506999999999999
2009-08-21,1.018019676208496,2.0360394,26.66440296173096,0.0,43.3261,0.8027
2009-08-22,8.31356167793274,16.627123,26.4805850982666,0.0,44.9129,1.9615
2009-08-23,7.181596994400024,14.3631935,26.03553676605225,0.0,45.0497,0.975
2009-08-24,4.744817018508911,9.489634,26.01702117919922,0.0,44.9707,0.9674
2009-08-25,0.2517640590667724,0.5035281,27.17757606506348,0.0,43.8262,0.6456
2009-08-26,1.596760869026184,3.1935217,27.75401306152344,0.0,43.4199,0.9961
2009-08-27,0.0556116104125976,0.11122322,28.1852970123291,0.0,42.3276,0.644
2009-08-28,0.0342822074890136,0.068564415,28.307377815246586,0.0,41.4366,0.7206
2009-08-29,0.1148133277893066,0.22962666,27.49040603637696,0.0,40.4656,0.642
2009-08-30,2.4102917909622192,4.8205833,26.83509826660156,0.0,40.0982,0.8398
2009-08-31,8.116266250610352,16.232533,26.02977561950684,0.0,43.8575,2.7414
2009-09-01,10.46622085571289,20.932442,25.670788764953613,0.0,46.5853,2.3488
2009-09-02,3.889452576637268,7.778905,25.570751190185547,0.0,45.6829,0.6376
2009-09-03,1.821463167667389,3.6429262,25.595083236694336,0.0,45.3085,1.143
2009-09-04,0.0909285545349121,0.18185711,26.076780319213867,0.0,44.1076,0.6355
2009-09-05,0.6892197132110596,1.3784394,26.318909645080566,0.0,43.1167,0.7313999999999999
2009-09-06,0.061103343963623,0.12220669,26.584753036499023,0.0,41.8686,0.6334
2009-09-07,0.3306413888931274,0.6612828,26.7974910736084,0.0,40.5245,0.6323
2009-09-08,0.7335925102233887,1.467185,27.01210880279541,0.0,39.5079,0.6313
2009-09-09,1.983147144317627,3.9662943,26.419618606567383,0.0,39.5685,1.0566
2009-09-10,0.0,0.0,25.95060157775879,0.0,38.5352,0.6289
2009-09-11,0.1419463157653808,0.28389263,26.10164451599121,0.0,37.645,0.6328
2009-09-12,0.1451175212860107,0.29023504,26.755550384521484,0.0,36.8889,0.6266
2009-09-13,0.7687540054321289,1.537508,25.97377109527588,0.0,36.6206,0.7056
2009-09-14,0.1722315549850464,0.3444631,25.98124408721924,0.0,36.1742,0.6243
2009-09-15,0.7194440960884094,1.4388882,27.110639572143555,0.0,35.731,0.6617999999999999
2009-09-16,0.1092681884765625,0.21853638,27.208192825317383,0.0,35.2916,0.6219
2009-09-17,0.1595575809478759,0.31911516,27.71910285949707,0.0,34.8221,0.6208
2009-09-18,8.98803424835205,17.976068,27.195703506469727,0.0,39.0332,2.1897
2009-09-19,7.058934688568115,14.117869,24.89363384246826,0.0,41.267,1.5066000000000002
2009-09-20,2.6227810382843018,5.245562,24.580921173095703,0.0,41.0823,0.6496999999999999
2009-09-21,1.1146422624588013,2.2292845,24.33454418182373,0.0,40.3616,0.6495
2009-09-22,0.0,0.0,23.09471702575684,0.0,39.5379,0.615
2009-09-23,0.0,0.0,24.26342868804932,0.0,38.7492,0.6138
2009-09-24,0.5964560508728027,1.1929121,24.48644733428955,0.0,38.2233,0.6449
2009-09-25,1.2004680633544922,2.4009361,25.0620698928833,0.0,37.7722,0.6115
2009-09-26,0.0,0.0,25.576878547668457,0.0,37.0035,0.6104
2009-09-27,0.2602721750736236,0.52054435,24.723812103271484,0.0,36.4524,0.6109
2009-09-28,0.7873183488845825,1.5746367,23.92178249359131,0.0,36.1989,0.6081
2009-09-29,2.356018781661988,4.7120376,21.93630599975586,0.0,37.6752,1.1842
2009-09-30,2.1182592511177063,4.2365184,22.28911018371582,0.0,37.5695,0.6058
2009-10-01,0.1331757307052612,0.26635146,22.788982391357425,0.0,37.2132,0.6053000000000001
2009-10-02,0.2168926000595092,0.4337852,23.77831649780273,0.0,36.6903,0.6036
2009-10-03,0.0295193493366241,0.0590387,21.77975177764893,0.0,36.1101,0.6024
2009-10-04,0.9147579669952391,1.8295159,21.01344585418701,0.0,35.6624,0.6083999999999999
2009-10-05,1.042988896369934,2.0859778,20.838440895080566,0.0,35.5821,0.6392
2009-10-06,0.3246567249298095,0.64931345,22.33993530273437,0.0,35.1259,0.599
2009-10-07,0.0793070793151855,0.15861416,19.557188987731934,0.0,34.7789,0.5982
2009-10-08,0.0799182057380676,0.15983641,18.59773063659668,0.0,34.5348,0.5968
2009-10-09,0.1757310628890991,0.35146213,18.502556800842285,0.0,34.3706,0.5966
2009-10-10,0.0,0.0,18.81962776184082,0.0,34.2478,0.5945
2009-10-11,0.0883554816246032,0.17671096,19.29585838317871,0.0,34.1653,0.5948
2009-10-12,0.1507966369390487,0.30159327,19.38628387451172,0.0,34.1029,0.5923
2009-10-13,0.3362910747528076,0.67258215,20.967676162719727,0.0,34.0322,0.6033999999999999
2009-10-14,2.91169273853302,5.8233852,18.669023513793945,0.0,34.7407,0.8055
2009-10-15,0.0411038398742675,0.08220768,19.63697624206543,0.0,34.4205,0.5889
2009-10-16,0.0,0.0,19.66309833526612,0.0,34.0715,0.5878
2009-10-17,0.0,0.0,19.30159473419189,0.0,33.8448,0.5867
2009-10-18,0.0006707906723022,0.0013415813,18.14529228210449,0.0,33.6708,0.5856
2009-10-19,0.0324400663375854,0.06488013,19.95932102203369,0.0,33.511,0.5845
2009-10-20,0.3131900131702423,0.62638,18.00994110107422,0.0,33.427,0.5861000000000001
2009-10-21,0.0,0.0,19.75980758666992,0.0,33.2764,0.5823
2009-10-22,0.1741071939468383,0.3482144,18.54629135131836,0.0,33.1212,0.5826
2009-10-23,0.1301534175872802,0.26030684,18.07244873046875,0.0,32.971,0.5801
2009-10-24,0.1149467229843139,0.22989345,17.902770042419434,0.0,32.8234,0.5801999999999999
2009-10-25,0.3377835750579834,0.67556715,18.01014804840088,0.0,32.6835,0.5779
2009-10-26,0.0,0.0,16.747559547424316,0.0,32.5142,0.5769
2009-10-27,0.0288385152816772,0.05767703,17.080039024353027,0.0,32.3794,0.5761999999999999
2009-10-28,0.0803155899047851,0.16063118,18.908275604248047,0.0,32.2516,0.5747
2009-10-29,0.004107654094696,0.008215308,19.59335708618164,0.0,32.1073,0.5736
2009-10-30,0.0,0.0,19.52846908569336,0.0,31.9458,0.5725
2009-10-31,0.0,0.0,19.465909957885746,0.0,31.7892,0.5714
2009-11-01,0.4169716089963913,0.83394325,18.92251205444336,0.0,31.6968,0.5857
2009-11-02,0.5653705298900604,1.1307411,14.980316638946531,0.0,31.5852,0.5693
2009-11-03,0.0072686076164245,0.014537215,10.70408821105957,0.0,31.4829,0.5682
2009-11-04,0.0,0.0,14.688450813293455,0.0,31.353,0.5671
2009-11-05,0.0,0.0,16.794180870056152,0.0,31.2422,0.5661
2009-11-06,0.0891128480434417,0.1782257,17.917953491210938,0.0,31.124,0.565
2009-11-07,0.0630960166454315,0.12619203,19.47749328613281,0.0,30.9917,0.5639
2009-11-08,0.0517653226852417,0.103530645,20.87421989440918,0.0,30.8658,0.5629
2009-11-09,0.3514449000358581,0.7028898,19.957670211791992,0.0,30.7908,0.5648
2009-11-10,10.366176128387451,20.732353,19.13591480255127,0.0,35.8262,1.93
2009-11-11,20.771259307861328,41.54252,14.653358459472656,0.0,49.7651,5.1873000000000005
2009-11-12,38.18813896179199,76.37628,14.658445835113524,0.0,54.5337,12.4768
2009-11-13,3.448881030082702,6.8977623,11.89141321182251,0.0,49.01,0.9499
2009-11-14,0.0,0.0,10.849542140960692,0.0,47.2299,0.5566
2009-11-15,0.3106299638748169,0.6212599,11.24915885925293,0.0,46.3445,0.5858
2009-11-16,40.14893341064453,80.29787,10.396753787994385,0.0,54.2021,17.3473
2009-11-17,8.990100383758545,17.980202,5.7920989990234375,0.0,50.3344,4.2033000000000005
2009-11-18,1.3543419241905212,2.708684,4.595053672790527,0.0,48.2044,0.924
2009-11-19,1.8752377033233645,3.7504754,5.3512585163116455,0.0,47.5394,1.1801
2009-11-20,1.352681577205658,2.7053633,6.104593276977539,0.0,46.9127,0.8783000000000001
2009-11-21,0.0706204622983932,0.14124092,6.108111143112183,0.0,46.1863,0.5715
2009-11-22,0.1595038175582885,0.31900764,7.161292791366577,0.0,45.5276,0.5765
2009-11-23,0.1383119225502014,0.27662385,9.46557331085205,0.0,45.0192,0.5744
2009-11-24,0.0769774913787841,0.15395498,13.425135612487791,0.0,44.4113,0.5762999999999999
2009-11-25,0.0,0.0,12.820141792297363,0.0,43.8309,0.5754
2009-11-26,0.0078263580799102,0.015652716,13.653099536895752,0.0,43.2829,0.5754
2009-11-27,0.0,0.0,14.07708215713501,0.0,42.6809,0.5752
2009-11-28,0.1088823080062866,0.21776462,12.739612579345703,0.0,42.2292,0.5757
2009-11-29,0.0035302639007568,0.007060528,12.711932182312012,0.0,41.8203,0.5742
2009-11-30,0.0751900672912597,0.15038013,12.508904933929443,0.0,41.4348,0.5738
2009-12-01,0.0480894446372985,0.09617889,11.508754253387451,0.0,41.1519,0.5728
2009-12-02,0.0219653844833374,0.04393077,11.81869888305664,0.0,40.8019,0.572
2009-12-03,0.0,0.0,11.060209274291992,0.0,40.4754,0.5712
2009-12-04,0.0038139224052429,0.007627845,7.421475648880005,0.0,40.1454,0.5704
2009-12-05,0.1221134066581726,0.24422681,7.680089235305786,0.0,39.8227,0.5695
2009-12-06,0.0,0.0,7.879510402679443,0.0,39.4702,0.5686
2009-12-07,0.0,0.0,10.47344732284546,0.0,39.1744,0.5677
2009-12-08,17.72620153427124,35.452404,11.23872423171997,0.0,49.5458,6.7516
2009-12-09,5.8152477741241455,11.630495,13.30307388305664,0.0,49.5361,2.4512
2009-12-10,17.077025413513184,34.154053,14.739919662475586,0.0,51.9885,7.0868
2009-12-11,0.0,0.0,15.120854377746582,0.0,48.1824,0.5651
2009-12-12,0.1356177330017089,0.27123547,16.072386741638184,0.0,46.7595,0.5667
2009-12-13,0.2617959380149841,0.5235919,15.160276412963867,0.0,45.894,0.5661
2009-12-14,0.0355274379253387,0.071054876,13.687355041503906,0.0,45.2284,0.5672
2009-12-15,3.793570637702942,7.587141,11.819650650024414,0.0,45.9137,1.4422
2009-12-16,0.1257252991199493,0.2514506,7.281216859817505,0.0,45.3824,0.5662
2009-12-17,5.284513711929321,10.569027,5.39537239074707,0.0,47.6444,2.7005
2009-12-18,0.0,0.0,4.1175031661987305,0.0,46.5685,0.5659
2009-12-19,0.0772748589515686,0.15454972,5.492813348770142,0.0,45.8027,0.5701999999999999
2009-12-20,0.0,0.0,4.610489368438721,0.0,45.2121,0.5761000000000001
2009-12-21,0.093922734260559,0.18784547,3.5179617404937744,0.0,44.7451,0.5830000000000001
2009-12-22,0.0139673352241516,0.02793467,4.711805105209351,0.0,44.3064,0.5781999999999999
2009-12-23,0.0896821320056915,0.17936426,7.690932273864746,0.0,43.8914,0.5695
2009-12-24,0.4506550207734108,0.90131,12.0650053024292,0.0,43.4396,0.564
2009-12-25,0.6671237349510193,1.3342475,11.228612899780272,0.0,43.2136,0.5931
2009-12-26,1.3336642384529114,2.6673284,10.07940673828125,0.0,43.4189,0.8416999999999999
2009-12-27,14.848195552825928,29.696392,6.862405300140381,0.0,50.2835,5.9361
2009-12-28,0.0577703118324279,0.11554062,4.145144701004028,0.0,47.8936,0.5784
2009-12-29,2.114064395427704,4.228129,3.6972861289978014,0.0,47.4184,1.0917
2009-12-30,0.6599924564361572,1.3199849,7.909471750259399,0.0,46.4827,0.561
2009-12-31,0.0101951360702514,0.020390272,8.967240810394287,0.0,45.7241,0.5609
2010-01-01,0.8922796249389648,1.7845592,6.989062786102295,0.0,45.4956,0.7636000000000001
2010-01-02,8.417672634124756,16.835346,8.324972152709961,0.0,48.8243,3.6681
2010-01-03,0.222741425037384,0.44548285,10.0155348777771,0.0,47.2266,0.5602
2010-01-04,0.2021427154541015,0.40428543,10.454530239105225,0.0,46.2044,0.5636
2010-01-05,0.0696876049041748,0.13937521,8.833062648773193,0.0,45.536,0.56
2010-01-06,10.942205905914308,21.88441,6.001577854156494,0.0,50.0123,5.0877
2010-01-07,0.4588993787765503,0.91779876,6.372897624969482,0.0,47.8467,0.5598
2010-01-08,1.961500346660614,3.9230008,6.170633316040039,0.0,47.5216,1.2932
2010-01-09,0.0811048746109008,0.16220975,8.541420459747314,0.0,46.4976,0.5606
2010-01-10,1.2780365943908691,2.5560732,9.446551322937012,0.0,46.2337,0.9824
2010-01-11,9.09285593032837,18.18571,8.565484523773193,0.0,49.1838,3.8646
2010-01-12,1.8982983231544488,3.7965965,5.228049755096436,0.0,47.5643,0.6144000000000001
2010-01-13,0.3844170570373535,0.7688341,3.256059169769287,0.0,46.6444,0.6749
2010-01-14,0.0,0.0,4.2055124044418335,0.0,45.7986,0.5627
2010-01-15,0.0684832334518432,0.13696647,6.72407078742981,0.0,45.1647,0.5713999999999999
2010-01-16,0.3243879079818725,0.6487758,10.515894412994385,0.0,44.6554,0.5632
2010-01-17,0.4318717122077942,0.8637434,10.888749599456789,0.0,44.1849,0.5803
2010-01-18,0.0,0.0,11.128132343292236,0.0,43.6179,0.5629
2010-01-19,0.0,0.0,12.931396007537842,0.0,43.0113,0.5625
2010-01-20,0.882889986038208,1.76578,15.380247592926024,0.0,43.035,0.8200000000000001
2010-01-21,18.376341819763184,36.752686,14.561541557312012,0.0,50.9023,6.9575
2010-01-22,6.54818320274353,13.096367,8.188461065292358,0.0,49.6868,2.6216000000000004
2010-01-23,7.770979881286621,15.54196,5.982691764831543,0.0,50.0884,3.7675
2010-01-24,4.709717273712158,9.419435,8.095218658447266,0.0,49.1456,2.2865
2010-01-25,5.039934873580933,10.07987,10.393133163452148,0.0,48.6316,1.9873
2010-01-26,0.0,0.0,9.46746015548706,0.0,47.0983,0.5663
2010-01-27,0.2803913950920105,0.5607828,11.456119537353516,0.0,46.1756,0.6039
2010-01-28,7.607593059539795,15.215186,13.430088520050049,0.0,48.1419,2.9414
2010-01-29,0.0398705005645751,0.079741,14.227584838867188,0.0,46.7525,0.5702
2010-01-30,2.047166109085083,4.094332,14.66870927810669,0.0,46.6204,1.3045
2010-01-31,0.4046188592910766,0.8092377,16.748528480529785,0.0,45.674,0.5714
2010-02-01,2.3000888228416443,4.600178,15.883521556854248,0.0,45.9638,1.4097
2010-02-02,4.245121240615845,8.490242,10.712451457977297,0.0,46.58,1.4602
2010-02-03,6.810997009277344,13.621994,9.198684215545654,0.0,48.5889,2.9879
2010-02-04,11.543828010559082,23.087656,8.56560754776001,0.0,50.7409,5.249099999999999
2010-02-05,8.026885151863098,16.05377,9.34287691116333,0.0,49.9875,3.5748999999999995
2010-02-06,4.164496898651123,8.328994,11.16244649887085,0.0,48.8945,2.066
2010-02-07,3.829744577407837,7.659489,13.600439071655272,0.0,48.0455,1.3981
2010-02-08,1.4055031538009644,2.8110063,16.340837955474854,0.0,46.8325,0.5809
2010-02-09,4.528584718704224,9.057169,18.514310836791992,0.0,47.6686,2.5326
2010-02-10,0.6257020235061646,1.251404,20.64148330688477,0.0,46.2815,0.584
2010-02-11,5.054874658584595,10.109749,19.0420789718628,0.0,47.5443,2.734
2010-02-12,3.99597442150116,7.991949,6.156386137008667,0.0,47.225,1.1579
2010-02-13,2.7408292293548584,5.4816585,4.535959959030151,0.0,47.2295,1.3403
2010-02-14,28.99307918548584,57.98616,5.351162910461426,0.0,53.1611,14.1683
2010-02-15,10.981706142425535,21.963413,4.539843559265137,0.0,50.7605,6.246
2010-02-16,2.902861714363098,5.805723,3.6821608543396,0.0,48.6981,1.6601
2010-02-17,0.0,0.0,3.6280226707458496,0.0,47.2515,0.6053
2010-02-18,0.0,0.0,4.718637704849243,0.0,46.3215,0.6092
2010-02-19,0.0,0.0,5.358906507492065,0.0,45.575,0.6117
2010-02-20,0.0,0.0,6.377964973449707,0.0,44.8209,0.6131
2010-02-21,1.6967564821243286,3.393513,10.432778358459473,0.0,44.9083,1.2064
2010-02-22,0.1383495330810547,0.27669907,10.91784143447876,0.0,44.2964,0.614
2010-02-23,0.0,0.0,12.14439296722412,0.0,43.5307,0.6139
2010-02-24,0.2129209041595459,0.4258418,15.556873321533203,0.0,42.8734,0.6159
2010-02-25,1.3672252893447876,2.7344506,19.250027656555176,0.0,42.4045,0.613
2010-02-26,17.536100387573242,35.0722,17.81776237487793,0.0,50.7536,7.459700000000001
2010-02-27,14.115581512451172,28.231163,17.304421424865723,0.0,50.9818,5.0036
2010-02-28,0.0,0.0,16.899377822875977,0.0,47.8244,0.612
2010-03-01,1.7705538272857666,3.5411077,19.715381622314453,0.0,47.0283,1.3511000000000002
2010-03-02,5.392921209335327,10.785843,19.22290802001953,0.0,46.7899,1.0748
2010-03-03,1.485731601715088,2.9714632,17.51510715484619,0.0,45.8576,0.613
2010-03-04,3.6220059394836426,7.244012,16.87934684753418,0.0,46.5867,1.8926
2010-03-05,3.280729413032532,6.5614586,19.01725673675537,0.0,45.8087,0.6198
2010-03-06,16.318062782287598,32.636124,15.819488525390623,0.0,51.3449,7.4278
2010-03-07,34.87461853027344,69.74924,8.158246517181396,0.0,53.4698,17.9054
2010-03-08,53.64287757873535,107.28575,6.352824926376343,0.0,52.9821,40.177800000000005
2010-03-09,10.151235580444336,20.302471,4.968286752700806,0.0,50.1479,5.7561
2010-03-10,0.0534852743148803,0.10697055,3.7983012199401855,0.0,47.8657,0.8199
2010-03-11,0.1233828067779541,0.24676561,6.79958438873291,0.0,46.6291,0.7219
2010-03-12,0.4714603424072265,0.9429207,9.615831851959229,0.0,45.6766,0.6641
2010-03-13,14.818483352661133,29.636967,12.813257217407228,0.0,51.0091,7.638
2010-03-14,6.856408596038818,13.712817,17.244067192077637,0.0,49.213,2.3095
2010-03-15,9.81255292892456,19.625107,16.93705463409424,0.0,49.7695,3.9922
2010-03-16,15.287847995758057,30.575695,11.509593963623049,0.0,51.1418,7.2075
2010-03-17,0.3557488918304443,0.7114978,10.920816898345947,0.0,48.0467,0.6792
2010-03-18,0.4923114776611328,0.98462296,12.894434452056885,0.0,46.4759,0.7332
2010-03-19,0.4373788833618164,0.87475777,15.82348346710205,0.0,45.3339,0.6855
2010-03-20,0.6850521564483643,1.3701043,17.030903816223145,0.0,44.6516,0.8348
2010-03-21,0.1157605648040771,0.23152113,17.08260440826416,0.0,43.9462,0.6865
2010-03-22,0.1634345054626464,0.326869,17.755194664001465,0.0,43.0837,0.6892
2010-03-23,0.0701229572296142,0.14024591,20.202534675598145,0.0,42.2143,0.6858
2010-03-24,19.112969875335693,38.22594,15.612489700317385,0.0,50.7433,7.845599999999999
2010-03-25,14.09985637664795,28.199713,10.439266204833984,0.0,51.2364,5.6391
2010-03-26,0.0031285285949707,0.006257057,11.923659324645996,0.0,47.9283,0.6847
2010-03-27,0.0690422058105468,0.13808441,10.295361042022703,0.0,46.5199,0.6869
2010-03-28,0.1441049575805664,0.28820992,12.036362171173096,0.0,45.4075,0.6857
2010-03-29,0.0103449821472167,0.020689964,13.101731300354004,0.0,44.5254,0.6857
2010-03-30,0.2213983535766601,0.4427967,12.744953632354736,0.0,43.9543,0.6853
2010-03-31,0.9549484252929688,1.9098969,17.645771026611328,0.0,43.4892,0.9338
2010-04-01,0.1039013862609863,0.20780277,18.83612537384033,0.0,42.5547,0.684
2010-04-02,26.48310279846192,52.966206,12.45560884475708,0.0,52.9691,11.1524
2010-04-03,12.015788555145264,24.031578,9.820829391479492,0.0,51.1159,5.444
2010-04-04,27.294251441955566,54.5885,10.49270725250244,0.0,52.7342,13.5433
2010-04-05,2.7333693504333496,5.4667387,14.808012008666992,0.0,48.5597,0.8355999999999999
2010-04-06,44.71796417236328,89.43593,16.54606533050537,0.0,53.6405,27.0678
2010-04-07,5.588067054748535,11.176134,13.595332145690918,0.0,49.1886,2.4398
2010-04-08,23.88551998138428,47.77104,9.41120719909668,0.0,52.1352,13.0911
2010-04-09,0.3840246200561523,0.76804924,12.542298793792725,0.0,48.1353,0.7386
2010-04-10,7.359043598175049,14.718087,13.244009971618652,0.0,49.2271,4.3383
2010-04-11,42.85267448425293,85.70535,16.353031635284424,0.0,53.6824,25.4267
2010-04-12,26.07819366455078,52.156387,17.773625373840332,0.0,51.6595,15.5589
2010-04-13,56.98589515686035,113.97179,14.99294900894165,0.0,52.9536,41.5983
2010-04-14,28.69172954559326,57.38346,9.695733547210692,0.0,52.0498,19.1867
2010-04-15,17.604846954345703,35.209694,8.196983337402344,0.0,51.3042,10.6435
2010-04-16,0.1129186153411865,0.22583723,9.694002151489258,0.0,48.0235,0.8328
2010-04-17,0.0250306129455566,0.050061226,13.9570631980896,0.0,46.3602,0.8382
2010-04-18,10.948964595794678,21.89793,15.251108169555664,0.0,50.0388,6.0685
2010-04-19,10.55205535888672,21.10411,19.41992282867432,0.0,49.6409,3.5620000000000003
2010-04-20,19.28361701965332,38.567234,20.583155632019043,0.0,51.3116,7.8391
2010-04-21,1.3891267776489258,2.7782536,21.79744911193848,0.0,47.9288,0.8485
2010-04-22,23.91792678833008,47.835854,16.947253227233887,0.0,52.381,13.2302
2010-04-23,16.058955192565918,32.117912,14.055580615997314,0.0,51.1162,7.917899999999999
2010-04-24,0.2504968643188476,0.5009937,14.828176498413086,0.0,47.847,0.8631
2010-04-25,0.0,0.0,15.757979393005373,0.0,46.1242,0.8661
2010-04-26,9.520270109176636,19.04054,15.50369930267334,0.0,49.2995,5.1225
2010-04-27,0.0331001281738281,0.06620026,16.81323528289795,0.0,47.0661,0.866
2010-04-28,0.3516426086425781,0.7032852,18.346386909484863,0.0,45.5756,0.8871
2010-04-29,0.1143913269042968,0.22878265,18.25563621520996,0.0,44.4874,0.8625
2010-04-30,0.0,0.0,19.91418170928955,0.0,43.1772,0.8597
2010-05-01,0.197056770324707,0.39411354,20.70276355743408,0.0,42.0525,0.8603000000000001
2010-05-02,0.0,0.0,22.085880279541016,0.0,40.8266,0.8535
2010-05-03,1.0503687858581543,2.1007376,22.82898712158203,0.0,40.0668,1.0375
2010-05-04,0.4193587303161621,0.83871746,22.914247512817383,0.0,39.1287,0.8493
2010-05-05,2.695994138717652,5.3919883,21.584936141967773,0.0,39.9046,1.5537999999999998
2010-05-06,8.528890371322632,17.057781,21.73794460296631,0.0,43.776,2.8248
2010-05-07,16.75336265563965,33.506725,21.475040435791016,0.0,50.9629,6.1691
2010-05-08,1.831352949142456,3.662706,20.464693069458008,0.0,47.9629,0.8434
2010-05-09,53.98785018920898,107.9757,19.69424819946289,0.0,54.6496,24.7675
2010-05-10,3.6078531742095934,7.2157063,18.470654487609863,0.0,48.9926,1.5703
2010-05-11,12.50977897644043,25.019558,16.83496856689453,0.0,50.7946,6.8102
2010-05-12,2.901784896850586,5.80357,17.730340003967285,0.0,48.161,0.9545
2010-05-13,8.45525312423706,16.910507,16.81439781188965,0.0,49.1216,3.7877
2010-05-14,32.171735763549805,64.343475,16.15264081954956,0.0,53.0933,17.7693
2010-05-15,11.167588233947754,22.335176,16.919456481933594,0.0,50.4437,6.4625
2010-05-16,0.1674752235412597,0.33495045,21.11291217803955,0.0,47.5874,0.8875
2010-05-17,0.1859054565429687,0.3718109,23.89602756500244,0.0,45.9589,0.8903
2010-05-18,5.791200876235962,11.582401,25.0686559677124,0.0,45.9952,1.8784
2010-05-19,53.75265121459961,107.5053,22.037487030029297,0.0,54.2801,26.9257
2010-05-20,32.81503486633301,65.630066,21.69183349609375,0.0,51.996,19.6255
2010-05-21,5.275404691696167,10.55081,23.55988121032715,0.0,48.4605,1.1165
2010-05-22,18.787094116210938,37.57419,23.0079345703125,0.0,51.4499,9.7103
2010-05-23,29.76804542541504,59.53609,20.874314308166504,0.0,52.3921,15.4588
2010-05-24,0.078460693359375,0.15692139,19.94422721862793,0.0,47.8938,0.9471
2010-05-25,0.0428113937377929,0.08562279,21.836668968200684,0.0,45.9217,0.9504
2010-05-26,0.909254550933838,1.8185091,22.28413486480713,0.0,44.6527,0.9496
2010-05-27,7.279510498046875,14.559021,19.65694522857666,0.0,47.6623,4.1953
2010-05-28,1.411468744277954,2.8229375,21.33732414245605,0.0,46.3149,0.9464
2010-05-29,26.3369779586792,52.673958,20.563501358032227,0.0,52.9913,13.1294
2010-05-30,5.148417711257935,10.296835,20.4363431930542,0.0,49.1482,2.0749
2010-05-31,0.4776082038879394,0.9552164,22.83706569671631,0.0,46.8803,0.9484
2010-06-01,2.586904525756836,5.173809,20.54287815093994,0.0,46.4631,1.8132
2010-06-02,8.595645904541016,17.191292,18.002574920654297,0.0,48.4514,3.4553000000000003
2010-06-03,0.1511003971099853,0.3022008,19.888340950012207,0.0,46.6228,0.9469
2010-06-04,0.3295736312866211,0.65914726,21.485595703125,0.0,45.2817,0.9516
2010-06-05,0.0,0.0,21.94613552093506,0.0,44.0039,0.9421
2010-06-06,0.4924969673156738,0.98499393,22.58352279663086,0.0,42.873,0.9612
2010-06-07,0.2629361152648926,0.52587223,22.10977268218994,0.0,41.9875,0.9353
2010-06-08,0.0246410369873046,0.049282074,23.66562461853028,0.0,40.9962,0.9319
2010-06-09,20.763596534729004,41.52719,19.878731727600098,0.0,51.115,8.2874
2010-06-10,5.824253559112549,11.648507,20.9599084854126,0.0,49.0925,1.9468
2010-06-11,0.6665644645690918,1.3331289,22.24928855895996,0.0,47.0387,0.925
2010-06-12,0.0,0.0,23.14391613006592,0.0,45.3797,0.922
2010-06-13,3.4422614574432373,6.884523,21.9056396484375,0.0,46.1874,2.0048000000000004
2010-06-14,92.39423370361328,184.78847,21.443886756896973,0.0,55.4653,53.3468
2010-06-15,23.27862548828125,46.55725,22.615927696228027,0.0,50.9661,17.4433
2010-06-16,10.45945930480957,20.918919,23.22133445739746,0.0,50.0211,5.261
2010-06-17,26.654512405395508,53.309025,23.309001922607425,0.0,52.3618,14.8244
2010-06-18,106.80128479003906,213.60257,21.967034339904785,0.0,52.9573,94.0745
2010-06-19,12.2157883644104,24.431576,21.95682048797608,0.0,50.3699,6.998399999999999
2010-06-20,2.96809720993042,5.9361944,23.531332969665527,0.0,47.9589,1.0077
2010-06-21,20.289167404174805,40.578335,22.90200138092041,0.0,51.8374,11.1341
2010-06-22,12.04061222076416,24.081224,21.295119285583496,0.0,50.6346,6.4371
2010-06-23,68.45490074157715,136.9098,20.654748916625977,0.0,53.5754,51.1391
2010-06-24,16.79417610168457,33.588352,21.84547615051269,0.0,50.8842,10.4369
2010-06-25,36.472758293151855,72.94552,22.57129669189453,0.0,52.7908,22.0682
2010-06-26,17.06507110595703,34.130142,23.114946365356445,0.0,51.0058,9.8148
2010-06-27,3.2530664205551147,6.506133,24.09410858154297,0.0,48.2022,1.1697000000000002
2010-06-28,2.670465588569641,5.340931,25.76536273956299,0.0,46.7631,1.1529999999999998
2010-06-29,3.3765876293182373,6.7531753,25.94419956207276,0.0,46.6528,2.3563
2010-06-30,2.245068669319153,4.490137,26.7045955657959,0.0,45.5819,1.1665
2010-07-01,3.377256751060486,6.7545137,27.18000221252441,0.0,45.612,2.1846
2010-07-02,0.0735189914703369,0.14703798,28.58594799041748,0.0,44.278,1.09
2010-07-03,0.6556136608123779,1.3112273,28.868364334106445,0.0,43.0864,1.1464
2010-07-04,0.8394773006439209,1.6789546,28.90250873565674,0.0,42.0426,1.0885
2010-07-05,1.0323679447174072,2.064736,29.19513893127441,0.0,41.2844,1.2933
2010-07-06,6.965657234191895,13.931314,26.68481063842773,0.0,41.978,1.545
2010-07-07,15.47143840789795,30.942877,24.10414123535156,0.0,49.588,6.104299999999999
2010-07-08,0.1833381652832031,0.36667633,26.57828521728516,0.0,47.0428,1.0707
2010-07-09,0.0,0.0,26.559182167053223,0.0,45.4194,1.0669
2010-07-10,0.0,0.0,27.77335262298584,0.0,43.8729,1.0626
2010-07-11,0.0,0.0,27.58293628692627,0.0,42.6463,1.0581
2010-07-12,0.2296154499053955,0.4592309,28.32113075256348,0.0,41.4952,1.0538
2010-07-13,0.2481820583343505,0.49636412,28.82805347442627,0.0,40.2602,1.0493
2010-07-14,2.7629915475845337,5.525983,25.85076141357422,0.0,39.9075,1.0458
2010-07-15,2.221473813056946,4.4429474,25.420248985290527,0.0,39.8532,1.3867
2010-07-16,1.562627375125885,3.1252546,27.53973388671875,0.0,39.062,1.1439
2010-07-17,0.213489294052124,0.4269786,27.909153938293457,0.0,37.5275,1.035
2010-07-18,14.577897548675535,29.155796,26.989229202270508,0.0,44.4557,4.335
2010-07-19,1.806465446949005,3.6129308,26.144865036010746,0.0,42.8317,1.0275
2010-07-20,5.233822584152222,10.467646,26.84174633026123,0.0,43.828,2.4618
2010-07-21,2.862077832221985,5.7241554,26.615306854248047,0.0,42.0384,1.0194
2010-07-22,4.110657453536987,8.221315,26.74942302703857,0.0,42.2002,1.945
2010-07-23,1.220678985118866,2.441358,26.3186674118042,0.0,40.9085,1.0116
2010-07-24,6.4297343492507935,12.859468,26.08681011199951,0.0,43.086,2.5633
2010-07-25,9.307679176330566,18.615358,26.123984336853027,0.0,45.3704,2.3649
2010-07-26,37.77785873413086,75.55572,24.662765502929688,0.0,54.3048,14.2829
2010-07-27,5.577533960342407,11.155067,25.57517147064209,0.0,49.692,2.5114
2010-07-28,6.448901891708374,12.897804,26.080102920532227,0.0,48.0005,1.2878
2010-07-29,15.132840156555176,30.26568,26.03408527374268,0.0,50.1493,4.516
2010-07-30,2.535575270652771,5.071151,25.137470245361328,0.0,47.6166,1.0044
2010-07-31,1.4679076671600342,2.9358153,27.07523250579834,0.0,46.2431,1.3262
2010-08-01,0.4028511047363281,0.8057022,28.267922401428223,0.0,44.9227,1.0083
2010-08-02,1.194348931312561,2.3886979,28.84774208068848,0.0,44.1047,1.3039999999999998
2010-08-03,0.8822249174118042,1.7644498,28.24595546722412,0.0,43.0888,0.9928
2010-08-04,3.687200665473938,7.374401,27.92336368560791,0.0,44.1019,2.2446
2010-08-05,12.5210919380188,25.042183,25.32463359832764,0.0,47.104,2.8791
2010-08-06,7.232099294662476,14.464199,24.63754272460937,0.0,47.6714,1.9403
2010-08-07,4.814994812011719,9.62999,25.54800796508789,0.0,47.0362,1.2469
2010-08-08,0.6212387084960938,1.2424774,25.635906219482425,0.0,45.5625,0.9825
2010-08-09,0.0,0.0,27.24921989440918,0.0,44.0259,0.977
2010-08-10,0.5614804029464722,1.1229608,27.581917762756348,0.0,42.7429,0.9729
2010-08-11,0.4167039394378662,0.8334079,28.67345428466797,0.0,41.5371,0.9693
2010-08-12,0.6029336452484131,1.2058673,29.043270111083984,0.0,40.2029,0.994
2010-08-13,0.7005431652069092,1.4010863,28.78916072845459,0.0,39.1593,0.9631
2010-08-14,0.0844588279724121,0.16891766,29.104263305664062,0.0,37.9353,0.9606
2010-08-15,0.0172253847122192,0.03445077,29.32780361175537,0.0,36.854,0.9584
2010-08-16,0.422186017036438,0.84437203,28.903200149536133,0.0,36.0762,0.9636
2010-08-17,1.2480751276016235,2.4961503,28.01018142700196,0.0,35.5729,0.9545
2010-08-18,1.4169418811798096,2.8338838,26.86105060577393,0.0,36.6636,1.5814
2010-08-19,11.292823791503906,22.585648,24.107345581054688,0.0,41.3483,2.7645
2010-08-20,2.154550552368164,4.309101,25.573041915893555,0.0,40.3061,0.949
2010-08-21,1.3757305145263672,2.751461,26.17448711395264,0.0,39.6921,1.1758
2010-08-22,0.8304206132888794,1.6608412,27.133458137512207,0.0,38.9269,0.9454
2010-08-23,0.112098217010498,0.22419643,27.19424057006836,0.0,38.1516,0.9435
2010-08-24,1.0134143829345703,2.0268288,27.77221298217773,0.0,37.52,0.9417
2010-08-25,4.883769750595093,9.76754,26.90117645263672,0.0,40.0642,2.1614
2010-08-26,0.0768303871154785,0.15366077,27.18666172027588,0.0,38.8868,0.9381
2010-08-27,2.9707285165786743,5.941457,26.554826736450195,0.0,39.2387,1.3548
2010-08-28,14.57167148590088,29.143343,25.440632820129395,0.0,46.472,4.0872
2010-08-29,1.616680383682251,3.2333608,25.971445083618164,0.0,44.3303,0.9328
2010-08-30,5.007479667663574,10.014959,25.807765007019043,0.0,44.7804,2.0098000000000003
2010-08-31,9.243896961212158,18.487793,24.732670783996586,0.0,46.8148,2.2208
2010-09-01,1.8466838598251345,3.6933677,25.439233779907227,0.0,45.4185,0.942
2010-09-02,13.26060438156128,26.52121,24.9804162979126,0.0,50.6175,4.8278
2010-09-03,3.008940815925598,6.0178814,26.06294631958008,0.0,47.7221,0.9242
2010-09-04,0.1388766765594482,0.27775335,25.45487689971924,0.0,45.7695,0.9229
2010-09-05,0.6892197132110596,1.3784394,26.14468288421631,0.0,44.1378,0.921
2010-09-06,0.0,0.0,27.106398582458496,0.0,42.3674,0.9195
2010-09-07,0.8222023248672485,1.6444046,26.93159008026123,0.0,40.7948,0.9304
2010-09-08,0.3776154518127441,0.7552309,27.44828414916992,0.0,39.3375,0.9162
2010-09-09,2.7741332054138184,5.5482664,26.261903762817383,0.0,40.2701,1.6173
2010-09-10,34.32817840576172,68.65636,23.26830577850341,0.0,53.9066,11.0246
2010-09-11,3.830211639404297,7.6604233,25.24134826660156,0.0,48.6758,0.9846
2010-09-12,0.5064589977264404,1.012918,26.230243682861328,0.0,46.7704,0.9251
2010-09-13,1.1556991338729858,2.3113983,26.104124069213867,0.0,45.6397,1.0858
2010-09-14,0.7193711996078491,1.4387424,26.04030513763428,0.0,44.6173,0.9484
2010-09-15,0.7962766885757446,1.5925534,25.554012298583984,0.0,43.6037,0.9774
2010-09-16,0.1246881484985351,0.2493763,26.228679656982425,0.0,42.2747,0.9069
2010-09-17,2.381012439727783,4.762025,26.58694648742676,0.0,42.1786,1.4813
2010-09-18,0.5818263292312622,1.1636527,26.40812015533448,0.0,40.8911,0.9117
2010-09-19,0.0986542701721191,0.19730854,26.23783588409424,0.0,39.3298,0.9026
2010-09-20,1.7958698272705078,3.5917397,26.09157085418701,0.0,38.9435,1.0106
2010-09-21,1.3388156294822693,2.6776314,25.65703773498535,0.0,38.3739,0.9026
2010-09-22,0.0,0.0,25.353245735168457,0.0,37.2343,0.898
2010-09-23,15.931579113006592,31.86316,22.85993003845215,0.0,47.8589,5.9142
2010-09-24,12.04871702194214,24.097435,20.92613315582276,0.0,50.7028,4.074199999999999
2010-09-25,1.3499345779418943,2.6998692,22.36186981201172,0.0,47.7334,0.8935
2010-09-26,4.113149642944336,8.226299,23.59050178527832,0.0,48.5365,2.5898
2010-09-27,0.5998844504356384,1.1997689,23.975903511047363,0.0,46.6732,0.8912
2010-09-28,3.6763144731521606,7.3526287,24.63445854187012,0.0,47.0956,2.0453
2010-09-29,5.43300199508667,10.866004,23.784045219421387,0.0,47.0026,1.3389
2010-09-30,0.755368173122406,1.5107363,22.31309604644776,0.0,45.8179,0.8879
2010-10-01,0.3140472769737243,0.62809455,22.81502151489257,0.0,44.6792,0.8908
2010-10-02,0.1336238384246826,0.26724768,24.434226036071777,0.0,43.4571,0.8856
2010-10-03,0.2140806317329406,0.42816126,21.99613666534424,0.0,42.4253,0.8853
2010-10-04,0.9147579669952391,1.8295159,19.5457067489624,0.0,41.4354,0.883
2010-10-05,0.2615071535110473,0.5230143,18.40809631347656,0.0,40.2468,0.883
2010-10-06,0.3246567249298095,0.64931345,18.64347171783448,0.0,39.1655,0.8802
2010-10-07,0.1042518615722656,0.20850372,19.503129959106445,0.0,38.3979,0.8793000000000001
2010-10-08,3.670916795730591,7.3418336,19.098137855529785,0.0,39.8599,1.5861999999999998
2010-10-09,0.1757310628890991,0.35146213,20.19089126586914,0.0,39.1404,0.8757
2010-10-10,1.7663720846176147,3.5327442,18.237701416015625,0.0,39.5078,1.2065
2010-10-11,3.960181713104248,7.9203634,20.17618751525879,0.0,39.8479,1.0519
2010-10-12,2.149382472038269,4.298765,22.97562313079834,0.0,39.5575,0.8711
2010-10-13,1.4880353808403015,2.976071,23.68500328063965,0.0,39.5151,1.1428
2010-10-14,7.179729461669922,14.359459,22.1933650970459,0.0,41.7379,1.847
2010-10-15,2.207407534122467,4.414815,18.534563064575195,0.0,41.5444,0.8791
2010-10-16,0.1699220538139343,0.3398441,18.99072265625,0.0,40.7799,0.867
2010-10-17,0.0,0.0,20.61637210845948,0.0,39.5783,0.8634
2010-10-18,0.0006707906723022,0.0013415813,19.459238052368164,0.0,38.8174,0.8619
2010-10-19,0.068250298500061,0.1365006,20.41047191619873,0.0,38.262,0.8603
2010-10-20,0.0,0.0,20.95648097991944,0.0,37.9256,0.8588
2010-10-21,3.140641450881958,6.281283,18.323013305664062,0.0,39.4415,1.572
2010-10-22,1.4173219799995422,2.8346438,16.762850761413574,0.0,39.2791,0.8557
2010-10-23,6.3471386432647705,12.694277,18.445252418518063,0.0,42.9891,2.5156
2010-10-24,5.307977437973023,10.615955,19.436726570129395,0.0,45.4575,2.1785
2010-10-25,8.436952590942383,16.873905,18.24601936340332,0.0,48.8428,3.1258
2010-10-26,0.4608833789825439,0.92176676,15.096916675567629,0.0,46.9845,0.8496
2010-10-27,0.0288385152816772,0.05767703,12.260017395019531,0.0,45.6685,0.8486999999999999
2010-10-28,0.0803155899047851,0.16063118,11.318376064300535,0.0,44.616,0.8468
2010-10-29,0.004107654094696,0.008215308,10.981097221374512,0.0,43.6647,0.8454
2010-10-30,0.0,0.0,11.841700077056885,0.0,42.6331,0.844
2010-10-31,0.0,0.0,11.627535820007324,0.0,41.5886,0.8426
2010-11-01,0.0,0.0,11.879671573638916,0.0,40.6096,0.8411
2010-11-02,0.2239829301834106,0.44796586,12.161698341369627,0.0,39.7913,0.8419
2010-11-03,0.0072686076164245,0.014537215,12.524569988250732,0.0,39.0393,0.8382
2010-11-04,0.0,0.0,12.964147567749023,0.0,38.3351,0.8367
2010-11-05,0.6129115521907806,1.2258232,14.483242988586426,0.0,38.2913,0.9379
2010-11-06,0.5433352589607239,1.0866705,15.388172149658203,0.0,38.0435,0.8337
2010-11-07,0.0630960166454315,0.12619203,15.6280517578125,0.0,37.5914,0.8322
2010-11-08,0.0517653226852417,0.103530645,14.624166011810305,0.0,37.1513,0.8307
2010-11-09,0.0,0.0,12.850300312042236,0.0,36.7341,0.8292
2010-11-10,0.0,0.0,12.183499813079834,0.0,36.2994,0.8277
2010-11-11,0.0,0.0,13.039173126220703,0.0,35.8466,0.8261
2010-11-12,0.0,0.0,14.177213668823242,0.0,35.4279,0.8246
2010-11-13,0.0056601166725158,0.011320233,16.286171436309814,0.0,35.1473,0.8231
2010-11-14,0.0,0.0,17.149989128112793,0.0,34.8609,0.8216
2010-11-15,0.05166757106781,0.10333514,16.507895469665527,0.0,34.6856,0.8202999999999999
2010-11-16,0.0888712406158447,0.17774248,14.685466289520264,0.0,34.5678,0.8185
2010-11-17,1.2435047030448914,2.4870095,14.57864475250244,0.0,35.1704,1.0545
2010-11-18,3.0952752828598022,6.190551,14.05151653289795,0.0,36.5978,1.3147
2010-11-19,1.2263553142547607,2.4527106,14.48241090774536,0.0,36.5981,0.821
2010-11-20,0.448962926864624,0.89792585,14.755512714385986,0.0,36.4385,0.8195
2010-11-21,0.02273790538311,0.04547581,15.984661102294922,0.0,36.1847,0.8109
2010-11-22,1.351528525352478,2.703057,15.440878868103027,0.0,36.6572,1.0159
2010-11-23,0.5736323595046997,1.1472647,13.032005310058594,0.0,36.5793,0.8079
2010-11-24,0.0462256371974945,0.092451274,11.833584785461426,0.0,36.3744,0.8063
2010-11-25,0.0,0.0,12.73628568649292,0.0,36.0518,0.8048
2010-11-26,0.0,0.0,11.112272262573242,0.0,35.7511,0.8033
2010-11-27,0.0,0.0,13.576351165771484,0.0,35.4471,0.8018
2010-11-28,2.47788953781128,4.955779,12.156999111175535,0.0,37.0889,1.3904999999999998
2010-11-29,1.7287441492080688,3.4574883,12.733954429626465,0.0,37.5043,0.9532
2010-11-30,0.1282986402511596,0.25659728,14.019960403442385,0.0,37.3619,0.7973
2010-12-01,0.2627209573984146,0.5254419,14.1871976852417,0.0,37.2625,0.8079999999999999
2010-12-02,0.075271189212799,0.15054238,14.818425178527832,0.0,36.9907,0.7943
2010-12-03,0.0,0.0,11.882813453674316,0.0,36.6756,0.7928
2010-12-04,0.0038139224052429,0.007627845,10.99665880203247,0.0,36.3861,0.7913
2010-12-05,0.1221134066581726,0.24422681,12.227089405059814,0.0,36.0724,0.7906000000000001
2010-12-06,0.0,0.0,13.47954034805298,0.0,35.7591,0.7884
2010-12-07,0.0940577983856201,0.1881156,11.701708793640137,0.0,35.5614,0.7878000000000001
2010-12-08,0.0246935188770294,0.049387038,5.891457557678223,0.0,35.4395,0.7972
2010-12-09,0.06461101770401,0.12922204,6.540969371795654,0.0,35.2917,0.7908000000000001
2010-12-10,0.0453703999519348,0.0907408,7.46754002571106,0.0,35.157,0.7825
2010-12-11,0.2103107273578643,0.42062145,10.984289169311523,0.0,35.1095,0.799
2010-12-12,12.114890575408936,24.229782,10.905726909637451,0.0,42.9718,3.5128
2010-12-13,2.8504092693328857,5.7008185,14.533249855041504,0.0,42.9449,0.9078
2010-12-14,4.300657272338867,8.601315,13.175782203674316,0.0,44.3955,1.4956999999999998
2010-12-15,35.75857353210449,71.51715,9.143472671508787,0.0,54.2578,11.7932
2010-12-16,21.630651473999023,43.261303,1.101790189743042,1.1709,52.5872,8.4401
2010-12-17,0.037631943821907,0.07526389,0.1089944839477539,0.9313,48.594,0.9777
2010-12-18,0.0,0.0,1.578455924987793,0.3762,47.473,1.076
2010-12-19,0.0772748589515686,0.15454972,5.7700042724609375,0.0,46.7209,1.077
2010-12-20,0.0,0.0,9.02920150756836,0.0,45.7677,0.7746
2010-12-21,0.093922734260559,0.18784547,11.22087049484253,0.0,45.0089,0.7744
2010-12-22,0.0139673352241516,0.02793467,8.390531063079834,0.0,44.3913,0.7738
2010-12-23,0.0644743740558624,0.12894875,7.489833116531372,0.0,43.9271,0.7772
2010-12-24,2.932932734489441,5.8658657,7.509717226028442,0.0,45.1357,1.7644
2010-12-25,12.721614360809326,25.44323,5.516145467758179,0.0,50.3076,5.3727
2010-12-26,0.2497504353523254,0.49950087,4.0065789222717285,0.0,47.898,0.7943
2010-12-27,0.0669870376586914,0.13397408,2.9237325191497803,0.0,46.7637,0.8097
2010-12-28,0.0577703118324279,0.11554062,5.243967533111572,0.0,45.9313,0.7855
2010-12-29,0.0,0.0,9.32253646850586,0.0,45.181,0.7691
2010-12-30,0.0547088980674743,0.109417796,9.666147708892822,0.0,44.5812,0.7684
2010-12-31,0.0101951360702514,0.020390272,4.112339019775391,0.0,44.1869,0.7828999999999999
2011-01-01,0.0376284718513488,0.07525694,4.461998701095581,0.0,43.863,0.7724000000000001
2011-01-02,0.1255545318126678,0.25110906,6.485869646072388,0.0,43.526,0.7658
2011-01-03,1.1427535116672516,2.285507,4.304436922073364,0.0,43.7961,1.0691000000000002
2011-01-04,0.3903093338012695,0.78061867,4.425502300262451,0.0,43.5924,0.7638
2011-01-05,4.3109130859375,8.621826,5.967015266418457,0.0,45.7932,2.3342
2011-01-06,3.148287415504456,6.2965746,4.897629022598267,0.0,46.3332,1.4531
2011-01-07,0.2856655120849609,0.571331,3.6717875003814697,0.0,45.7405,0.7832
2011-01-08,0.1230908632278442,0.24618173,5.277271747589111,0.0,45.1898,0.7756000000000001
2011-01-09,0.0811048746109008,0.16220975,7.707690477371216,0.0,44.708,0.7587
2011-01-10,0.1835022270679474,0.36700445,5.986223936080933,0.0,44.3319,0.7606
2011-01-11,2.436574935913086,4.87315,2.323939561843872,0.0,44.9333,1.303
2011-01-12,0.0361740589141845,0.07234812,2.684502363204956,0.0,44.6548,0.8513
2011-01-13,0.3844170570373535,0.7688341,2.6210579872131348,0.0,44.4375,0.8183999999999999
2011-01-14,0.0,0.0,7.456052780151367,0.0,44.0249,0.7534
2011-01-15,1.2877437472343445,2.5754876,5.605911493301392,0.0,44.4049,1.1768999999999998
2011-01-16,0.2427107095718383,0.48542142,1.974936962127685,0.0,44.2707,0.8729
2011-01-17,0.4318717122077942,0.8637434,1.6901586055755615,0.0,44.1057,0.8302
2011-01-18,0.0,0.0,5.515476942062378,0.0,43.7872,0.7489
2011-01-19,0.5587120354175568,1.117424,6.9404356479644775,0.0,43.7006,0.8497
2011-01-20,1.561590015888214,3.12318,6.647935152053833,0.0,43.8683,0.9463
2011-01-21,0.8614181876182556,1.7228364,3.9516521692276,0.0,43.688,0.7458
2011-01-22,0.1376514434814453,0.2753029,5.05831241607666,0.0,43.4461,0.7451
2011-01-23,0.0530823469161987,0.106164694,6.32464337348938,0.0,43.2267,0.7432
2011-01-24,0.2813193202018738,0.56263864,5.531620979309082,0.0,43.043,0.7522
2011-01-25,1.2271854281425476,2.454371,4.4223339557647705,0.0,43.3838,1.023
2011-01-26,5.465835094451904,10.93167,5.057138919830322,0.0,46.0492,2.4605
2011-01-27,0.4666165113449096,0.933233,6.394311904907227,0.0,45.5285,0.7385
2011-01-28,0.4505654573440552,0.9011309,6.0078747272491455,0.0,45.1653,0.8021999999999999
2011-01-29,0.0263646841049194,0.05272937,3.830479383468628,0.0,44.7841,0.7368
2011-01-30,0.0,0.0,2.405726671218872,0.0,44.4198,0.7359
2011-01-31,0.1826348304748535,0.36526966,4.5944249629974365,0.0,44.0619,0.7511
2011-02-01,1.3164355754852295,2.6328712,4.53697943687439,0.0,44.3181,1.0339
2011-02-02,0.4482405185699463,0.89648104,5.191874504089356,0.0,43.9741,0.7316
2011-02-03,0.3515828847885132,0.70316577,5.585996627807617,0.0,43.6316,0.7662
2011-02-04,0.0529485940933227,0.10589719,8.645609378814697,0.0,43.1664,0.7329
2011-02-05,0.0730392932891845,0.14607859,9.85414218902588,0.0,42.6131,0.7281
2011-02-06,0.8893551826477051,1.7787104,11.129207611083984,0.0,42.4322,0.9444
2011-02-07,0.0,0.0,12.500952243804932,0.0,41.8044,0.7256
2011-02-08,1.385819435119629,2.7716389,15.000757694244385,0.0,41.9361,1.0892
2011-02-09,0.280670166015625,0.56134033,14.118526935577393,0.0,41.4203,0.7231
2011-02-10,1.73749440908432,3.474989,13.225338459014893,0.0,42.0118,1.2154
2011-02-11,9.97287654876709,19.945753,8.060296535491943,0.0,46.6297,3.2037
2011-02-12,1.6264933943748474,3.252987,7.323361873626709,0.0,45.8569,0.7192
2011-02-13,17.025516510009766,34.051033,4.153509855270386,0.0,52.1181,6.8754
2011-02-14,0.0,0.0,4.356906175613403,0.0,48.2899,0.7168
2011-02-15,5.455000877380371,10.910002,2.6908278465271,0.0,49.0042,2.4698
2011-02-16,20.75831127166748,41.516624,4.361560583114624,0.0,52.51,9.2021
2011-02-17,4.6742953062057495,9.348591,6.725189685821533,0.0,49.5082,2.4059
2011-02-18,3.163607716560364,6.327215,6.632991790771484,0.0,48.5861,1.9061
2011-02-19,6.923428058624268,13.846856,6.533000469207764,0.0,49.3516,3.4334
2011-02-20,0.0,0.0,8.01690673828125,0.0,47.4447,0.7218
2011-02-21,1.6967564821243286,3.393513,8.982044696807861,0.0,46.9545,1.3566
2011-02-22,0.0965005159378051,0.19300103,8.883799076080322,0.0,45.9667,0.7245
2011-02-23,0.0,0.0,10.492614269256592,0.0,45.2463,0.725
2011-02-24,1.816832423210144,3.6336648,10.90457820892334,0.0,45.5979,1.3638
2011-02-25,1.1911635398864746,2.382327,13.536450386047363,0.0,45.0624,0.7251
2011-02-26,0.5105463266372681,1.0210927,15.213711738586426,0.0,44.4111,0.8358
2011-02-27,0.0,0.0,16.43624782562256,0.0,43.5333,0.7244
2011-02-28,0.0,0.0,17.911532402038574,0.0,42.6072,0.7236
2011-03-01,0.3885352611541748,0.7770705,12.707170009613035,0.0,42.0607,0.7514
2011-03-02,0.0329322814941406,0.06586456,8.929616451263428,0.0,41.8204,0.7217
2011-03-03,0.9053276777267456,1.8106554,7.840672969818115,0.0,42.0543,0.9753
2011-03-04,1.3365859985351562,2.673172,7.804499626159668,0.0,41.8363,0.7196
2011-03-05,0.7738396525382996,1.5476793,8.267397165298462,0.0,41.7309,0.8611
2011-03-06,5.818181991577148,11.636364,10.894567966461182,0.0,43.5521,1.798
2011-03-07,10.898688316345217,21.797377,10.180490970611572,0.0,47.9945,3.7571
2011-03-08,0.443112850189209,0.8862257,8.577903270721436,0.0,46.5596,0.7151
2011-03-09,0.0966029167175293,0.19320583,9.515896320343018,0.0,45.5314,0.7141
2011-03-10,0.1304492950439453,0.2608986,10.609426975250244,0.0,44.8399,0.713
2011-03-11,0.7102077007293701,1.4204154,9.01343297958374,0.0,44.7421,0.9362
2011-03-12,0.3057236671447754,0.61144733,10.393532752990724,0.0,44.2322,0.7108
2011-03-13,0.444559097290039,0.8891182,13.590982913970947,0.0,43.724,0.7807999999999999
2011-03-14,0.0032210350036621,0.00644207,17.671886444091797,0.0,42.9249,0.7086
2011-03-15,7.697657823562622,15.395315,11.635146141052246,0.0,46.6924,3.3074
2011-03-16,0.2658147811889648,0.53162956,8.851051330566406,0.0,45.7062,0.7063
2011-03-17,0.3557488918304443,0.7114978,9.62304401397705,0.0,44.9854,0.7542
2011-03-18,6.53920578956604,13.078411,8.029354333877563,0.0,47.1774,2.2426
2011-03-19,33.77635192871094,67.552704,9.648420333862305,0.0,53.7373,13.5561
2011-03-20,3.6371548175811768,7.2743096,16.62919807434082,0.0,48.5857,0.7352000000000001
2011-03-21,0.4937310218811035,0.98746204,19.9788122177124,0.0,46.6461,0.7535
2011-03-22,6.320368766784668,12.640738,9.298034191131592,0.0,47.0104,1.7682
2011-03-23,0.2434961795806884,0.48699236,8.611523628234863,0.0,46.0558,0.7059
2011-03-24,0.2288334369659423,0.45766687,9.772157192230225,0.0,45.2701,0.7211
2011-03-25,0.1755609512329101,0.3511219,11.704800605773926,0.0,44.5325,0.7059
2011-03-26,0.016486644744873,0.03297329,8.991832256317139,0.0,44.0273,0.7055
2011-03-27,0.3412866592407226,0.6825733,9.209172248840332,0.0,43.5212,0.7049
2011-03-28,0.1441049575805664,0.28820992,10.759511947631836,0.0,42.8281,0.7066
2011-03-29,0.0103449821472167,0.020689964,11.136316776275637,0.0,42.1092,0.7034
2011-03-30,0.1513400077819824,0.30268002,11.759414672851562,0.0,41.4621,0.7045
2011-03-31,0.4383680820465088,0.87673616,14.493029594421388,0.0,40.8057,0.7288
2011-04-01,0.0,0.0,16.22740077972412,0.0,39.8018,0.7003
2011-04-02,0.0,0.0,19.48816394805908,0.0,38.7229,0.6992
2011-04-03,2.949178457260132,5.898357,16.358942985534668,0.0,39.7304,1.4743
2011-04-04,2.0137094259262085,4.027419,10.447676658630373,0.0,39.6032,0.6968
2011-04-05,0.6676030158996582,1.335206,12.589268684387209,0.0,39.2548,0.8185
2011-04-06,0.9485983848571776,1.8971968,14.683916091918944,0.0,38.5677,0.6943
2011-04-07,0.0,0.0,17.99019718170166,0.0,37.321,0.6931
2011-04-08,3.0735297203063965,6.1470594,16.69511890411377,0.0,38.6168,1.4066
2011-04-09,0.7613434791564941,1.522687,17.28165626525879,0.0,38.1394,0.6906
2011-04-10,0.0092098712921142,0.018419743,20.452974319458008,0.0,37.3107,0.6893
2011-04-11,1.1622228622436523,2.3244457,18.622209548950195,0.0,37.26,0.8820999999999999
2011-04-12,0.2439134120941162,0.48782682,16.411075592041016,0.0,36.741,0.6867
2011-04-13,0.5858116149902344,1.1716232,17.430319786071777,0.0,36.4413,0.7712
2011-04-14,0.579235315322876,1.1584706,19.86659812927246,0.0,35.778,0.6842
2011-04-15,0.0805569887161254,0.16111398,21.68606758117676,0.0,35.2909,0.6829
2011-04-16,8.37181282043457,16.743626,20.95127487182617,0.0,39.5188,2.3066
2011-04-17,15.046276092529297,30.092552,17.429877281188965,0.0,46.4365,3.6421
2011-04-18,0.0,0.0,18.830309867858887,0.0,44.1021,0.6791
2011-04-19,0.2933278083801269,0.5866556,16.952086448669434,0.0,42.2146,0.6852999999999999
2011-04-20,2.1181936264038086,4.2363873,16.25901985168457,0.0,41.0594,0.6766
2011-04-21,0.3218567371368408,0.6437135,17.617310523986816,0.0,39.8733,0.678
2011-04-22,2.347540855407715,4.6950817,16.69801425933838,0.0,39.8735,0.7642
2011-04-23,0.3376944065093994,0.6753888,17.731736183166504,0.0,38.8136,0.6728
2011-04-24,0.2378528118133545,0.47570562,17.28309440612793,0.0,37.9357,0.6749999999999999
2011-04-25,0.0,0.0,20.022290229797363,0.0,36.9145,0.6703
2011-04-26,0.0968551635742187,0.19371033,20.597780227661133,0.0,36.1646,0.669
2011-04-27,0.0331001281738281,0.06620026,22.783037185668945,0.0,35.5589,0.6678
2011-04-28,0.3895552158355713,0.77911043,21.461052894592285,0.0,35.1845,0.6824
2011-04-29,0.1143913269042968,0.22878265,20.66068935394287,0.0,34.9189,0.6653
2011-04-30,7.460268020629883,14.920536,20.23697757720948,0.0,40.1719,2.508
2011-05-01,9.367530584335327,18.735062,22.004626274108887,0.0,43.2357,1.9337
2011-05-02,22.09156608581543,44.183132,18.5379695892334,0.0,51.8096,5.7713
2011-05-03,50.57095718383789,101.141914,16.584071159362793,0.0,54.8373,19.1984
2011-05-04,15.497344017028809,30.994688,14.053178787231444,0.0,51.5532,7.4266
2011-05-05,0.7377381324768066,1.4754763,17.640475273132324,0.0,48.0209,0.6658
2011-05-06,34.77040672302246,69.54082,19.184271812438965,0.0,53.3404,18.5102
2011-05-07,4.773470520973206,9.546941,21.09925079345703,0.0,48.8614,1.3485
2011-05-08,0.4107882976531982,0.8215766,22.85792064666748,0.0,46.8206,0.685
2011-05-09,0.8674130439758301,1.7348261,23.905506134033203,0.0,45.5028,0.8572
2011-05-10,0.0,0.0,26.075953483581543,0.0,43.9968,0.6894
2011-05-11,4.870067834854126,9.740135,25.753926277160645,0.0,45.1322,2.4328000000000003
2011-05-12,21.12626075744629,42.25252,22.738900184631348,0.0,51.8006,8.1683
2011-05-13,32.485891342163086,64.97179,18.27593994140625,0.0,53.2234,16.4454
2011-05-14,3.725450992584229,7.450902,17.103859901428223,0.0,49.027,1.7741
2011-05-15,9.209929943084717,18.41986,15.822529315948486,0.0,49.8496,4.706099999999999
2011-05-16,16.63886594772339,33.277733,16.53361701965332,0.0,51.4273,8.743599999999999
2011-05-17,0.3406867980957031,0.6813736,19.28846645355225,0.0,47.7645,0.7189
2011-05-18,0.0,0.0,19.52287197113037,0.0,45.741,0.723
2011-05-19,0.0280196666717529,0.056039333,21.93452548980713,0.0,44.2865,0.7243
2011-05-20,0.0392637252807617,0.07852745,23.51402187347412,0.0,42.9948,0.7244
2011-05-21,1.0690765380859375,2.138153,24.412257194519043,0.0,42.0889,0.9461
2011-05-22,0.2232451438903808,0.4464903,24.052244186401367,0.0,41.1029,0.7232
2011-05-23,9.59475803375244,19.189516,18.747085571289062,0.0,45.9873,4.2214
2011-05-24,1.8692631721496584,3.7385263,15.78648567199707,0.0,45.4813,0.8220999999999999
2011-05-25,0.2051105499267578,0.4102211,17.959208488464355,0.0,44.5697,0.7202
2011-05-26,0.9338560104370116,1.867712,20.623496055603027,0.0,43.8993,0.9308
2011-05-27,0.652855396270752,1.3057108,20.66873073577881,0.0,43.2954,0.7181
2011-05-28,0.1972036361694336,0.39440727,22.81999969482422,0.0,42.0787,0.717
2011-05-29,0.0,0.0,21.130475997924805,0.0,40.6706,0.7159
2011-05-30,0.0884613990783691,0.1769228,21.87078666687012,0.0,39.4923,0.7147
2011-05-31,0.4359011650085449,0.87180233,23.38209247589112,0.0,38.3502,0.7135
2011-06-01,0.0,0.0,24.5481824874878,0.0,36.8627,0.7122
2011-06-02,2.9993650913238525,5.99873,21.46021842956543,0.0,37.9989,1.4487
2011-06-03,12.036211013793944,24.072422,20.346476554870605,0.0,43.5622,3.044
2011-06-04,2.9694249629974365,5.93885,24.38870525360108,0.0,42.4076,0.7083
2011-06-05,1.2482118606567385,2.4964237,25.311511039733887,0.0,41.0299,0.7913
2011-06-06,2.4521195888519287,4.904239,26.05920696258545,0.0,39.8196,0.7058
2011-06-07,27.88350296020508,55.767006,24.47355461120605,0.0,52.3329,8.5745
2011-06-08,7.956577301025391,15.913155,24.57969093322754,0.0,49.4469,1.6978
2011-06-09,0.3853261470794678,0.7706523,26.36882495880127,0.0,46.9442,0.7024
2011-06-10,3.4445180892944336,6.889036,26.68220329284668,0.0,46.6496,1.6738
2011-06-11,0.4104924201965332,0.82098484,25.977293968200684,0.0,44.9304,0.7006
2011-06-12,8.397587776184082,16.795176,25.311551094055176,0.0,47.8114,3.149
2011-06-13,9.282477140426636,18.564955,24.907546997070312,0.0,49.0432,2.3206
2011-06-14,2.529549360275269,5.0590987,25.603744506835938,0.0,47.1465,0.6979
2011-06-15,6.003311634063721,12.006623,26.272226333618164,0.0,48.3118,2.7018000000000004
2011-06-16,1.3805599212646484,2.7611198,25.69396114349365,0.0,46.3435,0.6964
2011-06-17,0.1572580337524414,0.31451607,25.769843101501465,0.0,44.6361,0.698
2011-06-18,2.0294880867004395,4.058976,26.24161434173584,0.0,43.3834,0.6948
2011-06-19,0.7977161407470703,1.5954323,27.09795093536377,0.0,41.6449,0.7758999999999999
2011-06-20,2.8690881729125977,5.7381763,26.673693656921387,0.0,40.7166,0.6929
2011-06-21,4.48583197593689,8.971664,26.251039505004883,0.0,41.1629,1.6996
2011-06-22,2.362137794494629,4.7242756,26.11030006408692,0.0,40.4538,0.6907
2011-06-23,1.0790066719055176,2.1580133,27.28115749359131,0.0,39.067,0.7872
2011-06-24,0.0,0.0,27.837532997131348,0.0,38.072,0.6884
2011-06-25,3.479860782623291,6.9597216,26.16372776031494,0.0,39.3147,1.5607000000000002
2011-06-26,0.4486682415008545,0.8973365,26.45914459228516,0.0,38.5402,0.686
2011-06-27,10.077431678771973,20.154863,25.622392654418945,0.0,44.2831,3.5164
2011-06-28,12.814245223999023,25.62849,24.73609066009521,0.0,48.5358,3.3804
2011-06-29,33.16105079650879,66.3221,23.69819164276123,0.0,53.8333,12.0277
2011-06-30,3.060331583023072,6.120663,25.57900905609131,0.0,48.4927,0.683
2011-07-01,0.0,0.0,26.47243404388428,0.0,46.2137,0.6843
2011-07-02,0.0735189914703369,0.14703798,27.62703323364257,0.0,44.6743,0.6846
2011-07-03,0.6556136608123779,1.3112273,28.37925624847412,0.0,43.4236,0.6843
2011-07-04,0.8394773006439209,1.6789546,28.42599391937256,0.0,42.2562,0.7243999999999999
2011-07-05,1.0323679447174072,2.064736,29.00373363494873,0.0,41.2532,0.6829
2011-07-06,0.4339916706085205,0.86798334,28.74587154388428,0.0,39.6559,0.6842
2011-07-07,0.0,0.0,28.956682205200195,0.0,37.4518,0.681
2011-07-08,0.0833656787872314,0.16673136,28.98620986938477,0.0,36.2879,0.6799
2011-07-09,2.2989346981048584,4.5978694,28.16271686553955,0.0,35.7378,0.6787
2011-07-10,0.8838471174240112,1.7676942,26.709604263305664,0.0,35.6092,0.8734999999999999
2011-07-11,4.007506966590881,8.015014,25.7471342086792,0.0,35.7968,0.7497
2011-07-12,16.06662940979004,32.13326,25.683500289916992,0.0,44.9386,4.402699999999999
2011-07-13,1.4234873056411743,2.8469746,26.585262298583984,0.0,43.5285,0.6739
2011-07-14,6.344216465950012,12.688433,27.0509672164917,0.0,45.8815,2.7522
2011-07-15,2.2960855960845947,4.592171,25.525753021240234,0.0,44.5889,0.6716
2011-07-16,2.2447539567947388,4.4895077,25.13589096069336,0.0,44.4147,1.2196
2011-07-17,4.902377128601074,9.804754,25.04005622863769,0.0,45.3818,1.3426
2011-07-18,21.99631690979004,43.992634,24.45157051086425,0.0,52.4825,6.768999999999999
2011-07-19,10.5386643409729,21.077328,25.81800842285156,0.0,50.2196,2.715
2011-07-20,11.374858856201172,22.749718,24.821423530578613,0.0,49.9448,2.8208
2011-07-21,4.975412607192993,9.950825,25.79629421234131,0.0,48.0039,0.8352999999999999
2011-07-22,0.4386434555053711,0.8772869,27.226101875305176,0.0,46.2002,0.6687
2011-07-23,0.4298654794692993,0.85973096,28.308146476745605,0.0,44.7282,0.6704
2011-07-24,0.2132925987243652,0.4265852,28.9944076538086,0.0,43.4148,0.6676
2011-07-25,1.3139830827713013,2.6279662,28.866775512695312,0.0,42.5971,0.898
2011-07-26,0.327399730682373,0.65479946,28.686453819274902,0.0,41.4279,0.6662
2011-07-27,0.2820850610733032,0.5641701,28.946356773376465,0.0,39.8191,0.6651
2011-07-28,1.37245774269104,2.7449155,28.394405364990234,0.0,38.5101,0.6803
2011-07-29,1.8819748163223269,3.7639496,27.893649101257324,0.0,39.5077,1.6175000000000002
2011-07-30,7.715972900390625,15.431946,26.973206520080566,0.0,40.9859,1.3015
2011-07-31,4.62670111656189,9.253403,26.34010887145996,0.0,40.7711,0.6731
2011-08-01,1.800840973854065,3.601682,26.610679626464844,0.0,39.612,0.856
2011-08-02,2.503243327140808,5.006487,27.83468341827393,0.0,38.9819,0.9175
2011-08-03,4.461428999900818,8.922858,28.288286209106445,0.0,39.6358,1.1863
2011-08-04,1.568753957748413,3.137508,28.524093627929688,0.0,38.8268,0.7896
2011-08-05,3.2595609426498413,6.519122,27.852015495300293,0.0,39.2717,1.1037
2011-08-06,1.5750945806503296,3.1501892,27.876469612121586,0.0,38.5871,0.7811
2011-08-07,0.9604299068450928,1.9208598,28.10599994659424,0.0,37.9934,0.7205999999999999
2011-08-08,13.365874290466309,26.731749,26.49297046661377,0.0,44.5299,3.5584
2011-08-09,5.105981111526489,10.211962,25.7065658569336,0.0,43.6316,0.6505
2011-08-10,0.0,0.0,26.79519939422608,0.0,41.6766,0.6491
2011-08-11,2.6491684913635254,5.298337,27.02661228179932,0.0,40.5993,0.8331000000000001
2011-08-12,0.9034819602966307,1.8069639,26.937644004821777,0.0,39.4304,0.6497
2011-08-13,1.913765549659729,3.827531,27.45885181427002,0.0,39.0464,0.9716
2011-08-14,0.1762372255325317,0.35247445,27.91238307952881,0.0,38.1531,0.6443
2011-08-15,0.0172253847122192,0.03445077,28.417165756225582,0.0,37.3031,0.6432
2011-08-16,0.3507207632064819,0.7014415,28.40009117126465,0.0,36.5097,0.6423
2011-08-17,0.5322185754776001,1.0644372,28.762667655944824,0.0,35.8345,0.6679
2011-08-18,2.9769906997680664,5.9539814,28.277069091796875,0.0,35.6597,0.6719999999999999
2011-08-19,2.417837262153625,4.8356743,26.82567310333252,0.0,36.0716,0.9865
2011-08-20,0.6821651458740234,1.3643303,27.18547534942627,0.0,35.3604,0.6398
2011-08-21,1.264456033706665,2.528912,27.467010498046875,0.0,35.5821,0.8609
2011-08-22,3.9125665426254272,7.8251333,27.19548511505127,0.0,35.3584,0.664
2011-08-23,10.150700092315674,20.3014,25.560312271118164,0.0,41.6071,2.9946
2011-08-24,20.40595054626465,40.8119,24.24610996246338,0.0,49.8801,4.8615
2011-08-25,25.718629837036133,51.43726,24.19955444335937,0.0,52.9617,7.2681
2011-08-26,2.6147412061691284,5.2294827,25.51808452606201,0.0,48.1885,0.6302
2011-08-27,3.184605956077576,6.369212,25.34860610961914,0.0,47.5622,1.5053999999999998
2011-08-28,4.475674390792847,8.951349,24.824992179870605,0.0,46.8222,0.7565999999999999
2011-08-29,3.1982581615448,6.3965163,23.12198829650879,0.0,46.9305,1.1418
2011-08-30,54.505592346191406,109.011185,22.6244535446167,0.0,54.8273,22.8854
2011-08-31,12.07681369781494,24.153627,23.50085830688477,0.0,50.8776,6.3706000000000005
2011-09-01,6.758856534957886,13.517714,23.622532844543457,0.0,49.2986,2.7004
2011-09-02,1.0859854221343994,2.1719708,24.66573905944824,0.0,47.1835,0.6435
2011-09-03,0.1222615242004394,0.24452305,25.70853805541992,0.0,45.6336,0.6463
2011-09-04,0.0909285545349121,0.18185711,26.39376640319824,0.0,44.3875,0.6474
2011-09-05,2.5104352235794067,5.02087,26.03489780426025,0.0,44.5533,1.5083
2011-09-06,1.8192042112350464,3.6384084,25.70423698425293,0.0,44.0353,0.6473
2011-09-07,0.3367918729782104,0.67358375,25.92556858062744,0.0,43.067,0.6468
2011-09-08,0.9020720720291138,1.8041441,27.08975982666016,0.0,42.2923,0.6462
2011-09-09,7.495891332626343,14.991783,26.89099597930908,0.0,44.7088,2.7599
2011-09-10,7.321503520011902,14.643007,26.35524559020996,0.0,44.307,0.6483
2011-09-11,0.3373684883117676,0.674737,25.16739654541016,0.0,43.4615,0.6963999999999999
2011-09-12,0.1290769577026367,0.25815392,24.88955974578857,0.0,42.5515,0.6427
2011-09-13,0.7687540054321289,1.537508,25.349658966064453,0.0,41.7559,0.7126
2011-09-14,0.1414796113967895,0.28295922,25.514538764953613,0.0,40.7998,0.6407
2011-09-15,0.1209264993667602,0.241853,25.69180488586425,0.0,39.8463,0.6396
2011-09-16,0.1286734342575073,0.25734687,26.259689331054688,0.0,38.8585,0.6385
2011-09-17,2.8061115741729736,5.612223,26.05051040649414,0.0,38.8766,1.03
2011-09-18,4.433504819869995,8.86701,25.340234756469727,0.0,38.6715,0.6363
2011-09-19,5.606852054595947,11.213704,23.51206111907959,0.0,40.6641,1.8403
2011-09-20,0.3300379514694214,0.6600759,20.36432838439941,0.0,39.9984,0.634
2011-09-21,0.0,0.0,18.75819206237793,0.0,39.2704,0.6328
2011-09-22,0.0,0.0,18.44164085388184,0.0,38.6068,0.6317
2011-09-23,0.0575251579284668,0.115050316,18.2315320968628,0.0,38.1794,0.6305
2011-09-24,0.6671040058135986,1.334208,18.633591651916504,0.0,37.7232,0.6294
2011-09-25,1.3235952854156494,2.6471906,20.407097816467285,0.0,37.896,0.9002
2011-09-26,0.0,0.0,23.02365016937256,0.0,37.1382,0.627
2011-09-27,0.2602721750736236,0.52054435,24.66364574432373,0.0,36.3975,0.6275000000000001
2011-09-28,0.0885564088821411,0.17711282,24.38047981262207,0.0,36.0251,0.6247
2011-09-29,2.6822179555892944,5.364436,26.34923553466797,0.0,37.3978,1.3025
2011-09-30,17.877763748168945,35.755527,24.931921005249023,0.0,46.3929,4.356
2011-10-01,1.1265207827091217,2.2530415,20.84490871429444,0.0,44.974,0.6375
2011-10-02,0.2324623465538025,0.4649247,19.609423637390137,0.0,43.6543,0.623
2011-10-03,6.987704753875732,13.9754095,15.95241355895996,0.0,46.496,2.1657
2011-10-04,3.0910955667495728,6.182191,15.323692321777344,0.0,46.3833,0.9819
2011-10-05,0.3321003913879394,0.6642008,18.260354042053223,0.0,45.1924,0.6167
2011-10-06,0.330807089805603,0.6616142,19.74593734741211,0.0,44.2054,0.6189
2011-10-07,1.0183053016662598,2.0366106,19.289061546325684,0.0,43.6799,0.6146
2011-10-08,0.0908610820770263,0.18172216,20.82695198059082,0.0,42.5743,0.6147
2011-10-09,0.1757310628890991,0.35146213,20.95387554168701,0.0,41.4616,0.6124
2011-10-10,0.0,0.0,23.582237243652344,0.0,40.0722,0.6113
2011-10-11,0.0883554816246032,0.17671096,23.39354133605957,0.0,39.0318,0.6114999999999999
2011-10-12,0.4234059154987335,0.84681183,22.68570232391357,0.0,38.5317,0.6091
2011-10-13,17.848607063293457,35.697212,21.21020793914795,0.0,50.1359,6.233099999999999
2011-10-14,23.87389850616455,47.747795,20.289015769958496,0.0,53.0624,8.2487
2011-10-15,1.8854167461395264,3.7708335,19.513347625732425,0.0,48.4249,0.6065
2011-10-16,0.0,0.0,17.817004203796387,0.0,46.5587,0.6065
2011-10-17,0.0,0.0,17.287967681884766,0.0,45.3006,0.6064
2011-10-18,0.0006707906723022,0.0013415813,17.203144073486328,0.0,44.3738,0.606
2011-10-19,0.0324400663375854,0.06488013,16.31892967224121,0.0,43.5856,0.6055
2011-10-20,0.0,0.0,17.56460952758789,0.0,42.8009,0.6048
2011-10-21,0.0,0.0,20.301637649536133,0.0,41.9633,0.604
2011-10-22,0.1741071939468383,0.3482144,19.37760734558105,0.0,41.1395,0.6051
2011-10-23,0.1301534175872802,0.26030684,19.77605628967285,0.0,40.2085,0.6023
2011-10-24,0.1149467229843139,0.22989345,21.030855178833008,0.0,39.1564,0.6029
2011-10-25,8.954545497894287,17.909092,16.77445697784424,0.0,43.3965,2.6156
2011-10-26,0.694574236869812,1.3891485,16.089787006378174,0.0,42.7504,0.5994
2011-10-27,0.0288385152816772,0.05767703,17.046082496643066,0.0,41.7541,0.5989
2011-10-28,0.0803155899047851,0.16063118,18.12693977355957,0.0,40.7958,0.5975
2011-10-29,0.004107654094696,0.008215308,18.606948852539062,0.0,40.0697,0.5965
2011-10-30,0.1209621727466583,0.24192435,18.61188316345215,0.0,39.5544,0.5954
2011-10-31,0.0,0.0,19.097140312194824,0.0,38.7443,0.5944
2011-11-01,0.0,0.0,17.802202224731445,0.0,38.1761,0.5934
2011-11-02,0.5953606963157654,1.1907214,19.97219944000244,0.0,38.0167,0.6614
2011-11-03,0.1011353731155395,0.20227075,20.17564487457276,0.0,37.7502,0.5913
2011-11-04,1.7587960958480835,3.5175922,20.656925201416016,0.0,38.4521,0.9776
2011-11-05,5.648514032363892,11.297028,21.497279167175293,0.0,40.2483,1.3222999999999998
2011-11-06,0.0891128480434417,0.1782257,21.38460636138916,0.0,39.5754,0.5881
2011-11-07,0.1706514954566955,0.341303,20.09081554412841,0.0,39.1665,0.5888
2011-11-08,23.06474208831787,46.129486,18.01198673248291,0.0,51.9452,7.4767
2011-11-09,45.848854064941406,91.69771,14.991608142852783,0.0,54.5278,18.5597
2011-11-10,8.786219120025635,17.572437,13.23796844482422,0.0,50.4153,4.1765
2011-11-11,0.0,0.0,13.793472290039062,0.0,47.8178,0.5935
2011-11-12,0.0,0.0,15.618342876434326,0.0,46.5048,0.5959
2011-11-13,0.0056601166725158,0.011320233,17.798344612121582,0.0,45.56,0.597
2011-11-14,0.0,0.0,16.858139038085938,0.0,44.6673,0.5974
2011-11-15,0.0,0.0,16.053778648376465,0.0,43.9621,0.5974
2011-11-16,0.0638856887817382,0.12777138,17.745131492614746,0.0,43.534,0.5972
2011-11-17,1.4030051827430725,2.8060102,19.51964855194092,0.0,43.4194,0.7694
2011-11-18,23.686232566833496,47.372467,19.4757137298584,0.0,52.597,9.8819
2011-11-19,14.986920356750488,29.97384,19.646074295043945,0.0,51.4523,6.6885
2011-11-20,0.8737649321556091,1.7475299,15.970507621765137,0.0,48.0982,0.5991
2011-11-21,0.0,0.0,13.375298976898192,0.0,46.6885,0.6019
2011-11-22,0.0142569541931152,0.028513908,13.759740352630615,0.0,45.7094,0.6036
2011-11-23,0.1321615576744079,0.26432312,13.469524383544922,0.0,44.9062,0.6065
2011-11-24,0.0462256371974945,0.092451274,11.739595413208008,0.0,44.2635,0.605
2011-11-25,0.0,0.0,11.349889755249023,0.0,43.6525,0.605
2011-11-26,0.0,0.0,12.39574146270752,0.0,43.2116,0.6048
2011-11-27,0.0,0.0,15.556474685668944,0.0,42.6569,0.6044
2011-11-28,0.2571145296096802,0.51422906,17.135342597961426,0.0,42.1673,0.6237
2011-11-29,0.0035302639007568,0.007060528,17.205103874206543,0.0,41.7098,0.6031
2011-11-30,0.0929033160209655,0.18580663,17.046584129333496,0.0,41.1635,0.6032000000000001
2011-12-01,3.7928292751312256,7.5856586,11.409316539764404,0.0,42.4294,1.4607
2011-12-02,1.6974787712097168,3.3949575,6.703872442245483,0.0,42.3411,0.6145
2011-12-03,0.0,0.0,6.123642444610596,0.0,42.0328,0.5999
2011-12-04,0.0038139224052429,0.007627845,8.340417385101318,0.0,41.6719,0.599
2011-12-05,0.134757399559021,0.2695148,9.274885654449465,0.0,41.4389,0.5981
2011-12-06,0.0452247112989425,0.09044942,14.01349639892578,0.0,41.1703,0.5972
2011-12-07,2.877321481704712,5.754643,15.363015174865724,0.0,42.5683,1.4905
2011-12-08,3.929885506629944,7.859771,11.16410207748413,0.0,43.3539,1.1096
2011-12-09,3.5815640687942505,7.163128,7.440388441085815,0.0,44.355,1.2813
2011-12-10,0.0453703999519348,0.0907408,5.869722127914429,0.0,43.9562,0.5934
2011-12-11,0.0,0.0,5.252948999404907,0.0,43.5585,0.5925
2011-12-12,0.1356177330017089,0.27123547,8.393262386322021,0.0,43.1707,0.5923
2011-12-13,0.0,0.0,10.651248455047607,0.0,42.7619,0.5906
2011-12-14,0.0214858353137969,0.04297167,12.611542224884031,0.0,42.3184,0.5896
2011-12-15,0.0877276062965393,0.17545521,11.690340042114258,0.0,42.0607,0.5886
2011-12-16,0.0543152093887329,0.10863042,8.722151756286621,0.0,41.7971,0.588
2011-12-17,0.037631943821907,0.07526389,5.81821870803833,0.0,41.5399,0.5919
2011-12-18,0.0,0.0,6.1962525844573975,0.0,41.2183,0.5857
2011-12-19,0.0772748589515686,0.15454972,9.00275707244873,0.0,40.9158,0.5851
2011-12-20,0.0,0.0,11.641562461853027,0.0,40.588,0.5836
2011-12-21,0.093922734260559,0.18784547,11.324777603149414,0.0,40.2206,0.5827
2011-12-22,0.0989709496498107,0.1979419,8.88114595413208,0.0,40.0511,0.5816
2011-12-23,0.3275092542171478,0.6550185,6.792241334915161,0.0,39.9542,0.6071
2011-12-24,0.0017544701695442,0.0035089403,4.178835391998291,0.0,39.8625,0.6287
2011-12-25,0.0087836980819702,0.017567396,3.342423439025879,0.0,39.6976,0.5925
2011-12-26,0.1130067110061645,0.22601342,4.419750690460205,0.0,39.5476,0.5964
2011-12-27,0.0669870376586914,0.13397408,7.943639039993286,0.0,39.3441,0.5765
2011-12-28,0.0577703118324279,0.11554062,10.992990970611572,0.0,39.1025,0.5754
2011-12-29,5.488929748535156,10.9778595,10.544153213500977,0.0,42.5193,2.1694
2011-12-30,3.9838790893554688,7.967758,9.435315608978271,0.0,44.546,1.6354000000000002
2011-12-31,0.2667474746704101,0.53349495,8.774973392486572,0.0,44.2049,0.5723
2012-01-01,0.0376284718513488,0.07525694,9.0503249168396,0.0,43.7589,0.5713
2012-01-02,0.1255545318126678,0.25110906,8.893450736999512,0.0,43.3832,0.5703
2012-01-03,2.950623393058777,5.901247,7.515196323394775,0.0,45.0077,1.5108
2012-01-04,5.673261642456055,11.346523,3.912660956382752,0.0,47.3915,2.1036
2012-01-05,10.16308307647705,20.326166,1.803332090377808,0.1664,50.6035,3.8503
2012-01-06,13.490532398223875,26.981064,3.7987329959869385,0.0,51.8063,5.7268
2012-01-07,0.6539100408554077,1.3078201,6.2045652866363525,0.0,48.3439,0.5731999999999999
2012-01-08,0.1525955200195312,0.30519104,8.160469055175781,0.0,47.0313,0.5657
2012-01-09,0.1339930295944214,0.26798606,9.545814514160156,0.0,46.2051,0.5685
2012-01-10,0.1952040195465088,0.39040804,9.99042510986328,0.0,45.5781,0.5654
2012-01-11,0.0,0.0,9.648333549499512,0.0,45.0293,0.5652
2012-01-12,0.1065787672996521,0.21315753,8.14230728149414,0.0,44.6299,0.5660999999999999
2012-01-13,4.239120721817017,8.478241,8.890381336212158,0.0,46.3971,1.971
2012-01-14,33.989261627197266,67.97852,10.588690280914308,0.0,53.7153,15.4171
2012-01-15,31.103679656982425,62.20736,10.67018985748291,0.0,52.9189,17.871100000000002
2012-01-16,10.632952213287354,21.265903,9.034017562866213,0.0,50.4552,6.318099999999999
2012-01-17,0.4318717122077942,0.8637434,9.32772970199585,0.0,47.9282,0.5922
2012-01-18,0.5651900768280029,1.1303802,10.184381008148192,0.0,46.7514,0.7208000000000001
2012-01-19,4.754204154014587,9.508409,11.238353729248049,0.0,47.4038,1.9656
2012-01-20,9.142509937286375,18.285019,9.571932315826416,0.0,49.5515,4.2446
2012-01-21,14.520429611206056,29.04086,7.461748361587524,0.0,51.2819,7.2888
2012-01-22,18.46722412109375,36.93445,4.71730899810791,0.0,51.7798,10.0995
2012-01-23,1.8859650492668152,3.7719302,2.9562301635742188,0.0,48.6423,1.2247
2012-01-24,6.759435653686523,13.518871,2.710047483444214,0.0,49.312,3.6899
2012-01-25,0.9603189826011658,1.920638,1.933662176132202,0.0,47.7516,0.8807
2012-01-26,0.1638433933258056,0.3276868,3.159208536148072,0.0,46.7398,0.6787
2012-01-27,4.534140586853027,9.068281,6.168316125869751,0.0,47.8044,2.4897
2012-01-28,0.2927091121673584,0.5854182,9.225223541259766,0.0,46.6804,0.6407
2012-01-29,1.035254955291748,2.07051,7.988410234451294,0.0,46.3492,1.0279
2012-01-30,0.4073235988616943,0.8146472,7.6687586307525635,0.0,45.7471,0.6431
2012-01-31,0.4272449016571045,0.8544898,7.657477617263794,0.0,45.245,0.724
2012-02-01,1.0700769424438477,2.140154,6.619693756103516,0.0,44.7709,0.646
2012-02-02,2.127622604370117,4.255245,6.724220514297485,0.0,45.4209,1.4368
2012-02-03,2.6443910598754883,5.288782,4.597184658050537,0.0,45.7283,1.1736
2012-02-04,1.5386334657669067,3.077267,7.43766188621521,0.0,45.3103,0.6525
2012-02-05,3.653956770896912,7.307914,11.773956775665283,0.0,45.85,1.4261
2012-02-06,12.363834857940674,24.727669,14.770178318023682,0.0,49.533,4.4731000000000005
2012-02-07,8.671714305877686,17.34343,9.544988632202148,0.0,49.6035,3.112
2012-02-08,1.385819435119629,2.7716389,6.276827812194824,0.0,47.6689,0.6445
2012-02-09,0.3303422927856445,0.6606846,5.571428537368774,0.0,46.6563,0.6820999999999999
2012-02-10,3.814516186714173,7.629032,5.878653526306152,0.0,47.3284,1.8703
2012-02-11,3.1454704999923706,6.290941,5.719536781311035,0.0,47.5549,1.6936
2012-02-12,1.692578673362732,3.3851573,8.650331497192383,0.0,46.6881,0.7028000000000001
2012-02-13,1.1585394144058228,2.3170788,13.58503246307373,0.0,45.8529,0.6664
2012-02-14,0.0,0.0,15.940717697143556,0.0,44.8395,0.6489
2012-02-15,9.78619146347046,19.572384,14.30027437210083,0.0,48.8677,4.6192
2012-02-16,3.784700870513916,7.5694017,7.247668981552124,0.0,48.03,1.3413
2012-02-17,0.0,0.0,5.356406927108765,0.0,46.8644,0.6488
2012-02-18,0.0,0.0,6.362387180328369,0.0,45.9794,0.6489
2012-02-19,0.0,0.0,7.444369316101074,0.0,45.2333,0.6489
2012-02-20,0.0,0.0,9.095345497131348,0.0,44.5109,0.6487
2012-02-21,1.6967564821243286,3.393513,13.87112045288086,0.0,44.6379,1.2086
2012-02-22,8.46912693977356,16.938253,14.945221424102783,0.0,47.0936,2.6604
2012-02-23,4.54955530166626,9.099111,15.578330993652344,0.0,46.8832,1.1282
2012-02-24,29.30563735961914,58.611275,11.401371002197266,0.0,53.22,13.3372
2012-02-25,10.786794662475586,21.57359,8.57077932357788,0.0,50.6247,5.3736
2012-02-26,5.374339580535889,10.748679,4.693161010742188,0.0,49.3746,2.9999
2012-02-27,7.199647903442383,14.399296,3.4815824031829834,0.0,49.6931,4.0334
2012-02-28,28.857048988342285,57.714096,4.966163158416748,0.0,52.744,15.7591
2012-02-29,14.725976467132568,29.451954,8.765990257263184,0.0,50.8902,8.0276
2012-03-01,0.5949034690856934,1.1898069,12.56581735610962,0.0,47.9254,0.6896
2012-03-02,1.2099257707595823,2.4198515,13.50513792037964,0.0,46.9346,1.1039
2012-03-03,0.656095027923584,1.31219,11.70297908782959,0.0,46.1291,0.6987
2012-03-04,13.022176742553713,26.044353,13.31936264038086,0.0,50.2755,6.2875
2012-03-05,30.46972846984864,60.939457,13.919328212738035,0.0,52.9752,15.8457
2012-03-06,22.69756507873535,45.39513,13.556798458099363,0.0,51.8867,13.6806
2012-03-07,34.03203773498535,68.06407,11.89848804473877,0.0,52.616,21.6367
2012-03-08,23.2371187210083,46.474236,9.74623155593872,0.0,51.732,14.2647
2012-03-09,11.094228744506836,22.188457,7.10504961013794,0.0,50.5367,6.7255
2012-03-10,2.606917381286621,5.213835,6.949923753738403,0.0,48.2968,1.2312
2012-03-11,0.1233828067779541,0.24676561,9.040817737579346,0.0,46.9103,0.7772
2012-03-12,0.2691562175750732,0.53831244,9.296706199645996,0.0,45.9575,0.7893
2012-03-13,0.7852592468261719,1.5705185,8.582328796386719,0.0,45.3916,0.7822
2012-03-14,0.9329469203948976,1.8658938,10.621386528015137,0.0,45.1143,1.0833
2012-03-15,2.4665268659591675,4.933054,13.319828510284424,0.0,44.7961,0.7939999999999999
2012-03-16,0.2596645355224609,0.5193291,17.29271697998047,0.0,43.97,0.7844
2012-03-17,0.3827605247497558,0.76552105,19.660385131835938,0.0,43.2075,0.8373
2012-03-18,3.817843198776245,7.6356864,19.44996929168701,0.0,43.4139,1.1169
2012-03-19,8.409576177597046,16.819153,16.549979209899902,0.0,45.9966,2.6833
2012-03-20,11.04364824295044,22.087296,15.18782663345337,0.0,49.3537,4.1636
2012-03-21,0.3331573009490967,0.6663146,13.89102554321289,0.0,47.3674,0.7803
2012-03-22,0.1634345054626464,0.326869,18.19007110595703,0.0,45.9096,0.7827999999999999
2012-03-23,0.5965456962585449,1.1930914,13.94442081451416,0.0,44.9449,0.779
2012-03-24,1.2839463949203491,2.5678928,11.154559135437012,0.0,44.7784,1.2056
2012-03-25,0.1755609512329101,0.3511219,11.311762809753418,0.0,43.9981,0.7772
2012-03-26,0.0031285285949707,0.006257057,12.747889518737791,0.0,43.1904,0.7762
2012-03-27,0.0690422058105468,0.13808441,14.28333854675293,0.0,42.4101,0.775
2012-03-28,0.1441049575805664,0.28820992,16.56192111968994,0.0,41.6252,0.776
2012-03-29,0.0361738204956054,0.07234764,15.220324516296388,0.0,41.0959,0.7726
2012-03-30,0.2438430786132812,0.48768616,17.999122619628906,0.0,40.3606,0.7806
2012-03-31,5.995286464691162,11.990573,16.671804428100586,0.0,41.5985,1.4725
2012-04-01,0.0,0.0,14.13096809387207,0.0,40.7591,0.7686
2012-04-02,0.0,0.0,16.809672355651855,0.0,39.7899,0.7673
2012-04-03,0.0,0.0,19.796874046325684,0.0,38.8655,0.7659
2012-04-04,0.111473798751831,0.2229476,16.516384601593018,0.0,38.0747,0.7646
2012-04-05,13.434115886688232,26.868233,15.71315050125122,0.0,45.7803,4.4475
2012-04-06,2.412299156188965,4.8245983,15.792851448059082,0.0,44.9833,0.7617
2012-04-07,0.274163007736206,0.548326,16.723352432250977,0.0,43.6594,0.7635
2012-04-08,8.500002384185791,17.000004,14.799549102783203,0.0,47.3481,2.9651
2012-04-09,22.01894760131836,44.037895,15.990355491638184,0.0,52.7161,7.66
2012-04-10,1.5091060400009155,3.018212,20.729412078857425,0.0,48.1993,0.7567
2012-04-11,17.4771089553833,34.954216,19.68981456756592,0.0,52.1111,7.6789
2012-04-12,21.35677051544189,42.71354,19.281572341918945,0.0,52.1787,8.4307
2012-04-13,6.953707695007324,13.907415,20.528783798217773,0.0,49.1165,1.8747000000000005
2012-04-14,5.49404239654541,10.988085,19.318781852722168,0.0,48.2877,1.7254999999999998
2012-04-15,35.52652740478516,71.053055,18.77400779724121,0.0,53.3034,16.7101
2012-04-16,3.799495577812195,7.5989914,17.862326622009277,0.0,48.7801,1.2608
2012-04-17,6.722949028015137,13.445898,15.470679759979248,0.0,48.6275,2.62
2012-04-18,15.908567428588867,31.817135,13.874772548675535,0.0,51.0975,7.53
2012-04-19,0.804771900177002,1.6095438,17.754396438598633,0.0,47.9415,0.7872
2012-04-20,13.420068740844728,26.840137,19.06948184967041,0.0,50.7308,7.164000000000001
2012-04-21,4.520029067993164,9.040058,18.2658634185791,0.0,48.3322,1.1717
2012-04-22,0.4280390739440918,0.85607815,17.344782829284668,0.0,46.4662,0.7975
2012-04-23,0.4078006744384765,0.81560135,20.44436550140381,0.0,45.1163,0.8139000000000001
2012-04-24,20.59512519836425,41.19025,19.98989963531494,0.0,51.284,7.9313
2012-04-25,31.612353324890137,63.22471,20.125555992126465,0.0,52.9344,15.395600000000002
2012-04-26,9.013195991516112,18.026392,17.412485122680664,0.0,49.9485,4.432300000000001
2012-04-27,4.20304536819458,8.406091,15.394412994384766,0.0,48.5618,2.01
2012-04-28,0.3972029685974121,0.79440594,19.329082489013672,0.0,46.7653,0.8238
2012-04-29,20.60139846801757,41.202797,20.56159782409668,0.0,51.9495,10.724
2012-04-30,21.7417631149292,43.48353,20.36039638519287,0.0,51.9171,10.7628
2012-05-01,44.24490165710449,88.48981,22.01696491241455,0.0,53.1088,27.3296
2012-05-02,11.772273540496826,23.544548,22.711450576782227,0.0,49.7586,4.4583
2012-05-03,11.429343223571776,22.858686,19.979687690734863,0.0,50.0235,5.2178
2012-05-04,31.891902923583984,63.783806,18.179712295532227,0.0,52.7913,17.7484
2012-05-05,0.2459139823913574,0.49182796,20.99329090118408,0.0,48.0465,0.888
2012-05-06,0.0,0.0,21.788214683532715,0.0,45.9548,0.8924
2012-05-07,0.0,0.0,22.43135356903076,0.0,44.4611,0.8914
2012-05-08,0.2226884365081787,0.44537687,24.274134635925293,0.0,43.2925,0.8923
2012-05-09,17.21907615661621,34.438152,22.76847267150879,0.0,50.0741,6.8537
2012-05-10,41.99249839782715,83.985,18.90613842010498,0.0,53.8046,20.8783
2012-05-11,0.2168121337890625,0.43362427,20.33168125152588,0.0,48.3182,0.8951
2012-05-12,5.422758102416992,10.845516,20.13458251953125,0.0,48.4833,3.2274
2012-05-13,24.07351875305176,48.147038,21.173725128173828,0.0,52.2416,11.741499999999998
2012-05-14,1.886820793151856,3.7736416,23.36685276031494,0.0,48.2336,0.91
2012-05-15,19.487635135650635,38.97527,21.739887237548828,0.0,51.7254,10.687
2012-05-16,6.488752603530884,12.977505,19.93992805480957,0.0,49.4247,3.0442
2012-05-17,1.126448631286621,2.2528973,22.502182006835938,0.0,47.1668,0.9234
2012-05-18,0.0,0.0,22.21206855773925,0.0,45.3829,0.9238
2012-05-19,2.106601595878601,4.2132034,20.7573299407959,0.0,45.259,1.6569
2012-05-20,0.174990177154541,0.34998035,22.23937225341797,0.0,44.227,0.9202
2012-05-21,1.0752267837524414,2.1504536,21.615936279296875,0.0,43.5986,1.15
2012-05-22,0.0,0.0,21.139460563659668,0.0,42.3647,0.9145
2012-05-23,0.0645418167114257,0.12908363,22.15133380889893,0.0,41.3119,0.9109
2012-05-24,0.2132916450500488,0.4265833,24.558314323425293,0.0,40.3504,0.9073
2012-05-25,10.29140567779541,20.582811,23.27410316467285,0.0,45.916,4.5542
2012-05-26,2.206248998641968,4.412498,21.179835319519043,0.0,45.3613,0.9647
2012-05-27,3.3087282180786133,6.6174564,21.145716667175293,0.0,45.5746,1.3443999999999998
2012-05-28,2.224392890930176,4.448786,20.97185611724853,0.0,45.0417,0.8992
2012-05-29,0.0,0.0,22.794187545776367,0.0,43.8098,0.8973
2012-05-30,2.5818443298339844,5.1636887,22.16095542907715,0.0,44.3595,1.6495
2012-05-31,0.6332831382751465,1.2665663,23.399418830871586,0.0,43.3161,0.8935
2012-06-01,0.0,0.0,22.507312774658203,0.0,42.1673,0.8919
2012-06-02,1.6412832736968994,3.2825665,21.042781829833984,0.0,42.4797,1.3389
2012-06-03,0.2509708404541015,0.5019417,22.167768478393555,0.0,41.7938,0.8886
2012-06-04,0.3910772800445556,0.78215456,23.251049995422363,0.0,40.8704,0.9032
2012-06-05,0.0,0.0,23.462098121643063,0.0,39.9143,0.8853
2012-06-06,0.9323782920837402,1.8647566,23.833234786987305,0.0,39.3134,1.0393
2012-06-07,2.820741891860962,5.641484,26.66365909576416,0.0,38.3971,0.8819
2012-06-08,7.870069265365601,15.740139,27.442770957946777,0.0,42.4624,3.162
2012-06-09,18.90509796142578,37.810196,25.092119216918945,0.0,49.905,5.0181
2012-06-10,15.470529079437256,30.94106,24.95636367797852,0.0,51.5575,4.8177
2012-06-11,35.38722610473633,70.77445,23.665427207946777,0.0,53.7487,13.9253
2012-06-12,15.259010314941406,30.51802,23.9857816696167,0.0,50.6508,4.8041
2012-06-13,0.501392126083374,1.0027843,24.88757038116455,0.0,47.497,0.8812
2012-06-14,0.7749700546264648,1.5499401,24.013957023620605,0.0,46.1807,1.1817
2012-06-15,2.3156142234802246,4.6312284,25.63587188720703,0.0,45.2366,0.8822
2012-06-16,12.705965042114258,25.41193,23.89341354370117,0.0,50.3462,6.2469
2012-06-17,28.430858612060547,56.861717,22.77386474609375,0.0,53.0037,12.7273
2012-06-18,12.168324947357178,24.33665,24.48371696472168,0.0,50.3272,4.7434
2012-06-19,33.747036933898926,67.49407,22.39881134033203,0.0,53.0617,19.4148
2012-06-20,15.892588138580322,31.785175,21.449113845825195,0.0,51.0603,9.6299
2012-06-21,0.2157988548278808,0.4315977,23.437254905700684,0.0,47.6089,0.9143
2012-06-22,8.586930513381958,17.17386,22.91072559356689,0.0,49.7864,5.5482
2012-06-23,16.31599712371826,32.631996,24.04339027404785,0.0,50.9291,6.7871
2012-06-24,11.093613624572754,22.187227,23.86341094970703,0.0,50.1293,4.7915
2012-06-25,2.9483680725097656,5.896736,24.62102508544922,0.0,47.7063,0.9298
2012-06-26,1.7455049753189087,3.49101,25.48623847961425,0.0,46.5389,1.5139
2012-06-27,0.5416221618652344,1.0832443,26.18817710876465,0.0,45.2455,0.9309
2012-06-28,1.2839142084121704,2.5678284,26.84669685363769,0.0,44.3188,1.2482
2012-06-29,2.1140459775924683,4.228092,25.5362195968628,0.0,43.7692,0.9264
2012-06-30,0.3592327833175659,0.71846557,26.90898895263672,0.0,42.6755,0.9253
2012-07-01,0.0,0.0,27.185750007629395,0.0,41.3479,0.9202
2012-07-02,0.0735189914703369,0.14703798,27.906153678894043,0.0,40.1397,0.916
2012-07-03,0.6556136608123779,1.3112273,28.29442024230957,0.0,39.0785,0.9119
2012-07-04,0.8394773006439209,1.6789546,28.932257652282715,0.0,37.9215,0.9477
2012-07-05,1.054032325744629,2.1080647,28.65846920013428,0.0,37.1003,0.9047
2012-07-06,0.4339916706085205,0.86798334,28.76223659515381,0.0,36.0387,0.9048
2012-07-07,0.0,0.0,28.453322410583496,0.0,34.8518,0.9006
2012-07-08,0.0833656787872314,0.16673136,28.891881942749023,0.0,34.3775,0.8989
2012-07-09,0.0,0.0,28.69888210296631,0.0,33.9881,0.8973
2012-07-10,0.0,0.0,29.00150775909424,0.0,33.6943,0.8956
2012-07-11,0.0,0.0,28.92392635345459,0.0,33.4742,0.8939
2012-07-12,1.9326882362365725,3.8653765,28.667213439941406,0.0,33.6654,1.0183
2012-07-13,0.8573555946350098,1.7147112,28.62907314300537,0.0,33.2666,0.8906
2012-07-14,0.0,0.0,27.92521095275879,0.0,33.0153,0.8889
2012-07-15,7.072364330291748,14.144729,27.252007484436035,0.0,38.0586,2.6341
2012-07-16,16.93232536315918,33.86465,23.538552284240723,0.0,48.4275,4.9841
2012-07-17,12.816555500030518,25.63311,23.652777671813965,0.0,51.2759,4.0824
2012-07-18,5.05352520942688,10.10705,23.69786167144776,0.0,48.6851,1.2416
2012-07-19,7.482659101486206,14.965319,26.246261596679688,0.0,47.8205,1.2401
2012-07-20,8.326456069946289,16.652912,26.302117347717285,0.0,48.4794,1.9946
2012-07-21,0.2050302028656005,0.4100604,27.203632354736328,0.0,46.5485,0.8775
2012-07-22,6.972391128540039,13.944782,27.172282218933105,0.0,48.6778,2.9809
2012-07-23,6.547474384307861,13.094949,25.87928295135498,0.0,48.5469,1.7752
2012-07-24,5.464333772659302,10.928667,26.30471611022949,0.0,47.5439,1.1176
2012-07-25,2.623441219329834,5.2468824,25.96415424346924,0.0,46.3547,0.9617
2012-07-26,5.4045493602752686,10.809099,24.817094802856445,0.0,47.1915,2.1867
2012-07-27,4.294622421264648,8.589245,24.706482887268063,0.0,46.8081,1.1725
2012-07-28,3.979496717453003,7.9589934,26.125394821166992,0.0,45.9761,0.8671
2012-07-29,0.8364124298095703,1.6728249,27.370322227478027,0.0,44.6951,0.9942
2012-07-30,0.1412506103515625,0.28250122,26.067625045776367,0.0,43.3303,0.8643
2012-07-31,0.2918014526367187,0.5836029,26.768933296203613,0.0,41.7463,0.8628
2012-08-01,0.4028511047363281,0.8057022,27.40385055541992,0.0,40.0122,0.8613
2012-08-02,4.295004367828369,8.590009,24.98618030548096,0.0,41.7476,2.0361
2012-08-03,57.98369789123535,115.96739,23.27101993560791,0.0,55.2668,22.1501
2012-08-04,22.1373929977417,44.274788,24.39548110961914,0.0,52.0371,9.8841
2012-08-05,3.720865845680237,7.4417315,25.56843948364257,0.0,48.3953,0.9163
2012-08-06,0.4587322473526001,0.9174645,26.479239463806152,0.0,46.5389,0.9255
2012-08-07,0.309361457824707,0.6187229,27.135522842407227,0.0,45.1002,0.8703
2012-08-08,0.8180501461029053,1.6361003,26.92378807067871,0.0,44.0936,0.9053
2012-08-09,1.1303044557571411,2.260609,27.05281925201416,0.0,43.2047,1.0604
2012-08-10,4.411686897277832,8.823374,24.863256454467773,0.0,43.5272,1.2719
2012-08-11,8.334498405456543,16.668997,24.85167598724365,0.0,45.8959,2.5467
2012-08-12,4.000185132026672,8.00037,26.56064510345459,0.0,45.2345,0.8666
2012-08-13,0.4982390403747558,0.9964781,27.66964054107666,0.0,43.9657,0.872
2012-08-14,0.0844588279724121,0.16891766,28.18413543701172,0.0,42.8293,0.8643
2012-08-15,0.0172253847122192,0.03445077,28.205028533935547,0.0,41.625,0.863
2012-08-16,0.3507207632064819,0.7014415,27.65181541442871,0.0,40.7402,0.8616
2012-08-17,3.8084791898727417,7.6169586,26.37350273132324,0.0,42.37,2.1076
2012-08-18,11.521422863006592,23.042847,26.202455520629883,0.0,46.9361,3.4332000000000003
2012-08-19,12.264686584472656,24.529373,25.39106559753418,0.0,49.2239,3.1392
2012-08-20,0.5776090621948242,1.1552181,26.691329956054688,0.0,46.8594,0.8558
2012-08-21,0.7601261138916016,1.5202522,26.759779930114743,0.0,45.3659,0.9278
2012-08-22,0.1970187425613403,0.3940375,26.92002582550049,0.0,44.0572,0.8532
2012-08-23,4.428104996681213,8.85621,26.41678524017334,0.0,45.765,2.4371
2012-08-24,2.2138872146606445,4.4277744,25.64398193359375,0.0,44.7906,0.8504
2012-08-25,1.575702428817749,3.1514049,25.78753471374512,0.0,44.0023,1.1793
2012-08-26,0.1507872343063354,0.30157447,24.98902606964112,0.0,42.5469,0.8476
2012-08-27,0.0556116104125976,0.11122322,26.099305152893063,0.0,40.9609,0.848
2012-08-28,2.1931962966918945,4.3863926,26.02411842346192,0.0,40.1267,0.8446
2012-08-29,0.688246488571167,1.376493,25.610401153564453,0.0,40.0085,1.338
2012-08-30,0.8676296472549438,1.7352593,26.00241470336914,0.0,39.0029,0.8416
2012-08-31,4.690369129180908,9.380738,26.45821762084961,0.0,39.684,1.5243
2012-09-01,0.1479454040527343,0.2958908,26.312976837158203,0.0,38.9441,0.8515
2012-09-02,0.388193130493164,0.77638626,26.68197631835937,0.0,38.1801,0.8501
2012-09-03,14.812498569488524,29.624996,23.85379981994629,0.0,45.0588,3.748
2012-09-04,19.872023582458496,39.74405,23.386459350585938,0.0,51.5952,5.669499999999999
2012-09-05,9.210304737091064,18.420609,23.329724311828613,0.0,50.4874,3.1291
2012-09-06,0.0106452703475952,0.02129054,25.597311973571777,0.0,47.5188,0.8315
2012-09-07,0.7843092679977417,1.5686185,26.37419891357422,0.0,45.972,0.8681
2012-09-08,0.0859301090240478,0.17186022,26.72329902648925,0.0,44.5172,0.8295
2012-09-09,2.386421203613281,4.7728424,27.0874605178833,0.0,44.0922,1.4035
2012-09-10,3.167647361755371,6.3352947,25.722718238830566,0.0,43.1967,0.8272
2012-09-11,0.638676643371582,1.2773533,26.022232055664062,0.0,41.994,0.9826
2012-09-12,0.3783543109893799,0.7567086,26.46104145050049,0.0,40.6411,0.8246
2012-09-13,12.121710300445557,24.24342,24.855813026428223,0.0,45.5311,3.8334
2012-09-14,7.759120941162109,15.518242,20.46579074859619,0.0,47.3458,2.2498
2012-09-15,0.4453462362289428,0.8906925,19.50529956817627,0.0,45.7511,0.8206
2012-09-16,0.0992000102996826,0.19840002,20.0421085357666,0.0,43.9207,0.8194
2012-09-17,0.0,0.0,19.68734169006348,0.0,42.1617,0.8181
2012-09-18,0.085924744606018,0.17184949,20.469473838806152,0.0,40.8097,0.8168
2012-09-19,0.0130165815353393,0.026033163,21.35964870452881,0.0,39.5089,0.8155
2012-09-20,0.3300379514694214,0.6600759,22.46528053283692,0.0,38.5228,0.8155
2012-09-21,1.6633151769638062,3.3266304,20.75242519378662,0.0,38.3356,0.8127
2012-09-22,3.1800307035446167,6.3600616,21.595263481140137,0.0,39.3052,1.4274
2012-09-23,4.622768878936768,9.245538,21.54097270965576,0.0,41.3534,1.7078
2012-09-24,15.340518474578856,30.681038,20.276394844055176,0.0,49.4398,5.1195
2012-09-25,1.2270145416259766,2.454029,20.981511116027832,0.0,46.819,0.8071
2012-09-26,0.0,0.0,21.39715480804444,0.0,44.608,0.8059
2012-09-27,0.2602721750736236,0.52054435,22.22321605682373,0.0,43.1353,0.8071999999999999
2012-09-28,0.0379921197891235,0.07598424,21.312807083129883,0.0,41.6637,0.8034
2012-09-29,0.1357671022415161,0.2715342,20.12542152404785,0.0,40.2194,0.8021
2012-09-30,0.4352453947067261,0.8704908,18.21778583526612,0.0,39.0908,0.8008
2012-10-01,0.1331757307052612,0.26635146,18.074893951416016,0.0,38.2862,0.8
2012-10-02,0.1274734437465667,0.2549469,17.947875022888184,0.0,37.7483,0.798
2012-10-03,0.0295193493366241,0.0590387,18.68628978729248,0.0,37.2136,0.7966
2012-10-04,0.9147579669952391,1.8295159,19.27970790863037,0.0,36.7314,0.7952
2012-10-05,0.2615071535110473,0.5230143,20.14699935913086,0.0,36.2165,0.7949999999999999
2012-10-06,0.3246567249298095,0.64931345,20.481494903564453,0.0,35.7621,0.7923
2012-10-07,0.1100589036941528,0.2201178,19.95638370513916,0.0,35.5044,0.7916000000000001
2012-10-08,0.0799182057380676,0.15983641,19.611560821533203,0.0,35.1126,0.7894
2012-10-09,0.1757310628890991,0.35146213,20.17781639099121,0.0,34.7948,0.789
2012-10-10,0.0,0.0,20.055587768554688,0.0,34.463,0.7865
2012-10-11,0.0883554816246032,0.17671096,18.273897171020508,0.0,34.2545,0.7863
2012-10-12,0.027789294719696,0.05557859,17.782318115234375,0.0,34.083,0.7836
2012-10-13,0.1447025537490844,0.2894051,18.449042320251465,0.0,33.9127,0.7837000000000001
2012-10-14,0.1735424995422363,0.347085,19.999475479125977,0.0,33.7621,0.7807
2012-10-15,0.0258734226226806,0.051746845,20.827466011047363,0.0,33.6193,0.7792
2012-10-16,0.0,0.0,21.151796340942383,0.0,33.4356,0.7777
2012-10-17,0.0414860844612121,0.08297217,20.691210746765137,0.0,33.2932,0.7763
2012-10-18,0.0006707906723022,0.0013415813,16.604226112365723,0.0,33.1486,0.7748
2012-10-19,0.0324400663375854,0.06488013,16.199193000793457,0.0,33.0017,0.7734
2012-10-20,0.0,0.0,18.04061508178711,0.0,32.8277,0.7719
2012-10-21,0.0,0.0,19.33015727996826,0.0,32.6526,0.7705
2012-10-22,0.1741071939468383,0.3482144,20.583287239074707,0.0,32.5058,0.7704
2012-10-23,0.2403604984283447,0.480721,19.699790000915527,0.0,32.4209,0.7676
2012-10-24,0.1149467229843139,0.22989345,19.376588821411133,0.0,32.3142,0.7673
2012-10-25,0.3377835750579834,0.67556715,20.0204496383667,0.0,32.1805,0.7647
2012-10-26,0.0,0.0,20.91324138641357,0.0,32.0182,0.7632
2012-10-27,0.0288385152816772,0.05767703,22.581690788269043,0.0,31.8725,0.7622
2012-10-28,0.6206916570663452,1.2413833,21.923110008239743,0.0,31.7589,0.7604
2012-10-29,3.099508285522461,6.1990166,19.56414794921875,0.0,33.6557,1.3321
2012-10-30,19.292205810546875,38.58441,17.390624046325684,0.0,47.099,5.2727
2012-10-31,2.804034113883972,5.6080685,15.528363704681396,0.0,46.2229,0.7701
2012-11-01,0.0,0.0,13.388415813446043,0.0,44.9198,0.7617
2012-11-02,0.2239829301834106,0.44796586,13.536104202270508,0.0,43.8618,0.7555
2012-11-03,0.0072686076164245,0.014537215,16.1579532623291,0.0,42.8599,0.7518
2012-11-04,0.7503316551446915,1.5006633,16.35476541519165,0.0,42.4154,0.9123
2012-11-05,0.0,0.0,13.150190830230711,0.0,41.5285,0.749
2012-11-06,0.0891128480434417,0.1782257,14.57284164428711,0.0,40.6509,0.7481
2012-11-07,0.0805792510509491,0.1611585,13.96450424194336,0.0,40.012,0.7462
2012-11-08,12.601834297180176,25.203669,13.670533657073976,0.0,48.2867,4.0424
2012-11-09,18.49053430557251,36.981068,14.989493370056152,0.0,52.6356,5.8844
2012-11-10,16.380536556243896,32.761074,16.860493659973145,0.0,52.1377,5.6137
2012-11-11,1.0674223899841309,2.1348448,15.068837642669678,0.0,48.3442,0.7406
2012-11-12,0.0,0.0,14.31298542022705,0.0,46.935,0.7394
2012-11-13,0.0056601166725158,0.011320233,14.595172882080078,0.0,45.8266,0.7382
2012-11-14,0.0,0.0,12.955454349517822,0.0,44.9624,0.737
2012-11-15,0.959380030632019,1.9187601,15.407011985778809,0.0,44.8905,0.9542
2012-11-16,3.2336255311965942,6.467251,15.789850234985352,0.0,45.2752,1.1236000000000002
2012-11-17,7.170955181121826,14.34191,12.458529472351074,0.0,47.4427,2.2949
2012-11-18,0.5997644662857056,1.1995289,11.092967510223389,0.0,46.3719,0.7321
2012-11-19,0.2057860195636749,0.41157204,10.178811073303224,0.0,45.5467,0.7343999999999999
2012-11-20,0.3478109240531921,0.69562185,12.891494750976562,0.0,44.8686,0.7298
2012-11-21,34.82950019836426,69.659,14.020949840545654,0.0,53.9233,14.0574
2012-11-22,29.08060932159424,58.161217,15.509601593017578,0.0,53.0634,14.846
2012-11-23,5.072502136230469,10.145004,14.56658935546875,0.0,49.3263,2.4502
2012-11-24,0.1600214838981628,0.32004297,12.281920433044434,0.0,47.5346,0.7425
2012-11-25,21.989319801330566,43.978638,13.521394729614258,0.0,52.3231,12.2054
2012-11-26,47.42175102233887,94.843506,11.5316162109375,0.0,53.3552,30.3904
2012-11-27,0.0,0.0,9.11410903930664,0.0,48.4374,0.7737
2012-11-28,9.27928113937378,18.558563,10.433341026306152,0.0,49.98,5.4998000000000005
2012-11-29,7.85802960395813,15.716059,12.5500750541687,0.0,49.7086,3.9963
2012-11-30,32.34137535095215,64.682755,12.250298976898192,0.0,52.9243,17.729
2012-12-01,28.27879810333252,56.557594,12.216352462768556,0.0,52.2542,18.6305
2012-12-02,7.883802175521851,15.767605,11.9259295463562,0.0,49.8475,4.5665
2012-12-03,0.0118225812911987,0.023645163,10.826452255249023,0.0,47.6654,0.8349
2012-12-04,1.0617024302482605,2.123405,8.693329334259033,0.0,46.9026,1.2367
2012-12-05,1.654790699481964,3.3095813,10.16720962524414,0.0,46.1911,0.8563000000000001
2012-12-06,0.0,0.0,7.618764877319336,0.0,45.4335,0.8442
2012-12-07,0.0,0.0,8.914931774139404,0.0,44.7895,0.845
2012-12-08,0.1473644971847534,0.294729,9.126155853271484,0.0,44.3375,0.8461
2012-12-09,0.06461101770401,0.12922204,9.697100162506104,0.0,43.886,0.845
2012-12-10,2.098248243331909,4.1964965,8.325230360031128,0.0,44.595,1.5924
2012-12-11,3.324686884880066,6.649374,7.478938102722168,0.0,45.8782,1.9904
2012-12-12,0.3713740706443786,0.74274814,8.701321125030518,0.0,45.396,0.8434
2012-12-13,0.0,0.0,11.427364826202393,0.0,44.8519,0.8427
2012-12-14,0.0214858353137969,0.04297167,13.914252281188965,0.0,44.2771,0.842
2012-12-15,0.110420823097229,0.22084165,16.81131935119629,0.0,43.6755,0.8415999999999999
2012-12-16,10.502275943756104,21.00455,15.660287380218506,0.0,48.491,4.6279
2012-12-17,1.811478555202484,3.6229572,13.888605117797852,0.0,47.2002,0.8731
2012-12-18,20.64932632446289,41.298653,8.340352058410645,0.0,52.2349,9.0949
2012-12-19,0.0832533240318298,0.16650665,5.32998514175415,0.0,48.3678,0.8575
2012-12-20,1.910135924816132,3.820272,8.227107524871826,0.0,47.7028,1.5583
2012-12-21,1.4961963295936584,2.9923925,11.377928256988524,0.0,46.69,0.8463999999999999
2012-12-22,1.6723071336746216,3.3446143,7.877388000488281,0.0,46.5564,1.4473
2012-12-23,1.144294261932373,2.2885885,5.300827503204346,0.0,45.9368,0.8424
2012-12-24,0.0017544701695442,0.0035089403,3.4791605472564697,0.0,45.373,0.8701
2012-12-25,0.0087836980819702,0.017567396,6.92245888710022,0.0,44.8299,0.8466
2012-12-26,0.1130067110061645,0.22601342,10.57733678817749,0.0,44.377,0.8425
2012-12-27,12.64171552658081,25.283432,11.007256984710692,0.0,50.0017,6.0966
2012-12-28,3.458383560180664,6.916767,12.42209005355835,0.0,48.3713,1.4632
2012-12-29,8.934248924255371,17.868498,10.632873058319092,0.0,49.4629,3.6381
2012-12-30,3.886525630950928,7.7730513,2.1617181301116943,0.0251,48.5081,1.9619
2012-12-31,0.0101951360702514,0.020390272,0.6490740776062012,0.0,47.2699,1.0166
2013-01-01,0.0376284718513488,0.07525694,5.148754358291626,0.0,46.3246,0.8553000000000001
2013-01-02,0.1255545318126678,0.25110906,9.405870914459229,0.0,45.5921,0.845
2013-01-03,1.0478320717811584,2.095664,6.823215007781982,0.0,45.495,1.2066
2013-01-04,3.8421106338500977,7.6842213,2.9387807846069336,0.0,46.8183,2.2631
2013-01-05,4.384058952331543,8.768118,4.159869432449341,0.0,47.7095,2.295
2013-01-06,1.4179469347000122,2.8358939,5.637000799179077,0.0,47.1071,1.2047
2013-01-07,0.3046562671661377,0.60931253,6.867032289505005,0.0,46.3115,0.8449
2013-01-08,0.1591793298721313,0.31835866,7.392515420913696,0.0,45.6974,0.8719
2013-01-09,0.1719692200422287,0.34393844,6.05971097946167,0.0,45.2398,0.8446
2013-01-10,0.3975619226694107,0.7951238,5.108489036560059,0.0,44.9015,0.8727
2013-01-11,0.1419355571269989,0.2838711,6.128263235092163,0.0,44.5469,0.8439
2013-01-12,0.2121277153491974,0.42425543,8.124902248382568,0.0,44.2011,0.8434
2013-01-13,0.710625946521759,1.4212519,8.818363189697266,0.0,43.9141,0.8502
2013-01-14,0.0,0.0,8.62749195098877,0.0,43.4835,0.842
2013-01-15,0.0684832334518432,0.13696647,7.700077295303345,0.0,43.0609,0.8412
2013-01-16,0.2427107095718383,0.48542142,10.538024425506592,0.0,42.9286,1.0062
2013-01-17,2.147295832633972,4.294592,7.461590051651001,0.0,43.1568,1.0541
2013-01-18,0.0,0.0,4.21094822883606,0.0,42.8471,0.838
2013-01-19,0.0,0.0,5.515320539474487,0.0,42.4824,0.8369
2013-01-20,0.08987557888031,0.17975116,11.465261936187744,0.0,42.011,0.8356
2013-01-21,0.5344258546829224,1.0688517,14.845067977905272,0.0,42.2116,1.174
2013-01-22,0.4612177610397339,0.9224355,14.043180465698242,0.0,41.9145,0.8331
2013-01-23,0.0526052713394165,0.10521054,10.869555950164797,0.0,41.6073,0.8317
2013-01-24,1.2402485609054563,2.4804971,9.484506130218506,0.0,42.0782,1.1931
2013-01-25,0.3612618446350097,0.7225237,9.38620901107788,0.0,41.7857,0.829
2013-01-26,0.0,0.0,8.931516170501709,0.0,41.4335,0.8276
2013-01-27,0.0506952404975891,0.10139048,9.186717510223389,0.0,41.1448,0.8616
2013-01-28,0.1678254604339599,0.33565092,7.381313800811768,0.0,40.9332,0.838
2013-01-29,0.2808355093002319,0.561671,9.905715465545654,0.0,40.6327,0.8233
2013-01-30,0.0,0.0,10.555725574493408,0.0,40.1799,0.8219
2013-01-31,0.1826348304748535,0.36526966,11.973443031311035,0.0,39.8392,0.8204
2013-02-01,1.2180131673812866,2.4360263,15.499608993530272,0.0,39.7464,0.9774
2013-02-02,0.4016413688659668,0.80328274,15.90626335144043,0.0,39.3684,0.8175
2013-02-03,0.3515828847885132,0.70316577,15.001899242401125,0.0,39.0348,0.8214999999999999
2013-02-04,0.0786770582199096,0.15735412,15.98032569885254,0.0,38.5507,0.8145
2013-02-05,24.84292888641357,49.68586,17.38401508331299,0.0,52.0744,9.0089
2013-02-06,0.9563771486282348,1.9127543,15.582048416137695,0.0,48.2346,0.8116
2013-02-07,8.282622814178467,16.565247,13.635248184204102,0.0,50.4504,4.1607
2013-02-08,8.656961679458618,17.313923,7.1114606857299805,0.0,50.4017,3.657
2013-02-09,1.3340286016464231,2.6680572,5.556915998458862,0.0,48.2568,1.0945
2013-02-10,0.926416516304016,1.852833,6.821514129638672,0.0,47.4033,1.1209
2013-02-11,4.819015502929688,9.638031,8.555392742156982,0.0,48.0772,2.1708
2013-02-12,3.3036539554595947,6.607308,9.603329181671144,0.0,47.6566,1.4588
2013-02-13,1.285504937171936,2.5710099,8.375522136688232,0.0,46.8185,0.9164
2013-02-14,0.0,0.0,12.145646572113035,0.0,45.891,0.8056
2013-02-15,2.2800697088241577,4.5601397,10.886616230010986,0.0,46.6484,1.9177
2013-02-16,0.3829207420349121,0.7658415,9.151012420654297,0.0,45.949,0.8044
2013-02-17,0.0,0.0,13.684923648834229,0.0,45.1029,0.8038
2013-02-18,0.0,0.0,17.964319229125977,0.0,44.5157,0.9093
2013-02-19,0.6926146745681763,1.3852293,11.083302974700928,0.0,44.1289,0.8021
2013-02-20,0.7780458927154541,1.5560918,6.993644952774048,0.0,44.3982,1.1888
2013-02-21,4.007526516914368,8.015053,8.46639108657837,0.0,45.8883,1.9611
2013-02-22,3.54944384098053,7.0988874,9.156270503997805,0.0,47.1175,2.0576
2013-02-23,0.0,0.0,10.34616470336914,0.0,46.0265,0.7981
2013-02-24,0.2129209041595459,0.4258418,8.387726068496704,0.0,45.7286,1.0726
2013-02-25,0.7181177139282227,1.4362354,13.221158027648926,0.0,45.1007,0.7961
2013-02-26,1.593099296092987,3.1861987,15.550050735473633,0.0,45.5963,1.6177
2013-02-27,11.23495388031006,22.469908,16.399173259735107,0.0,49.4058,4.1473
2013-02-28,0.0,0.0,16.74397897720337,0.0,47.2692,0.7929
2013-03-01,0.965842604637146,1.9316852,17.943034172058105,0.0,46.2429,1.0119
2013-03-02,8.894039154052734,17.788078,8.16520643234253,0.0,48.4931,3.0263
2013-03-03,0.0,0.0,9.171676635742188,0.0,46.9594,0.7901
2013-03-04,0.3709235191345215,0.74184704,9.204920768737791,0.0,46.3688,1.216
2013-03-05,0.0356274843215942,0.07125497,10.085115432739258,0.0,45.4717,0.7883
2013-03-06,0.1661838293075561,0.33236766,11.445552825927734,0.0,44.7028,0.8807
2013-03-07,0.2417550086975097,0.48351002,13.36198091506958,0.0,43.9318,0.7863
2013-03-08,0.4304687976837158,0.8609376,14.866695404052734,0.0,43.0919,0.8065
2013-03-09,0.0966029167175293,0.19320583,16.48169994354248,0.0,42.1347,0.784
2013-03-10,0.0534852743148803,0.10697055,17.734753608703613,0.0,41.1474,0.7827
2013-03-11,0.1233828067779541,0.24676561,15.050570964813232,0.0,40.4762,0.7906
2013-03-12,0.2691562175750732,0.53831244,16.343656063079834,0.0,39.9861,0.78
2013-03-13,0.4387083053588867,0.8774166,17.537229537963867,0.0,39.7788,1.0192
2013-03-14,0.0081508159637451,0.016301632,12.991976737976074,0.0,39.4188,0.7773
2013-03-15,0.0,0.0,13.730651378631592,0.0,39.5863,1.1413
2013-03-16,0.2596645355224609,0.5193291,15.596033573150637,0.0,39.0206,0.7745
2013-03-17,5.611658573150635,11.223317,18.2644100189209,0.0,42.5405,2.6443
2013-03-18,7.77799129486084,15.555983,18.43356132507324,0.0,45.8376,2.5131
2013-03-19,0.8661031723022461,1.7322063,17.813405990600586,0.0,45.0411,0.7777
2013-03-20,14.743287086486816,29.486574,18.56151008605957,0.0,50.8074,5.4141
2013-03-21,0.5822372436523438,1.1644745,14.861513137817385,0.0,47.9941,0.7689999999999999
2013-03-22,0.1634345054626464,0.326869,18.98594856262207,0.0,47.1082,1.4442
2013-03-23,0.1224231719970703,0.24484634,20.1013126373291,0.0,45.6392,0.7736999999999999
2013-03-24,21.62035655975341,43.240715,18.13049697875977,0.0,52.5766,8.222100000000001
2013-03-25,0.181711196899414,0.3634224,15.626914501190186,0.0,48.2188,0.7633
2013-03-26,47.59577178955078,95.19154,9.43552017211914,0.0,54.4249,22.677100000000003
2013-03-27,0.2652640342712402,0.53052807,12.674965381622314,0.0,48.4217,0.769
2013-03-28,2.03469467163086,4.0693893,13.253459453582764,0.0,47.3841,1.3153
2013-03-29,12.023827075958252,24.047653,13.081559658050535,0.0,50.4666,5.8302
2013-03-30,11.270998477935793,22.541996,12.051612854003906,0.0,50.7624,5.8057
2013-03-31,0.7516603469848633,1.5033207,14.115935802459717,0.0,48.0615,0.7828
2013-04-01,13.66524362564087,27.330486,14.758325099945068,0.0,51.392,8.8496
2013-04-02,0.0,0.0,16.669054985046387,0.0,47.9391,0.7897
2013-04-03,13.339487075805664,26.678974,13.327524185180664,0.0,50.7191,6.91
2013-04-04,1.9831115007400515,3.966223,14.583998203277588,0.0,47.9346,0.7955
2013-04-05,35.21021270751953,70.420425,16.69304370880127,0.0,53.4972,20.9167
2013-04-06,1.917817115783692,3.8356342,13.693151950836182,0.0,48.707,1.123
2013-04-07,0.0,0.0,10.600671291351318,0.0,46.8333,0.8175
2013-04-08,0.5508513450622559,1.1017027,12.46034812927246,0.0,45.7984,0.974
2013-04-09,1.0234673023223877,2.0469346,14.027192115783691,0.0,45.052,0.8397
2013-04-10,1.5670146942138672,3.1340294,14.945318698883057,0.0,44.8444,1.3796
2013-04-11,0.2304182052612304,0.4608364,12.645747184753418,0.0,44.0604,0.8228
2013-04-12,0.0,0.0,13.475712299346924,0.0,43.2607,0.8803000000000001
2013-04-13,0.2609691619873047,0.5219383,13.572586059570312,0.0,42.3497,0.8214
2013-04-14,0.0,0.0,16.95216655731201,0.0,41.2892,0.8204
2013-04-15,0.0805569887161254,0.16111398,17.613842964172363,0.0,40.0997,0.8192
2013-04-16,0.1676232814788818,0.33524656,18.38577079772949,0.0,39.5973,1.0078
2013-04-17,9.238306999206545,18.476614,20.60243797302246,0.0,40.871,1.4912
2013-04-18,22.193490028381348,44.38698,20.62505340576172,0.0,50.4027,7.0316
2013-04-19,7.618531703948975,15.237063,18.13992404937744,0.0,49.8943,3.0451
2013-04-20,4.05014443397522,8.100288,16.81114387512207,0.0,48.4395,1.4714999999999998
2013-04-21,0.5828382968902588,1.1656766,13.486283779144289,0.0,47.0141,0.8124
2013-04-22,0.4976756572723388,0.9953513,13.64024829864502,0.0,46.84,1.4853999999999998
2013-04-23,0.336575984954834,0.67315197,18.71385765075684,0.0,45.8324,0.8111
2013-04-24,14.133748054504396,28.267496,18.36655330657959,0.0,50.9423,6.4011
2013-04-25,0.0863971710205078,0.17279434,19.196155548095703,0.0,47.6304,0.8098
2013-04-26,0.0968551635742187,0.19371033,18.51459503173828,0.0,46.685,1.3732
2013-04-27,0.0331001281738281,0.06620026,17.998867988586426,0.0,45.6251,0.8086
2013-04-28,1.5108721256256104,3.0217443,19.270047187805176,0.0,44.6344,0.9032
2013-04-29,4.368370294570923,8.73674,21.29468059539795,0.0,44.4971,0.8987999999999999
2013-04-30,17.716708660125732,35.43342,20.71145725250244,0.0,50.714,6.043900000000001
2013-05-01,21.573097229003903,43.146194,16.43846035003662,0.0,52.512,9.5858
2013-05-02,0.0,0.0,17.485281944274902,0.0,48.2454,0.8062
2013-05-03,1.0800142288208008,2.1600285,17.827110290527344,0.0,47.3341,1.6573
2013-05-04,3.5612494945526123,7.122499,15.727643966674805,0.0,48.2222,2.5066
2013-05-05,6.3240485191345215,12.648097,16.22644329071045,0.0,49.3003,3.3701000000000003
2013-05-06,0.7237141132354736,1.4474282,18.959861755371094,0.0,47.4087,0.8097
2013-05-07,0.0,0.0,21.02287197113037,0.0,46.0043,0.8103
2013-05-08,2.7974027395248413,5.5948057,20.35337924957276,0.0,46.0002,1.461
2013-05-09,13.324783325195312,26.649567,21.28661060333252,0.0,50.5818,5.9741
2013-05-10,20.59375095367432,41.1875,21.61923122406006,0.0,52.2343,10.004
2013-05-11,6.974156618118286,13.948313,20.187664031982425,0.0,49.7918,3.5461
2013-05-12,0.7709825038909912,1.541965,21.5267391204834,0.0,47.6433,0.8191
2013-05-13,0.3695642948150635,0.7391286,23.32255172729492,0.0,45.8858,0.8257
2013-05-14,0.6006827354431152,1.2013655,24.11500358581543,0.0,44.6866,0.8234
2013-05-15,25.642370223999023,51.28474,21.94668292999268,0.0,52.8243,12.6829
2013-05-16,24.59777545928955,49.19555,23.05798625946045,0.0,52.1219,11.2115
2013-05-17,1.0829706192016602,2.1659412,24.197321891784668,0.0,48.1619,0.8328
2013-05-18,6.591039657592773,13.182079,24.923328399658203,0.0,48.3953,3.6053
2013-05-19,13.449138164520264,26.898277,24.020161628723145,0.0,50.4005,5.5877
2013-05-20,43.30167770385742,86.603355,21.19206619262696,0.0,53.6024,25.0336
2013-05-21,2.6730968952178955,5.346194,21.54123306274414,0.0,48.6212,0.9551
2013-05-22,15.859918117523192,31.719837,22.340489387512207,0.0,51.4188,9.6886
2013-05-23,2.6462172269821167,5.2924347,24.187562942504883,0.0,47.9604,0.8772
2013-05-24,0.2999885082244873,0.599977,25.10415744781494,0.0,46.5489,1.3796
2013-05-25,0.5824568271636963,1.1649137,25.082140922546387,0.0,45.4204,0.8797
2013-05-26,1.09989595413208,2.199792,23.470775604248047,0.0,44.5269,0.9163
2013-05-27,10.27651023864746,20.55302,24.057272911071777,0.0,48.0262,3.988
2013-05-28,0.3112196922302246,0.6224394,26.07110595703125,0.0,46.1339,0.8767
2013-05-29,3.48651134967804,6.9730225,26.29042625427246,0.0,46.8569,2.6663
2013-05-30,18.64725399017334,37.29451,24.417527198791504,0.0,51.5368,7.1949
2013-05-31,4.187690258026123,8.3753805,25.264223098754883,0.0,48.2711,0.9011
2013-06-01,2.7051548957824707,5.41031,25.941988945007324,0.0,46.9602,1.4126
2013-06-02,22.04709815979004,44.094196,24.40999698638916,0.0,51.639,8.386800000000001
2013-06-03,4.815569162368774,9.631138,21.952259063720703,0.0,48.4529,1.0918
2013-06-04,26.55210876464844,53.104218,21.06289577484131,0.0,52.7488,13.5277
2013-06-05,0.6220908164978027,1.2441816,23.88951778411865,0.0,48.2551,0.8792
2013-06-06,7.086662769317627,14.173326,23.58296489715576,0.0,49.9313,5.9241
2013-06-07,5.230860710144043,10.461721,24.208260536193848,0.0,48.5153,1.8651
2013-06-08,5.512301683425903,11.024603,24.26171588897705,0.0,47.2888,1.007
2013-06-09,0.1309287548065185,0.2618575,25.79307556152344,0.0,45.5114,0.8884
2013-06-10,4.874076128005981,9.748152,23.38121223449707,0.0,44.5091,0.8867
2013-06-11,19.307765007019043,38.615532,20.799548149108887,0.0,52.0993,10.018
2013-06-12,45.285526275634766,90.57105,19.72230052947998,0.0,53.8721,26.7933
2013-06-13,18.574199676513672,37.1484,19.796934127807617,0.0,50.9928,10.6127
2013-06-14,1.456383466720581,2.912767,22.342342376708984,0.0,47.6773,0.9148
2013-06-15,7.522238254547119,15.0444765,23.867257118225098,0.0,47.9983,3.1116
2013-06-16,0.7935352325439453,1.5870705,26.02237606048584,0.0,46.7443,0.9194
2013-06-17,0.817138671875,1.6342773,26.94335556030273,0.0,44.995,0.9188
2013-06-18,2.467719078063965,4.935438,26.696165084838867,0.0,44.6331,1.6303
2013-06-19,6.664663791656494,13.329328,25.542030334472656,0.0,44.7461,1.2033
2013-06-20,6.969543933868408,13.939088,26.36631393432617,0.0,44.7267,1.2394
2013-06-21,13.494014739990234,26.98803,25.601221084594727,0.0,48.3583,4.1177
2013-06-22,7.067474603652954,14.134949,25.42757034301757,0.0,48.1989,2.0167
2013-06-23,1.4407503604888916,2.8815007,26.144211769104004,0.0,46.2031,0.9085
2013-06-24,6.912505626678467,13.825011,25.918843269348145,0.0,47.7991,3.2802999999999995
2013-06-25,5.472762823104858,10.945526,25.70626449584961,0.0,47.2756,1.3478
2013-06-26,5.669838190078735,11.339676,25.460073471069336,0.0,46.4199,0.9121
2013-06-27,0.236884593963623,0.4737692,27.75558185577393,0.0,44.7929,0.9001
2013-06-28,2.52529239654541,5.050585,27.45998477935791,0.0,44.1282,1.2902
2013-06-29,10.360230445861816,20.72046,26.8928861618042,0.0,46.1199,2.3299
2013-06-30,0.3116205930709839,0.6232412,27.37881565093994,0.0,44.4564,0.8923
2013-07-01,0.0545628070831298,0.109125614,28.12215805053711,0.0,42.9646,0.8901
2013-07-02,0.0735189914703369,0.14703798,27.981276512146,0.0,41.5597,0.8883
2013-07-03,0.6556136608123779,1.3112273,28.61695384979248,0.0,40.3841,0.8866
2013-07-04,0.8394773006439209,1.6789546,28.62352752685547,0.0,39.4764,0.885
2013-07-05,1.0323679447174072,2.064736,28.297740936279297,0.0,38.7165,1.0663
2013-07-06,0.4339916706085205,0.86798334,28.12593173980713,0.0,37.623,0.8817
2013-07-07,5.6204917430877686,11.240984,27.274734497070312,0.0,40.2932,2.41
2013-07-08,0.1034181118011474,0.20683622,26.688027381896973,0.0,38.8356,0.8785
2013-07-09,0.0,0.0,28.419021606445312,0.0,37.2475,0.8769
2013-07-10,2.572103261947632,5.1442065,27.62967872619629,0.0,37.1513,1.152
2013-07-11,0.0,0.0,28.135374069213867,0.0,36.2158,0.8736
2013-07-12,0.1464545726776123,0.29290915,28.570910453796387,0.0,35.3968,0.872
2013-07-13,12.039557456970217,24.079115,25.154979705810547,0.0,42.3478,3.5362
2013-07-14,38.74397468566895,77.487946,23.57907009124756,0.0,54.3132,12.2408
2013-07-15,4.8589664697647095,9.717933,24.64872932434082,0.0,48.8154,1.0609
2013-07-16,15.826205253601074,31.65241,24.34334373474121,0.0,51.704,6.2422
2013-07-17,11.398387908935549,22.796776,25.74993896484375,0.0,50.0668,3.2318
2013-07-18,1.162846565246582,2.3256931,25.41826343536377,0.0,47.4351,0.867
2013-07-19,2.9185524582862854,5.837105,24.588053703308105,0.0,47.487,2.0992
2013-07-20,4.62879753112793,9.257595,25.20198440551757,0.0,47.2423,1.4035
2013-07-21,11.960620880126951,23.921242,23.875283241271973,0.0,50.5204,5.009
2013-07-22,0.7007105350494385,1.4014211,25.113582611083984,0.0,47.8906,0.8664
2013-07-23,0.4298654794692993,0.85973096,26.914639472961422,0.0,45.8654,0.8663
2013-07-24,0.3883990049362182,0.776798,28.115469932556152,0.0,44.7903,1.1059
2013-07-25,0.3804554939270019,0.760911,28.13672161102295,0.0,43.5778,0.8649
2013-07-26,2.2276569604873657,4.4553137,26.75275230407715,0.0,42.5789,0.912
2013-07-27,0.2021304368972778,0.40426087,26.953458786010746,0.0,41.6172,0.8625
2013-07-28,1.37245774269104,2.7449155,27.401524543762207,0.0,41.5708,1.3572
2013-07-29,1.0024724006652832,2.0049448,28.18692684173584,0.0,40.8153,0.8598
2013-07-30,0.1474010944366455,0.2948022,28.34545135498047,0.0,39.509,0.8584
2013-07-31,0.0,0.0,27.95576763153076,0.0,38.5187,0.9469
2013-08-01,2.132899522781372,4.265799,28.094035148620605,0.0,37.817,0.8616
2013-08-02,4.942328214645386,9.884657,25.07295322418213,0.0,40.1336,2.0899
2013-08-03,0.3247829675674438,0.64956594,26.87746524810791,0.0,39.0389,0.8523
2013-08-04,0.1605253219604492,0.32105064,28.275485038757324,0.0,37.7008,0.8523
2013-08-05,0.0,0.0,29.0165491104126,0.0,37.0881,0.8492
2013-08-06,0.372589111328125,0.7451782,29.428183555603027,0.0,36.6664,0.9909
2013-08-07,0.1213686466217041,0.2427373,29.26279354095459,0.0,36.0229,0.8461
2013-08-08,0.6212387084960938,1.2424774,29.34176349639893,0.0,35.2137,0.8445
2013-08-09,13.861891746520996,27.723783,28.09657192230225,0.0,44.0113,4.4077
2013-08-10,0.9414703249931335,1.8829406,26.652894973754883,0.0,42.0333,0.8414
2013-08-11,0.4167039394378662,0.8334079,27.863224029541016,0.0,40.2208,0.9416
2013-08-12,0.3626978397369385,0.7253957,28.00227832794189,0.0,39.2417,0.8382
2013-08-13,0.4982390403747558,0.9964781,27.982240676879883,0.0,38.4064,0.8378
2013-08-14,3.2164613008499146,6.4329224,25.991792678833008,0.0,38.1555,0.8351
2013-08-15,2.780509114265442,5.561018,24.61000061035156,0.0,39.0597,1.3452000000000002
2013-08-16,1.149598479270935,2.299197,25.677912712097168,0.0,38.5834,0.832
2013-08-17,0.6913801431655884,1.3827603,25.525036811828613,0.0,37.8535,0.8304
2013-08-18,0.4555315971374511,0.9110632,26.736745834350582,0.0,37.0107,0.8288
2013-08-19,1.4500333070755005,2.9000666,27.3313512802124,0.0,36.4543,0.8985000000000001
2013-08-20,1.0023956298828125,2.0047913,27.86794948577881,0.0,35.8857,0.8257
2013-08-21,1.89966893196106,3.7993379,27.17503547668457,0.0,36.7293,1.2952
2013-08-22,40.95106506347656,81.90213,24.77464199066162,0.0,54.1947,10.9562
2013-08-23,4.217315077781677,8.43463,26.52419185638428,0.0,48.536,0.8211
2013-08-24,1.636925458908081,3.273851,25.93172168731689,0.0,47.4732,1.2861
2013-08-25,0.2155158519744873,0.4310317,27.64422035217285,0.0,45.8689,0.8183
2013-08-26,2.4879469871521,4.975894,27.33751392364502,0.0,45.1833,1.1812
2013-08-27,10.323487758636476,20.646976,26.78433990478516,0.0,47.2955,2.1208
2013-08-28,0.0,0.0,27.940223693847656,0.0,45.3594,0.8141
2013-08-29,5.166059970855713,10.33212,27.60296058654785,0.0,46.716,2.6113
2013-08-30,62.71339416503906,125.42679,23.6990966796875,0.0,55.1938,24.3215
2013-08-31,1.7204337120056152,3.4408674,23.83918190002441,0.0,48.4684,0.8154
2013-09-01,0.1294944286346435,0.25898886,23.922969818115234,0.0,46.6061,0.8804000000000001
2013-09-02,0.3185961246490478,0.63719225,24.59512042999268,0.0,45.3774,0.8202
2013-09-03,0.0976600646972656,0.19532013,22.5893783569336,0.0,44.323,0.8202
2013-09-04,0.0909285545349121,0.18185711,22.71930313110352,0.0,43.1434,0.8197
2013-09-05,0.6892197132110596,1.3784394,23.204455375671387,0.0,42.2587,0.8189
2013-09-06,0.126539945602417,0.2530799,24.68670558929444,0.0,41.43,0.8406
2013-09-07,0.5520546436309814,1.1041093,25.0795259475708,0.0,40.7943,0.8167
2013-09-08,0.1223859786987304,0.24477196,26.47970294952393,0.0,39.9314,0.8155
2013-09-09,1.56091570854187,3.1218314,27.014917373657227,0.0,39.3765,0.8142
2013-09-10,0.0,0.0,27.0871696472168,0.0,38.2302,0.8129
2013-09-11,0.1419463157653808,0.28389263,26.85197925567627,0.0,37.2785,0.8356
2013-09-12,0.0926084518432617,0.1852169,26.625046730041504,0.0,36.6035,0.81
2013-09-13,0.8108524084091187,1.6217048,26.07610034942627,0.0,35.7553,0.8105
2013-09-14,1.444112777709961,2.8882256,25.9694185256958,0.0,35.2862,0.8071
2013-09-15,0.3724926710128784,0.74498534,25.77643394470215,0.0,34.5626,0.8057
2013-09-16,0.0992000102996826,0.19840002,25.44423770904541,0.0,34.1031,0.8042
2013-09-17,0.0,0.0,22.76860237121582,0.0,34.1115,0.91
2013-09-18,0.1228269338607788,0.24565387,22.11209011077881,0.0,33.738,0.8012
2013-09-19,0.0311720371246337,0.062344074,25.210225105285645,0.0,33.5683,0.7997
2013-09-20,0.3300379514694214,0.6600759,25.41901016235352,0.0,33.3508,0.7983
2013-09-21,0.3866364955902099,0.773273,25.54577350616455,0.0,34.5644,1.246
2013-09-22,7.862635135650635,15.72527,24.743709564208984,0.0,37.2411,1.7185
2013-09-23,22.66889762878418,45.337795,24.34365463256836,0.0,48.6274,5.4634
2013-09-24,2.027578353881836,4.0551567,24.873560905456543,0.0,46.902,0.7934
2013-09-25,1.322246789932251,2.6444936,24.665919303894043,0.0,46.1529,1.3652
2013-09-26,20.546826362609863,41.09365,19.54073715209961,0.0,52.4383,6.3601
2013-09-27,0.2602721750736236,0.52054435,21.018617630004883,0.0,48.098,0.788
2013-09-28,0.0379921197891235,0.07598424,22.44839382171631,0.0,46.4492,0.7867
2013-09-29,1.3696562051773071,2.7393124,22.882487297058105,0.0,45.4941,0.7854
2013-09-30,0.5347276926040649,1.0694554,24.093664169311523,0.0,44.4066,0.7842
2013-10-01,0.1736934781074524,0.34738696,23.95784568786621,0.0,43.3107,0.7841
2013-10-02,0.1274734437465667,0.2549469,22.850075721740723,0.0,41.8403,0.7815
2013-10-03,0.0295193493366241,0.0590387,20.054332733154297,0.0,40.3512,0.7802
2013-10-04,0.9147579669952391,1.8295159,18.49448108673096,0.0,40.7889,1.4869
2013-10-05,0.2615071535110473,0.5230143,19.17092514038086,0.0,39.6613,0.7774
2013-10-06,0.3431228399276733,0.6862457,21.16216087341309,0.0,38.9497,0.8394
2013-10-07,5.689040184020996,11.37808,21.46825408935547,0.0,39.6445,1.0879
2013-10-08,3.0290393829345703,6.058079,22.336010932922363,0.0,39.6636,0.8169
2013-10-09,7.1039557456970215,14.2079115,22.18393039703369,0.0,43.0618,2.2176
2013-10-10,0.0983330011367797,0.196666,23.91667652130127,0.0,42.2098,0.7704
2013-10-11,0.0883554816246032,0.17671096,23.844964027404785,0.0,40.8501,0.7691
2013-10-12,0.027789294719696,0.05557859,21.426629066467285,0.0,39.3468,0.7677
2013-10-13,0.1447025537490844,0.2894051,19.88901233673096,0.0,39.0063,0.9702
2013-10-14,0.1735424995422363,0.347085,19.76857185363769,0.0,38.5181,0.7649
2013-10-15,0.0258734226226806,0.051746845,20.59180450439453,0.0,37.8068,0.7635
2013-10-16,0.0,0.0,19.1822156906128,0.0,37.3315,0.7653
2013-10-17,0.0,0.0,17.00545597076416,0.0,36.8348,0.7606
2013-10-18,0.0006707906723022,0.0013415813,18.753042221069336,0.0,36.3291,0.7592
2013-10-19,0.0784368515014648,0.1568737,19.25305557250977,0.0,36.4228,0.9143
2013-10-20,0.0,0.0,18.39275360107422,0.0,36.2215,0.7564
2013-10-21,0.0,0.0,19.018439292907715,0.0,35.8245,0.755
2013-10-22,0.1741071939468383,0.3482144,17.502150535583496,0.0,35.4476,0.7542000000000001
2013-10-23,0.1301534175872802,0.26030684,16.133185386657715,0.0,35.1101,0.7522
2013-10-24,0.1149467229843139,0.22989345,16.30786895751953,0.0,34.8622,0.7582
2013-10-25,0.3377835750579834,0.67556715,15.397315502166748,0.0,34.6939,0.7494
2013-10-26,0.0,0.0,13.244956493377686,0.0,34.5312,0.7504
2013-10-27,0.0288385152816772,0.05767703,12.996249198913574,0.0,34.4051,0.7465
2013-10-28,0.0803155899047851,0.16063118,14.175798416137695,0.0,34.394,0.7852
2013-10-29,0.004107654094696,0.008215308,15.850793361663818,0.0,34.2146,0.7437
2013-10-30,0.0,0.0,16.735252380371094,0.0,34.0215,0.7423
2013-10-31,0.0,0.0,19.863614082336422,0.0,33.882,0.7413
2013-11-01,0.0,0.0,18.05584049224853,0.0,33.7583,0.7395
2013-11-02,2.657432198524475,5.314864,19.19974994659424,0.0,35.6546,1.3579
2013-11-03,6.587383031845093,13.174767,18.390769004821777,0.0,39.5222,2.0234
2013-11-04,0.5890077650547028,1.1780155,17.88129234313965,0.0,39.1513,0.7354
2013-11-05,0.0,0.0,17.507341384887695,0.0,38.7695,0.734
2013-11-06,2.634407758712769,5.2688155,17.143888473510742,0.0,40.1385,1.3221
2013-11-07,0.0884656012058258,0.1769312,16.978673934936523,0.0,39.2445,0.7312
2013-11-08,0.0517653226852417,0.103530645,17.576369285583496,0.0,38.6188,0.7299
2013-11-09,0.0,0.0,19.42168426513672,0.0,38.1041,0.7285
2013-11-10,0.0,0.0,20.26301002502441,0.0,37.7352,0.7275999999999999
2013-11-11,21.827610969543457,43.65522,17.52992057800293,0.0,50.6911,6.2785
2013-11-12,26.983718872070312,53.967438,13.661224365234377,0.0,53.5329,9.1041
2013-11-13,10.529502391815186,21.059006,13.691343784332275,0.0,51.1392,4.245
2013-11-14,0.0499102473258972,0.099820495,15.208762168884276,0.0,48.0606,0.7222
2013-11-15,0.0,0.0,14.430397033691406,0.0,46.7353,0.7215
2013-11-16,0.0638856887817382,0.12777138,14.307746410369871,0.0,45.7164,0.7208
2013-11-17,1.2435047030448914,2.4870095,11.977418422698976,0.0,45.5275,1.1103999999999998
2013-11-18,0.5997644662857056,1.1995289,10.52076768875122,0.0,44.8904,0.7192
2013-11-19,0.1307992339134216,0.26159847,9.588493824005129,0.0,44.2096,0.7183
2013-11-20,0.3478109240531921,0.69562185,9.793952941894531,0.0,43.6535,0.7174
2013-11-21,0.0,0.0,12.882055282592772,0.0,43.1426,0.7164
2013-11-22,0.0142569541931152,0.028513908,12.90024757385254,0.0,42.6352,0.7171000000000001
2013-11-23,0.1321615576744079,0.26432312,15.110616207122805,0.0,42.2416,0.7142
2013-11-24,24.418725967407227,48.837452,14.173953533172607,0.0,52.9291,9.4941
2013-11-25,0.0,0.0,10.776639461517334,0.0,48.3239,0.7123
2013-11-26,0.0,0.0,9.26735496520996,0.0,46.8713,0.734
2013-11-27,2.547625064849853,5.09525,8.943478107452393,0.0,46.6122,1.0435
2013-11-28,0.2429859638214111,0.48597193,9.337159633636476,0.0,45.7686,0.7108
2013-11-29,0.0035302639007568,0.007060528,4.8142945766448975,0.0,45.1636,0.7213
2013-11-30,0.0751900672912597,0.15038013,5.040282487869263,0.0,44.6953,0.738
2013-12-01,0.0480894446372985,0.09617889,6.41893744468689,0.0,44.1096,0.7087
2013-12-02,0.0219653844833374,0.04393077,7.296566486358643,0.0,43.5631,0.7078
2013-12-03,0.0,0.0,8.470625877380371,0.0,43.0388,0.7069
2013-12-04,0.0038139224052429,0.007627845,9.279088497161863,0.0,42.6105,0.7059
2013-12-05,0.1221134066581726,0.24422681,8.769804000854492,0.0,42.3937,0.7811
2013-12-06,0.0,0.0,11.340423107147217,0.0,42.0404,0.7038
2013-12-07,0.0,0.0,10.739736080169678,0.0,41.6518,0.7027
2013-12-08,0.0246935188770294,0.049387038,12.681125164031982,0.0,41.2738,0.7016
2013-12-09,3.798577308654785,7.5971546,14.055353164672852,0.0,43.1245,1.7989000000000002
2013-12-10,0.0453703999519348,0.0907408,8.981226921081543,0.0,42.7682,0.6993
2013-12-11,0.0,0.0,9.01081085205078,0.0,42.4925,0.6983
2013-12-12,0.2319909334182739,0.46398187,9.196219444274902,0.0,42.2927,0.697
2013-12-13,0.2752836942672729,0.5505674,11.298569679260254,0.0,42.2443,0.7737999999999999
2013-12-14,0.3701539635658264,0.7403079,10.91236400604248,0.0,42.2227,0.7532
2013-12-15,16.90312099456787,33.806244,10.449557304382324,0.0,51.3836,6.5318000000000005
2013-12-16,51.4512825012207,102.902565,8.804940223693848,0.0,54.6779,24.0554
2013-12-17,30.30037498474121,60.60075,7.135446548461914,0.0,52.4974,18.5039
2013-12-18,0.4230950474739074,0.8461901,5.650213003158569,0.0,48.4324,0.714
2013-12-19,0.0910380482673645,0.1820761,5.753540515899658,0.0,47.0268,0.7227
2013-12-20,0.0,0.0,4.328471422195435,0.0,46.1087,0.7269
2013-12-21,0.093922734260559,0.18784547,3.5974607467651367,0.0,45.4922,0.7529
2013-12-22,0.0139673352241516,0.02793467,3.117671728134156,0.0,45.0133,0.7575000000000001
2013-12-23,0.0644743740558624,0.12894875,4.929463863372803,0.0,44.4952,0.7311
2013-12-24,0.0017544701695442,0.0035089403,6.620905637741089,0.0,44.038,0.7314
2013-12-25,0.0087836980819702,0.017567396,5.711426258087158,0.0,43.7292,0.7527999999999999
2013-12-26,0.1130067110061645,0.22601342,6.215768814086914,0.0,43.4343,0.7529
2013-12-27,0.0669870376586914,0.13397408,3.356643915176392,0.0,43.1878,0.7525000000000001
2013-12-28,0.0577703118324279,0.11554062,2.5270888805389404,0.0,42.92,0.73
2013-12-29,0.0,0.0,4.509077787399292,0.0,42.6647,0.7390000000000001
2013-12-30,0.0547088980674743,0.109417796,4.151410341262817,0.0,42.6714,0.8741
2013-12-31,0.0101951360702514,0.020390272,4.832499980926514,0.0,42.498,0.7971
2014-01-01,0.0376284718513488,0.07525694,5.222541332244873,0.0,42.247,0.7432
2014-01-02,0.1255545318126678,0.25110906,8.074323892593384,0.0,41.9552,0.7318
2014-01-03,0.1475943922996521,0.29518878,12.373925685882568,0.0,41.5545,0.725
2014-01-04,0.2021427154541015,0.40428543,8.186605453491211,0.0,41.2652,0.7493
2014-01-05,0.0282474756240844,0.05649495,5.8534464836120605,0.0,41.0736,0.7605
2014-01-06,0.0,0.0,6.74020266532898,0.0,40.7526,0.7217
2014-01-07,0.2282270193099975,0.45645404,10.14295482635498,0.0,40.5874,0.784
2014-01-08,4.059355616569519,8.118711,10.685018539428713,0.0,42.0749,1.5510000000000002
2014-01-09,0.0872552394866943,0.17451048,7.732117176055908,0.0,41.9138,0.7182
2014-01-10,0.1835022270679474,0.36700445,7.446835994720459,0.0,41.7396,0.7182999999999999
2014-01-11,0.0,0.0,9.775429248809814,0.0,41.4745,0.7159
2014-01-12,0.442891925573349,0.88578385,9.226123332977297,0.0,41.3015,0.7211
2014-01-13,1.4714505076408386,2.9429011,6.450672626495361,0.0,41.4912,0.8495
2014-01-14,4.467525959014893,8.935052,5.091789722442627,0.0,43.3955,1.7909000000000002
2014-01-15,0.0684832334518432,0.13696647,4.269021272659302,0.0,43.0569,0.7111
2014-01-16,0.2427107095718383,0.48542142,5.181252241134644,0.0,42.9031,0.7866
2014-01-17,0.4318717122077942,0.8637434,6.825310468673706,0.0,42.6171,0.7282
2014-01-18,0.0,0.0,6.223846197128296,0.0,42.2307,0.7074
2014-01-19,0.0,0.0,4.939696311950684,0.0,41.8921,0.7062
2014-01-20,0.08987557888031,0.17975116,5.348065376281738,0.0,41.5637,0.705
2014-01-21,0.176263689994812,0.35252738,4.431100130081177,0.0,41.5133,0.7877
2014-01-22,0.1376514434814453,0.2753029,2.591492414474488,0.0,41.2575,0.7025
2014-01-23,0.0521894693374633,0.10437894,3.7783687114715576,0.0,41.0551,0.7147
2014-01-24,0.0976850986480712,0.1953702,6.912184000015259,0.0,40.9226,0.7567999999999999
2014-01-25,0.2215200662612915,0.44304013,7.715288400650024,0.0,40.583,0.6987
2014-01-26,0.0,0.0,9.649578094482422,0.0,40.318,0.6975
2014-01-27,0.0506952404975891,0.10139048,9.576603412628174,0.0,40.0564,0.7281000000000001
2014-01-28,0.1678254604339599,0.33565092,9.74914836883545,0.0,39.703,0.6949
2014-01-29,0.0263646841049194,0.05272937,11.851897716522217,0.0,39.31,0.695
2014-01-30,0.0,0.0,13.066137313842772,0.0,38.7936,0.6924
2014-01-31,0.1826348304748535,0.36526966,13.985004425048828,0.0,38.2769,0.6911
2014-02-01,1.0700769424438477,2.140154,14.498028755187988,0.0,38.0337,0.7757999999999999
2014-02-02,0.4016413688659668,0.80328274,14.41188097000122,0.0,37.604,0.6886
2014-02-03,0.3515828847885132,0.70316577,14.679062366485596,0.0,37.0679,0.6901
2014-02-04,0.0529485940933227,0.10589719,10.99076509475708,0.0,36.773,0.686
2014-02-05,2.566273808479309,5.1325474,8.612180709838867,0.0,38.0439,1.2402
2014-02-06,5.528180122375488,11.05636,13.295336723327637,0.0,40.1859,1.5442
2014-02-07,0.2567098140716553,0.5134196,13.151607036590576,0.0,39.9257,0.6822
2014-02-08,5.354335308074951,10.708671,8.199613809585571,0.0,43.6099,2.3021
2014-02-09,33.5178108215332,67.03562,6.500104904174805,0.0,54.0932,11.9994
2014-02-10,3.655673265457153,7.3113465,3.1482207775115967,0.0,49.6745,2.0262
2014-02-11,0.5613936185836792,1.1227872,3.968496799468994,0.0,47.6886,0.7228
2014-02-12,1.877822637557984,3.7556453,5.925800800323486,0.0,47.1026,1.0869
2014-02-13,7.689789056777954,15.379578,3.360652208328247,0.0,49.5002,3.5407
2014-02-14,0.0,0.0,3.108780860900879,0.0,47.6501,0.7025
2014-02-15,1.1057227849960327,2.2114456,4.509511947631836,0.0,47.0124,0.9799
2014-02-16,4.528768539428711,9.057537,5.895064353942871,0.0,48.3045,2.4648
2014-02-17,0.0,0.0,11.330150604248049,0.0,46.8773,0.6767
2014-02-18,12.322211265563965,24.644423,8.618343830108643,0.0,51.0722,6.3228
2014-02-19,4.034252285957336,8.068504,3.8594353199005127,0.0,49.4561,2.4696
2014-02-20,0.0,0.0,4.959258317947388,0.0,47.4449,0.6777
2014-02-21,1.6967564821243286,3.393513,5.7783379554748535,0.0,46.6826,0.9324
2014-02-22,0.0965005159378051,0.19300103,8.401857852935791,0.0,45.8894,0.7537
2014-02-23,0.0,0.0,10.592203617095947,0.0,45.0076,0.6794
2014-02-24,1.8285980224609373,3.657196,10.713629245758057,0.0,45.8052,1.6407
2014-02-25,1.6376208066940308,3.2752416,13.187249183654783,0.0,45.3132,0.6791
2014-02-26,7.728059768676758,15.45612,13.961758136749268,0.0,48.6944,4.0308
2014-02-27,0.0,0.0,14.343220710754396,0.0,46.9515,0.6783
2014-02-28,0.0,0.0,14.720438957214355,0.0,45.9201,0.6779
2014-03-01,10.8204927444458,21.640985,15.627880096435549,0.0,49.4979,4.5203
2014-03-02,16.60999631881714,33.219994,9.901598453521729,0.0,51.7899,7.4702
2014-03-03,10.55675220489502,21.113504,7.430352449417114,0.0,50.9851,5.9793
2014-03-04,11.405075073242188,22.81015,7.997048377990723,0.0,50.8768,6.4013
2014-03-05,0.0482715368270874,0.09654307,9.55653190612793,0.0,48.1044,0.6882
2014-03-06,9.125072479248049,18.250145,5.978987216949463,0.0,50.0566,5.343
2014-03-07,11.39365577697754,22.787312,5.562321186065674,0.0,50.862,6.493
2014-03-08,27.26235008239746,54.5247,6.718585014343262,0.0,52.5522,15.3453
2014-03-09,0.1821582317352295,0.36431646,8.54599142074585,0.0,48.3472,0.7152
2014-03-10,0.0534852743148803,0.10697055,9.807853698730469,0.0,46.7587,0.723
2014-03-11,3.9535279273986816,7.907056,9.622550010681152,0.0,47.474,2.3084
2014-03-12,42.84720039367676,85.6944,10.255735397338867,0.0,53.8572,24.154400000000003
2014-03-13,0.7448892593383789,1.4897785,12.679455280303957,0.0,48.4957,0.7421
2014-03-14,0.0032210350036621,0.00644207,9.814986228942873,0.0,46.944,0.8471000000000001
2014-03-15,0.0,0.0,10.93351697921753,0.0,46.0437,0.7557
2014-03-16,2.1348118782043457,4.2696238,12.585217952728271,0.0,46.9572,2.3451
2014-03-17,3.407232999801636,6.814466,15.70678997039795,0.0,46.6136,1.124
2014-03-18,0.5107021331787109,1.0214043,16.830456733703613,0.0,45.7673,0.7597
2014-03-19,1.894303321838379,3.7886066,19.80071353912353,0.0,46.9511,2.7179
2014-03-20,10.518361330032349,21.036722,14.28693962097168,0.0,49.2234,3.7885
2014-03-21,2.8558380603790283,5.711676,9.875274181365969,0.0,47.9534,1.2415
2014-03-22,0.1634345054626464,0.326869,10.450101375579834,0.0,46.7137,0.7606
2014-03-23,0.0716879367828369,0.14337587,12.436201095581056,0.0,45.6962,0.8563000000000001
2014-03-24,0.2233064174652099,0.44661283,15.081729888916016,0.0,44.6041,0.7608
2014-03-25,0.1755609512329101,0.3511219,17.4462890625,0.0,43.9942,0.9782
2014-03-26,2.569575548171997,5.139151,18.901341438293457,0.0,43.4243,0.7595
2014-03-27,17.689992904663086,35.379986,18.683587074279785,0.0,50.4236,6.9031
2014-03-28,14.960815906524658,29.92163,19.5915584564209,0.0,50.8988,5.002800000000001
2014-03-29,37.803178787231445,75.60635,18.015533447265625,0.0,53.4941,18.575100000000003
2014-03-30,1.2420389652252195,2.484078,17.109442710876465,0.0,48.3535,0.7668
2014-03-31,15.809542179107666,31.619083,13.699224472045898,0.0,51.4473,9.463
2014-04-01,0.0337653160095214,0.06753063,14.145217418670654,0.0,48.469,1.1982
2014-04-02,0.0,0.0,16.36643409729004,0.0,46.671,0.7853
2014-04-03,1.6147339344024658,3.2294679,15.86924171447754,0.0,45.9738,1.1204999999999998
2014-04-04,0.2882626056671142,0.5765252,15.981916427612305,0.0,44.8377,0.7887
2014-04-05,0.6492123603820801,1.2984247,16.484357833862305,0.0,44.4703,1.289
2014-04-06,2.143714427947998,4.287429,14.438029766082764,0.0,45.0745,1.4191
2014-04-07,6.319875717163086,12.639751,13.161795139312744,0.0,46.6386,2.2597
2014-04-08,6.318792104721069,12.637585,15.916262149810793,0.0,47.5022,2.0947
2014-04-09,0.5274364948272705,1.054873,18.77929306030273,0.0,46.1185,0.7871
2014-04-10,0.0092098712921142,0.018419743,19.535036087036133,0.0,44.8214,0.7924
2014-04-11,0.2809550762176513,0.56191015,19.828792572021484,0.0,43.6513,0.7856
2014-04-12,0.0,0.0,21.631001472473145,0.0,42.6692,0.8331999999999999
2014-04-13,1.293595790863037,2.5871916,21.455984115600582,0.0,41.9324,0.7835
2014-04-14,0.0,0.0,17.635478019714355,0.0,41.3416,0.7823
2014-04-15,0.0805569887161254,0.16111398,18.781868934631348,0.0,40.3194,0.781
2014-04-16,0.1058137416839599,0.21162748,21.364856719970703,0.0,39.6787,0.9182
2014-04-17,0.0250306129455566,0.050061226,23.51108455657959,0.0,38.6749,0.7784
2014-04-18,0.0,0.0,24.324776649475098,0.0,37.4802,0.777
2014-04-19,0.2933278083801269,0.5866556,24.57124614715576,0.0,37.1892,1.0596
2014-04-20,17.598662853240967,35.197327,20.11866283416748,0.0,47.902,5.822100000000001
2014-04-21,0.4184098243713379,0.83681965,20.24113941192627,0.0,45.9536,0.7728
2014-04-22,17.499477863311768,34.998955,18.095702171325684,0.0,52.1254,6.7859
2014-04-23,21.38627815246582,42.772556,14.495548248291016,0.0,52.7001,8.7066
2014-04-24,34.139041900634766,68.27808,13.344826698303224,0.0,53.4916,17.0118
2014-04-25,41.04808807373047,82.096176,16.66698169708252,0.0,53.0955,24.8607
2014-04-26,37.05380439758301,74.107605,18.081520080566406,0.0,52.4977,27.184
2014-04-27,0.3443565368652344,0.6887131,20.2474365234375,0.0,48.3011,0.8138
2014-04-28,0.3516426086425781,0.7032852,19.54543972015381,0.0,46.4416,0.8221
2014-04-29,0.1748189926147461,0.349638,18.936159133911133,0.0,45.2528,0.8249
2014-04-30,1.6456055641174316,3.2912111,15.391315460205078,0.0,45.6253,1.6976
2014-05-01,0.2167401313781738,0.43348026,18.039623260498047,0.0,44.789,0.8284999999999999
2014-05-02,0.0,0.0,20.11566925048828,0.0,44.7787,1.6973
2014-05-03,1.0503687858581543,2.1007376,20.162429809570312,0.0,44.0432,0.8827
2014-05-04,25.587541580200195,51.175083,19.81272792816162,0.0,53.177,13.1277
2014-05-05,12.874730110168455,25.74946,14.952030658721924,0.0,51.2351,6.652100000000001
2014-05-06,0.0,0.0,15.18394660949707,0.0,47.8903,0.828
2014-05-07,0.7147641181945801,1.4295282,15.197485446929932,0.0,46.4779,0.8973
2014-05-08,0.181488037109375,0.36297607,19.27448558807373,0.0,45.0354,0.8317
2014-05-09,9.504432201385498,19.008865,16.693513870239258,0.0,50.3094,6.693700000000001
2014-05-10,0.4496705532073974,0.8993411,19.7359676361084,0.0,47.8633,0.8319
2014-05-11,1.9116871356964111,3.8233743,22.39176273345948,0.0,47.2617,1.8418
2014-05-12,12.374626636505129,24.749252,21.833016395568848,0.0,50.7255,5.918200000000001
2014-05-13,6.720928072929382,13.441856,22.98306369781494,0.0,48.9097,1.9903
2014-05-14,21.932271480560303,43.864544,24.07688617706299,0.0,51.593,8.2939
2014-05-15,37.55353546142578,75.10707,22.63553142547608,0.0,53.2076,21.5844
2014-05-16,4.269317865371704,8.538635,20.989032745361328,0.0,48.6754,1.1754
2014-05-17,43.23417091369629,86.46834,20.75141143798828,0.0,53.4354,26.0321
2014-05-18,37.1991024017334,74.39821,22.612351417541504,0.0,52.2253,24.1336
2014-05-19,27.131696701049805,54.263393,22.87282371520996,0.0,51.9192,15.551900000000002
2014-05-20,20.87617015838623,41.752342,23.46630096435547,0.0,51.4935,11.5346
2014-05-21,16.194532871246338,32.389065,20.88797092437744,0.0,51.0192,8.6049
2014-05-22,89.8669319152832,179.73386,17.87396240234375,0.0,53.3459,73.47510000000001
2014-05-23,2.7041711807250977,5.4083424,19.986167907714844,0.0,48.5424,0.9594
2014-05-24,3.3776533603668213,6.7553067,23.05787849426269,0.0,48.0721,2.9424
2014-05-25,4.23195493221283,8.46391,24.025137901306152,0.0,47.2395,1.3138
2014-05-26,6.67452073097229,13.349041,23.754504203796387,0.0,47.2211,1.8129
2014-05-27,1.1931438446044922,2.3862877,23.418631553649902,0.0,46.1012,0.974
2014-05-28,0.1972036361694336,0.39440727,23.362372398376465,0.0,44.8293,0.9731
2014-05-29,0.2870345115661621,0.574069,22.16245174407959,0.0,44.845,1.6453
2014-05-30,3.125704288482666,6.2514086,22.312003135681152,0.0,44.9577,1.2747000000000002
2014-05-31,15.901870250701904,31.803741,23.32533550262451,0.0,50.1846,6.04
2014-06-01,0.0,0.0,26.117477416992188,0.0,47.2738,0.9694
2014-06-02,34.37689018249512,68.753784,23.93600559234619,0.0,53.3874,16.181
2014-06-03,0.2008142471313476,0.4016285,24.954962730407715,0.0,47.9566,0.9642
2014-06-04,0.3295736312866211,0.65914726,24.75104522705078,0.0,46.0706,1.01
2014-06-05,0.9957523345947266,1.9915047,23.888012886047363,0.0,45.2784,0.963
2014-06-06,23.11023235321045,46.220467,22.17636203765869,0.0,52.749,12.4537
2014-06-07,8.38647747039795,16.772955,22.92724704742432,0.0,50.0691,4.0481
2014-06-08,0.0356948375701904,0.071389675,25.308040618896484,0.0,47.1497,0.9652
2014-06-09,0.1309287548065185,0.2618575,25.21227264404297,0.0,45.3131,0.9641
2014-06-10,0.4702646732330322,0.94052935,25.54291343688965,0.0,43.8023,0.9612
2014-06-11,0.0409102439880371,0.08182049,25.707140922546387,0.0,43.47,1.5465
2014-06-12,0.0,0.0,24.68382358551025,0.0,42.3428,0.9541
2014-06-13,0.501392126083374,1.0027843,24.314416885375977,0.0,41.0129,0.9501
2014-06-14,0.0,0.0,25.4768934249878,0.0,39.6707,0.9456
2014-06-15,2.361001968383789,4.722004,24.554481506347656,0.0,39.2644,1.2116
2014-06-16,10.247473239898682,20.494946,24.270047187805176,0.0,45.2935,4.08
2014-06-17,10.255920886993408,20.51184,25.53162956237793,0.0,44.6374,0.9372
2014-06-18,72.25788116455078,144.51576,23.256237030029297,0.0,55.3917,33.281000000000006
2014-06-19,27.892953872680664,55.785908,22.685115814208984,0.0,51.9684,15.8056
2014-06-20,10.105579376220703,20.211159,24.21576881408692,0.0,50.0094,5.0760000000000005
2014-06-21,0.2186598777770996,0.43731976,26.06114387512207,0.0,47.2783,0.9634
2014-06-22,10.361600875854492,20.723202,25.123750686645508,0.0,49.3851,5.2608
2014-06-23,28.552738189697266,57.105476,22.995698928833008,0.0,52.5365,12.9527
2014-06-24,33.94562530517578,67.89125,21.21966361999512,0.0,52.5643,18.3374
2014-06-25,8.894139528274536,17.788279,24.68595027923584,0.0,49.4295,3.4315
2014-06-26,0.1768043041229248,0.3536086,26.167611122131348,0.0,47.0806,0.9969
2014-06-27,0.922616720199585,1.8452334,26.874635696411133,0.0,45.3632,0.9979
2014-06-28,19.56265163421631,39.125305,26.144431114196777,0.0,51.272,9.1707
2014-06-29,17.138835430145264,34.27767,25.76985263824463,0.0,50.8932,6.019500000000001
2014-06-30,4.065161943435669,8.130323,26.375168800354004,0.0,47.8604,0.9976
2014-07-01,1.6079272031784058,3.2158544,27.353191375732425,0.0,46.0619,0.998
2014-07-02,0.1082074642181396,0.21641493,27.864574432373047,0.0,44.5448,0.996
2014-07-03,9.658835411071776,19.31767,26.50422954559326,0.0,47.8811,4.6189
2014-07-04,2.634901523590088,5.269803,27.641817092895508,0.0,46.4767,0.9906
2014-07-05,1.5518221855163574,3.1036444,27.642830848693848,0.0,45.6119,1.4287
2014-07-06,0.4571177959442138,0.9142356,28.41220569610596,0.0,44.3202,0.9847
2014-07-07,1.79115629196167,3.5823126,27.526143074035645,0.0,44.3376,1.7728
2014-07-08,1.0528552532196045,2.1057105,27.254817962646484,0.0,43.5019,0.9776
2014-07-09,0.6244519948959351,1.248904,28.05688095092773,0.0,42.3207,0.9742
2014-07-10,1.063000738620758,2.1260014,28.27239799499512,0.0,41.2312,0.9702
2014-07-11,1.72507643699646,3.4501529,28.549077033996586,0.0,40.1177,0.9705
2014-07-12,1.613106369972229,3.2262127,28.94057273864746,0.0,39.344,0.9622
2014-07-13,0.9765570163726808,1.953114,28.87082576751709,0.0,38.2845,0.9584
2014-07-14,33.22254657745361,66.44509,23.91547679901123,0.0,54.0899,12.7673
2014-07-15,7.956125259399414,15.9122505,25.51597785949707,0.0,49.4975,2.0472
2014-07-16,0.5402999520301819,1.0805999,26.76047134399414,0.0,47.0762,0.952
2014-07-17,0.1250604391098022,0.25012088,28.45259380340576,0.0,45.2844,0.949
2014-07-18,3.9593411684036255,7.918682,27.572400093078613,0.0,46.4368,2.4752
2014-07-19,1.3414162397384644,2.6828325,27.260533332824707,0.0,45.2181,0.9431
2014-07-20,0.8374221324920654,1.6748443,27.995210647583008,0.0,44.8856,1.4666
2014-07-21,0.0918707847595214,0.18374157,28.37490177154541,0.0,43.9019,0.9381
2014-07-22,0.4328620433807373,0.8657241,28.40003967285156,0.0,43.5989,1.5133
2014-07-23,33.576720237731934,67.15344,24.7357759475708,0.0,53.7979,11.8326
2014-07-24,69.3321533203125,138.6643,23.58574390411377,0.0,54.8041,40.6946
2014-07-25,6.5197062492370605,13.0394125,25.988630294799805,0.0,48.7468,1.2014
2014-07-26,0.7774347066879272,1.5548694,27.215970993041992,0.0,46.4941,0.9553
2014-07-27,2.9444468021392822,5.8888936,27.71016502380371,0.0,46.5187,2.4185
2014-07-28,15.536400318145752,31.0728,25.80446529388428,0.0,50.4713,6.2461
2014-07-29,0.8364124298095703,1.6728249,26.38026237487793,0.0,47.5581,0.9552
2014-07-30,0.1412506103515625,0.28250122,27.52729225158692,0.0,45.6306,0.9536
2014-07-31,0.4733967781066894,0.94679356,28.30862236022949,0.0,44.5316,1.1752
2014-08-01,0.8049445152282715,1.609889,27.5317964553833,0.0,43.6679,0.9568
2014-08-02,7.157359600067139,14.314719,26.35538005828857,0.0,46.6558,3.7729
2014-08-03,4.4668461084365845,8.933692,26.81684875488281,0.0,46.3311,1.2315
2014-08-04,0.3331195116043091,0.666239,27.69565200805664,0.0,45.0311,0.944
2014-08-05,0.0,0.0,28.34852504730225,0.0,44.84,1.6004
2014-08-06,11.49365758895874,22.987316,26.53524398803711,0.0,49.0185,4.2067
2014-08-07,6.349392652511597,12.698786,26.989792823791504,0.0,47.7707,1.2497
2014-08-08,9.365850925445557,18.7317,27.27133846282959,0.0,48.8449,2.8273
2014-08-09,4.533949017524719,9.067898,27.16991806030273,0.0,48.0137,1.5619
2014-08-10,13.791676044464111,27.583351,26.538169860839844,0.0,49.9734,4.1753
2014-08-11,7.984532117843628,15.969065,26.756606101989743,0.0,48.7344,1.9855
2014-08-12,18.264562606811523,36.529125,25.29512023925781,0.0,51.8785,8.4321
2014-08-13,26.54030418395996,53.08061,24.87902069091797,0.0,52.427,12.7595
2014-08-14,20.63688087463379,41.27376,25.095897674560547,0.0,51.2807,9.3465
2014-08-15,1.9912711381912231,3.9825423,25.712218284606934,0.0,47.9882,0.9522
2014-08-16,4.264420747756958,8.528841,26.4319076538086,0.0,47.8492,3.0033
2014-08-17,10.629709243774414,21.259418,25.41709613800049,0.0,49.0632,3.6783
2014-08-18,4.985256671905518,9.970513,25.40751266479492,0.0,47.3231,0.9585
2014-08-19,37.3381290435791,74.676254,23.90265846252441,0.0,53.4696,19.637
2014-08-20,47.28650665283203,94.57301,22.438873291015625,0.0,52.9997,30.3729
2014-08-21,1.7367584705352783,3.473517,24.04688835144043,0.0,48.4014,0.9857
2014-08-22,4.184511423110962,8.369022,25.490026473999023,0.0,46.9635,1.673
2014-08-23,7.0181498527526855,14.0363,26.35746955871582,0.0,46.3047,1.0889
2014-08-24,0.8204536437988281,1.6409073,27.103498458862305,0.0,45.2071,1.0676
2014-08-25,1.981047511100769,3.962095,27.10562801361084,0.0,44.3722,1.2858
2014-08-26,6.4990010261535645,12.998002,26.31395149230957,0.0,44.6457,1.5415
2014-08-27,0.6261670589447021,1.2523341,27.11543846130371,0.0,43.3611,0.9898
2014-08-28,11.040521621704102,22.081043,26.01128101348877,0.0,47.9157,5.0732
2014-08-29,24.38000869750977,48.760017,24.84774398803711,0.0,52.5195,9.6047
2014-08-30,2.2014418840408325,4.4028835,24.784587860107425,0.0,48.254,0.983
2014-08-31,0.2714972496032715,0.5429945,25.49635887145996,0.0,46.334,0.9821
2014-09-01,0.3838770389556885,0.7677541,26.2902946472168,0.0,45.1319,0.9799
2014-09-02,2.199806571006775,4.3996134,26.50070858001709,0.0,44.2879,1.0543
2014-09-03,7.72916841506958,15.458337,24.651945114135746,0.0,46.4085,3.1699
2014-09-04,0.6769829988479614,1.353966,23.86054420471192,0.0,45.201,0.9718
2014-09-05,3.809802651405336,7.619605,24.395957946777344,0.0,45.0634,1.5779
2014-09-06,0.0,0.0,26.157690048217773,0.0,44.0139,0.966
2014-09-07,0.4304203987121582,0.8608408,26.48279857635498,0.0,42.9363,0.9631
2014-09-08,0.0348702669143676,0.069740534,27.41123008728028,0.0,41.9585,0.9605
2014-09-09,1.56091570854187,3.1218314,26.924654960632324,0.0,42.028,1.4969
2014-09-10,10.932316303253174,21.864632,26.490964889526367,0.0,44.5086,2.3511
2014-09-11,4.324141979217529,8.648284,26.0966272354126,0.0,44.2029,0.9875
2014-09-12,0.0926084518432617,0.1852169,27.19475746154785,0.0,43.3654,0.9912
2014-09-13,4.143400192260742,8.2868,26.72036361694336,0.0,44.2017,1.8934
2014-09-14,3.89898669719696,7.7979736,25.528176307678223,0.0,44.211,1.1877
2014-09-15,0.1209264993667602,0.241853,25.099833488464355,0.0,43.3476,0.9486
2014-09-16,3.161942958831787,6.323886,26.86586093902588,0.0,44.1193,1.782
2014-09-17,0.0,0.0,26.963518142700195,0.0,43.2436,0.9452
2014-09-18,0.4176755547523498,0.8353511,26.88473224639893,0.0,41.9652,0.9435
2014-09-19,1.3111125230789185,2.622225,25.87564849853516,0.0,41.6714,1.2376
2014-09-20,8.167967796325684,16.335936,22.624754905700684,0.0,45.0894,2.5777
2014-09-21,11.930002212524414,23.860004,20.73218059539795,0.0,50.7255,4.9309
2014-09-22,0.0,0.0,21.537353515625,0.0,47.7029,0.9369
2014-09-23,0.0,0.0,22.828164100646973,0.0,46.0393,0.9354
2014-09-24,0.5906744003295898,1.1813488,23.26995182037353,0.0,45.9328,1.5579999999999998
2014-09-25,15.02514362335205,30.050287,24.801761627197266,0.0,51.1508,5.1967
2014-09-26,1.9067827463150024,3.8135655,24.857580184936523,0.0,48.0314,0.9312
2014-09-27,0.2602721750736236,0.52054435,25.266657829284668,0.0,46.3074,0.9301
2014-09-28,1.2679132223129272,2.5358264,25.44705867767334,0.0,45.2287,0.929
2014-09-29,0.2148290872573852,0.42965817,25.92669582366944,0.0,43.8155,0.9277
2014-09-30,5.910023212432861,11.820046,24.803385734558105,0.0,46.9236,3.2288
2014-10-01,7.894214868545532,15.788429,23.324264526367188,0.0,48.4807,2.4672
2014-10-02,0.1328895390033722,0.26577908,24.073601722717285,0.0,46.4914,0.9237
2014-10-03,0.1075523495674133,0.2151047,22.873284339904785,0.0,44.9832,0.9225
2014-10-04,0.9147579669952391,1.8295159,20.847268104553223,0.0,45.2256,1.7214
2014-10-05,0.2615071535110473,0.5230143,19.455416679382324,0.0,44.0161,0.9197
2014-10-06,0.3246567249298095,0.64931345,19.3189001083374,0.0,42.9531,0.9822
2014-10-07,0.0793070793151855,0.15861416,18.53718376159668,0.0,41.7777,0.9168
2014-10-08,0.0799182057380676,0.15983641,18.470428466796875,0.0,40.4672,0.9153
2014-10-09,0.1757310628890991,0.35146213,19.259885787963867,0.0,39.5794,0.9182
2014-10-10,0.0,0.0,21.517070770263672,0.0,38.9436,0.9122
2014-10-11,0.0883554816246032,0.17671096,21.42180728912353,0.0,38.0792,0.9106
2014-10-12,0.027789294719696,0.05557859,20.151609420776367,0.0,37.2129,0.909
2014-10-13,0.1447025537490844,0.2894051,18.7430362701416,0.0,37.2201,1.1088
2014-10-14,0.1735424995422363,0.347085,17.012242317199707,0.0,36.8957,0.9057
2014-10-15,0.0258734226226806,0.051746845,16.909963607788086,0.0,36.3893,0.904
2014-10-16,0.0,0.0,17.506150245666504,0.0,35.9514,0.9053
2014-10-17,0.0,0.0,16.445178985595703,0.0,35.5226,0.9007
2014-10-18,0.0006707906723022,0.0013415813,17.539527893066406,0.0,35.108,0.8991
2014-10-19,0.0324400663375854,0.06488013,18.61005973815918,0.0,35.2075,1.041
2014-10-20,0.0,0.0,20.20453453063965,0.0,34.7808,0.8957
2014-10-21,3.2494553327560425,6.498911,21.99500274658203,0.0,37.0855,1.8032
2014-10-22,0.5443713665008545,1.0887427,20.383411407470703,0.0,36.8595,0.8924
2014-10-23,0.1301534175872802,0.26030684,19.14809226989746,0.0,36.4868,0.8907
2014-10-24,0.1149467229843139,0.22989345,18.158848762512207,0.0,36.1307,0.8891
2014-10-25,0.3377835750579834,0.67556715,18.19355010986328,0.0,35.74,0.8991
2014-10-26,0.0,0.0,19.02227210998535,0.0,35.442,0.8857
2014-10-27,0.0288385152816772,0.05767703,20.368041038513184,0.0,35.0587,0.886
2014-10-28,0.0803155899047851,0.16063118,18.781413078308105,0.0,34.8629,0.8824
2014-10-29,0.004107654094696,0.008215308,18.935290336608887,0.0,34.6204,0.8807
2014-10-30,0.0,0.0,20.61307430267334,0.0,34.4121,0.8791
2014-10-31,0.0,0.0,21.01286220550537,0.0,34.2692,0.8776999999999999
2014-11-01,0.0,0.0,22.420079231262207,0.0,34.1013,0.8758
2014-11-02,13.742969036102297,27.485939,18.237892150878903,0.0,44.0752,4.3884
2014-11-03,0.3306368142366409,0.6612736,15.346020698547363,0.0,43.1263,0.8725
2014-11-04,0.0,0.0,14.447080612182615,0.0,41.9955,0.8709
2014-11-05,0.0,0.0,15.328304767608644,0.0,41.1209,0.8692
2014-11-06,0.0891128480434417,0.1782257,16.958779335021973,0.0,40.6543,0.871
2014-11-07,0.8712679147720337,1.7425358,15.6141357421875,0.0,40.466,0.866
2014-11-08,12.174689292907717,24.349379,14.512144565582275,0.0,47.8403,4.0634
2014-11-09,0.0,0.0,16.046509265899658,0.0,46.0868,0.8627
2014-11-10,0.1551674306392669,0.31033486,16.28482675552368,0.0,45.4798,1.0278
2014-11-11,0.4522425234317779,0.90448505,16.164649963378906,0.0,45.0028,0.8604
2014-11-12,3.7357176542282096,7.4714355,14.648282527923584,0.0,46.1744,1.6031
2014-11-13,2.498621106147766,4.997242,13.912669658660889,0.0,46.4237,1.2418
2014-11-14,0.4008090794086456,0.80161816,13.7499098777771,0.0,45.4817,0.8547
2014-11-15,0.0,0.0,12.247289657592772,0.0,44.6963,0.8531
2014-11-16,0.4134386777877807,0.82687736,14.99274444580078,0.0,43.9407,0.8515
2014-11-17,1.2435047030448914,2.4870095,14.895140647888184,0.0,43.8637,1.0097
2014-11-18,0.5997644662857056,1.1995289,13.371214389801024,0.0,43.2578,0.8483
2014-11-19,0.1307992339134216,0.26159847,11.945748805999756,0.0,42.4351,0.8468
2014-11-20,0.3478109240531921,0.69562185,12.95103359222412,0.0,41.6972,0.8452
2014-11-21,0.0647332966327667,0.1294666,15.558724880218506,0.0,41.048,0.8436
2014-11-22,0.0197837948799133,0.03956759,16.504910469055176,0.0,40.3079,0.8436
2014-11-23,0.1321615576744079,0.26432312,17.80129337310791,0.0,39.6482,0.8405
2014-11-24,0.0590896308422088,0.11817926,18.51202964782715,0.0,38.6898,0.8389
2014-11-25,0.0912412405014038,0.18248248,17.34206199645996,0.0,38.0339,0.8373
2014-11-26,0.0,0.0,16.255730628967285,0.0,37.6852,0.85
2014-11-27,0.0,0.0,17.44794273376465,0.0,37.3043,0.8342
2014-11-28,0.2297953367233276,0.45959067,17.904908180236816,0.0,36.8466,0.8326
2014-11-29,0.0535955429077148,0.107191086,19.01988410949707,0.0,36.5231,0.8318
2014-11-30,10.609130382537842,21.218262,18.53562641143799,0.0,42.984,3.24
2014-12-01,0.0942127108573913,0.18842542,14.205782890319824,0.0,42.2135,0.8325
2014-12-02,0.0219653844833374,0.04393077,10.75696897506714,0.0,41.4972,0.8264
2014-12-03,6.964113235473633,13.928226,11.377127647399902,0.0,45.1006,2.5284
2014-12-04,14.705701351165771,29.411404,8.409033298492432,0.0,51.1577,4.7597
2014-12-05,0.1221134066581726,0.24422681,7.966363430023193,0.0,47.994,0.8218
2014-12-06,0.0,0.0,7.431595325469971,0.0,46.5654,0.8203
2014-12-07,0.0,0.0,9.576868057250977,0.0,45.6431,0.8188
2014-12-08,0.0246935188770294,0.049387038,12.693185329437256,0.0,44.85,0.8173
2014-12-09,0.06461101770401,0.12922204,10.57786750793457,0.0,44.2355,0.8158
2014-12-10,0.0520118474960327,0.104023695,11.576498985290527,0.0,43.702,0.8144
2014-12-11,0.0,0.0,10.06764554977417,0.0,43.3884,0.8148
2014-12-12,0.1703063249588012,0.34061265,7.943684101104736,0.0,43.0637,0.8114
2014-12-13,0.0,0.0,5.547819137573242,0.0,42.8013,0.8493999999999999
2014-12-14,0.0214858353137969,0.04297167,5.668501138687134,0.0,42.5556,0.8557
2014-12-15,0.0877276062965393,0.17545521,8.957913398742676,0.0,42.2436,0.807
2014-12-16,0.0360821187496185,0.07216424,8.64287805557251,0.0,41.9026,0.8167
2014-12-17,0.037631943821907,0.07526389,4.37995171546936,0.0,41.5327,0.8041
2014-12-18,0.0,0.0,3.910536289215088,0.0,41.1041,0.8026
2014-12-19,0.1484151482582092,0.2968303,5.642334461212158,0.0,40.7779,0.8012
2014-12-20,0.0,0.0,5.813163757324219,0.0,40.2817,0.7997
2014-12-21,0.093922734260559,0.18784547,6.036454439163208,0.0,39.8801,0.8017
2014-12-22,0.0139673352241516,0.02793467,3.96297550201416,0.0,39.6133,0.8133999999999999
2014-12-23,0.0644743740558624,0.12894875,5.849050045013428,0.0,39.1602,0.7953
2014-12-24,0.0017544701695442,0.0035089403,9.507502555847168,0.0,38.5915,0.7938
2014-12-25,0.0087836980819702,0.017567396,10.92695140838623,0.0,38.1924,0.8067
2014-12-26,0.3195284605026245,0.6390569,11.590843677520752,0.0,38.1336,0.7909
2014-12-27,1.1077794432640076,2.215559,9.25652313232422,0.0,38.32,0.9279
2014-12-28,1.8366479873657229,3.673296,7.895349502563477,0.0,39.1242,1.1009
2014-12-29,0.0,0.0,5.836456060409546,0.0,38.7953,0.7865
2014-12-30,0.0547088980674743,0.109417796,3.993272304534912,0.0,38.7524,0.8474
2014-12-31,0.0101951360702514,0.020390272,5.156661987304688,0.0,38.4924,0.8038
2015-01-01,0.0376284718513488,0.07525694,5.324247598648071,0.0,38.1822,0.7849
2015-01-02,0.1255545318126678,0.25110906,5.276944875717163,0.0,37.9494,0.7907
2015-01-03,0.1475943922996521,0.29518878,7.358293056488037,0.0,37.7104,0.7823
2015-01-04,0.2021427154541015,0.40428543,8.733968734741211,0.0,37.4361,0.7778
2015-01-05,0.0282474756240844,0.05649495,9.022226333618164,0.0,37.2297,0.7764
2015-01-06,0.0,0.0,14.554115772247314,0.0,36.9566,0.7749
2015-01-07,5.715248107910156,11.430496,9.372812747955322,0.0,40.7071,2.2359
2015-01-08,0.1230908632278442,0.24618173,6.56731915473938,0.0,40.2937,0.7809
2015-01-09,0.0811048746109008,0.16220975,6.113050699234009,0.0,39.7498,0.7706
2015-01-10,0.1961869895458221,0.39237398,7.790955305099487,0.0,39.4453,0.7699
2015-01-11,0.0,0.0,9.231921195983888,0.0,38.9562,0.7677
2015-01-12,3.391759157180786,6.7835183,8.110907793045044,0.0,40.8326,1.5468
2015-01-13,40.69165229797363,81.3833,5.494354486465454,0.0,54.6341,13.8762
2015-01-14,0.0732403993606567,0.1464808,7.413459062576294,0.0,48.6202,0.7637
2015-01-15,0.0684832334518432,0.13696647,7.326598405838013,0.0,47.0538,0.7631
2015-01-16,0.2427107095718383,0.48542142,7.553044080734253,0.0,46.318,0.9194
2015-01-17,0.4318717122077942,0.8637434,6.905541181564331,0.0,45.6176,0.7619
2015-01-18,0.0,0.0,7.495164394378662,0.0,44.938,0.7611
2015-01-19,0.0,0.0,7.534780025482178,0.0,44.3276,0.7603
2015-01-20,0.08987557888031,0.17975116,7.515077352523804,0.0,43.7859,0.7593
2015-01-21,0.2015516757965088,0.40310335,9.712431907653809,0.0,43.6484,0.9496
2015-01-22,0.1376514434814453,0.2753029,7.249020338058472,0.0,43.1662,0.7572
2015-01-23,0.0521894693374633,0.10437894,7.026666641235352,0.0,42.787,0.7597
2015-01-24,0.0976850986480712,0.1953702,9.177308082580566,0.0,42.3899,0.7655
2015-01-25,3.70414662361145,7.4082932,11.871833324432371,0.0,43.157,1.1829
2015-01-26,0.1226580739021301,0.24531615,13.689087390899658,0.0,42.829,0.7526
2015-01-27,0.1127036809921264,0.22540736,12.828197002410889,0.0,42.6627,0.8084
2015-01-28,0.1862765550613403,0.3725531,10.150069236755373,0.0,42.4595,0.7502
2015-01-29,0.0263646841049194,0.05272937,11.121694564819336,0.0,42.0659,0.7501
2015-01-30,0.2680761218070984,0.53615224,7.106836318969727,0.0,41.8278,0.7477
2015-01-31,0.4169343709945678,0.83386874,5.806790828704834,0.0,41.7029,0.7478999999999999
2015-02-01,1.19332754611969,2.386655,6.3632519245147705,0.0,41.7675,0.8185
2015-02-02,0.4074227809906006,0.81484556,8.320647954940796,0.0,41.6443,0.7439
2015-02-03,0.4512754678726196,0.90255094,9.626165390014648,0.0,41.432,0.7529
2015-02-04,1.7202031016349792,3.4404063,7.774911403656006,0.0,41.2954,0.7413
2015-02-05,0.0797183513641357,0.1594367,7.184638977050781,0.0,40.9917,0.7401
2015-02-06,0.8893551826477051,1.7787104,6.277610063552856,0.0,40.7995,0.7672
2015-02-07,0.0,0.0,7.905570268630981,0.0,40.3932,0.7375
2015-02-08,1.385819435119629,2.7716389,10.43300199508667,0.0,41.0705,1.1856
2015-02-09,0.280670166015625,0.56134033,7.1847193241119385,0.0,40.7756,0.7349
2015-02-10,0.6030471324920654,1.2060943,6.037855625152588,0.0,40.7355,0.8281000000000001
2015-02-11,0.4931401014328003,0.9862802,9.30245065689087,0.0,40.2442,0.7322
2015-02-12,1.6264933943748474,3.252987,9.306330680847168,0.0,40.2517,0.9633
2015-02-13,1.1585394144058228,2.3170788,8.758471012115479,0.0,39.9791,0.7896000000000001
2015-02-14,0.0,0.0,9.164037704467772,0.0,39.4968,0.7283
2015-02-15,12.303699493408203,24.607399,9.823967933654783,0.0,47.6668,4.448
2015-02-16,0.0,0.0,13.327882289886476,0.0,45.9367,0.7256
2015-02-17,0.0,0.0,12.908357620239258,0.0,44.8212,0.7243
2015-02-18,0.2734334468841553,0.5468669,12.968039989471436,0.0,44.5376,0.9576
2015-02-19,0.0,0.0,12.557599544525146,0.0,43.7468,0.7217
2015-02-20,3.027381420135498,6.054763,10.651426315307615,0.0,45.2241,1.7301000000000002
2015-02-21,8.171072959899902,16.342146,12.137386798858644,0.0,48.4463,2.6754
2015-02-22,0.1280899047851562,0.2561798,14.24337100982666,0.0,46.8973,0.7178
2015-02-23,2.41792368888855,4.8358474,12.979120254516602,0.0,47.4228,1.5489000000000002
2015-02-24,9.696940898895264,19.393883,14.446232795715332,0.0,49.9095,3.0795
2015-02-25,1.2352213859558103,2.4704428,16.524471759796143,0.0,47.5202,0.7142
2015-02-26,1.6177445650100708,3.2354891,15.884491920471191,0.0,47.2182,1.3967
2015-02-27,0.0,0.0,12.612852096557615,0.0,46.177,0.712
2015-02-28,3.211068153381348,6.4221363,12.262839317321776,0.0,47.1719,1.8713
2015-03-01,8.203508853912354,16.407017,7.923237562179565,0.0,49.2577,2.726
2015-03-02,0.1914421319961547,0.38288426,8.191770792007446,0.0,47.4981,0.7089
2015-03-03,7.617814064025879,15.235628,9.680322170257568,0.0,50.2238,3.7346
2015-03-04,21.378910064697266,42.75782,7.755629539489746,0.0,52.8286,9.368
2015-03-05,16.030060291290283,32.06012,6.017901420593262,0.0,51.9216,8.063600000000001
2015-03-06,16.27158260345459,32.543167,7.302732229232788,0.0,51.7651,8.805
2015-03-07,2.930682182312012,5.8613644,9.059401988983154,0.0,48.8192,1.5659
2015-03-08,6.3677637577056885,12.735527,10.72080421447754,0.0,48.7414,2.5996
2015-03-09,0.8070552349090576,1.6141105,14.22849988937378,0.0,46.9754,0.7252
2015-03-10,1.6627461910247805,3.3254924,9.064073085784912,0.0,45.9499,0.7386999999999999
2015-03-11,10.538967609405518,21.077934,6.73355770111084,0.0,49.4566,4.7973
2015-03-12,0.5156950950622559,1.0313902,9.4607515335083,0.0,47.6102,0.7293
2015-03-13,0.4387083053588867,0.8774166,11.624103546142578,0.0,46.5759,1.0501
2015-03-14,13.873197555541992,27.746395,12.536660194396973,0.0,50.6862,6.2439
2015-03-15,20.70921754837036,41.418434,14.008577823638916,0.0,52.285,11.0975
2015-03-16,2.637346029281616,5.274692,17.173574447631836,0.0,48.6349,1.1424
2015-03-17,0.3612754344940185,0.72255087,20.0274076461792,0.0,46.8886,0.7445
2015-03-18,0.4923114776611328,0.98462296,22.41816997528076,0.0,46.2046,1.4185
2015-03-19,0.4373788833618164,0.87475777,22.82161808013916,0.0,45.4131,0.7487
2015-03-20,0.6850521564483643,1.3701043,21.67921161651612,0.0,44.6351,1.0272
2015-03-21,1.295102834701538,2.5902057,18.875088691711422,0.0,44.2618,0.749
2015-03-22,0.1873483657836914,0.37469673,16.05766725540161,0.0,44.7987,1.5935
2015-03-23,19.44357204437256,38.887146,10.451805591583252,0.0,51.515,7.8372
2015-03-24,0.2479078769683838,0.49581575,11.512057781219482,0.0,48.0154,0.7481
2015-03-25,0.1755609512329101,0.3511219,11.200550079345703,0.0,46.9146,1.0156
2015-03-26,5.886112928390503,11.772226,9.400442123413086,0.0,48.1871,2.6379
2015-03-27,1.8188815116882324,3.637763,12.979990005493164,0.0,46.6788,0.749
2015-03-28,0.1441049575805664,0.28820992,14.45668077468872,0.0,45.3364,0.749
2015-03-29,0.0595245361328125,0.11904907,17.355432510375977,0.0,44.2045,0.7486
2015-03-30,5.611016035079956,11.222033,18.86485385894776,0.0,46.5888,3.0681000000000003
2015-03-31,0.7768256664276123,1.5536513,21.17637252807617,0.0,45.533,0.7471
2015-04-01,0.0,0.0,22.7784481048584,0.0,45.4296,1.5728
2015-04-02,0.0,0.0,24.096969604492188,0.0,43.9921,0.7452
2015-04-03,0.0,0.0,24.606285095214844,0.0,42.6667,0.7441
2015-04-04,0.0,0.0,25.95216083526612,0.0,41.3221,0.7429
2015-04-05,0.6492123603820801,1.2984247,25.09056568145752,0.0,40.9731,1.1336
2015-04-06,9.277731895446776,18.555464,23.90680885314941,0.0,43.4237,2.0099
2015-04-07,11.331239223480225,22.66248,14.961196899414062,0.0,46.7887,2.7932
2015-04-08,8.141035079956055,16.28207,9.885568141937256,0.0,48.9423,2.9253
2015-04-09,26.61854648590088,53.23709,9.39311170578003,0.0,53.303,11.194
2015-04-10,4.318775296211243,8.63755,11.219718933105469,0.0,49.4472,2.0904
2015-04-11,0.7877774238586426,1.5755548,12.270086765289308,0.0,47.4266,0.7387
2015-04-12,0.0,0.0,14.580470085144045,0.0,46.0576,0.7953
2015-04-13,0.2577378749847412,0.51547575,13.7910418510437,0.0,44.9023,0.74
2015-04-14,0.0,0.0,11.88270092010498,0.0,43.8026,0.7397
2015-04-15,0.0805569887161254,0.16111398,14.434041976928713,0.0,42.6896,0.7391
2015-04-16,0.1058137416839599,0.21162748,19.11060619354248,0.0,41.9173,0.8892
2015-04-17,0.0250306129455566,0.050061226,19.359783172607425,0.0,40.8596,0.7372
2015-04-18,0.0,0.0,18.91372966766357,0.0,40.1222,0.7361
2015-04-19,2.381854772567749,4.7637095,20.36976146697998,0.0,41.3138,1.6302
2015-04-20,34.5720100402832,69.14402,18.779540061950684,0.0,53.7836,12.1619
2015-04-21,8.716402053833008,17.432804,15.068190574645996,0.0,50.3568,3.4449
2015-04-22,0.4403398036956787,0.8806796,17.67790412902832,0.0,47.7799,0.7342
2015-04-23,0.3706119060516357,0.7412238,16.046512126922607,0.0,46.9643,1.3715
2015-04-24,0.9437620639801024,1.8875241,15.999056816101074,0.0,45.8816,0.7352
2015-04-25,0.7473752498626709,1.4947505,16.293593406677246,0.0,44.9147,0.735
2015-04-26,0.1135377883911132,0.22707558,18.830900192260746,0.0,44.8063,1.2569
2015-04-27,4.007008075714111,8.014016,19.30670738220215,0.0,45.3938,1.3122
2015-04-28,24.84057331085205,49.681145,18.213902473449707,0.0,52.7046,9.5906
2015-04-29,0.1143913269042968,0.22878265,21.192675590515137,0.0,48.0627,0.7333
2015-04-30,0.0,0.0,21.74924945831299,0.0,46.1545,0.7374
2015-05-01,2.8917787075042725,5.7835574,20.293375968933105,0.0,46.8372,1.8305
2015-05-02,6.810538291931152,13.621077,22.0291166305542,0.0,48.1882,2.4913
2015-05-03,2.2033376693725586,4.4066753,23.32595157623291,0.0,46.7854,0.7335
2015-05-04,18.58403205871582,37.168064,18.745073318481445,0.0,52.4302,9.8941
2015-05-05,14.489327907562256,28.978657,15.109796047210692,0.0,51.4586,7.0326
2015-05-06,7.362756490707397,14.725513,17.810382843017578,0.0,49.669,3.1837
2015-05-07,0.1208875179290771,0.24177504,22.34426021575928,0.0,47.1733,0.7417
2015-05-08,9.021588325500488,18.043177,20.22265911102295,0.0,49.2743,4.4936
2015-05-09,13.64550495147705,27.29101,21.812849044799805,0.0,51.3536,7.1881
2015-05-10,2.216255784034729,4.4325113,20.6099853515625,0.0,48.7345,1.5379
2015-05-11,15.8013653755188,31.60273,21.18816566467285,0.0,50.4749,5.7439
2015-05-12,0.7788834571838379,1.5577669,18.80790424346924,0.0,47.7727,0.7553
2015-05-13,0.3695642948150635,0.7391286,20.03989028930664,0.0,45.8975,0.7614
2015-05-14,0.2768149375915527,0.5536299,23.52912330627441,0.0,44.592,0.7591
2015-05-15,0.382941722869873,0.76588345,25.608263969421387,0.0,43.4868,0.9061
2015-05-16,21.21987533569336,42.43975,23.05468273162841,0.0,51.5873,8.4086
2015-05-17,8.3341383934021,16.668278,23.60643100738525,0.0,49.5127,2.5606
2015-05-18,6.86385178565979,13.727703,23.466853141784668,0.0,48.0937,1.2931
2015-05-19,55.93363761901856,111.86728,21.626903533935547,0.0,54.2306,29.7698
2015-05-20,4.468554496765137,8.937109,22.388181686401367,0.0,48.9972,1.8672
2015-05-21,20.746936798095703,41.493874,15.080729007720947,0.0,51.6975,10.8099
2015-05-22,1.8364025354385376,3.672805,17.160420417785645,0.0,48.3113,0.8003
2015-05-23,20.374430656433105,40.748863,19.24840545654297,0.0,51.8995,11.1475
2015-05-24,3.4603406190872192,6.920681,20.970149040222168,0.0,48.9675,2.002
2015-05-25,3.3839441537857056,6.767888,21.108576774597168,0.0,48.0844,1.7365
2015-05-26,6.534519195556641,13.069038,20.516411781311035,0.0,48.0142,2.114
2015-05-27,5.996854305267334,11.993709,21.87597274780273,0.0,48.3152,2.5012
2015-05-28,8.776339054107666,17.552677,24.66264915466309,0.0,48.6435,2.7483
2015-05-29,0.0,0.0,26.124378204345703,0.0,46.8517,0.8302
2015-05-30,27.01930809020996,54.038616,23.16276836395264,0.0,52.9378,14.7502
2015-05-31,25.502758026123047,51.005516,23.03142547607422,0.0,52.3183,14.3177
2015-06-01,14.42183256149292,28.843666,24.570215225219727,0.0,50.2522,5.7743
2015-06-02,0.1367170810699463,0.27343416,26.3550386428833,0.0,47.1919,0.8575
2015-06-03,4.092607140541077,8.185214,25.63181209564209,0.0,46.5781,1.7965
2015-06-04,79.13858032226562,158.27716,21.70029926300049,0.0,54.7052,50.9815
2015-06-05,10.258710861206056,20.517422,21.39173984527588,0.0,50.0751,7.1014
2015-06-06,3.060760021209717,6.12152,21.54115581512451,0.0,48.9494,2.8328
2015-06-07,1.1854674816131592,2.370935,24.94063949584961,0.0,47.0471,0.9052
2015-06-08,4.5540690422058105,9.108138,25.68476963043213,0.0,46.4042,1.8049
2015-06-09,3.837149858474731,7.6742997,25.0338134765625,0.0,45.5946,0.9071
2015-06-10,5.85727334022522,11.714546,25.28760433197021,0.0,45.288,1.7261
2015-06-11,25.20422744750977,50.408455,22.856587409973145,0.0,52.561,10.8938
2015-06-12,0.0,0.0,23.97530746459961,0.0,48.0892,0.9062
2015-06-13,18.8059949874878,37.61199,24.56369686126709,0.0,51.3891,8.817499999999999
2015-06-14,3.148281216621399,6.296562,25.820940017700195,0.0,47.7067,0.9074
2015-06-15,4.483617305755615,8.967235,26.65643882751465,0.0,47.157,2.2108
2015-06-16,0.3895416259765625,0.77908325,27.533183097839355,0.0,45.8834,0.9063
2015-06-17,0.0625720024108886,0.125144,27.7216739654541,0.0,44.2232,0.9054
2015-06-18,9.594022750854492,19.188046,25.896034240722656,0.0,47.9572,4.5789
2015-06-19,16.049925804138184,32.099854,23.79301071166992,0.0,51.0819,5.8535
2015-06-20,6.289215087890625,12.57843,24.65513229370117,0.0,48.9059,1.8447
2015-06-21,4.005484104156494,8.010968,25.39975929260254,0.0,47.0637,0.9029
2015-06-22,12.425637245178224,24.851274,25.19090461730957,0.0,50.2722,5.9852
2015-06-23,5.034070611000061,10.068141,25.740376472473145,0.0,47.9154,0.9041
2015-06-24,4.478588104248047,8.957176,26.06399440765381,0.0,47.3729,1.8866
2015-06-25,2.7810580730438232,5.562116,26.64178943634033,0.0,46.2986,0.9755
2015-06-26,0.0785202980041503,0.1570406,27.737194061279297,0.0,44.6762,0.8999
2015-06-27,0.2195401191711425,0.43908024,28.93916416168213,0.0,43.2267,0.8988
2015-06-28,1.0513086318969729,2.1026173,27.64143753051757,0.0,42.2082,0.9135
2015-06-29,2.0279409885406494,4.055882,28.46272373199463,0.0,41.436,0.8962
2015-06-30,0.2992496490478515,0.5984993,28.78860378265381,0.0,40.1736,0.8948
2015-07-01,1.8769614696502688,3.753923,28.07961845397949,0.0,39.3387,0.9835
2015-07-02,21.47007274627685,42.940147,24.92099380493164,0.0,50.6365,7.4921
2015-07-03,20.887487411499023,41.774975,24.45301055908203,0.0,52.3425,7.7414
2015-07-04,7.801257848739624,15.602516,24.0201416015625,0.0,50.1857,3.5103
2015-07-05,8.274191856384277,16.548384,22.726969718933105,0.0,49.64,3.1781
2015-07-06,6.806793212890625,13.613586,22.918375968933105,0.0,48.8618,2.3078
2015-07-07,4.298254609107971,8.596509,21.269411087036133,0.0,48.3616,2.0218
2015-07-08,2.726248025894165,5.452496,21.367424964904785,0.0,47.4133,1.2121
2015-07-09,1.2441708445549011,2.4883418,25.166296005249023,0.0,45.8933,0.8931
2015-07-10,0.0,0.0,26.5824613571167,0.0,44.3959,0.8915
2015-07-11,0.0,0.0,26.947296142578125,0.0,43.3361,0.8902
2015-07-12,0.1464545726776123,0.29290915,26.981767654418945,0.0,42.0496,0.8892
2015-07-13,0.1152095794677734,0.23041916,27.126270294189453,0.0,40.6584,0.8879
2015-07-14,0.0,0.0,27.847944259643555,0.0,40.0028,1.1318
2015-07-15,0.0124796032905578,0.024959207,27.52051544189453,0.0,39.0658,0.8851
2015-07-16,0.3387072086334228,0.6774144,27.914992332458496,0.0,38.103,0.898
2015-07-17,15.72142744064331,31.442856,26.69758129119873,0.0,43.8449,3.6272
2015-07-18,8.214630126953125,16.42926,27.07068157196045,0.0,45.5834,2.0381
2015-07-19,0.3751910924911499,0.7503822,27.17490005493164,0.0,44.1799,0.879
2015-07-20,22.21568298339844,44.431366,24.40147590637207,0.0,52.9967,9.3648
2015-07-21,10.347366333007812,20.694733,23.93475914001465,0.0,51.004,4.4907
2015-07-22,35.656352043151855,71.312706,23.51941394805908,0.0,53.723,17.7415
2015-07-23,11.923743724822998,23.847488,24.57333278656006,0.0,50.0582,4.2164
2015-07-24,3.213479995727539,6.42696,25.278188705444336,0.0,47.8232,0.8882
2015-07-25,0.458651065826416,0.91730213,25.51695442199707,0.0,46.1062,0.8904
2015-07-26,0.3440830707550049,0.68816614,26.8156795501709,0.0,44.5969,0.8893
2015-07-27,0.2021304368972778,0.40426087,27.62896728515625,0.0,43.339,0.8866
2015-07-28,2.316059827804565,4.6321197,26.881986618041992,0.0,42.9967,1.1762
2015-07-29,14.530027866363524,29.060055,25.18015480041504,0.0,48.1864,4.7308
2015-07-30,6.548850536346436,13.097701,24.025684356689453,0.0,46.9551,0.8962
2015-07-31,0.0572435855865478,0.11448717,26.289937019348145,0.0,45.554,0.9254
2015-08-01,0.6058132648468018,1.2116265,27.367276191711422,0.0,44.7494,1.2118
2015-08-02,0.1622838973999023,0.3245678,27.778075218200684,0.0,43.5981,0.8894
2015-08-03,0.2108429670333862,0.42168593,27.99431324005127,0.0,42.6751,0.9819
2015-08-04,1.612263321876526,3.2245266,27.88980484008789,0.0,42.139,1.0385
2015-08-05,0.0,0.0,27.83466053009033,0.0,41.9563,1.315
2015-08-06,0.372589111328125,0.7451782,27.414565086364743,0.0,41.0749,0.9296
2015-08-07,5.860546588897705,11.721093,25.34267902374268,0.0,43.2369,2.3935
2015-08-08,26.03580665588379,52.071613,23.4472599029541,0.0,52.9868,9.4552
2015-08-09,60.90526580810547,121.81053,22.72561740875244,0.0,54.8271,32.2016
2015-08-10,8.9089994430542,17.817999,23.926773071289062,0.0,50.0685,5.3683000000000005
2015-08-11,6.87105131149292,13.742103,24.71352767944336,0.0,49.0089,2.8936
2015-08-12,5.020730018615723,10.04146,25.637534141540527,0.0,47.8394,1.4459
2015-08-13,15.28114128112793,30.562283,24.749341011047363,0.0,50.2644,5.8794
2015-08-14,25.73587989807129,51.47176,23.928006172180176,0.0,52.3357,12.9307
2015-08-15,13.342905044555664,26.68581,24.598520278930664,0.0,50.2119,5.3653
2015-08-16,8.843470096588135,17.68694,24.68237972259521,0.0,49.0986,2.9919
2015-08-17,5.549318194389343,11.098637,25.47420692443848,0.0,47.3315,0.9308
2015-08-18,1.1155949831008911,2.23119,25.81382179260254,0.0,45.7078,0.9325
2015-08-19,1.0695374011993408,2.1390748,26.49988555908203,0.0,44.5075,0.9315
2015-08-20,0.5776090621948242,1.1552181,26.80408191680908,0.0,43.4873,0.9291
2015-08-21,1.3620586395263672,2.7241173,27.06640625,0.0,43.176,1.4416
2015-08-22,1.1896071434020996,2.3792143,26.32604694366455,0.0,42.0536,0.9229
2015-08-23,4.174904942512512,8.34981,26.48619270324707,0.0,42.2671,1.6483
2015-08-24,1.6166069507598877,3.233214,25.849879264831543,0.0,41.7387,0.9163
2015-08-25,0.1395773887634277,0.27915478,24.6753511428833,0.0,40.7211,0.9132
2015-08-26,0.0422673225402832,0.084534645,25.301486015319824,0.0,39.5839,0.9092
2015-08-27,2.1576703786849976,4.315341,25.299729347229004,0.0,38.7738,0.9261
2015-08-28,5.922785997390747,11.8455715,23.0305404663086,0.0,40.5815,1.7773
2015-08-29,15.717837810516356,31.435677,20.698373794555664,0.0,48.9516,5.7184
2015-08-30,2.432220339775085,4.864441,22.26846027374268,0.0,47.2362,0.9015
2015-08-31,4.171371579170227,8.342743,22.98273277282715,0.0,46.8422,1.394
2015-09-01,24.35841178894043,48.716824,21.99603843688965,0.0,53.0112,9.9852
2015-09-02,20.64932155609131,41.298645,23.12728214263916,0.0,52.3335,9.7174
2015-09-03,5.199260711669922,10.398521,24.37312412261963,0.0,48.6005,1.1783
2015-09-04,16.7898006439209,33.5796,24.0021915435791,0.0,50.8671,6.6658
2015-09-05,3.4272162914276123,6.8544326,24.813685417175293,0.0,47.8219,0.9047
2015-09-06,8.999674320220947,17.999348,23.78012561798096,0.0,49.6665,4.9884
2015-09-07,4.019226908683777,8.038454,24.15678024291992,0.0,47.6202,0.9067
2015-09-08,0.5201767683029175,1.0403535,23.92254447937012,0.0,45.9985,0.9069
2015-09-09,1.56091570854187,3.1218314,23.996750831604004,0.0,45.1386,0.9079
2015-09-10,0.0,0.0,23.846808433532715,0.0,43.9379,0.9039
2015-09-11,0.1419463157653808,0.28389263,23.657538414001465,0.0,43.0019,0.9349
2015-09-12,0.095914602279663,0.1918292,22.815824508666992,0.0,42.3253,0.8993
2015-09-13,3.500582337379456,7.0011644,19.619210243225098,0.0,43.3892,1.8999
2015-09-14,0.1471530199050903,0.29430604,20.01030445098877,0.0,42.9391,0.8965
2015-09-15,0.1209264993667602,0.241853,22.27987289428711,0.0,41.9307,0.8952
2015-09-16,1.505653440952301,3.0113068,22.55303382873535,0.0,41.7517,1.2148
2015-09-17,0.0,0.0,22.05601119995117,0.0,41.0505,0.8922
2015-09-18,0.085924744606018,0.17184949,22.606715202331543,0.0,40.0392,0.8907
2015-09-19,1.6904098987579346,3.3808198,21.84317779541016,0.0,40.1916,1.2539
2015-09-20,44.47043991088867,88.94088,19.40149688720703,0.0,54.5787,17.4039
2015-09-21,17.4486665725708,34.89733,19.3521032333374,0.0,52.1308,9.6515
2015-09-22,7.872232913970947,15.744466,21.85953998565674,0.0,49.6522,3.2568
2015-09-23,7.088361978530884,14.1767235,24.4227294921875,0.0,47.7998,1.0145
2015-09-24,2.679823875427246,5.3596478,24.828569412231445,0.0,47.1261,1.4385
2015-09-25,8.725840091705322,17.45168,24.010188102722168,0.0,49.0807,3.9988
2015-09-26,2.3948209285736084,4.789642,21.767127990722656,0.0,47.7354,1.2197
2015-09-27,0.6648081541061401,1.3296163,22.8529109954834,0.0,46.2507,0.9032
2015-09-28,0.0379921197891235,0.07598424,21.831892013549805,0.0,45.1256,0.9022
2015-09-29,30.40091896057129,60.801838,23.079753875732425,0.0,53.0989,13.7162
2015-09-30,10.351516723632812,20.703033,23.47017765045166,0.0,50.3155,4.8089
2015-10-01,4.3336944580078125,8.667389,22.80207347869873,0.0,48.4358,1.664
2015-10-02,1.1229817867279053,2.2459636,20.83524513244629,0.0,46.9676,0.9131
2015-10-03,0.0295193493366241,0.0590387,22.363073348999023,0.0,45.6488,0.9143
2015-10-04,1.020000696182251,2.0400014,24.056486129760746,0.0,46.0802,2.0626
2015-10-05,0.2615071535110473,0.5230143,24.24522495269776,0.0,45.1978,0.9123
2015-10-06,0.6931483745574951,1.3862967,23.676916122436523,0.0,44.7146,1.1298
2015-10-07,7.731735944747925,15.463472,22.400508880615234,0.0,46.6623,2.6154
2015-10-08,11.086378574371338,22.172756,21.802449226379395,0.0,49.2004,3.9483
2015-10-09,11.058943271636965,22.117886,19.3469295501709,0.0,50.2195,4.4627
2015-10-10,0.3491418361663818,0.6982837,19.02786540985108,0.0,47.9131,0.909
2015-10-11,0.1672292649745941,0.33445853,17.68284034729004,0.0,46.4266,0.9102
2015-10-12,0.027789294719696,0.05557859,16.10549545288086,0.0,45.2023,0.9073
2015-10-13,0.1447025537490844,0.2894051,16.47049617767334,0.0,44.7052,1.2116
2015-10-14,0.1735424995422363,0.347085,17.84255886077881,0.0,44.0172,0.9037
2015-10-15,0.0258734226226806,0.051746845,18.529415130615234,0.0,43.0967,0.9023
2015-10-16,0.0,0.0,18.011778831481934,0.0,42.311,0.906
2015-10-17,0.0,0.0,17.906079292297363,0.0,41.5205,0.8996
2015-10-18,0.0006707906723022,0.0013415813,17.244175910949707,0.0,40.7604,0.8981
2015-10-19,0.0324400663375854,0.06488013,18.67545795440674,0.0,40.5272,1.0906
2015-10-20,0.0,0.0,19.43925666809082,0.0,40.092,0.8952
2015-10-21,0.0,0.0,21.5308141708374,0.0,39.4013,0.8937
2015-10-22,0.1741071939468383,0.3482144,20.571667671203613,0.0,38.7858,0.893
2015-10-23,0.1301534175872802,0.26030684,19.92823028564453,0.0,38.2055,0.8905
2015-10-24,0.1149467229843139,0.22989345,21.712910652160645,0.0,37.6229,0.8991
2015-10-25,0.3377835750579834,0.67556715,21.302583694458008,0.0,37.1135,0.8873
2015-10-26,0.0,0.0,20.877245903015137,0.0,36.5474,0.8892
2015-10-27,0.2805508375167846,0.5611017,21.12618732452393,0.0,36.1265,0.8841
2015-10-28,0.4162818193435669,0.83256364,19.95624351501465,0.0,36.3062,1.0584
2015-10-29,10.608739852905272,21.21748,20.70777130126953,0.0,41.9831,3.2931
2015-10-30,34.97670555114746,69.953415,18.53332996368408,0.0,54.1228,13.0117
2015-10-31,9.546989917755129,19.093979,15.297374725341797,0.0,50.9343,4.608
2015-11-01,6.505071878433228,13.010143,13.992217063903809,0.0,49.7581,3.0736
2015-11-02,0.2634298801422119,0.52685976,14.035329341888428,0.0,47.5941,0.8795
2015-11-03,0.0072686076164245,0.014537215,14.20261573791504,0.0,46.4448,0.88
2015-11-04,0.067449539899826,0.13489908,16.101850986480713,0.0,45.6301,0.88
2015-11-05,0.0475305318832397,0.095061064,19.17056941986084,0.0,44.8196,0.8797
2015-11-06,0.1506164968013763,0.301233,21.20754051208496,0.0,44.1603,0.895
2015-11-07,0.5602984726428986,1.1205969,22.576210975646973,0.0,43.6048,0.8781
2015-11-08,1.8124826550483704,3.6249652,22.327549934387207,0.0,43.7989,1.3556
2015-11-09,4.898040771484375,9.796082,19.59478759765625,0.0,44.8997,1.6909
2015-11-10,0.0,0.0,16.316850662231445,0.0,44.4333,0.8748
2015-11-11,24.591917991638184,49.183838,14.6915922164917,0.0,52.9765,10.8925
2015-11-12,14.461294651031494,28.922588,15.63741970062256,0.0,51.5457,7.1727
2015-11-13,6.555733442306519,13.111467,16.92357349395752,0.0,49.6076,3.1476
2015-11-14,7.889362573623657,15.778725,17.484156608581543,0.0,49.529,3.6507
2015-11-15,0.0,0.0,19.165827751159668,0.0,47.3499,0.8822
2015-11-16,5.9173823595047,11.8347645,18.763312339782715,0.0,48.271,3.0705
2015-11-17,7.539519309997559,15.079039,20.97128295898437,0.0,48.8174,2.9742
2015-11-18,1.0481750965118408,2.0963502,20.649109840393063,0.0,47.1581,0.8866
2015-11-19,0.1674746572971344,0.3349493,19.416726112365723,0.0,46.0357,0.8873
2015-11-20,0.3478109240531921,0.69562185,19.50278663635254,0.0,45.2447,0.8874
2015-11-21,1.8692259788513184,3.738452,18.59764003753662,0.0,45.3731,1.4082
2015-11-22,5.567489147186279,11.134978,19.19009685516357,0.0,47.041,2.5549
2015-11-23,0.1518177986145019,0.3036356,17.959732055664062,0.0,46.0587,0.8863
2015-11-24,0.0462256371974945,0.092451274,18.42302131652832,0.0,45.1544,0.8858
2015-11-25,0.1149776726961135,0.22995535,13.398038387298584,0.0,44.4674,0.885
2015-11-26,0.0,0.0,9.062079429626465,0.0,43.9988,0.908
2015-11-27,0.0,0.0,8.026993989944458,0.0,43.5368,0.8831
2015-11-28,0.1091368198394775,0.21827364,11.34584379196167,0.0,43.0914,0.882
2015-11-29,4.909155368804932,9.818311,11.764636516571043,0.0,45.4561,2.5779
2015-11-30,0.111757218837738,0.22351444,12.953453063964844,0.0,45.0196,0.8796
2015-12-01,0.0764873325824737,0.15297467,15.238702774047852,0.0,44.4497,0.8784
2015-12-02,2.8153880834579468,5.6307764,14.0555157661438,0.0,45.0244,1.4993
2015-12-03,1.3847984671592712,2.769597,13.250126838684082,0.0,44.7341,0.893
2015-12-04,0.0038139224052429,0.007627845,13.12842607498169,0.0,44.2638,0.8747
2015-12-05,18.54636287689209,37.092728,9.584555625915527,0.0,52.0083,8.4502
2015-12-06,15.717698097229004,31.435396,9.52728271484375,0.0,51.808,7.6841
2015-12-07,0.0,0.0,10.306259632110596,0.0,48.2272,0.8736
2015-12-08,0.0246935188770294,0.049387038,10.6292724609375,0.0,46.8243,0.8754
2015-12-09,32.42176818847656,64.84354,11.222246646881104,0.0,53.3431,17.166
2015-12-10,13.711586475372314,27.423172,13.173984050750732,0.0,50.8659,7.586200000000001
2015-12-11,0.0,0.0,11.98013162612915,0.0,48.0289,0.8937
2015-12-12,0.4339025020599365,0.867805,12.62386417388916,0.0,47.0377,1.1722
2015-12-13,3.929187536239624,7.858375,13.655911445617676,0.0,47.8012,2.5427
2015-12-14,10.675945281982422,21.35189,12.65563154220581,0.0,50.2223,5.5318
2015-12-15,0.204217329621315,0.40843466,10.93822145462036,0.0,47.8854,0.9063
2015-12-16,0.0393743813037872,0.07874876,7.950032949447632,0.0,46.7487,0.957
2015-12-17,0.037631943821907,0.07526389,3.9075074195861816,0.0,45.9527,0.9094
2015-12-18,0.0,0.0,3.666794776916504,0.0,45.3107,0.9096
2015-12-19,0.0772748589515686,0.15454972,7.528417587280273,0.0,44.7228,0.9092
2015-12-20,0.009302407503128,0.018604815,10.738847255706789,0.0,44.2605,0.9084
2015-12-21,0.1318546533584594,0.2637093,12.77021551132202,0.0,43.8277,0.9086
2015-12-22,16.9871883392334,33.974377,13.89765167236328,0.0,51.3191,8.2044
2015-12-23,29.86715602874756,59.734314,14.94493293762207,0.0,53.1033,15.6682
2015-12-24,7.146906852722168,14.293814,15.147412300109863,0.0,49.8294,4.077
2015-12-25,2.448635458946228,4.897271,10.983262538909912,0.0,48.2215,1.6003
2015-12-26,0.318126916885376,0.63625383,9.757603168487549,0.0,46.9945,0.927
2015-12-27,7.084625959396362,14.169252,10.480050086975098,0.0,48.861,4.0364
2015-12-28,0.0646519660949707,0.12930393,10.40770959854126,0.0,47.1948,0.9313
2015-12-29,0.0,0.0,9.356226444244385,0.0,46.2586,0.9321
2015-12-30,0.988314688205719,1.9766294,9.76088047027588,0.0,46.3694,1.6027
2015-12-31,0.0101951360702514,0.020390272,10.099692821502686,0.0,45.6776,0.9325
